[
    {
        "AgendaType": "AGENDA_ALLY_OF_ENKIDU",
        "TraitType": "TRAIT_AGENDA_ALLY_OF_ENKIDU"
    },
    {
        "AgendaType": "AGENDA_AYYUBID_DYNASTY",
        "TraitType": "TRAIT_AGENDA_AYYUBID_DYNASTY"
    },
    {
        "AgendaType": "AGENDA_BACKSTAB_AVERSE",
        "TraitType": "TRAIT_AGENDA_BACKSTAB_AVERSE"
    },
    {
        "AgendaType": "AGENDA_BIG_STICK_POLICY",
        "TraitType": "TRAIT_AGENDA_BIG_STICK_POLICY"
    },
    {
        "AgendaType": "AGENDA_BLACK_QUEEN",
        "TraitType": "TRAIT_AGENDA_BLACK_QUEEN"
    },
    {
        "AgendaType": "AGENDA_BUSHIDO",
        "TraitType": "TRAIT_AGENDA_BUSHIDO"
    },
    {
        "AgendaType": "AGENDA_COUNTER_REFORMER",
        "TraitType": "TRAIT_AGENDA_COUNTER_REFORMER"
    },
    {
        "AgendaType": "AGENDA_DELIAN_LEAGUE",
        "TraitType": "TRAIT_AGENDA_DELIAN_LEAGUE"
    },
    {
        "AgendaType": "AGENDA_ENTHUSIASTIC_DISCIPLE",
        "TraitType": "TRAIT_AGENDA_ENTHUSIASTIC_DISCIPLE"
    },
    {
        "AgendaType": "AGENDA_GREAT_PERSON_OBSESSED",
        "TraitType": "TRAIT_AGENDA_GREAT_PERSON_OBSESSED"
    },
    {
        "AgendaType": "AGENDA_IRON_CROWN",
        "TraitType": "TRAIT_AGENDA_IRON_CROWN"
    },
    {
        "AgendaType": "AGENDA_LAST_VIKING_KING",
        "TraitType": "TRAIT_AGENDA_LAST_VIKING_KING"
    },
    {
        "AgendaType": "AGENDA_OPTIMUS_PRINCEPS",
        "TraitType": "TRAIT_AGENDA_OPTIMUS_PRINCEPS"
    },
    {
        "AgendaType": "AGENDA_PEACEKEEPER",
        "TraitType": "TRAIT_AGENDA_PEACEKEEPER"
    },
    {
        "AgendaType": "AGENDA_QUEEN_OF_NILE",
        "TraitType": "TRAIT_AGENDA_QUEEN_OF_NILE"
    },
    {
        "AgendaType": "AGENDA_SUN_NEVER_SETS",
        "TraitType": "TRAIT_AGENDA_SUN_NEVER_SETS"
    },
    {
        "AgendaType": "AGENDA_TLATOANI",
        "TraitType": "TRAIT_AGENDA_TLATOANI"
    },
    {
        "AgendaType": "AGENDA_WESTERNIZER",
        "TraitType": "TRAIT_AGENDA_WESTERNIZER"
    },
    {
        "AgendaType": "AGENDA_WITH_YOUR_SHIELD_OR_ON_IT",
        "TraitType": "TRAIT_AGENDA_WITH_SHIELD"
    },
    {
        "AgendaType": "AGENDA_WITH_YOUR_SHIELD_OR_ON_IT",
        "TraitType": "TRAIT_AGENDA_IGNORE_WARMONGERING"
    },
    {
        "AgendaType": "AGENDA_WONDER_OBSESSED",
        "TraitType": "TRAIT_AGENDA_WONDER_OBSESSED"
    },
    {
        "AgendaType": "AGENDA_AIRPOWER",
        "TraitType": "TRAIT_AGENDA_PREFER_AIRPOWER"
    },
    {
        "AgendaType": "AGENDA_BARBARIAN_LOVER",
        "TraitType": "TRAIT_AGENDA_BARBARIAN_LOVER"
    },
    {
        "AgendaType": "AGENDA_CITY_STATE_ALLY",
        "TraitType": "TRAIT_AGENDA_CITY_STATE_ALLY"
    },
    {
        "AgendaType": "AGENDA_CITY_STATE_PROTECTOR",
        "TraitType": "TRAIT_AGENDA_PREFER_CITY_STATE_PROTECTOR"
    },
    {
        "AgendaType": "AGENDA_CIVILIZED",
        "TraitType": "TRAIT_AGENDA_PREFER_CLEAR_BANDIT_CAMPS"
    },
    {
        "AgendaType": "AGENDA_CULTURED",
        "TraitType": "TRAIT_AGENDA_PREFER_CULTURE"
    },
    {
        "AgendaType": "AGENDA_DARWINIST",
        "TraitType": "TRAIT_AGENDA_ENJOYS_WAR"
    },
    {
        "AgendaType": "AGENDA_DARWINIST",
        "TraitType": "TRAIT_AGENDA_IGNORE_WARMONGERING"
    },
    {
        "AgendaType": "AGENDA_DEVOUT",
        "TraitType": "TRAIT_AGENDA_PREFER_FAITH"
    },
    {
        "AgendaType": "AGENDA_ENVIRONMENTALIST",
        "TraitType": "TRAIT_AGENDA_PREFER_ENVIRONMENT"
    },
    {
        "AgendaType": "AGENDA_EXPLOITATIVE",
        "TraitType": "TRAIT_AGENDA_PREFER_EXPLOITATION"
    },
    {
        "AgendaType": "AGENDA_EXPLORER",
        "TraitType": "TRAIT_AGENDA_EXPLORATION_OBSESSED"
    },
    {
        "AgendaType": "AGENDA_FUN_LOVING",
        "TraitType": "TRAIT_AGENDA_PREFER_HAPPINESS"
    },
    {
        "AgendaType": "AGENDA_GREAT_PERSON_ADVOCATE",
        "TraitType": "TRAIT_AGENDA_GREAT_PERSON_ADVOCATE"
    },
    {
        "AgendaType": "AGENDA_IDEOLOGUE",
        "TraitType": "TRAIT_AGENDA_PREFER_SAME_GOVERNMENT"
    },
    {
        "AgendaType": "AGENDA_INDUSTRIALIST",
        "TraitType": "TRAIT_AGENDA_PREFER_INDUSTRY"
    },
    {
        "AgendaType": "AGENDA_MONEY_GRUBBER",
        "TraitType": "TRAIT_AGENDA_PREFER_INCOME"
    },
    {
        "AgendaType": "AGENDA_NATURALIST",
        "TraitType": "TRAIT_AGENDA_NATURALIST"
    },
    {
        "AgendaType": "AGENDA_NUKE_LOVER",
        "TraitType": "TRAIT_AGENDA_PREFER_NUKES"
    },
    {
        "AgendaType": "AGENDA_PARANOID",
        "TraitType": "TRAIT_AGENDA_PARANOID"
    },
    {
        "AgendaType": "AGENDA_POPULOUS",
        "TraitType": "TRAIT_AGENDA_PREFER_POPULATION"
    },
    {
        "AgendaType": "AGENDA_STANDING_ARMY",
        "TraitType": "TRAIT_AGENDA_PREFER_STANDING_ARMY"
    },
    {
        "AgendaType": "AGENDA_TECHNOPHILE",
        "TraitType": "TRAIT_AGENDA_PREFER_SCIENCE"
    },
    {
        "AgendaType": "AGENDA_WONDER_ADVOCATE",
        "TraitType": "TRAIT_AGENDA_WONDER_ADVOCATE"
    },
    {
        "AgendaType": "AGENDA_ARCHIPELAGIC_STATE",
        "TraitType": "TRAIT_AGENDA_ARCHIPELAGIC_STATE"
    },
    {
        "AgendaType": "AGENDA_END_TO_SUFFERING",
        "TraitType": "TRAIT_AGENDA_END_TO_SUFFERING"
    },
    {
        "AgendaType": "AGENDA_SAINT",
        "TraitType": "TRAIT_AGENDA_SAINT"
    },
    {
        "AgendaType": "AGENDA_CITY_PLANNER",
        "TraitType": "TRAIT_AGENDA_CITY_PLANNER"
    },
    {
        "AgendaType": "AGENDA_SHORT_LIFE_GLORY",
        "TraitType": "TRAIT_AGENDA_SHORT_LIFE_GLORY"
    },
    {
        "AgendaType": "AGENDA_SHORT_LIFE_GLORY",
        "TraitType": "TRAIT_AGENDA_IGNORE_WARMONGERING"
    },
    {
        "AgendaType": "AGENDA_BACKSTABBER",
        "TraitType": "TRAIT_AGENDA_BACKSTABBER"
    },
    {
        "AgendaType": "AGENDA_PERPETUALLY_ON_GUARD",
        "TraitType": "TRAIT_AGENDA_PERPETUALLY_ON_GUARD"
    },
    {
        "AgendaType": "AGENDA_BILLIONAIRE",
        "TraitType": "TRAIT_AGENDA_BILLIONAIRE"
    },
    {
        "AgendaType": "AGENDA_CHEOMSEONGDAE",
        "TraitType": "TRAIT_AGENDA_CHEOMSEONGDAE"
    },
    {
        "AgendaType": "AGENDA_FLOWER_OF_SCOTLAND",
        "TraitType": "TRAIT_AGENDA_FLOWER_OF_SCOTLAND"
    },
    {
        "AgendaType": "AGENDA_HORN_CHEST_LOINS",
        "TraitType": "TRAIT_AGENDA_HORN_CHEST_LOINS"
    },
    {
        "AgendaType": "AGENDA_HORSE_LORD",
        "TraitType": "TRAIT_AGENDA_HORSE_LORD"
    },
    {
        "AgendaType": "AGENDA_IRON_CONFEDERACY",
        "TraitType": "TRAIT_AGENDA_IRON_CONFEDERACY"
    },
    {
        "AgendaType": "AGENDA_MAURYA_EMPIRE",
        "TraitType": "TRAIT_AGENDA_MAURYA_EMPIRE"
    },
    {
        "AgendaType": "AGENDA_NARIKALA_FORTRESS",
        "TraitType": "TRAIT_AGENDA_NARIKALA_FORTRESS"
    },
    {
        "AgendaType": "AGENDA_SPIRIT_OF_TUCAPEL",
        "TraitType": "TRAIT_AGENDA_SPIRIT_OF_TUCAPEL"
    },
    {
        "AgendaType": "AGENDA_GOSSIP",
        "TraitType": "TRAIT_AGENDA_GOSSIP"
    },
    {
        "AgendaType": "AGENDA_SYCOPHANT",
        "TraitType": "TRAIT_AGENDA_SYCOPHANT"
    },
    {
        "AgendaType": "AGENDA_SYMPATHIZER",
        "TraitType": "TRAIT_AGENDA_SYMPATHIZER"
    },
    {
        "AgendaType": "AGENDA_DEMAGOGUE",
        "TraitType": "TRAIT_AGENDA_PREFER_NOFAVOR"
    },
    {
        "AgendaType": "AGENDA_DESTINATION_CIV",
        "TraitType": "TRAIT_AGENDA_PREFER_NOTOURISM"
    },
    {
        "AgendaType": "AGENDA_EXPANSIONIST",
        "TraitType": "TRAIT_AGENDA_EXPANSIONIST"
    },
    {
        "AgendaType": "AGENDA_FLAT_EARTHER",
        "TraitType": "TRAIT_AGENDA_FLAT_EARTHER"
    },
    {
        "AgendaType": "AGENDA_GREAT_WHITE_FLEET",
        "TraitType": "TRAIT_AGENDA_GREAT_WHITE_FLEET"
    },
    {
        "AgendaType": "AGENDA_INTOLERANT",
        "TraitType": "TRAIT_AGENDA_INTOLERANT"
    },
    {
        "AgendaType": "AGENDA_LIBERTARIAN",
        "TraitType": "TRAIT_AGENDA_PREFER_NODIPLOVP"
    },
    {
        "AgendaType": "AGENDA_PILLAGER",
        "TraitType": "TRAIT_AGENDA_PREFER_PILLAGE"
    },
    {
        "AgendaType": "AGENDA_TURTLER",
        "TraitType": "TRAIT_AGENDA_TURTLER"
    },
    {
        "AgendaType": "AGENDA_ZEALOT",
        "TraitType": "TRAIT_AGENDA_ZEALOT"
    },
    {
        "AgendaType": "AGENDA_ANGEVIN_EMPIRE",
        "TraitType": "TRAIT_AGENDA_ANGEVIN_EMPIRE"
    },
    {
        "AgendaType": "AGENDA_CANADIAN_EXPEDITIONARY",
        "TraitType": "TRAIT_AGENDA_CANADIAN_EXPEDITIONARY"
    },
    {
        "AgendaType": "AGENDA_KAITIAKITANGA",
        "TraitType": "TRAIT_AGENDA_KAITIAKITANGA"
    },
    {
        "AgendaType": "AGENDA_LAWGIVER",
        "TraitType": "TRAIT_AGENDA_LAWGIVER"
    },
    {
        "AgendaType": "AGENDA_LORD_OF_MINES",
        "TraitType": "TRAIT_AGENDA_LORD_OF_MINES"
    },
    {
        "AgendaType": "AGENDA_PATRON_OF_ARTS",
        "TraitType": "TRAIT_AGENDA_PATRON_OF_ARTS"
    },
    {
        "AgendaType": "AGENDA_RAVEN_BANNER",
        "TraitType": "TRAIT_AGENDA_RAVEN_BANNER"
    },
    {
        "AgendaType": "AGENDA_SAPA_INCA",
        "TraitType": "TRAIT_AGENDA_SAPA_INCA"
    },
    {
        "AgendaType": "AGENDA_SICILIAN_WARS",
        "TraitType": "TRAIT_AGENDA_SICILIAN_WARS"
    },
    {
        "AgendaType": "AGENDA_BULL_MOOSE",
        "TraitType": "TRAIT_AGENDA_BULL_MOOSE"
    },
    {
        "AgendaType": "AGENDA_TRADE_AGREEMENT",
        "TraitType": "TRAIT_AGENDA_TRADE_AGREEMENT"
    },
    {
        "AgendaType": "AGENDA_SAGA",
        "TraitType": "TRAIT_AGENDA_SAGA"
    },
    {
        "AgendaType": "AGENDA_INDUSTRIAL_REVOLUTION",
        "TraitType": "TRAIT_AGENDA_INDUSTRIAL_REVOLUTION"
    },
    {
        "AgendaType": "AGENDA_PRESERVER_OF_THE_UNION",
        "TraitType": "TRAIT_AGENDA_LINCOLN"
    },
    {
        "AgendaType": "AGENDA_SULTAN",
        "TraitType": "TRAIT_AGENDA_SULTAN"
    },
    {
        "AgendaType": "AGENDA_DECOLONIZATION",
        "TraitType": "TRAIT_AGENDA_DECOLONIZATION"
    },
    {
        "AgendaType": "AGENDA_SIHAI",
        "TraitType": "TRAIT_AGENDA_SIHAI"
    },
    {
        "AgendaType": "AGENDA_YINDING",
        "TraitType": "TRAIT_AGENDA_YINDING"
    },
    {
        "AgendaType": "AGENDA_COURT_INTRIGUE",
        "TraitType": "TRAIT_AGENDA_COURT_INTRIGUE"
    },
    {
        "AgendaType": "AGENDA_MAAT",
        "TraitType": "TRAIT_AGENDA_MAAT"
    },
    {
        "AgendaType": "AGENDA_PREFER_FOOD",
        "TraitType": "TRAIT_AGENDA_PREFER_FOOD"
    },
    {
        "AgendaType": "AGENDA_LION_OF_MALI",
        "TraitType": "TRAIT_AGENDA_LION_OF_MALI"
    },
    {
        "AgendaType": "AGENDA_LADY_SIX_SKY",
        "TraitType": "TRAIT_AGENDA_LADY_SIX_SKY"
    },
    {
        "AgendaType": "AGENDA_SIMON_BOLIVAR",
        "TraitType": "TRAIT_AGENDA_SIMON_BOLIVAR"
    },
    {
        "AgendaType": "AGENDA_GALLIC_WARS",
        "TraitType": "TRAIT_AGENDA_GALLIC_WARS"
    },
    {
        "AgendaType": "AGENDA_BASIL_ZEALOT",
        "TraitType": "TRAIT_AGENDA_BASIL_ZEALOT"
    },
    {
        "AgendaType": "AGENDA_AMBIORIX_ARMY",
        "TraitType": "TRAIT_AGENDA_AMBIORIX_ARMY"
    },
    {
        "AgendaType": "AGENDA_AMBIORIX_ARMY",
        "TraitType": "TRAIT_LEADER_AGGRESSIVE_MILITARY"
    },
    {
        "AgendaType": "AGENDA_TRIEU_DEFENDER",
        "TraitType": "TRAIT_AGENDA_TRIEU_DEFENDER"
    },
    {
        "AgendaType": "AGENDA_KUBLAI_PAX",
        "TraitType": "TRAIT_AGENDA_KUBLAI_PAX"
    },
    {
        "AgendaType": "AGENDA_MAGNIFICENCES",
        "TraitType": "TRAIT_AGENDA_MAGNIFICENCES"
    },
    {
        "AgendaType": "AGENDA_SAKOKU",
        "TraitType": "TRAIT_AGENDA_SAKOKU"
    },
    {
        "AgendaType": "AGENDA_PREFER_LANDPOWER",
        "TraitType": "TRAIT_AGENDA_PREFER_LANDPOWER"
    },
    {
        "AgendaType": "AGENDA_GOLDEN_AGE",
        "TraitType": "TRAIT_AGENDA_SYCOPHANT"
    },
    {
        "AgendaType": "AGENDA_ETHIOPIAN_HIGHLANDS",
        "TraitType": "TRAIT_AGENDA_ETHIOPIAN_HIGHLANDS"
    },
    {
        "AgendaType": "AGENDA_HAMMURABI_DISTRICTS",
        "TraitType": "TRAIT_AGENDA_HAMMURABI_DISTRICTS"
    },
    {
        "AgendaType": "AGENDA_ETERNAL",
        "TraitType": "TRAIT_AGENDA_ETERNAL"
    },
    {
        "AgendaType": "AGENDA_NEW_ROME",
        "TraitType": "TRAIT_AGENDA_NEW_ROME"
    },
    {
        "AgendaType": "AGENDA_SEJONG",
        "TraitType": "TRAIT_AGENDA_SEJONG"
    },
    {
        "AgendaType": "AGENDA_JOAO_EXPLORER",
        "TraitType": "TRAIT_JOAO_EXPLORATION_AGENDA"
    }
]