[
    {
        "AgendaType": "AGENDA_NUKE_LOVER",
        "LeaderType": "LEADER_GANDHI",
        "PercentageChance": 70
    },
    {
        "AgendaType": "AGENDA_POPULOUS",
        "LeaderType": "LEADER_GANDHI",
        "PercentageChance": 20
    },
    {
        "AgendaType": "AGENDA_ENVIRONMENTALIST",
        "LeaderType": "LEADER_T_ROOSEVELT",
        "PercentageChance": 33
    },
    {
        "AgendaType": "AGENDA_SYMPATHIZER",
        "LeaderType": "LEADER_JAYAVARMAN",
        "PercentageChance": 10
    },
    {
        "AgendaType": "AGENDA_SYMPATHIZER",
        "LeaderType": "LEADER_JADWIGA",
        "PercentageChance": 10
    },
    {
        "AgendaType": "AGENDA_SYMPATHIZER",
        "LeaderType": "LEADER_LAUTARO",
        "PercentageChance": 10
    },
    {
        "AgendaType": "AGENDA_SYMPATHIZER",
        "LeaderType": "LEADER_GENGHIS_KHAN",
        "PercentageChance": 10
    },
    {
        "AgendaType": "AGENDA_GOSSIP",
        "LeaderType": "LEADER_CATHERINE_DE_MEDICI",
        "PercentageChance": 15
    },
    {
        "AgendaType": "AGENDA_SYCOPHANT",
        "LeaderType": "LEADER_GORGO",
        "PercentageChance": 10
    },
    {
        "AgendaType": "AGENDA_SYCOPHANT",
        "LeaderType": "LEADER_PHILIP_II",
        "PercentageChance": 10
    },
    {
        "AgendaType": "AGENDA_SYCOPHANT",
        "LeaderType": "LEADER_PETER_GREAT",
        "PercentageChance": 10
    },
    {
        "AgendaType": "AGENDA_GREAT_PERSON_ADVOCATE",
        "LeaderType": "LEADER_KRISTINA",
        "PercentageChance": 20
    },
    {
        "AgendaType": "AGENDA_WONDER_ADVOCATE",
        "LeaderType": "LEADER_LUDWIG",
        "PercentageChance": 33
    }
]