[
    {
        "ListType": "BlackQueenDiplomacyPreference"
    },
    {
        "ListType": "CityStateAllyInfluencePreference"
    },
    {
        "ListType": "CityStateAllyNoWarPreference"
    },
    {
        "ListType": "ClearingBarbCampLoverClearingBarbCampPreference"
    },
    {
        "ListType": "CounterReformerInquisitionPreference"
    },
    {
        "ListType": "CounterReformerInquisitorPreference"
    },
    {
        "ListType": "CultureLoverCulturePreference"
    },
    {
        "ListType": "DarwinistIgnoreWarmongerValue"
    },
    {
        "ListType": "GreatPersonObsessedGreatPeople"
    },
    {
        "ListType": "IndustryLoverIndustryPreference"
    },
    {
        "ListType": "IronCrownDiplomacyPreference"
    },
    {
        "ListType": "LastVikingKingCoastSettlement"
    },
    {
        "ListType": "LastVikingKingHarborPreference"
    },
    {
        "ListType": "LastVikingKingNavalPreference"
    },
    {
        "ListType": "MoneyGrubberGoldPreference"
    },
    {
        "ListType": "NukeLoverNukePreference"
    },
    {
        "ListType": "NukeLoverUseNukePreference"
    },
    {
        "ListType": "PeacekeeperWarLimits"
    },
    {
        "ListType": "ScienceLoverSciencePreference"
    },
    {
        "ListType": "StandardSettlePlot"
    },
    {
        "ListType": "StandingArmyPseudoYields"
    },
    {
        "ListType": "SettleAllContinents"
    },
    {
        "ListType": "WithShieldDiplomacy"
    },
    {
        "ListType": "WonderObsessedWonders"
    },
    {
        "ListType": "AirpowerLoverAirpowerPreference"
    },
    {
        "ListType": "CitySateProtectionLoverCityStateProtectionPreference"
    },
    {
        "ListType": "ExploitationLoverExploitationPreference"
    },
    {
        "ListType": "EnvironmentLoverEnvironmentPreference"
    },
    {
        "ListType": "FaithLoverFaithPreference"
    },
    {
        "ListType": "ExplorationObsessedExplorers"
    },
    {
        "ListType": "GreeceCivics"
    },
    {
        "ListType": "GreeceYields"
    },
    {
        "ListType": "TomyrisDiplomacy"
    },
    {
        "ListType": "GilgameshDiplomacy"
    },
    {
        "ListType": "MinorCivDiplomacy"
    },
    {
        "ListType": "AgressiveDiplomacy"
    },
    {
        "ListType": "AggressivePseudoYields"
    },
    {
        "ListType": "BarbarianTriggeredTrees"
    },
    {
        "ListType": "BarbarossaCivics"
    },
    {
        "ListType": "BarbarossaTechs"
    },
    {
        "ListType": "BarbarossaWonders"
    },
    {
        "ListType": "BaseListTest"
    },
    {
        "ListType": "CatherineCivics"
    },
    {
        "ListType": "CatherineTechs"
    },
    {
        "ListType": "CatherineWonders"
    },
    {
        "ListType": "CleopatraCivics"
    },
    {
        "ListType": "CleopatraTechs"
    },
    {
        "ListType": "CleopatraWonders"
    },
    {
        "ListType": "DefaultCityBuilds"
    },
    {
        "ListType": "DefaultCitySettlement"
    },
    {
        "ListType": "DefaultCitySpecialization"
    },
    {
        "ListType": "DefaultSavings"
    },
    {
        "ListType": "DefaultScoutUse"
    },
    {
        "ListType": "DefaultTechBoostSupportList"
    },
    {
        "ListType": "DefaultTriggeredTrees"
    },
    {
        "ListType": "DefaultYieldBias"
    },
    {
        "ListType": "ExpansionistCitySettlement"
    },
    {
        "ListType": "FavorCulturalVictory"
    },
    {
        "ListType": "FavorReligiousVictory"
    },
    {
        "ListType": "ForbidReligiousVictory"
    },
    {
        "ListType": "FavorScienceVictory"
    },
    {
        "ListType": "GandhiCivics"
    },
    {
        "ListType": "GandhiTechs"
    },
    {
        "ListType": "GandhiUnitBuilds"
    },
    {
        "ListType": "GandhiWonders"
    },
    {
        "ListType": "GilgameshSciencePreference"
    },
    {
        "ListType": "GorgoCivics"
    },
    {
        "ListType": "GorgoTechs"
    },
    {
        "ListType": "GorgoWonders"
    },
    {
        "ListType": "HaraldCivics"
    },
    {
        "ListType": "HaraldTechs"
    },
    {
        "ListType": "HaraldWonders"
    },
    {
        "ListType": "HoJoCivics"
    },
    {
        "ListType": "HoJoTechs"
    },
    {
        "ListType": "HoJoWonders"
    },
    {
        "ListType": "LowReligiousPreferencePseudoYields"
    },
    {
        "ListType": "LowReligiousPreferenceYields"
    },
    {
        "ListType": "LowCityStatePreferenceWarDiploActions"
    },
    {
        "ListType": "MinorCivCityBuilds"
    },
    {
        "ListType": "MinorCivCultureDistrict"
    },
    {
        "ListType": "MinorCivDistricts"
    },
    {
        "ListType": "MinorCivIndustryDistrict"
    },
    {
        "ListType": "MinorCivMilitaryDistrict"
    },
    {
        "ListType": "MinorCivReligiousDistrict"
    },
    {
        "ListType": "MinorCivScienceDistrict"
    },
    {
        "ListType": "MinorCivTradeDistrict"
    },
    {
        "ListType": "MinorCivTriggeredTrees"
    },
    {
        "ListType": "MinorCivPseudoYields"
    },
    {
        "ListType": "MinorCivUnitBuilds"
    },
    {
        "ListType": "MvembaCivics"
    },
    {
        "ListType": "MvembaTechs"
    },
    {
        "ListType": "MvembaWonders"
    },
    {
        "ListType": "PedroCivics"
    },
    {
        "ListType": "PedroTechs"
    },
    {
        "ListType": "PedroWonders"
    },
    {
        "ListType": "PericlesCivics"
    },
    {
        "ListType": "PericlesTechs"
    },
    {
        "ListType": "PericlesWonders"
    },
    {
        "ListType": "PericlesEnvoys"
    },
    {
        "ListType": "PeterCivics"
    },
    {
        "ListType": "PeterTechs"
    },
    {
        "ListType": "PeterWonders"
    },
    {
        "ListType": "PhilipCivics"
    },
    {
        "ListType": "PhilipForeignSettlement"
    },
    {
        "ListType": "PhilipTechs"
    },
    {
        "ListType": "PhilipWonders"
    },
    {
        "ListType": "QinCivics"
    },
    {
        "ListType": "QinTechs"
    },
    {
        "ListType": "QinWonders"
    },
    {
        "ListType": "RooseveltCivics"
    },
    {
        "ListType": "RooseveltTechs"
    },
    {
        "ListType": "RooseveltWonders"
    },
    {
        "ListType": "SaladinCivics"
    },
    {
        "ListType": "SaladinTechs"
    },
    {
        "ListType": "SaladinWonders"
    },
    {
        "ListType": "CavalryLoverCitySettlement"
    },
    {
        "ListType": "TomyrisCivics"
    },
    {
        "ListType": "TomyrisTechs"
    },
    {
        "ListType": "TomyrisiUnitBuilds"
    },
    {
        "ListType": "TrajanCivics"
    },
    {
        "ListType": "TrajanTechs"
    },
    {
        "ListType": "TrajanWonders"
    },
    {
        "ListType": "UnitPriorityBoosts"
    },
    {
        "ListType": "VictoriaCivics"
    },
    {
        "ListType": "VictoriaTechs"
    },
    {
        "ListType": "VictoriaWonders"
    },
    {
        "ListType": "BaseOperationsLimits"
    },
    {
        "ListType": "PerWarOperationsLimits"
    },
    {
        "ListType": "Default Tactical"
    },
    {
        "ListType": "Default Homeland"
    },
    {
        "ListType": "Default Barbarian"
    },
    {
        "ListType": "Default Barbarian HL"
    },
    {
        "ListType": "Minor Civ Tactical"
    },
    {
        "ListType": "Minor Civ Homeland"
    },
    {
        "ListType": "ClassicalPseudoYields"
    },
    {
        "ListType": "ClassicalYields"
    },
    {
        "ListType": "CultureVictoryPseudoYields"
    },
    {
        "ListType": "ClassicalDistricts"
    },
    {
        "ListType": "CultureVictoryYields"
    },
    {
        "ListType": "EarlyExplorationBoost"
    },
    {
        "ListType": "ExpansionSettlementBoost"
    },
    {
        "ListType": "ExpansionSettlementPreferences"
    },
    {
        "ListType": "ExpansionUnitPreferences"
    },
    {
        "ListType": "IndustrialPseudoYields"
    },
    {
        "ListType": "IndustrialYields"
    },
    {
        "ListType": "MedievalSettlements"
    },
    {
        "ListType": "MedievalPseudoYields"
    },
    {
        "ListType": "MedievalYields"
    },
    {
        "ListType": "MilitaryVictoryOperations"
    },
    {
        "ListType": "MilitaryVictoryPseudoYields"
    },
    {
        "ListType": "MilitaryVictoryYields"
    },
    {
        "ListType": "ModernPseudoYields"
    },
    {
        "ListType": "ModernYields"
    },
    {
        "ListType": "NavalUnitPreferences"
    },
    {
        "ListType": "NavalSettlementPreferences"
    },
    {
        "ListType": "NavalSettlementBoost"
    },
    {
        "ListType": "NavalPreferredTechs"
    },
    {
        "ListType": "ReligiousVictoryBehaviors"
    },
    {
        "ListType": "ReligiousVictoryDiplomacy"
    },
    {
        "ListType": "ReligiousVictoryPseudoYields"
    },
    {
        "ListType": "ReligiousVictoryYields"
    },
    {
        "ListType": "RenaissancePseudoYields"
    },
    {
        "ListType": "RenaissanceYields"
    },
    {
        "ListType": "ScienceVictoryDistricts"
    },
    {
        "ListType": "ScienceVictoryProjects"
    },
    {
        "ListType": "ScienceVictoryPseudoYields"
    },
    {
        "ListType": "ScienceVictoryTechs"
    },
    {
        "ListType": "ScienceVictoryYields"
    },
    {
        "ListType": "WonderObsessedIndustrialBonus"
    },
    {
        "ListType": "MontezumaCivics"
    },
    {
        "ListType": "MontezumaTechs"
    },
    {
        "ListType": "MontezumaWonders"
    },
    {
        "ListType": "GitarjaCivics"
    },
    {
        "ListType": "GitarjaTechs"
    },
    {
        "ListType": "GitarjaWonders"
    },
    {
        "ListType": "JayavarmanCivics"
    },
    {
        "ListType": "JayavarmanTechs"
    },
    {
        "ListType": "JayavarmanUnitBuilds"
    },
    {
        "ListType": "JayavarmanWonders"
    },
    {
        "ListType": "ExaltedGoddessResolutions"
    },
    {
        "ListType": "JadwigaCivics"
    },
    {
        "ListType": "JadwigaTechs"
    },
    {
        "ListType": "JadwigaUnitBuilds"
    },
    {
        "ListType": "JadwigaWonders"
    },
    {
        "ListType": "AmanitoreCivics"
    },
    {
        "ListType": "AmanitoreTechs"
    },
    {
        "ListType": "AmanitoreUnitBuilds"
    },
    {
        "ListType": "AmanitoreWonders"
    },
    {
        "ListType": "TaSetiResolutions"
    },
    {
        "ListType": "AlexanderPreferWar"
    },
    {
        "ListType": "CyrusPreferBackstabbing"
    },
    {
        "ListType": "AlexanderCivics"
    },
    {
        "ListType": "AlexanderTechs"
    },
    {
        "ListType": "AlexanderWonders"
    },
    {
        "ListType": "CyrusCivics"
    },
    {
        "ListType": "CyrusTechs"
    },
    {
        "ListType": "CyrusWonders"
    },
    {
        "ListType": "ShortLifeDiplomacy"
    },
    {
        "ListType": "CurtinCivics"
    },
    {
        "ListType": "CurtinDiplomacy"
    },
    {
        "ListType": "CurtinTechs"
    },
    {
        "ListType": "CurtinWonders"
    },
    {
        "ListType": "IronConfederacyDiplomacy"
    },
    {
        "ListType": "MauryaEmpireDiplomacy"
    },
    {
        "ListType": "TamarFavorWalls"
    },
    {
        "ListType": "TamarYields"
    },
    {
        "ListType": "TucapelSettlingChanges"
    },
    {
        "ListType": "TucapelPseudoYields"
    },
    {
        "ListType": "WilhelminaPseudoYields"
    },
    {
        "ListType": "WilhelminaYields"
    },
    {
        "ListType": "KoreaScienceBiase"
    },
    {
        "ListType": "ScottishEnlightnmentBiases"
    },
    {
        "ListType": "ScottishEnlightnmentDistricts"
    },
    {
        "ListType": "LiberationWarriorList"
    },
    {
        "ListType": "ProtectorateWarriorList"
    },
    {
        "ListType": "TerritorialWarriorList"
    },
    {
        "ListType": "GenghisKhanCavalryLoverList"
    },
    {
        "ListType": "WilhelminaEmergencyAllianceList"
    },
    {
        "ListType": "ChandraguptaCivics"
    },
    {
        "ListType": "ChandraguptaTechs"
    },
    {
        "ListType": "ChandraguptaWonders"
    },
    {
        "ListType": "LautaroCivics"
    },
    {
        "ListType": "LautaroTechs"
    },
    {
        "ListType": "LautaroWonders"
    },
    {
        "ListType": "ShakaCivics"
    },
    {
        "ListType": "ShakaTechs"
    },
    {
        "ListType": "ShakaWonders"
    },
    {
        "ListType": "GenghisCivics"
    },
    {
        "ListType": "GenghisTechs"
    },
    {
        "ListType": "GenghisWonders"
    },
    {
        "ListType": "WilhelminaCivics"
    },
    {
        "ListType": "WilhelminaTechs"
    },
    {
        "ListType": "WilhelminaWonders"
    },
    {
        "ListType": "RobertCivics"
    },
    {
        "ListType": "RobertTechs"
    },
    {
        "ListType": "RobertWonders"
    },
    {
        "ListType": "TamarCivics"
    },
    {
        "ListType": "TamarTechs"
    },
    {
        "ListType": "TamarWonders"
    },
    {
        "ListType": "TamarEnvoys"
    },
    {
        "ListType": "PoundmakerCivics"
    },
    {
        "ListType": "PoundmakerTechs"
    },
    {
        "ListType": "PoundmakerWonders"
    },
    {
        "ListType": "SeondeokCivics"
    },
    {
        "ListType": "SeondeokTechs"
    },
    {
        "ListType": "SeondeokWonders"
    },
    {
        "ListType": "ScottishEnlightenmentResolutions"
    },
    {
        "ListType": "OrtooResolutions"
    },
    {
        "ListType": "ReligionCityStatesDiscussions"
    },
    {
        "ListType": "GossipFavoredDiplomacy"
    },
    {
        "ListType": "KoreaFavoredAlliances"
    },
    {
        "ListType": "GorgoFavoredAlliances"
    },
    {
        "ListType": "JayavarmanDisfavoredAlliances"
    },
    {
        "ListType": "FreeCitiesTactics"
    },
    {
        "ListType": "FreeCitiesHomeland"
    },
    {
        "ListType": "FreeCitiesOperationLimits"
    },
    {
        "ListType": "FreeCitiesCityBuilds"
    },
    {
        "ListType": "CultureVictoryFavoredCommemorations"
    },
    {
        "ListType": "MilitaryVictoryFavoredCommemorations"
    },
    {
        "ListType": "ReligiousVictoryFavoredCommemorations"
    },
    {
        "ListType": "ScienceVictoryFavoredCommemorations"
    },
    {
        "ListType": "AvoidDarkAges"
    },
    {
        "ListType": "ClassicalSensitivity"
    },
    {
        "ListType": "MedievalSensitivity"
    },
    {
        "ListType": "ModernSensitivity"
    },
    {
        "ListType": "ScienceSensitivity"
    },
    {
        "ListType": "CultureSensitivity"
    },
    {
        "ListType": "CultureVictoryAgendas"
    },
    {
        "ListType": "MilitaryVictoryAgendas"
    },
    {
        "ListType": "ReligiousVictoryAgendas"
    },
    {
        "ListType": "ScienceVictoryAgendas"
    },
    {
        "ListType": "DiplomaticPseudoYieldPreferences"
    },
    {
        "ListType": "DiplomaticVictoryPreference"
    },
    {
        "ListType": "AncientPseudoYields"
    },
    {
        "ListType": "AirPowerResolutions"
    },
    {
        "ListType": "CityStateProtectorResolutions"
    },
    {
        "ListType": "CivilizedResolutions"
    },
    {
        "ListType": "CulturedResolutions"
    },
    {
        "ListType": "DevoutResolutions"
    },
    {
        "ListType": "EnvironmentalistResolutions"
    },
    {
        "ListType": "ExploitativeResolutions"
    },
    {
        "ListType": "ExplorerResolutions"
    },
    {
        "ListType": "FunLovingResolutions"
    },
    {
        "ListType": "GreatPersonAdvocateResolutions"
    },
    {
        "ListType": "IdealogueResolutions"
    },
    {
        "ListType": "IndustrialistResolutions"
    },
    {
        "ListType": "MoneyGrubberResolutions"
    },
    {
        "ListType": "NukeLoverResolutions"
    },
    {
        "ListType": "ParanoidResolutions"
    },
    {
        "ListType": "PopulousResolutions"
    },
    {
        "ListType": "StandingArmyResolutions"
    },
    {
        "ListType": "TechnophileResolutions"
    },
    {
        "ListType": "AyyubidDynastyResolutions"
    },
    {
        "ListType": "BlackQueenResolutions"
    },
    {
        "ListType": "CityStateAllyResolutions"
    },
    {
        "ListType": "CounterReformerResolutions"
    },
    {
        "ListType": "DelianLeagueResolutions"
    },
    {
        "ListType": "EnthusiasticDiscipleResolutions"
    },
    {
        "ListType": "GreatPersonObessessedResolutions"
    },
    {
        "ListType": "IronCrownResolutions"
    },
    {
        "ListType": "LastVikingResolutions"
    },
    {
        "ListType": "OptimusPrincepsResolutions"
    },
    {
        "ListType": "SunNeverSetsResolutions"
    },
    {
        "ListType": "TlatoaniResolutions"
    },
    {
        "ListType": "WesternizerResolutions"
    },
    {
        "ListType": "EndToSufferingResolutions"
    },
    {
        "ListType": "SaintResolutions"
    },
    {
        "ListType": "ShortLifeGloryResolutions"
    },
    {
        "ListType": "BillionaireResolutions"
    },
    {
        "ListType": "HorseLordResolutions"
    },
    {
        "ListType": "IronConfederacyResolutions"
    },
    {
        "ListType": "NarikalaFortressResolutions"
    },
    {
        "ListType": "SpiritOfTucapelResolutions"
    },
    {
        "ListType": "DemagogueResolutions"
    },
    {
        "ListType": "DestinationCivResolutions"
    },
    {
        "ListType": "ExpansionistResolutions"
    },
    {
        "ListType": "FlatEartherResolutions"
    },
    {
        "ListType": "FlatEartherVictories"
    },
    {
        "ListType": "GreatWhiteFleetResolutions"
    },
    {
        "ListType": "IntolerantResolutions"
    },
    {
        "ListType": "LibertarianResolutions"
    },
    {
        "ListType": "PillagerResolutions"
    },
    {
        "ListType": "TurtlerResolutions"
    },
    {
        "ListType": "ZealotResolutions"
    },
    {
        "ListType": "AngevinEmpireResolutions"
    },
    {
        "ListType": "KaitiakitangaResolutions"
    },
    {
        "ListType": "LordOfMinesResolutions"
    },
    {
        "ListType": "RavenBannerResolutions"
    },
    {
        "ListType": "PatronOfArtsResolutions"
    },
    {
        "ListType": "DharmaResolutions"
    },
    {
        "ListType": "ExtraLightCavalryResolutions"
    },
    {
        "ListType": "GreatWallResolutions"
    },
    {
        "ListType": "GreatMountainsResolutions"
    },
    {
        "ListType": "TraitReligiousConvertResolutions"
    },
    {
        "ListType": "FoundingFathersResolutions"
    },
    {
        "ListType": "NkisiResolutions"
    },
    {
        "ListType": "GreatTurkishBombardResolutions"
    },
    {
        "ListType": "TreasureFleetResolutions"
    },
    {
        "ListType": "MediterraneanColoniesResolutions"
    },
    {
        "ListType": "ElectronicsFactoryResolutions"
    },
    {
        "ListType": "AllRoadToRomeResolutions"
    },
    {
        "ListType": "ManaResolutions"
    },
    {
        "ListType": "EleanorResolutions"
    },
    {
        "ListType": "CityStateProtectorDiscussions"
    },
    {
        "ListType": "DarwinistDiscussions"
    },
    {
        "ListType": "DevoutDiscussions"
    },
    {
        "ListType": "EnvironmentalistDiscussions"
    },
    {
        "ListType": "ExploitativeDiscussions"
    },
    {
        "ListType": "GreatPersonAdvocateDiscussions"
    },
    {
        "ListType": "IndustrialistDiscussions"
    },
    {
        "ListType": "NukeLoverDiscussions"
    },
    {
        "ListType": "ParanoidDiscussions"
    },
    {
        "ListType": "AllyOfEnkiduDiscussions"
    },
    {
        "ListType": "BackstabAverseDiscussions"
    },
    {
        "ListType": "CityStateAllyDiscussions"
    },
    {
        "ListType": "CounterReformerDiscussions"
    },
    {
        "ListType": "DelianLeagueDiscussions"
    },
    {
        "ListType": "EnthusiasticDiscipleDiscussions"
    },
    {
        "ListType": "GreatPersonObessessedDiscussions"
    },
    {
        "ListType": "IronCrownDiscussions"
    },
    {
        "ListType": "OptimusPrincepsDiscussions"
    },
    {
        "ListType": "PeacekeeperDiscussions"
    },
    {
        "ListType": "QueenOfNileDiscussions"
    },
    {
        "ListType": "WithYourShieldOrOnItDiscussions"
    },
    {
        "ListType": "ArchipelagicStateDiscussions"
    },
    {
        "ListType": "SaintDiscussions"
    },
    {
        "ListType": "ShortLifeGloryDiscussions"
    },
    {
        "ListType": "BackstabberDiscussions"
    },
    {
        "ListType": "PerpetuallyOnGuardDiscussions"
    },
    {
        "ListType": "FlowerOfScotlandDiscussions"
    },
    {
        "ListType": "HorseLordDiscussions"
    },
    {
        "ListType": "HornChestLoinsDiscussions"
    },
    {
        "ListType": "MauryaEmpireDiscussions"
    },
    {
        "ListType": "NarikalaFortressDiscussions"
    },
    {
        "ListType": "CheomseongdaeDiscussions"
    },
    {
        "ListType": "DemagogueDiscussions"
    },
    {
        "ListType": "DestinationCivDiscussions"
    },
    {
        "ListType": "ExpansionistDiscussions"
    },
    {
        "ListType": "FlatEartherDiscussions"
    },
    {
        "ListType": "IntolerantDiscussions"
    },
    {
        "ListType": "LibertarianDiscussions"
    },
    {
        "ListType": "TurtlerDiscussions"
    },
    {
        "ListType": "CanadianExpeditionaryDiscussions"
    },
    {
        "ListType": "KaitiakitangaDiscussions"
    },
    {
        "ListType": "RavenBannerDiscussions"
    },
    {
        "ListType": "PatronOfArtsDiscussions"
    },
    {
        "ListType": "SicilianWarsDiscussions"
    },
    {
        "ListType": "NobelPrizeDiscussions"
    },
    {
        "ListType": "EleanorDiscussions"
    },
    {
        "ListType": "VictoriaUnits"
    },
    {
        "ListType": "CleopatraDistricts"
    },
    {
        "ListType": "LordOfMinesPseudoYields"
    },
    {
        "ListType": "LordOfMinesYields"
    },
    {
        "ListType": "MaoriSettlePreferences"
    },
    {
        "ListType": "DidoCivics"
    },
    {
        "ListType": "DidoCoastalSettlements"
    },
    {
        "ListType": "DidoTechs"
    },
    {
        "ListType": "DidoWonders"
    },
    {
        "ListType": "EleanorCivics"
    },
    {
        "ListType": "EleanorDistricts"
    },
    {
        "ListType": "EleanorWonders"
    },
    {
        "ListType": "EleanorGreatWorks"
    },
    {
        "ListType": "EleanorAlliances"
    },
    {
        "ListType": "KristinaCivics"
    },
    {
        "ListType": "KristinaTechs"
    },
    {
        "ListType": "KristinaBuildings"
    },
    {
        "ListType": "KristinaWonders"
    },
    {
        "ListType": "KristinaFavor"
    },
    {
        "ListType": "KupeCivics"
    },
    {
        "ListType": "KupeTechs"
    },
    {
        "ListType": "LaurierCivics"
    },
    {
        "ListType": "LaurierWonders"
    },
    {
        "ListType": "LaurierTourism"
    },
    {
        "ListType": "LaurierUnits"
    },
    {
        "ListType": "MansaMusaCivics"
    },
    {
        "ListType": "MansaMusaTechs"
    },
    {
        "ListType": "MansaMusaWonders"
    },
    {
        "ListType": "MansaMusaGold"
    },
    {
        "ListType": "MatthiasAlliances"
    },
    {
        "ListType": "MatthiasCivics"
    },
    {
        "ListType": "MatthiasTechs"
    },
    {
        "ListType": "MatthiasWonders"
    },
    {
        "ListType": "MatthiasInflluence"
    },
    {
        "ListType": "PachacutiCivics"
    },
    {
        "ListType": "PachacutiTechs"
    },
    {
        "ListType": "PachacutiWonders"
    },
    {
        "ListType": "SuliemanCivics"
    },
    {
        "ListType": "SuliemanTechs"
    },
    {
        "ListType": "SuliemanGovernor"
    },
    {
        "ListType": "SuliemanUnits"
    },
    {
        "ListType": "BullMooseEnvironmentPreference"
    },
    {
        "ListType": "BullMooseResolutions"
    },
    {
        "ListType": "BullMooseDiscussions"
    },
    {
        "ListType": "ElizabethPseudoYields"
    },
    {
        "ListType": "ElizabethYields"
    },
    {
        "ListType": "SagaPreference"
    },
    {
        "ListType": "IndustrialRevolutionPreference"
    },
    {
        "ListType": "VictoriaAltCivics"
    },
    {
        "ListType": "VictoriaAltTechs"
    },
    {
        "ListType": "VictoriaAltWonders"
    },
    {
        "ListType": "ElizabethCivics"
    },
    {
        "ListType": "ElizabethTechs"
    },
    {
        "ListType": "ElizabethWonders"
    },
    {
        "ListType": "HaraldAltCivics"
    },
    {
        "ListType": "HaraldAltTechs"
    },
    {
        "ListType": "HaraldAltWonders"
    },
    {
        "ListType": "HaraldAltEnvoys"
    },
    {
        "ListType": "TradeAgreementResolutions"
    },
    {
        "ListType": "SagaResolutions"
    },
    {
        "ListType": "SagaDiscussions"
    },
    {
        "ListType": "IndustrialRevolutionResolutions"
    },
    {
        "ListType": "IndustrialRevolutionDiscussions"
    },
    {
        "ListType": "SettleOneContinent"
    },
    {
        "ListType": "LincolnCivics"
    },
    {
        "ListType": "LincolnTechs"
    },
    {
        "ListType": "LincolnWonders"
    },
    {
        "ListType": "NzingaCivics"
    },
    {
        "ListType": "NzingaTechs"
    },
    {
        "ListType": "NzingaWonders"
    },
    {
        "ListType": "SaladinAltCivics"
    },
    {
        "ListType": "SaladinAltTechs"
    },
    {
        "ListType": "SaladinAltWonders"
    },
    {
        "ListType": "SultanResolutions"
    },
    {
        "ListType": "SihaiLoverClearingBarbCampPreference"
    },
    {
        "ListType": "YongleCivics"
    },
    {
        "ListType": "YongleTechs"
    },
    {
        "ListType": "YongleWonders"
    },
    {
        "ListType": "WuZetianCivics"
    },
    {
        "ListType": "WuZetianTechs"
    },
    {
        "ListType": "WuZetianWonders"
    },
    {
        "ListType": "WuZetianPseudo"
    },
    {
        "ListType": "QinAltUnits"
    },
    {
        "ListType": "QinAltTechs"
    },
    {
        "ListType": "QinAltWonders"
    },
    {
        "ListType": "CourtResolutions"
    },
    {
        "ListType": "CourtDiscussions"
    },
    {
        "ListType": "MaatLoverExploitationPreference"
    },
    {
        "ListType": "FoodLoverFoodPreference"
    },
    {
        "ListType": "CleopatraAltCivics"
    },
    {
        "ListType": "CleopatraAltTechs"
    },
    {
        "ListType": "CleopatraAltWonders"
    },
    {
        "ListType": "RamsesCivics"
    },
    {
        "ListType": "RamsesTechs"
    },
    {
        "ListType": "RamsesWonders"
    },
    {
        "ListType": "MaatResolutions"
    },
    {
        "ListType": "MaatDiscussions"
    },
    {
        "ListType": "LionOfMaliResolutions"
    },
    {
        "ListType": "LionOfMaliDiscussions"
    },
    {
        "ListType": "LionOfMaliPseudoYields"
    },
    {
        "ListType": "KeitaGreatWorks"
    },
    {
        "ListType": "KeitaCivics"
    },
    {
        "ListType": "KeitaTechs"
    },
    {
        "ListType": "KeitaWonders"
    },
    {
        "ListType": "MayanEmpire"
    },
    {
        "ListType": "MayanObservatory"
    },
    {
        "ListType": "CompactEmpire"
    },
    {
        "ListType": "CaesarCivics"
    },
    {
        "ListType": "CaesarTechs"
    },
    {
        "ListType": "CaesarWonders"
    },
    {
        "ListType": "GallicWarsClearingBarbCampPreference"
    },
    {
        "ListType": "BasilFavoredBuildings"
    },
    {
        "ListType": "GaulFavoredTechs"
    },
    {
        "ListType": "BasilFavoredResolutions"
    },
    {
        "ListType": "BasilFavoredYields"
    },
    {
        "ListType": "KublaiKhanPseudoYieldPreferences"
    },
    {
        "ListType": "KublaiKhanYieldPreferences"
    },
    {
        "ListType": "VietnamSettlePreferences"
    },
    {
        "ListType": "MajorTechs"
    },
    {
        "ListType": "CatherineAltLuxuries"
    },
    {
        "ListType": "TokugawaCivics"
    },
    {
        "ListType": "TokugawaTechs"
    },
    {
        "ListType": "TokugawaWonders"
    },
    {
        "ListType": "LandPowerLoverLandUnitsPreference"
    },
    {
        "ListType": "NaderCivics"
    },
    {
        "ListType": "NaderTechs"
    },
    {
        "ListType": "NaderWonders"
    },
    {
        "ListType": "SakokuResolutions"
    },
    {
        "ListType": "SakokuDiscussions"
    },
    {
        "ListType": "SuliemanAltCivics"
    },
    {
        "ListType": "SuliemanAltTechs"
    },
    {
        "ListType": "SuliemanAltWonders"
    },
    {
        "ListType": "SuliemanAltUnits"
    },
    {
        "ListType": "LandPowerResolutions"
    },
    {
        "ListType": "EthiopiaYields"
    },
    {
        "ListType": "PreferHills"
    },
    {
        "ListType": "HammurabiFavoredDistricts"
    },
    {
        "ListType": "LudwigCivics"
    },
    {
        "ListType": "LudwigTechs"
    },
    {
        "ListType": "LudwigWonders"
    },
    {
        "ListType": "NewRomeCulturePreference"
    },
    {
        "ListType": "TheodoraCivics"
    },
    {
        "ListType": "TheodoraTechs"
    },
    {
        "ListType": "TheodoraWonders"
    },
    {
        "ListType": "SejongResolutions"
    },
    {
        "ListType": "SejongCivics"
    },
    {
        "ListType": "SejongTechs"
    },
    {
        "ListType": "SejongWonders"
    },
    {
        "ListType": "JoaoCivicPreference"
    },
    {
        "ListType": "JoaoCoastalSettlements"
    },
    {
        "ListType": "JoaoExplorationObsessed"
    }
]