[
    {
        "ActiveEmergency": null,
        "AllowTargetUpdate": 1,
        "BehaviorTree": "Simple Operation Attack",
        "EnemyType": "NONE",
        "MaxTargetDefense": -1,
        "MaxTargetDistInArea": 25,
        "MaxTargetDistInRegion": -1,
        "MaxTargetDistInWorld": 0,
        "MaxTargetStrength": -1,
        "MinOddsOfSuccess": 0.5,
        "MustBeAtWar": 0,
        "MustHaveNukes": 0,
        "MustHaveUnits": -1,
        "OperationName": "Attack Barb Camp",
        "OperationType": "ATTACK_BARBARIANS",
        "Priority": 3,
        "SelfStart": 1,
        "TargetLuaScript": null,
        "TargetParameter": 0,
        "TargetType": "TARGET_BARBARIAN_CAMP"
    },
    {
        "ActiveEmergency": null,
        "AllowTargetUpdate": 1,
        "BehaviorTree": "Simple Operation Attack",
        "EnemyType": "NONE",
        "MaxTargetDefense": -1,
        "MaxTargetDistInArea": -1,
        "MaxTargetDistInRegion": -1,
        "MaxTargetDistInWorld": 0,
        "MaxTargetStrength": -1,
        "MinOddsOfSuccess": 0.0,
        "MustBeAtWar": 0,
        "MustHaveNukes": 0,
        "MustHaveUnits": -1,
        "OperationName": "Barb Camp Tech Boost",
        "OperationType": "ATTACK_BARBARIANS",
        "Priority": 3,
        "SelfStart": 0,
        "TargetLuaScript": null,
        "TargetParameter": 0,
        "TargetType": "TARGET_BARBARIAN_CAMP"
    },
    {
        "ActiveEmergency": null,
        "AllowTargetUpdate": 1,
        "BehaviorTree": "Early City Assault",
        "EnemyType": "WAR",
        "MaxTargetDefense": -1,
        "MaxTargetDistInArea": 30,
        "MaxTargetDistInRegion": -1,
        "MaxTargetDistInWorld": 0,
        "MaxTargetStrength": -1,
        "MinOddsOfSuccess": 0.5,
        "MustBeAtWar": 0,
        "MustHaveNukes": 0,
        "MustHaveUnits": 5,
        "OperationName": "Attack Enemy City",
        "OperationType": "CITY_ASSAULT",
        "Priority": 3,
        "SelfStart": 1,
        "TargetLuaScript": null,
        "TargetParameter": 0,
        "TargetType": "TARGET_ENEMY_COMBAT_DISTRICT"
    },
    {
        "ActiveEmergency": null,
        "AllowTargetUpdate": 1,
        "BehaviorTree": "Early City Assault",
        "EnemyType": "WAR",
        "MaxTargetDefense": -1,
        "MaxTargetDistInArea": 45,
        "MaxTargetDistInRegion": -1,
        "MaxTargetDistInWorld": -1,
        "MaxTargetStrength": -1,
        "MinOddsOfSuccess": 0.25,
        "MustBeAtWar": 1,
        "MustHaveNukes": 0,
        "MustHaveUnits": 3,
        "OperationName": "Wartime Attack Enemy City",
        "OperationType": "CITY_ASSAULT",
        "Priority": 3,
        "SelfStart": 1,
        "TargetLuaScript": null,
        "TargetParameter": 0,
        "TargetType": "TARGET_ENEMY_COMBAT_DISTRICT"
    },
    {
        "ActiveEmergency": null,
        "AllowTargetUpdate": 1,
        "BehaviorTree": "Siege City Assault",
        "EnemyType": "WAR",
        "MaxTargetDefense": -1,
        "MaxTargetDistInArea": 30,
        "MaxTargetDistInRegion": -1,
        "MaxTargetDistInWorld": 0,
        "MaxTargetStrength": -1,
        "MinOddsOfSuccess": 0.6,
        "MustBeAtWar": 0,
        "MustHaveNukes": 0,
        "MustHaveUnits": 10,
        "OperationName": "Attack Walled City",
        "OperationType": "CITY_ASSAULT",
        "Priority": 3,
        "SelfStart": 1,
        "TargetLuaScript": null,
        "TargetParameter": 1,
        "TargetType": "TARGET_ENEMY_COMBAT_DISTRICT"
    },
    {
        "ActiveEmergency": null,
        "AllowTargetUpdate": 1,
        "BehaviorTree": "Siege City Assault",
        "EnemyType": "WAR",
        "MaxTargetDefense": -1,
        "MaxTargetDistInArea": 45,
        "MaxTargetDistInRegion": -1,
        "MaxTargetDistInWorld": -1,
        "MaxTargetStrength": -1,
        "MinOddsOfSuccess": 0.4,
        "MustBeAtWar": 1,
        "MustHaveNukes": 0,
        "MustHaveUnits": 6,
        "OperationName": "Wartime Attack Walled City",
        "OperationType": "CITY_ASSAULT",
        "Priority": 3,
        "SelfStart": 1,
        "TargetLuaScript": null,
        "TargetParameter": 1,
        "TargetType": "TARGET_ENEMY_COMBAT_DISTRICT"
    },
    {
        "ActiveEmergency": null,
        "AllowTargetUpdate": 1,
        "BehaviorTree": "Escort Worker To Camp",
        "EnemyType": "NONE",
        "MaxTargetDefense": -1,
        "MaxTargetDistInArea": -1,
        "MaxTargetDistInRegion": -1,
        "MaxTargetDistInWorld": 0,
        "MaxTargetStrength": -1,
        "MinOddsOfSuccess": 0.0,
        "MustBeAtWar": 0,
        "MustHaveNukes": 0,
        "MustHaveUnits": -1,
        "OperationName": "Barbarian Builder Capture",
        "OperationType": null,
        "Priority": 3,
        "SelfStart": 0,
        "TargetLuaScript": null,
        "TargetParameter": 0,
        "TargetType": "TARGET_BARBARIAN_CAMP"
    },
    {
        "ActiveEmergency": null,
        "AllowTargetUpdate": 1,
        "BehaviorTree": "Escort Worker To Camp",
        "EnemyType": "NONE",
        "MaxTargetDefense": -1,
        "MaxTargetDistInArea": -1,
        "MaxTargetDistInRegion": -1,
        "MaxTargetDistInWorld": 0,
        "MaxTargetStrength": -1,
        "MinOddsOfSuccess": 0.0,
        "MustBeAtWar": 0,
        "MustHaveNukes": 0,
        "MustHaveUnits": -1,
        "OperationName": "Civilian Builder Capture",
        "OperationType": null,
        "Priority": 1,
        "SelfStart": 0,
        "TargetLuaScript": null,
        "TargetParameter": 0,
        "TargetType": "TARGET_FRIENDLY_CITY"
    },
    {
        "ActiveEmergency": null,
        "AllowTargetUpdate": 1,
        "BehaviorTree": "Settle City Op",
        "EnemyType": "NONE",
        "MaxTargetDefense": -1,
        "MaxTargetDistInArea": -1,
        "MaxTargetDistInRegion": -1,
        "MaxTargetDistInWorld": -1,
        "MaxTargetStrength": -1,
        "MinOddsOfSuccess": 0.0,
        "MustBeAtWar": 0,
        "MustHaveNukes": 0,
        "MustHaveUnits": -1,
        "OperationName": "Settle New City",
        "OperationType": "OP_SETTLE",
        "Priority": 4,
        "SelfStart": 0,
        "TargetLuaScript": null,
        "TargetParameter": 0,
        "TargetType": "TARGET_SETTLE_LOCATION"
    },
    {
        "ActiveEmergency": null,
        "AllowTargetUpdate": 1,
        "BehaviorTree": "Simple City Defense",
        "EnemyType": "NONE",
        "MaxTargetDefense": -1,
        "MaxTargetDistInArea": -1,
        "MaxTargetDistInRegion": -1,
        "MaxTargetDistInWorld": 0,
        "MaxTargetStrength": -1,
        "MinOddsOfSuccess": 0.0,
        "MustBeAtWar": 0,
        "MustHaveNukes": 0,
        "MustHaveUnits": -1,
        "OperationName": "City Defense",
        "OperationType": null,
        "Priority": 4,
        "SelfStart": 0,
        "TargetLuaScript": null,
        "TargetParameter": 1,
        "TargetType": "TARGET_FRIENDLY_CITY"
    },
    {
        "ActiveEmergency": null,
        "AllowTargetUpdate": 0,
        "BehaviorTree": "Raid City",
        "EnemyType": "NONE",
        "MaxTargetDefense": -1,
        "MaxTargetDistInArea": 5,
        "MaxTargetDistInRegion": 10,
        "MaxTargetDistInWorld": 0,
        "MaxTargetStrength": -1,
        "MinOddsOfSuccess": 0.0,
        "MustBeAtWar": 0,
        "MustHaveNukes": 0,
        "MustHaveUnits": -1,
        "OperationName": "Barbarian Attack",
        "OperationType": null,
        "Priority": 3,
        "SelfStart": 0,
        "TargetLuaScript": null,
        "TargetParameter": 0,
        "TargetType": "TARGET_ENEMY_COMBAT_DISTRICT"
    },
    {
        "ActiveEmergency": null,
        "AllowTargetUpdate": 0,
        "BehaviorTree": "Barbarian City Attack",
        "EnemyType": "NONE",
        "MaxTargetDefense": -1,
        "MaxTargetDistInArea": 5,
        "MaxTargetDistInRegion": 10,
        "MaxTargetDistInWorld": 0,
        "MaxTargetStrength": -1,
        "MinOddsOfSuccess": 0.0,
        "MustBeAtWar": 0,
        "MustHaveNukes": 0,
        "MustHaveUnits": -1,
        "OperationName": "Barbarian City Assault",
        "OperationType": null,
        "Priority": 4,
        "SelfStart": 0,
        "TargetLuaScript": null,
        "TargetParameter": 0,
        "TargetType": "TARGET_ENEMY_COMBAT_DISTRICT"
    },
    {
        "ActiveEmergency": null,
        "AllowTargetUpdate": 1,
        "BehaviorTree": "Nuclear Assault",
        "EnemyType": "WAR",
        "MaxTargetDefense": -1,
        "MaxTargetDistInArea": -1,
        "MaxTargetDistInRegion": -1,
        "MaxTargetDistInWorld": 0,
        "MaxTargetStrength": -1,
        "MinOddsOfSuccess": 0.0,
        "MustBeAtWar": 1,
        "MustHaveNukes": 1,
        "MustHaveUnits": -1,
        "OperationName": "Nuclear Assault",
        "OperationType": "OP_NUCLEAR",
        "Priority": 3,
        "SelfStart": 1,
        "TargetLuaScript": null,
        "TargetParameter": 1,
        "TargetType": "TARGET_ENEMY_COMBAT_DISTRICT"
    },
    {
        "ActiveEmergency": null,
        "AllowTargetUpdate": 1,
        "BehaviorTree": "Reinforce Ally",
        "EnemyType": "ALLY",
        "MaxTargetDefense": -1,
        "MaxTargetDistInArea": 45,
        "MaxTargetDistInRegion": -1,
        "MaxTargetDistInWorld": 0,
        "MaxTargetStrength": -1,
        "MinOddsOfSuccess": 0.0,
        "MustBeAtWar": 0,
        "MustHaveNukes": 0,
        "MustHaveUnits": -1,
        "OperationName": "Aid Ally",
        "OperationType": "CITY_ASSAULT",
        "Priority": 3,
        "SelfStart": 1,
        "TargetLuaScript": null,
        "TargetParameter": 0,
        "TargetType": "TARGET_ALLY_SUPPORT"
    },
    {
        "ActiveEmergency": null,
        "AllowTargetUpdate": 1,
        "BehaviorTree": "Naval Superiority Tree",
        "EnemyType": "NONE",
        "MaxTargetDefense": -1,
        "MaxTargetDistInArea": -1,
        "MaxTargetDistInRegion": -1,
        "MaxTargetDistInWorld": -1,
        "MaxTargetStrength": -1,
        "MinOddsOfSuccess": 0.0,
        "MustBeAtWar": 0,
        "MustHaveNukes": 0,
        "MustHaveUnits": -1,
        "OperationName": "Naval Superiority",
        "OperationType": "NAVAL_SUPERIORITY",
        "Priority": 2,
        "SelfStart": 1,
        "TargetLuaScript": null,
        "TargetParameter": 0,
        "TargetType": "TARGET_NAVAL_SUPERIORITY"
    },
    {
        "ActiveEmergency": null,
        "AllowTargetUpdate": 1,
        "BehaviorTree": "Free Cities Assault",
        "EnemyType": "WAR",
        "MaxTargetDefense": -1,
        "MaxTargetDistInArea": -1,
        "MaxTargetDistInRegion": -1,
        "MaxTargetDistInWorld": 0,
        "MaxTargetStrength": -1,
        "MinOddsOfSuccess": 0.0,
        "MustBeAtWar": 0,
        "MustHaveNukes": 0,
        "MustHaveUnits": -1,
        "OperationName": "Free Cities Raid",
        "OperationType": "CITY_ASSAULT",
        "Priority": 3,
        "SelfStart": 0,
        "TargetLuaScript": null,
        "TargetParameter": 0,
        "TargetType": "TARGET_ENEMY_COMBAT_DISTRICT"
    },
    {
        "ActiveEmergency": null,
        "AllowTargetUpdate": 1,
        "BehaviorTree": "Use Soothsayer",
        "EnemyType": "WAR",
        "MaxTargetDefense": -1,
        "MaxTargetDistInArea": 45,
        "MaxTargetDistInRegion": -1,
        "MaxTargetDistInWorld": -1,
        "MaxTargetStrength": -1,
        "MinOddsOfSuccess": 0.5,
        "MustBeAtWar": 1,
        "MustHaveNukes": 0,
        "MustHaveUnits": 4,
        "OperationName": "Wartime Use Soothsayer",
        "OperationType": "CITY_ASSAULT",
        "Priority": 3,
        "SelfStart": 1,
        "TargetLuaScript": null,
        "TargetParameter": 0,
        "TargetType": "TARGET_DISASTER_CAPABLE"
    },
    {
        "ActiveEmergency": "EMERGENCY_SOOTHSAYER",
        "AllowTargetUpdate": 1,
        "BehaviorTree": "Use Soothsayer",
        "EnemyType": "NONE",
        "MaxTargetDefense": -1,
        "MaxTargetDistInArea": 45,
        "MaxTargetDistInRegion": -1,
        "MaxTargetDistInWorld": -1,
        "MaxTargetStrength": -1,
        "MinOddsOfSuccess": 0.5,
        "MustBeAtWar": 0,
        "MustHaveNukes": 0,
        "MustHaveUnits": 4,
        "OperationName": "Soothsayer Scored Competition",
        "OperationType": "EMERGENCY_OPERATION",
        "Priority": 3,
        "SelfStart": 1,
        "TargetLuaScript": null,
        "TargetParameter": 0,
        "TargetType": "TARGET_DISASTER_CAPABLE"
    }
]