[
    {
        "TeamName": "Simple Early Attack Force"
    },
    {
        "TeamName": "Simple City Attack Force"
    },
    {
        "TeamName": "City Naval Attack Force"
    },
    {
        "TeamName": "City Attack Force"
    },
    {
        "TeamName": "Barbarian Builder Capture"
    },
    {
        "TeamName": "Civilian Builder Capture"
    },
    {
        "TeamName": "Settle City Team"
    },
    {
        "TeamName": "City Defense"
    },
    {
        "TeamName": "City Naval Defense"
    },
    {
        "TeamName": "Barbarian Raid"
    },
    {
        "TeamName": "Nuclear Attack"
    },
    {
        "TeamName": "Aid Ally Attack Force"
    },
    {
        "TeamName": "Naval Superiority Force"
    },
    {
        "TeamName": "Free Cities Assault Force"
    },
    {
        "TeamName": "Soothsayer Team"
    },
    {
        "TeamName": "Soothsayer Competition Team"
    }
]