[
    {
        "AllianceType": "ALLIANCE_RESEARCH",
        "Description": "LOC_DIPLOMACY_ALLIANCE_SCIENCE_NAME_LEVEL",
        "Name": "LOC_ALLIANCE_RESEARCH"
    },
    {
        "AllianceType": "ALLIANCE_CULTURAL",
        "Description": "LOC_DIPLOMACY_ALLIANCE_CULTURAL_NAME_LEVEL",
        "Name": "LOC_ALLIANCE_CULTURAL"
    },
    {
        "AllianceType": "ALLIANCE_ECONOMIC",
        "Description": "LOC_DIPLOMACY_ALLIANCE_ECONOMIC_NAME_LEVEL",
        "Name": "LOC_ALLIANCE_ECONOMIC"
    },
    {
        "AllianceType": "ALLIANCE_MILITARY",
        "Description": "LOC_DIPLOMACY_ALLIANCE_MILITARY_NAME_LEVEL",
        "Name": "LOC_ALLIANCE_MILITARY"
    },
    {
        "AllianceType": "ALLIANCE_RELIGIOUS",
        "Description": "LOC_DIPLOMACY_ALLIANCE_RELIGIOUS_NAME_LEVEL",
        "Name": "LOC_ALLIANCE_RELIGIOUS"
    }
]