[
    {
        "ListType": "Default_List",
        "OperationDef": "Attack Barb Camp",
        "RemoveRef": 0
    },
    {
        "ListType": "Default_List",
        "OperationDef": "Barb Camp Tech Boost",
        "RemoveRef": 0
    },
    {
        "ListType": "Default_List",
        "OperationDef": "Attack Enemy City",
        "RemoveRef": 0
    },
    {
        "ListType": "Default_List",
        "OperationDef": "Wartime Attack Enemy City",
        "RemoveRef": 0
    },
    {
        "ListType": "Default_List",
        "OperationDef": "Attack Walled City",
        "RemoveRef": 0
    },
    {
        "ListType": "Default_List",
        "OperationDef": "Wartime Attack Walled City",
        "RemoveRef": 0
    },
    {
        "ListType": "Default_List",
        "OperationDef": "Civilian Builder Capture",
        "RemoveRef": 0
    },
    {
        "ListType": "Default_List",
        "OperationDef": "Settle New City",
        "RemoveRef": 0
    },
    {
        "ListType": "Default_List",
        "OperationDef": "Nuclear Assault",
        "RemoveRef": 0
    },
    {
        "ListType": "Default_List",
        "OperationDef": "Aid Ally",
        "RemoveRef": 0
    },
    {
        "ListType": "Default_List",
        "OperationDef": "City Defense",
        "RemoveRef": 0
    },
    {
        "ListType": "Default_List",
        "OperationDef": "Naval Superiority",
        "RemoveRef": 0
    },
    {
        "ListType": "Barbarian Lover",
        "OperationDef": "Attack Barb Camp",
        "RemoveRef": 1
    },
    {
        "ListType": "Barbarian Ops",
        "OperationDef": "Barbarian Builder Capture",
        "RemoveRef": 0
    },
    {
        "ListType": "Barbarian Ops",
        "OperationDef": "Barbarian Attack",
        "RemoveRef": 0
    },
    {
        "ListType": "Barbarian Ops",
        "OperationDef": "Barbarian City Assault",
        "RemoveRef": 0
    },
    {
        "ListType": "Free Cities Operations",
        "OperationDef": "Free Cities Raid",
        "RemoveRef": 0
    },
    {
        "ListType": "Default_List",
        "OperationDef": "Wartime Use Soothsayer",
        "RemoveRef": 0
    },
    {
        "ListType": "Default_List",
        "OperationDef": "Soothsayer Scored Competition",
        "RemoveRef": 0
    }
]