[
    {
        "AttackForceType": "LowDifficultyStandardRaid",
        "MaxTargetDifficulty": "DIFFICULTY_CHIEFTAIN",
        "MeleeTag": "CLASS_MELEE",
        "MinTargetDifficulty": null,
        "NumMeleeUnits": 1,
        "NumRangeUnits": 0,
        "NumSiegeUnits": 0,
        "NumSupportUnits": 0,
        "RaidingForce": 1,
        "RangeTag": null,
        "SiegeTag": null,
        "SpawnRate": 2,
        "SupportTag": null
    },
    {
        "AttackForceType": "StandardRaid",
        "MaxTargetDifficulty": "DIFFICULTY_EMPEROR",
        "MeleeTag": "CLASS_MELEE",
        "MinTargetDifficulty": "DIFFICULTY_WARLORD",
        "NumMeleeUnits": 2,
        "NumRangeUnits": 1,
        "NumSiegeUnits": 0,
        "NumSupportUnits": 0,
        "RaidingForce": 1,
        "RangeTag": "CLASS_RANGED",
        "SiegeTag": null,
        "SpawnRate": 2,
        "SupportTag": null
    },
    {
        "AttackForceType": "HighDifficultyStandardRaid",
        "MaxTargetDifficulty": null,
        "MeleeTag": "CLASS_MELEE",
        "MinTargetDifficulty": "DIFFICULTY_IMMORTAL",
        "NumMeleeUnits": 3,
        "NumRangeUnits": 2,
        "NumSiegeUnits": 0,
        "NumSupportUnits": 0,
        "RaidingForce": 1,
        "RangeTag": "CLASS_RANGED",
        "SiegeTag": null,
        "SpawnRate": 1,
        "SupportTag": null
    },
    {
        "AttackForceType": "LowDifficultyStandardAttack",
        "MaxTargetDifficulty": "DIFFICULTY_CHIEFTAIN",
        "MeleeTag": "CLASS_MELEE",
        "MinTargetDifficulty": null,
        "NumMeleeUnits": 2,
        "NumRangeUnits": 1,
        "NumSiegeUnits": 1,
        "NumSupportUnits": 0,
        "RaidingForce": 0,
        "RangeTag": "CLASS_RANGED",
        "SiegeTag": "CLASS_SIEGE",
        "SpawnRate": 2,
        "SupportTag": null
    },
    {
        "AttackForceType": "StandardAttack",
        "MaxTargetDifficulty": "DIFFICULTY_EMPEROR",
        "MeleeTag": "CLASS_MELEE",
        "MinTargetDifficulty": "DIFFICULTY_WARLORD",
        "NumMeleeUnits": 3,
        "NumRangeUnits": 2,
        "NumSiegeUnits": 1,
        "NumSupportUnits": 1,
        "RaidingForce": 0,
        "RangeTag": "CLASS_RANGED",
        "SiegeTag": "CLASS_SIEGE",
        "SpawnRate": 2,
        "SupportTag": "CLASS_BATTERING_RAM"
    },
    {
        "AttackForceType": "HighDifficultyStandardAttack",
        "MaxTargetDifficulty": null,
        "MeleeTag": "CLASS_MELEE",
        "MinTargetDifficulty": "DIFFICULTY_IMMORTAL",
        "NumMeleeUnits": 4,
        "NumRangeUnits": 3,
        "NumSiegeUnits": 2,
        "NumSupportUnits": 1,
        "RaidingForce": 0,
        "RangeTag": "CLASS_RANGED",
        "SiegeTag": "CLASS_SIEGE",
        "SpawnRate": 1,
        "SupportTag": "CLASS_BATTERING_RAM"
    },
    {
        "AttackForceType": "LowDifficultyCavalryRaid",
        "MaxTargetDifficulty": "DIFFICULTY_CHIEFTAIN",
        "MeleeTag": "CLASS_LIGHT_CAVALRY",
        "MinTargetDifficulty": null,
        "NumMeleeUnits": 1,
        "NumRangeUnits": 0,
        "NumSiegeUnits": 0,
        "NumSupportUnits": 0,
        "RaidingForce": 1,
        "RangeTag": null,
        "SiegeTag": null,
        "SpawnRate": 2,
        "SupportTag": null
    },
    {
        "AttackForceType": "CavalryRaid",
        "MaxTargetDifficulty": "DIFFICULTY_EMPEROR",
        "MeleeTag": "CLASS_LIGHT_CAVALRY",
        "MinTargetDifficulty": "DIFFICULTY_WARLORD",
        "NumMeleeUnits": 2,
        "NumRangeUnits": 1,
        "NumSiegeUnits": 0,
        "NumSupportUnits": 0,
        "RaidingForce": 1,
        "RangeTag": "CLASS_MOBILE_RANGED",
        "SiegeTag": null,
        "SpawnRate": 2,
        "SupportTag": null
    },
    {
        "AttackForceType": "HighDifficultyCavalryRaid",
        "MaxTargetDifficulty": null,
        "MeleeTag": "CLASS_LIGHT_CAVALRY",
        "MinTargetDifficulty": "DIFFICULTY_IMMORTAL",
        "NumMeleeUnits": 3,
        "NumRangeUnits": 2,
        "NumSiegeUnits": 0,
        "NumSupportUnits": 0,
        "RaidingForce": 1,
        "RangeTag": "CLASS_MOBILE_RANGED",
        "SiegeTag": null,
        "SpawnRate": 1,
        "SupportTag": null
    },
    {
        "AttackForceType": "LowDifficultyCavalryAttack",
        "MaxTargetDifficulty": "DIFFICULTY_CHIEFTAIN",
        "MeleeTag": "CLASS_LIGHT_CAVALRY",
        "MinTargetDifficulty": null,
        "NumMeleeUnits": 2,
        "NumRangeUnits": 1,
        "NumSiegeUnits": 1,
        "NumSupportUnits": 0,
        "RaidingForce": 0,
        "RangeTag": "CLASS_MOBILE_RANGED",
        "SiegeTag": "CLASS_HEAVY_CAVALRY",
        "SpawnRate": 2,
        "SupportTag": null
    },
    {
        "AttackForceType": "CavalryAttack",
        "MaxTargetDifficulty": "DIFFICULTY_EMPEROR",
        "MeleeTag": "CLASS_LIGHT_CAVALRY",
        "MinTargetDifficulty": "DIFFICULTY_WARLORD",
        "NumMeleeUnits": 3,
        "NumRangeUnits": 2,
        "NumSiegeUnits": 1,
        "NumSupportUnits": 0,
        "RaidingForce": 0,
        "RangeTag": "CLASS_MOBILE_RANGED",
        "SiegeTag": "CLASS_HEAVY_CAVALRY",
        "SpawnRate": 2,
        "SupportTag": null
    },
    {
        "AttackForceType": "HighDifficultyCavalryAttack",
        "MaxTargetDifficulty": null,
        "MeleeTag": "CLASS_LIGHT_CAVALRY",
        "MinTargetDifficulty": "DIFFICULTY_IMMORTAL",
        "NumMeleeUnits": 4,
        "NumRangeUnits": 3,
        "NumSiegeUnits": 2,
        "NumSupportUnits": 0,
        "RaidingForce": 0,
        "RangeTag": "CLASS_MOBILE_RANGED",
        "SiegeTag": "CLASS_HEAVY_CAVALRY",
        "SpawnRate": 1,
        "SupportTag": null
    },
    {
        "AttackForceType": "LowDifficultyNavalRaid",
        "MaxTargetDifficulty": "DIFFICULTY_CHIEFTAIN",
        "MeleeTag": "CLASS_NAVAL_MELEE",
        "MinTargetDifficulty": null,
        "NumMeleeUnits": 1,
        "NumRangeUnits": 0,
        "NumSiegeUnits": 0,
        "NumSupportUnits": 0,
        "RaidingForce": 1,
        "RangeTag": null,
        "SiegeTag": null,
        "SpawnRate": 2,
        "SupportTag": null
    },
    {
        "AttackForceType": "NavalRaid",
        "MaxTargetDifficulty": "DIFFICULTY_EMPEROR",
        "MeleeTag": "CLASS_NAVAL_MELEE",
        "MinTargetDifficulty": "DIFFICULTY_WARLORD",
        "NumMeleeUnits": 2,
        "NumRangeUnits": 1,
        "NumSiegeUnits": 0,
        "NumSupportUnits": 0,
        "RaidingForce": 1,
        "RangeTag": "CLASS_NAVAL_RANGED",
        "SiegeTag": null,
        "SpawnRate": 2,
        "SupportTag": null
    },
    {
        "AttackForceType": "HighDifficultyNavalRaid",
        "MaxTargetDifficulty": null,
        "MeleeTag": "CLASS_NAVAL_MELEE",
        "MinTargetDifficulty": "DIFFICULTY_IMMORTAL",
        "NumMeleeUnits": 3,
        "NumRangeUnits": 2,
        "NumSiegeUnits": 0,
        "NumSupportUnits": 0,
        "RaidingForce": 1,
        "RangeTag": "CLASS_NAVAL_RANGED",
        "SiegeTag": null,
        "SpawnRate": 1,
        "SupportTag": null
    },
    {
        "AttackForceType": "LowDifficultyNavalAttack",
        "MaxTargetDifficulty": "DIFFICULTY_CHIEFTAIN",
        "MeleeTag": "CLASS_NAVAL_MELEE",
        "MinTargetDifficulty": null,
        "NumMeleeUnits": 2,
        "NumRangeUnits": 1,
        "NumSiegeUnits": 1,
        "NumSupportUnits": 0,
        "RaidingForce": 0,
        "RangeTag": "CLASS_NAVAL_RANGED",
        "SiegeTag": "CLASS_NAVAL_RANGED",
        "SpawnRate": 2,
        "SupportTag": null
    },
    {
        "AttackForceType": "NavalAttack",
        "MaxTargetDifficulty": "DIFFICULTY_EMPEROR",
        "MeleeTag": "CLASS_NAVAL_MELEE",
        "MinTargetDifficulty": "DIFFICULTY_WARLORD",
        "NumMeleeUnits": 3,
        "NumRangeUnits": 2,
        "NumSiegeUnits": 1,
        "NumSupportUnits": 0,
        "RaidingForce": 0,
        "RangeTag": "CLASS_NAVAL_RANGED",
        "SiegeTag": "CLASS_NAVAL_RANGED",
        "SpawnRate": 2,
        "SupportTag": null
    },
    {
        "AttackForceType": "HighDifficultyNavalAttack",
        "MaxTargetDifficulty": null,
        "MeleeTag": "CLASS_NAVAL_MELEE",
        "MinTargetDifficulty": "DIFFICULTY_IMMORTAL",
        "NumMeleeUnits": 4,
        "NumRangeUnits": 3,
        "NumSiegeUnits": 2,
        "NumSupportUnits": 0,
        "RaidingForce": 0,
        "RangeTag": "CLASS_NAVAL_RANGED",
        "SiegeTag": "CLASS_NAVAL_RANGED",
        "SpawnRate": 1,
        "SupportTag": null
    }
]