[
    {
        "Number": 3,
        "TribeType": "TRIBE_MELEE",
        "UnitType": "UNIT_MODE_ZOMBIE"
    },
    {
        "Number": 3,
        "TribeType": "TRIBE_CAVALRY",
        "UnitType": "UNIT_MODE_ZOMBIE"
    },
    {
        "Number": 3,
        "TribeType": "TRIBE_NAVAL",
        "UnitType": "UNIT_MODE_ZOMBIE"
    },
    {
        "Number": 1,
        "TribeType": "TRIBE_CLAN_MELEE_OPEN",
        "UnitType": "UNIT_MODE_ZOMBIE"
    },
    {
        "Number": 1,
        "TribeType": "TRIBE_CLAN_MELEE_FOREST",
        "UnitType": "UNIT_MODE_ZOMBIE"
    },
    {
        "Number": 1,
        "TribeType": "TRIBE_CLAN_MELEE_HILLS",
        "UnitType": "UNIT_MODE_ZOMBIE"
    },
    {
        "Number": 1,
        "TribeType": "TRIBE_CLAN_CAVALRY_OPEN",
        "UnitType": "UNIT_MODE_ZOMBIE"
    },
    {
        "Number": 1,
        "TribeType": "TRIBE_CLAN_CAVALRY_JUNGLE",
        "UnitType": "UNIT_MODE_ZOMBIE"
    },
    {
        "Number": 1,
        "TribeType": "TRIBE_CLAN_CAVALRY_CHARIOT",
        "UnitType": "UNIT_MODE_ZOMBIE"
    },
    {
        "Number": 1,
        "TribeType": "TRIBE_CLAN_NAVAL",
        "UnitType": "UNIT_MODE_ZOMBIE"
    }
]