[
    {
        "CityAttackBoldness": 25,
        "CityAttackOperation": "Barbarian City Assault",
        "DefenderTag": "CLASS_ANTI_CAVALRY",
        "IsCoastal": 0,
        "MeleeTag": "CLASS_MELEE",
        "Name": "LOC_BARBARIAN_CLAN_TYPE_MELEE_OPEN",
        "PercentRangedUnits": 25,
        "RaidingBehaviorTree": "Barbarian Attack",
        "RaidingBoldness": 15,
        "RangedTag": "CLASS_RANGED",
        "RequiredResource": null,
        "ResourceRange": 0,
        "ScoutTag": "CLASS_RECON",
        "ScoutingBehaviorTree": "Barbarian Found City",
        "SiegeTag": "CLASS_SIEGE",
        "SupportTag": "CLASS_LIGHT_CAVALRY",
        "TribeType": "TRIBE_CLAN_MELEE_OPEN",
        "TurnsToWarriorSpawn": 10
    },
    {
        "CityAttackBoldness": 20,
        "CityAttackOperation": "Barbarian City Assault",
        "DefenderTag": "CLASS_RANGED",
        "IsCoastal": 0,
        "MeleeTag": "CLASS_MELEE",
        "Name": "LOC_BARBARIAN_CLAN_TYPE_MELEE_FOREST",
        "PercentRangedUnits": 50,
        "RaidingBehaviorTree": "Barbarian Attack",
        "RaidingBoldness": 15,
        "RangedTag": "CLASS_RANGED",
        "RequiredResource": null,
        "ResourceRange": 0,
        "ScoutTag": "CLASS_RECON",
        "ScoutingBehaviorTree": "Barbarian Found City",
        "SiegeTag": "CLASS_SIEGE",
        "SupportTag": "CLASS_BATTERING_RAM",
        "TribeType": "TRIBE_CLAN_MELEE_FOREST",
        "TurnsToWarriorSpawn": 15
    },
    {
        "CityAttackBoldness": 30,
        "CityAttackOperation": "Barbarian City Assault",
        "DefenderTag": "CLASS_MELEE",
        "IsCoastal": 0,
        "MeleeTag": "CLASS_MELEE",
        "Name": "LOC_BARBARIAN_CLAN_TYPE_MELEE_HILLS",
        "PercentRangedUnits": 15,
        "RaidingBehaviorTree": "Barbarian Attack",
        "RaidingBoldness": 20,
        "RangedTag": "CLASS_ANTI_CAVALRY",
        "RequiredResource": null,
        "ResourceRange": 0,
        "ScoutTag": "CLASS_RECON",
        "ScoutingBehaviorTree": "Barbarian Found City",
        "SiegeTag": "CLASS_SIEGE",
        "SupportTag": "CLASS_RANGED",
        "TribeType": "TRIBE_CLAN_MELEE_HILLS",
        "TurnsToWarriorSpawn": 15
    },
    {
        "CityAttackBoldness": 25,
        "CityAttackOperation": "Barbarian City Assault",
        "DefenderTag": "CLASS_ANTI_CAVALRY",
        "IsCoastal": 0,
        "MeleeTag": "CLASS_LIGHT_CAVALRY",
        "Name": "LOC_BARBARIAN_CLAN_TYPE_CAVALRY_OPEN",
        "PercentRangedUnits": 25,
        "RaidingBehaviorTree": "Barbarian Attack",
        "RaidingBoldness": 20,
        "RangedTag": "CLASS_MOBILE_RANGED",
        "RequiredResource": null,
        "ResourceRange": 0,
        "ScoutTag": "CLASS_RECON",
        "ScoutingBehaviorTree": "Barbarian Found City",
        "SiegeTag": "CLASS_HEAVY_CAVALRY",
        "SupportTag": "CLASS_BATTERING_RAM",
        "TribeType": "TRIBE_CLAN_CAVALRY_OPEN",
        "TurnsToWarriorSpawn": 20
    },
    {
        "CityAttackBoldness": 25,
        "CityAttackOperation": "Barbarian City Assault",
        "DefenderTag": "CLASS_MELEE",
        "IsCoastal": 0,
        "MeleeTag": "CLASS_LIGHT_CAVALRY",
        "Name": "LOC_BARBARIAN_CLAN_TYPE_CAVALRY_JUNGLE",
        "PercentRangedUnits": 20,
        "RaidingBehaviorTree": "Barbarian Attack",
        "RaidingBoldness": 15,
        "RangedTag": "CLASS_RANGED",
        "RequiredResource": null,
        "ResourceRange": 0,
        "ScoutTag": "CLASS_RECON",
        "ScoutingBehaviorTree": "Barbarian Found City",
        "SiegeTag": "CLASS_HEAVY_CAVALRY",
        "SupportTag": "CLASS_BATTERING_RAM",
        "TribeType": "TRIBE_CLAN_CAVALRY_JUNGLE",
        "TurnsToWarriorSpawn": 20
    },
    {
        "CityAttackBoldness": 25,
        "CityAttackOperation": "Barbarian City Assault",
        "DefenderTag": "CLASS_RANGED",
        "IsCoastal": 0,
        "MeleeTag": "CLASS_LIGHT_CAVALRY",
        "Name": "LOC_BARBARIAN_CLAN_TYPE_CAVALRY_CHARIOT",
        "PercentRangedUnits": 35,
        "RaidingBehaviorTree": "Barbarian Attack",
        "RaidingBoldness": 15,
        "RangedTag": "CLASS_HEAVY_CHARIOT",
        "RequiredResource": null,
        "ResourceRange": 0,
        "ScoutTag": "CLASS_RECON",
        "ScoutingBehaviorTree": "Barbarian Found City",
        "SiegeTag": "CLASS_HEAVY_CHARIOT",
        "SupportTag": "CLASS_BATTERING_RAM",
        "TribeType": "TRIBE_CLAN_CAVALRY_CHARIOT",
        "TurnsToWarriorSpawn": 20
    },
    {
        "CityAttackBoldness": 25,
        "CityAttackOperation": "Barbarian City Assault",
        "DefenderTag": "CLASS_ANTI_CAVALRY",
        "IsCoastal": 1,
        "MeleeTag": "CLASS_NAVAL_MELEE",
        "Name": "LOC_BARBARIAN_CLAN_TYPE_NAVAL",
        "PercentRangedUnits": 35,
        "RaidingBehaviorTree": "Barbarian Attack",
        "RaidingBoldness": 10,
        "RangedTag": "CLASS_NAVAL_RANGED",
        "RequiredResource": null,
        "ResourceRange": 0,
        "ScoutTag": "CLASS_NAVAL_MELEE",
        "ScoutingBehaviorTree": "Barbarian Found City",
        "SiegeTag": "CLASS_NAVAL_RANGED",
        "SupportTag": null,
        "TribeType": "TRIBE_CLAN_NAVAL",
        "TurnsToWarriorSpawn": 10
    }
]