[
    {
        "NumMilitary": 5,
        "NumScouts": null,
        "PercentRangedUnits": null,
        "RaidingBehaviorTree": null,
        "RaidingBoldness": null,
        "ScoutingBehaviorTree": null,
        "TribeDisplayName": "LOC_BARBARIAN_CLAN_MELEE_OPEN_1",
        "TribeNameType": "BARBARIAN_CLAN_MELEE_OPEN_1",
        "TribeType": "TRIBE_CLAN_MELEE_OPEN",
        "TurnsToWarriorSpawn": null
    },
    {
        "NumMilitary": 5,
        "NumScouts": null,
        "PercentRangedUnits": null,
        "RaidingBehaviorTree": null,
        "RaidingBoldness": null,
        "ScoutingBehaviorTree": null,
        "TribeDisplayName": "LOC_BARBARIAN_CLAN_MELEE_OPEN_2",
        "TribeNameType": "BARBARIAN_CLAN_MELEE_OPEN_2",
        "TribeType": "TRIBE_CLAN_MELEE_OPEN",
        "TurnsToWarriorSpawn": null
    },
    {
        "NumMilitary": 5,
        "NumScouts": null,
        "PercentRangedUnits": null,
        "RaidingBehaviorTree": null,
        "RaidingBoldness": null,
        "ScoutingBehaviorTree": null,
        "TribeDisplayName": "LOC_BARBARIAN_CLAN_MELEE_OPEN_3",
        "TribeNameType": "BARBARIAN_CLAN_MELEE_OPEN_3",
        "TribeType": "TRIBE_CLAN_MELEE_OPEN",
        "TurnsToWarriorSpawn": null
    },
    {
        "NumMilitary": 5,
        "NumScouts": null,
        "PercentRangedUnits": null,
        "RaidingBehaviorTree": null,
        "RaidingBoldness": null,
        "ScoutingBehaviorTree": null,
        "TribeDisplayName": "LOC_BARBARIAN_CLAN_MELEE_OPEN_4",
        "TribeNameType": "BARBARIAN_CLAN_MELEE_OPEN_4",
        "TribeType": "TRIBE_CLAN_MELEE_OPEN",
        "TurnsToWarriorSpawn": null
    },
    {
        "NumMilitary": 5,
        "NumScouts": null,
        "PercentRangedUnits": null,
        "RaidingBehaviorTree": null,
        "RaidingBoldness": null,
        "ScoutingBehaviorTree": null,
        "TribeDisplayName": "LOC_BARBARIAN_CLAN_MELEE_OPEN_5",
        "TribeNameType": "BARBARIAN_CLAN_MELEE_OPEN_5",
        "TribeType": "TRIBE_CLAN_MELEE_OPEN",
        "TurnsToWarriorSpawn": null
    },
    {
        "NumMilitary": 5,
        "NumScouts": null,
        "PercentRangedUnits": null,
        "RaidingBehaviorTree": null,
        "RaidingBoldness": null,
        "ScoutingBehaviorTree": null,
        "TribeDisplayName": "LOC_BARBARIAN_CLAN_MELEE_OPEN_6",
        "TribeNameType": "BARBARIAN_CLAN_MELEE_OPEN_6",
        "TribeType": "TRIBE_CLAN_MELEE_OPEN",
        "TurnsToWarriorSpawn": null
    },
    {
        "NumMilitary": 5,
        "NumScouts": null,
        "PercentRangedUnits": null,
        "RaidingBehaviorTree": null,
        "RaidingBoldness": null,
        "ScoutingBehaviorTree": null,
        "TribeDisplayName": "LOC_BARBARIAN_CLAN_MELEE_FOREST_1",
        "TribeNameType": "BARBARIAN_CLAN_MELEE_FOREST_1",
        "TribeType": "TRIBE_CLAN_MELEE_FOREST",
        "TurnsToWarriorSpawn": null
    },
    {
        "NumMilitary": 5,
        "NumScouts": null,
        "PercentRangedUnits": null,
        "RaidingBehaviorTree": null,
        "RaidingBoldness": null,
        "ScoutingBehaviorTree": null,
        "TribeDisplayName": "LOC_BARBARIAN_CLAN_MELEE_FOREST_2",
        "TribeNameType": "BARBARIAN_CLAN_MELEE_FOREST_2",
        "TribeType": "TRIBE_CLAN_MELEE_FOREST",
        "TurnsToWarriorSpawn": null
    },
    {
        "NumMilitary": 5,
        "NumScouts": null,
        "PercentRangedUnits": null,
        "RaidingBehaviorTree": null,
        "RaidingBoldness": null,
        "ScoutingBehaviorTree": null,
        "TribeDisplayName": "LOC_BARBARIAN_CLAN_MELEE_FOREST_3",
        "TribeNameType": "BARBARIAN_CLAN_MELEE_FOREST_3",
        "TribeType": "TRIBE_CLAN_MELEE_FOREST",
        "TurnsToWarriorSpawn": null
    },
    {
        "NumMilitary": 5,
        "NumScouts": null,
        "PercentRangedUnits": null,
        "RaidingBehaviorTree": null,
        "RaidingBoldness": null,
        "ScoutingBehaviorTree": null,
        "TribeDisplayName": "LOC_BARBARIAN_CLAN_MELEE_FOREST_4",
        "TribeNameType": "BARBARIAN_CLAN_MELEE_FOREST_4",
        "TribeType": "TRIBE_CLAN_MELEE_FOREST",
        "TurnsToWarriorSpawn": null
    },
    {
        "NumMilitary": 5,
        "NumScouts": null,
        "PercentRangedUnits": null,
        "RaidingBehaviorTree": null,
        "RaidingBoldness": null,
        "ScoutingBehaviorTree": null,
        "TribeDisplayName": "LOC_BARBARIAN_CLAN_MELEE_FOREST_5",
        "TribeNameType": "BARBARIAN_CLAN_MELEE_FOREST_5",
        "TribeType": "TRIBE_CLAN_MELEE_FOREST",
        "TurnsToWarriorSpawn": null
    },
    {
        "NumMilitary": 5,
        "NumScouts": null,
        "PercentRangedUnits": null,
        "RaidingBehaviorTree": null,
        "RaidingBoldness": null,
        "ScoutingBehaviorTree": null,
        "TribeDisplayName": "LOC_BARBARIAN_CLAN_MELEE_FOREST_6",
        "TribeNameType": "BARBARIAN_CLAN_MELEE_FOREST_6",
        "TribeType": "TRIBE_CLAN_MELEE_FOREST",
        "TurnsToWarriorSpawn": null
    },
    {
        "NumMilitary": 5,
        "NumScouts": null,
        "PercentRangedUnits": null,
        "RaidingBehaviorTree": null,
        "RaidingBoldness": null,
        "ScoutingBehaviorTree": null,
        "TribeDisplayName": "LOC_BARBARIAN_CLAN_MELEE_HILLS_1",
        "TribeNameType": "BARBARIAN_CLAN_MELEE_HILLS_1",
        "TribeType": "TRIBE_CLAN_MELEE_HILLS",
        "TurnsToWarriorSpawn": null
    },
    {
        "NumMilitary": 5,
        "NumScouts": null,
        "PercentRangedUnits": null,
        "RaidingBehaviorTree": null,
        "RaidingBoldness": null,
        "ScoutingBehaviorTree": null,
        "TribeDisplayName": "LOC_BARBARIAN_CLAN_MELEE_HILLS_2",
        "TribeNameType": "BARBARIAN_CLAN_MELEE_HILLS_2",
        "TribeType": "TRIBE_CLAN_MELEE_HILLS",
        "TurnsToWarriorSpawn": null
    },
    {
        "NumMilitary": 5,
        "NumScouts": null,
        "PercentRangedUnits": null,
        "RaidingBehaviorTree": null,
        "RaidingBoldness": null,
        "ScoutingBehaviorTree": null,
        "TribeDisplayName": "LOC_BARBARIAN_CLAN_MELEE_HILLS_3",
        "TribeNameType": "BARBARIAN_CLAN_MELEE_HILLS_3",
        "TribeType": "TRIBE_CLAN_MELEE_HILLS",
        "TurnsToWarriorSpawn": null
    },
    {
        "NumMilitary": 5,
        "NumScouts": null,
        "PercentRangedUnits": null,
        "RaidingBehaviorTree": null,
        "RaidingBoldness": null,
        "ScoutingBehaviorTree": null,
        "TribeDisplayName": "LOC_BARBARIAN_CLAN_MELEE_HILLS_4",
        "TribeNameType": "BARBARIAN_CLAN_MELEE_HILLS_4",
        "TribeType": "TRIBE_CLAN_MELEE_HILLS",
        "TurnsToWarriorSpawn": null
    },
    {
        "NumMilitary": 5,
        "NumScouts": null,
        "PercentRangedUnits": null,
        "RaidingBehaviorTree": null,
        "RaidingBoldness": null,
        "ScoutingBehaviorTree": null,
        "TribeDisplayName": "LOC_BARBARIAN_CLAN_MELEE_HILLS_5",
        "TribeNameType": "BARBARIAN_CLAN_MELEE_HILLS_5",
        "TribeType": "TRIBE_CLAN_MELEE_HILLS",
        "TurnsToWarriorSpawn": null
    },
    {
        "NumMilitary": 5,
        "NumScouts": null,
        "PercentRangedUnits": null,
        "RaidingBehaviorTree": null,
        "RaidingBoldness": null,
        "ScoutingBehaviorTree": null,
        "TribeDisplayName": "LOC_BARBARIAN_CLAN_MELEE_HILLS_6",
        "TribeNameType": "BARBARIAN_CLAN_MELEE_HILLS_6",
        "TribeType": "TRIBE_CLAN_MELEE_HILLS",
        "TurnsToWarriorSpawn": null
    },
    {
        "NumMilitary": 5,
        "NumScouts": null,
        "PercentRangedUnits": null,
        "RaidingBehaviorTree": null,
        "RaidingBoldness": null,
        "ScoutingBehaviorTree": null,
        "TribeDisplayName": "LOC_BARBARIAN_CLAN_CAVALRY_OPEN_1",
        "TribeNameType": "BARBARIAN_CLAN_CAVALRY_OPEN_1",
        "TribeType": "TRIBE_CLAN_CAVALRY_OPEN",
        "TurnsToWarriorSpawn": null
    },
    {
        "NumMilitary": 5,
        "NumScouts": null,
        "PercentRangedUnits": null,
        "RaidingBehaviorTree": null,
        "RaidingBoldness": null,
        "ScoutingBehaviorTree": null,
        "TribeDisplayName": "LOC_BARBARIAN_CLAN_CAVALRY_OPEN_2",
        "TribeNameType": "BARBARIAN_CLAN_CAVALRY_OPEN_2",
        "TribeType": "TRIBE_CLAN_CAVALRY_OPEN",
        "TurnsToWarriorSpawn": null
    },
    {
        "NumMilitary": 5,
        "NumScouts": null,
        "PercentRangedUnits": null,
        "RaidingBehaviorTree": null,
        "RaidingBoldness": null,
        "ScoutingBehaviorTree": null,
        "TribeDisplayName": "LOC_BARBARIAN_CLAN_CAVALRY_OPEN_3",
        "TribeNameType": "BARBARIAN_CLAN_CAVALRY_OPEN_3",
        "TribeType": "TRIBE_CLAN_CAVALRY_OPEN",
        "TurnsToWarriorSpawn": null
    },
    {
        "NumMilitary": 5,
        "NumScouts": null,
        "PercentRangedUnits": null,
        "RaidingBehaviorTree": null,
        "RaidingBoldness": null,
        "ScoutingBehaviorTree": null,
        "TribeDisplayName": "LOC_BARBARIAN_CLAN_CAVALRY_OPEN_4",
        "TribeNameType": "BARBARIAN_CLAN_CAVALRY_OPEN_4",
        "TribeType": "TRIBE_CLAN_CAVALRY_OPEN",
        "TurnsToWarriorSpawn": null
    },
    {
        "NumMilitary": 5,
        "NumScouts": null,
        "PercentRangedUnits": null,
        "RaidingBehaviorTree": null,
        "RaidingBoldness": null,
        "ScoutingBehaviorTree": null,
        "TribeDisplayName": "LOC_BARBARIAN_CLAN_CAVALRY_OPEN_5",
        "TribeNameType": "BARBARIAN_CLAN_CAVALRY_OPEN_5",
        "TribeType": "TRIBE_CLAN_CAVALRY_OPEN",
        "TurnsToWarriorSpawn": null
    },
    {
        "NumMilitary": 5,
        "NumScouts": null,
        "PercentRangedUnits": null,
        "RaidingBehaviorTree": null,
        "RaidingBoldness": null,
        "ScoutingBehaviorTree": null,
        "TribeDisplayName": "LOC_BARBARIAN_CLAN_CAVALRY_OPEN_6",
        "TribeNameType": "BARBARIAN_CLAN_CAVALRY_OPEN_6",
        "TribeType": "TRIBE_CLAN_CAVALRY_OPEN",
        "TurnsToWarriorSpawn": null
    },
    {
        "NumMilitary": 5,
        "NumScouts": null,
        "PercentRangedUnits": null,
        "RaidingBehaviorTree": null,
        "RaidingBoldness": null,
        "ScoutingBehaviorTree": null,
        "TribeDisplayName": "LOC_BARBARIAN_CLAN_CAVALRY_JUNGLE_1",
        "TribeNameType": "BARBARIAN_CLAN_CAVALRY_JUNGLE_1",
        "TribeType": "TRIBE_CLAN_CAVALRY_JUNGLE",
        "TurnsToWarriorSpawn": null
    },
    {
        "NumMilitary": 5,
        "NumScouts": null,
        "PercentRangedUnits": null,
        "RaidingBehaviorTree": null,
        "RaidingBoldness": null,
        "ScoutingBehaviorTree": null,
        "TribeDisplayName": "LOC_BARBARIAN_CLAN_CAVALRY_JUNGLE_2",
        "TribeNameType": "BARBARIAN_CLAN_CAVALRY_JUNGLE_2",
        "TribeType": "TRIBE_CLAN_CAVALRY_JUNGLE",
        "TurnsToWarriorSpawn": null
    },
    {
        "NumMilitary": 5,
        "NumScouts": null,
        "PercentRangedUnits": null,
        "RaidingBehaviorTree": null,
        "RaidingBoldness": null,
        "ScoutingBehaviorTree": null,
        "TribeDisplayName": "LOC_BARBARIAN_CLAN_CAVALRY_JUNGLE_3",
        "TribeNameType": "BARBARIAN_CLAN_CAVALRY_JUNGLE_3",
        "TribeType": "TRIBE_CLAN_CAVALRY_JUNGLE",
        "TurnsToWarriorSpawn": null
    },
    {
        "NumMilitary": 5,
        "NumScouts": null,
        "PercentRangedUnits": null,
        "RaidingBehaviorTree": null,
        "RaidingBoldness": null,
        "ScoutingBehaviorTree": null,
        "TribeDisplayName": "LOC_BARBARIAN_CLAN_CAVALRY_JUNGLE_4",
        "TribeNameType": "BARBARIAN_CLAN_CAVALRY_JUNGLE_4",
        "TribeType": "TRIBE_CLAN_CAVALRY_JUNGLE",
        "TurnsToWarriorSpawn": null
    },
    {
        "NumMilitary": 5,
        "NumScouts": null,
        "PercentRangedUnits": null,
        "RaidingBehaviorTree": null,
        "RaidingBoldness": null,
        "ScoutingBehaviorTree": null,
        "TribeDisplayName": "LOC_BARBARIAN_CLAN_CAVALRY_JUNGLE_5",
        "TribeNameType": "BARBARIAN_CLAN_CAVALRY_JUNGLE_5",
        "TribeType": "TRIBE_CLAN_CAVALRY_JUNGLE",
        "TurnsToWarriorSpawn": null
    },
    {
        "NumMilitary": 5,
        "NumScouts": null,
        "PercentRangedUnits": null,
        "RaidingBehaviorTree": null,
        "RaidingBoldness": null,
        "ScoutingBehaviorTree": null,
        "TribeDisplayName": "LOC_BARBARIAN_CLAN_CAVALRY_JUNGLE_6",
        "TribeNameType": "BARBARIAN_CLAN_CAVALRY_JUNGLE_6",
        "TribeType": "TRIBE_CLAN_CAVALRY_JUNGLE",
        "TurnsToWarriorSpawn": null
    },
    {
        "NumMilitary": 5,
        "NumScouts": null,
        "PercentRangedUnits": null,
        "RaidingBehaviorTree": null,
        "RaidingBoldness": null,
        "ScoutingBehaviorTree": null,
        "TribeDisplayName": "LOC_BARBARIAN_CLAN_CAVALRY_CHARIOT_1",
        "TribeNameType": "BARBARIAN_CLAN_CAVALRY_CHARIOT_1",
        "TribeType": "TRIBE_CLAN_CAVALRY_CHARIOT",
        "TurnsToWarriorSpawn": null
    },
    {
        "NumMilitary": 5,
        "NumScouts": null,
        "PercentRangedUnits": null,
        "RaidingBehaviorTree": null,
        "RaidingBoldness": null,
        "ScoutingBehaviorTree": null,
        "TribeDisplayName": "LOC_BARBARIAN_CLAN_CAVALRY_CHARIOT_2",
        "TribeNameType": "BARBARIAN_CLAN_CAVALRY_CHARIOT_2",
        "TribeType": "TRIBE_CLAN_CAVALRY_CHARIOT",
        "TurnsToWarriorSpawn": null
    },
    {
        "NumMilitary": 5,
        "NumScouts": null,
        "PercentRangedUnits": null,
        "RaidingBehaviorTree": null,
        "RaidingBoldness": null,
        "ScoutingBehaviorTree": null,
        "TribeDisplayName": "LOC_BARBARIAN_CLAN_CAVALRY_CHARIOT_3",
        "TribeNameType": "BARBARIAN_CLAN_CAVALRY_CHARIOT_3",
        "TribeType": "TRIBE_CLAN_CAVALRY_CHARIOT",
        "TurnsToWarriorSpawn": null
    },
    {
        "NumMilitary": 5,
        "NumScouts": null,
        "PercentRangedUnits": null,
        "RaidingBehaviorTree": null,
        "RaidingBoldness": null,
        "ScoutingBehaviorTree": null,
        "TribeDisplayName": "LOC_BARBARIAN_CLAN_CAVALRY_CHARIOT_4",
        "TribeNameType": "BARBARIAN_CLAN_CAVALRY_CHARIOT_4",
        "TribeType": "TRIBE_CLAN_CAVALRY_CHARIOT",
        "TurnsToWarriorSpawn": null
    },
    {
        "NumMilitary": 5,
        "NumScouts": null,
        "PercentRangedUnits": null,
        "RaidingBehaviorTree": null,
        "RaidingBoldness": null,
        "ScoutingBehaviorTree": null,
        "TribeDisplayName": "LOC_BARBARIAN_CLAN_CAVALRY_CHARIOT_5",
        "TribeNameType": "BARBARIAN_CLAN_CAVALRY_CHARIOT_5",
        "TribeType": "TRIBE_CLAN_CAVALRY_CHARIOT",
        "TurnsToWarriorSpawn": null
    },
    {
        "NumMilitary": 5,
        "NumScouts": null,
        "PercentRangedUnits": null,
        "RaidingBehaviorTree": null,
        "RaidingBoldness": null,
        "ScoutingBehaviorTree": null,
        "TribeDisplayName": "LOC_BARBARIAN_CLAN_CAVALRY_CHARIOT_6",
        "TribeNameType": "BARBARIAN_CLAN_CAVALRY_CHARIOT_6",
        "TribeType": "TRIBE_CLAN_CAVALRY_CHARIOT",
        "TurnsToWarriorSpawn": null
    },
    {
        "NumMilitary": 5,
        "NumScouts": null,
        "PercentRangedUnits": null,
        "RaidingBehaviorTree": null,
        "RaidingBoldness": null,
        "ScoutingBehaviorTree": null,
        "TribeDisplayName": "LOC_BARBARIAN_CLAN_NAVAL_1",
        "TribeNameType": "BARBARIAN_CLAN_NAVAL_1",
        "TribeType": "TRIBE_CLAN_NAVAL",
        "TurnsToWarriorSpawn": null
    },
    {
        "NumMilitary": 5,
        "NumScouts": null,
        "PercentRangedUnits": null,
        "RaidingBehaviorTree": null,
        "RaidingBoldness": null,
        "ScoutingBehaviorTree": null,
        "TribeDisplayName": "LOC_BARBARIAN_CLAN_NAVAL_2",
        "TribeNameType": "BARBARIAN_CLAN_NAVAL_2",
        "TribeType": "TRIBE_CLAN_NAVAL",
        "TurnsToWarriorSpawn": null
    },
    {
        "NumMilitary": 5,
        "NumScouts": null,
        "PercentRangedUnits": null,
        "RaidingBehaviorTree": null,
        "RaidingBoldness": null,
        "ScoutingBehaviorTree": null,
        "TribeDisplayName": "LOC_BARBARIAN_CLAN_NAVAL_3",
        "TribeNameType": "BARBARIAN_CLAN_NAVAL_3",
        "TribeType": "TRIBE_CLAN_NAVAL",
        "TurnsToWarriorSpawn": null
    },
    {
        "NumMilitary": 5,
        "NumScouts": null,
        "PercentRangedUnits": null,
        "RaidingBehaviorTree": null,
        "RaidingBoldness": null,
        "ScoutingBehaviorTree": null,
        "TribeDisplayName": "LOC_BARBARIAN_CLAN_NAVAL_4",
        "TribeNameType": "BARBARIAN_CLAN_NAVAL_4",
        "TribeType": "TRIBE_CLAN_NAVAL",
        "TurnsToWarriorSpawn": null
    },
    {
        "NumMilitary": 5,
        "NumScouts": null,
        "PercentRangedUnits": null,
        "RaidingBehaviorTree": null,
        "RaidingBoldness": null,
        "ScoutingBehaviorTree": null,
        "TribeDisplayName": "LOC_BARBARIAN_CLAN_NAVAL_5",
        "TribeNameType": "BARBARIAN_CLAN_NAVAL_5",
        "TribeType": "TRIBE_CLAN_NAVAL",
        "TurnsToWarriorSpawn": null
    },
    {
        "NumMilitary": 5,
        "NumScouts": null,
        "PercentRangedUnits": null,
        "RaidingBehaviorTree": null,
        "RaidingBoldness": null,
        "ScoutingBehaviorTree": null,
        "TribeDisplayName": "LOC_BARBARIAN_CLAN_NAVAL_6",
        "TribeNameType": "BARBARIAN_CLAN_NAVAL_6",
        "TribeType": "TRIBE_CLAN_NAVAL",
        "TurnsToWarriorSpawn": null
    }
]