[
    {
        "MapConditionSetType": "TRIBE_CONDITION_SET_CAVALRY_OPEN",
        "Priority": 5,
        "Test": "ALL",
        "TribeType": "TRIBE_CLAN_CAVALRY_OPEN"
    },
    {
        "MapConditionSetType": "TRIBE_CONDITION_SET_CAVALRY_JUNGLE",
        "Priority": 5,
        "Test": "ALL",
        "TribeType": "TRIBE_CLAN_CAVALRY_JUNGLE"
    },
    {
        "MapConditionSetType": "TRIBE_CONDITION_SET_CAVALRY_CHARIOT",
        "Priority": 5,
        "Test": "ALL",
        "TribeType": "TRIBE_CLAN_CAVALRY_CHARIOT"
    },
    {
        "MapConditionSetType": "TRIBE_CONDITION_SET_MELEE_FOREST",
        "Priority": 1,
        "Test": "ALL",
        "TribeType": "TRIBE_CLAN_MELEE_FOREST"
    },
    {
        "MapConditionSetType": "TRIBE_CONDITION_SET_MELEE_GRASS_HILLS",
        "Priority": 1,
        "Test": "ANY",
        "TribeType": "TRIBE_CLAN_MELEE_HILLS"
    },
    {
        "MapConditionSetType": "TRIBE_CONDITION_SET_MELEE_PLAINS_HILLS",
        "Priority": 1,
        "Test": "ANY",
        "TribeType": "TRIBE_CLAN_MELEE_HILLS"
    },
    {
        "MapConditionSetType": "TRIBE_CONDITION_SET_MELEE_DESERT_HILLS",
        "Priority": 1,
        "Test": "ANY",
        "TribeType": "TRIBE_CLAN_MELEE_HILLS"
    },
    {
        "MapConditionSetType": "TRIBE_CONDITION_SET_MELEE_TUNDRA_HILLS",
        "Priority": 1,
        "Test": "ANY",
        "TribeType": "TRIBE_CLAN_MELEE_HILLS"
    },
    {
        "MapConditionSetType": "TRIBE_CONDITION_SET_MELEE_SNOW_HILLS",
        "Priority": 1,
        "Test": "ANY",
        "TribeType": "TRIBE_CLAN_MELEE_HILLS"
    },
    {
        "MapConditionSetType": "TRIBE_CONDITION_SET_MELEE_OPEN_GRASS",
        "Priority": 1,
        "Test": "ALL",
        "TribeType": "TRIBE_CLAN_MELEE_OPEN"
    },
    {
        "MapConditionSetType": "TRIBE_CONDITION_SET_MELEE_OPEN_PLAINS",
        "Priority": 1,
        "Test": "ALL",
        "TribeType": "TRIBE_CLAN_MELEE_OPEN"
    },
    {
        "MapConditionSetType": "TRIBE_CONDITION_SET_MELEE_OPEN_DESERT",
        "Priority": 1,
        "Test": "ALL",
        "TribeType": "TRIBE_CLAN_MELEE_OPEN"
    },
    {
        "MapConditionSetType": "TRIBE_CONDITION_SET_MELEE_OPEN_TUNDRA",
        "Priority": 1,
        "Test": "ALL",
        "TribeType": "TRIBE_CLAN_MELEE_OPEN"
    },
    {
        "MapConditionSetType": "TRIBE_CONDITION_SET_MELEE_OPEN_SNOW",
        "Priority": 1,
        "Test": "ALL",
        "TribeType": "TRIBE_CLAN_MELEE_OPEN"
    }
]