[
    {
        "TreeName": "Simple City Tree"
    },
    {
        "TreeName": "Build Trigger Unit"
    },
    {
        "TreeName": "Build Trigger Building"
    },
    {
        "TreeName": "Build Trigger Improvement"
    },
    {
        "TreeName": "Seek Target Wonder"
    },
    {
        "TreeName": "Simple Operation Attack"
    },
    {
        "TreeName": "Early City Assault"
    },
    {
        "TreeName": "Escort Worker To Camp"
    },
    {
        "TreeName": "Settle City Op"
    },
    {
        "TreeName": "Siege City Assault"
    },
    {
        "TreeName": "Simple City Defense"
    },
    {
        "TreeName": "Upgrade Units"
    },
    {
        "TreeName": "Manage Great Person"
    },
    {
        "TreeName": "Build City Building"
    },
    {
        "TreeName": "Build City District"
    },
    {
        "TreeName": "Build City Improvement"
    },
    {
        "TreeName": "Barbarian Found City"
    },
    {
        "TreeName": "Raid City"
    },
    {
        "TreeName": "Barbarian City Attack"
    },
    {
        "TreeName": "Manage Spy"
    },
    {
        "TreeName": "Manage Archaeologist"
    },
    {
        "TreeName": "Research Trigger Tech"
    },
    {
        "TreeName": "Launch Inquisition"
    },
    {
        "TreeName": "Nuclear Assault"
    },
    {
        "TreeName": "Reinforce Ally"
    },
    {
        "TreeName": "Naval Superiority Tree"
    },
    {
        "TreeName": "Free Cities Assault"
    },
    {
        "TreeName": "Civ Royale Behavior"
    },
    {
        "TreeName": "Use Soothsayer"
    },
    {
        "TreeName": "Build Railroad"
    }
]