[
    {
        "BeliefType": "BELIEF_DANCE_OF_THE_AURORA",
        "ModifierID": "DANCE_OF_THE_AURORA_FAITHTUNDRAADJACENCY"
    },
    {
        "BeliefType": "BELIEF_DANCE_OF_THE_AURORA",
        "ModifierID": "DANCE_OF_THE_AURORA_FAITHTUNDRAHILLSADJACENCY"
    },
    {
        "BeliefType": "BELIEF_DESERT_FOLKLORE",
        "ModifierID": "DESERT_FOLKLORE_FAITHDESERTADJACENCY"
    },
    {
        "BeliefType": "BELIEF_DESERT_FOLKLORE",
        "ModifierID": "DESERT_FOLKLORE_FAITHDESERTHILLSADJACENCY"
    },
    {
        "BeliefType": "BELIEF_SACRED_PATH",
        "ModifierID": "SACRED_PATH_FAITHFEATUREADJACENCY"
    },
    {
        "BeliefType": "BELIEF_MONUMENT_TO_THE_GODS",
        "ModifierID": "MONUMENT_TO_THE_GODS_ANCIENTCLASSICALWONDER"
    },
    {
        "BeliefType": "BELIEF_DIVINE_SPARK",
        "ModifierID": "DIVINE_SPARK_HOLY_SITE"
    },
    {
        "BeliefType": "BELIEF_GOD_OF_THE_SEA",
        "ModifierID": "GOD_OF_THE_SEA_FISHINGBOATS_PRODUCTION"
    },
    {
        "BeliefType": "BELIEF_GOD_OF_THE_OPEN_SKY",
        "ModifierID": "GOD_OF_THE_OPEN_SKY_PASTURE_CULTURE"
    },
    {
        "BeliefType": "BELIEF_GODDESS_OF_THE_HUNT",
        "ModifierID": "GODDESS_OF_THE_HUNT_CAMP_FOOD"
    },
    {
        "BeliefType": "BELIEF_STONE_CIRCLES",
        "ModifierID": "STONE_CIRCLES_QUARRY_FAITH"
    },
    {
        "BeliefType": "BELIEF_RELIGIOUS_IDOLS",
        "ModifierID": "RELIGIOUS_IDOLS_BONUS_MINE_FAITH"
    },
    {
        "BeliefType": "BELIEF_RELIGIOUS_IDOLS",
        "ModifierID": "RELIGIOUS_IDOLS_LUXURY_MINE_FAITH"
    },
    {
        "BeliefType": "BELIEF_GOD_OF_THE_FORGE",
        "ModifierID": "GOD_OF_THE_FORGE_UNIT_ANCIENT_CLASSICAL_PRODUCTION"
    },
    {
        "BeliefType": "BELIEF_GOD_OF_WAR",
        "ModifierID": "GOD_OF_WAR_FAITH_KILLS"
    },
    {
        "BeliefType": "BELIEF_GOD_OF_HEALING",
        "ModifierID": "GOD_OF_HEALING_UNIT_HEALING"
    },
    {
        "BeliefType": "BELIEF_INITIATION_RITES",
        "ModifierID": "INITIATION_RITES_FAITH_DISPERSAL"
    },
    {
        "BeliefType": "BELIEF_FERTILITY_RITES",
        "ModifierID": "FERTILITY_RITES_GROWTH"
    },
    {
        "BeliefType": "BELIEF_RELIGIOUS_SETTLEMENTS",
        "ModifierID": "RELIGIOUS_SETTLEMENTS_CULTUREBORDER"
    },
    {
        "BeliefType": "BELIEF_DIVINE_INSPIRATION",
        "ModifierID": "DIVINE_INSPIRATION_WONDER_FAITH"
    },
    {
        "BeliefType": "BELIEF_JESUIT_EDUCATION",
        "ModifierID": "JESUIT_EDUCATION_SCIENCE_BUILDINGS"
    },
    {
        "BeliefType": "BELIEF_JESUIT_EDUCATION",
        "ModifierID": "JESUIT_EDUCATION_CULTURE_BUILDINGS"
    },
    {
        "BeliefType": "BELIEF_RELIQUARIES",
        "ModifierID": "RELIQUARIES_RELIC_FAITH"
    },
    {
        "BeliefType": "BELIEF_RELIQUARIES",
        "ModifierID": "RELIQUARIES_RELIC_TOURISM"
    },
    {
        "BeliefType": "BELIEF_ZEN_MEDITATION",
        "ModifierID": "ZEN_MEDITATION_AMENITY"
    },
    {
        "BeliefType": "BELIEF_LAY_MINISTRY",
        "ModifierID": "LAY_MINISTRY_CULTURE_DISTRICTS"
    },
    {
        "BeliefType": "BELIEF_LAY_MINISTRY",
        "ModifierID": "LAY_MINISTRY_FAITH_DISTRICTS"
    },
    {
        "BeliefType": "BELIEF_STEWARDSHIP",
        "ModifierID": "STEWARDSHIP_SCIENCE_DISTRICTS"
    },
    {
        "BeliefType": "BELIEF_STEWARDSHIP",
        "ModifierID": "STEWARDSHIP_GOLD_DISTRICTS"
    },
    {
        "BeliefType": "BELIEF_CATHEDRAL",
        "ModifierID": "ALLOW_CATHEDRAL"
    },
    {
        "BeliefType": "BELIEF_GURDWARA",
        "ModifierID": "ALLOW_GURDWARA"
    },
    {
        "BeliefType": "BELIEF_MEETING_HOUSE",
        "ModifierID": "ALLOW_MEETING_HOUSE"
    },
    {
        "BeliefType": "BELIEF_MOSQUE",
        "ModifierID": "ALLOW_MOSQUE"
    },
    {
        "BeliefType": "BELIEF_PAGODA",
        "ModifierID": "ALLOW_PAGODA"
    },
    {
        "BeliefType": "BELIEF_SYNAGOGUE",
        "ModifierID": "ALLOW_SYNAGOGUE"
    },
    {
        "BeliefType": "BELIEF_WAT",
        "ModifierID": "ALLOW_WAT"
    },
    {
        "BeliefType": "BELIEF_HOLY_ORDER",
        "ModifierID": "HOLY_ORDER_MISSIONARY_DISCOUNT"
    },
    {
        "BeliefType": "BELIEF_HOLY_ORDER",
        "ModifierID": "HOLY_ORDER_APOSTLE_DISCOUNT"
    },
    {
        "BeliefType": "BELIEF_DEFENDER_OF_FAITH",
        "ModifierID": "DEFENDER_OF_FAITH_COMBAT_BONUS"
    },
    {
        "BeliefType": "BELIEF_ITINERANT_PREACHERS",
        "ModifierID": "ITINERANT_PREACHERS_SPREAD_DISTANCE"
    },
    {
        "BeliefType": "BELIEF_JUST_WAR",
        "ModifierID": "JUST_WAR_COMBAT_BONUS"
    },
    {
        "BeliefType": "BELIEF_MISSIONARY_ZEAL",
        "ModifierID": "MISSIONARY_ZEAL_IGNORE_TERRAIN"
    },
    {
        "BeliefType": "BELIEF_MONASTIC_ISOLATION",
        "ModifierID": "MONASTIC_ISOLATION_REDUCE_COMBAT_LOSS"
    },
    {
        "BeliefType": "BELIEF_SCRIPTURE",
        "ModifierID": "SCRIPTURE_SPEAD_STRENGTH"
    },
    {
        "BeliefType": "BELIEF_CITY_PATRON_GODDESS",
        "ModifierID": "CITY_PATRON_GODDESS_DISTRICT_PRODUCTION"
    },
    {
        "BeliefType": "BELIEF_RELIGIOUS_UNITY",
        "ModifierID": "RELIGIOUS_UNITY_ENVOY_ON_ADOPTION"
    },
    {
        "BeliefType": "BELIEF_CHORAL_MUSIC",
        "ModifierID": "CHORAL_MUSIC_SHRINE_CULTURE"
    },
    {
        "BeliefType": "BELIEF_CHORAL_MUSIC",
        "ModifierID": "CHORAL_MUSIC_TEMPLE_CULTURE"
    },
    {
        "BeliefType": "BELIEF_WARRIOR_MONKS",
        "ModifierID": "ALLOW_WARRIOR_MONKS"
    },
    {
        "BeliefType": "BELIEF_RELIGIOUS_COLONIZATION",
        "ModifierID": "RELIGIOUS_COLONIZATION_AUTO_SPREAD"
    },
    {
        "BeliefType": "BELIEF_STUPA",
        "ModifierID": "ALLOW_STUPA"
    },
    {
        "BeliefType": "BELIEF_DAR_E_MEHR",
        "ModifierID": "ALLOW_DAR_E_MEHR"
    },
    {
        "BeliefType": "BELIEF_PAPAL_PRIMACY",
        "ModifierID": "PAPAL_PRIMACY_PRESSURE_ON_ADOPTION"
    },
    {
        "BeliefType": "BELIEF_LADY_OF_THE_REEDS_AND_MARSHES",
        "ModifierID": "LADY_OF_THE_REEDS_PRODUCTION2"
    },
    {
        "BeliefType": "BELIEF_RIVER_GODDESS",
        "ModifierID": "RIVER_GODDESS_HOLY_SITE_AMENITIES"
    },
    {
        "BeliefType": "BELIEF_RIVER_GODDESS",
        "ModifierID": "RIVER_GODDESS_HOLY_SITE_HOUSING"
    },
    {
        "BeliefType": "BELIEF_GODDESS_OF_FIRE",
        "ModifierID": "GODDESS_OF_FIRE_FEATURES_FAITH"
    },
    {
        "BeliefType": "BELIEF_DIVINE_SPARK",
        "ModifierID": "DIVINE_SPARK_SCIENTIST"
    },
    {
        "BeliefType": "BELIEF_DIVINE_SPARK",
        "ModifierID": "DIVINE_SPARK_WRITER"
    },
    {
        "BeliefType": "BELIEF_GODDESS_OF_FESTIVALS",
        "ModifierID": "GODDESS_OF_FESTIVALS_PLANTATION_CULTURE"
    },
    {
        "BeliefType": "BELIEF_FERTILITY_RITES",
        "ModifierID": "FERTILITY_RITES_BUILDER"
    },
    {
        "BeliefType": "BELIEF_RELIGIOUS_SETTLEMENTS",
        "ModifierID": "RELIGIOUS_SETTLEMENTS_SETTLER"
    },
    {
        "BeliefType": "BELIEF_EARTH_GODDESS",
        "ModifierID": "EARTH_GODDESS_APPEAL_FAITH"
    },
    {
        "BeliefType": "BELIEF_INITIATION_RITES",
        "ModifierID": "INITIATION_RITES_HEALING_DISPERSAL"
    },
    {
        "BeliefType": "BELIEF_GODDESS_OF_THE_HUNT",
        "ModifierID": "GODDESS_OF_THE_HUNT_CAMP_PRODUCTION"
    },
    {
        "BeliefType": "BELIEF_GOD_OF_CRAFTSMEN",
        "ModifierID": "GOD_OF_CRAFTSMEN_STRATEGIC_IMPROVED_PRODUCTION"
    },
    {
        "BeliefType": "BELIEF_GOD_OF_CRAFTSMEN",
        "ModifierID": "GOD_OF_CRAFTSMEN_STRATEGIC_IMPROVED_FAITH"
    },
    {
        "BeliefType": "BELIEF_HOLY_WATERS",
        "ModifierID": "HOLY_WATERS_HEALING"
    },
    {
        "BeliefType": "BELIEF_FEED_THE_WORLD",
        "ModifierID": "FEED_THE_WORLD_SHRINE_FOOD3"
    },
    {
        "BeliefType": "BELIEF_FEED_THE_WORLD",
        "ModifierID": "FEED_THE_WORLD_TEMPLE_FOOD3"
    },
    {
        "BeliefType": "BELIEF_FEED_THE_WORLD",
        "ModifierID": "FEED_THE_WORLD_SHRINE_HOUSING"
    },
    {
        "BeliefType": "BELIEF_FEED_THE_WORLD",
        "ModifierID": "FEED_THE_WORLD_TEMPLE_HOUSING"
    },
    {
        "BeliefType": "BELIEF_RELIGIOUS_COMMUNITY",
        "ModifierID": "RELIGIOUS_COMMUNITY_HOLY_SITE_TRADING"
    },
    {
        "BeliefType": "BELIEF_RELIGIOUS_COMMUNITY",
        "ModifierID": "RELIGIOUS_COMMUNITY_SHRINE_TRADING"
    },
    {
        "BeliefType": "BELIEF_RELIGIOUS_COMMUNITY",
        "ModifierID": "RELIGIOUS_COMMUNITY_TEMPLE_TRADING"
    },
    {
        "BeliefType": "BELIEF_RELIGIOUS_COMMUNITY",
        "ModifierID": "RELIGIOUS_COMMUNITY_TIER3_TRADING"
    },
    {
        "BeliefType": "BELIEF_WARRIOR_MONKS",
        "ModifierID": "WARRIOR_MONKS_CULTURE_BOMB_TRIGGER_HOLY_SITE"
    },
    {
        "BeliefType": "BELIEF_WORK_ETHIC",
        "ModifierID": "WORK_ETHIC_ADJACENCY_PRODUCTION_2"
    },
    {
        "BeliefType": "BELIEF_CROSS_CULTURAL_DIALOGUE",
        "ModifierID": "CROSS_CULTURAL_DIALOGUE_SCIENCE_FOLLOWER"
    },
    {
        "BeliefType": "BELIEF_PILGRIMAGE",
        "ModifierID": "PILGRIMAGE_FAITH_CITY"
    },
    {
        "BeliefType": "BELIEF_SACRED_PLACES",
        "ModifierID": "SACRED_PLACES_FAITH_WONDER_CITY"
    },
    {
        "BeliefType": "BELIEF_SACRED_PLACES",
        "ModifierID": "SACRED_PLACES_CULTURE_WONDER_CITY"
    },
    {
        "BeliefType": "BELIEF_SACRED_PLACES",
        "ModifierID": "SACRED_PLACES_SCIENCE_WONDER_CITY"
    },
    {
        "BeliefType": "BELIEF_SACRED_PLACES",
        "ModifierID": "SACRED_PLACES_GOLD_WONDER_CITY"
    },
    {
        "BeliefType": "BELIEF_WORLD_CHURCH",
        "ModifierID": "WORLD_CHURCH_CULTURE_FOLLOWER"
    },
    {
        "BeliefType": "BELIEF_TITHE",
        "ModifierID": "TITHE_GOLD_CITY"
    },
    {
        "BeliefType": "BELIEF_RELIQUARIES",
        "ModifierID": "MODIFIER_BELIEF_RELIQUARIES_ATTACH_HEROIC_RELIC_FAITH"
    },
    {
        "BeliefType": "BELIEF_RELIQUARIES",
        "ModifierID": "MODIFIER_BELIEF_RELIQUARIES_ATTACH_HEROIC_RELIC_TOURISM"
    }
]