[
    {
        "AdoptionOrder": 1,
        "BeliefClassType": "BELIEF_CLASS_PANTHEON",
        "MaxInReligion": 1,
        "Name": "LOC_BELIEF_CLASS_PANTHEON_NAME"
    },
    {
        "AdoptionOrder": 2,
        "BeliefClassType": "BELIEF_CLASS_FOLLOWER",
        "MaxInReligion": 1,
        "Name": "LOC_BELIEF_CLASS_FOLLOWER_NAME"
    },
    {
        "AdoptionOrder": 3,
        "BeliefClassType": "BELIEF_CLASS_WORSHIP",
        "MaxInReligion": 1,
        "Name": "LOC_BELIEF_CLASS_WORSHIP_NAME"
    },
    {
        "AdoptionOrder": 3,
        "BeliefClassType": "BELIEF_CLASS_FOUNDER",
        "MaxInReligion": 1,
        "Name": "LOC_BELIEF_CLASS_FOUNDER_NAME"
    },
    {
        "AdoptionOrder": 3,
        "BeliefClassType": "BELIEF_CLASS_ENHANCER",
        "MaxInReligion": 1,
        "Name": "LOC_BELIEF_CLASS_ENHANCER_NAME"
    }
]