[
    {
        "BeliefClassType": "BELIEF_CLASS_PANTHEON",
        "BeliefType": "BELIEF_DANCE_OF_THE_AURORA",
        "Description": "LOC_BELIEF_DANCE_OF_THE_AURORA_DESCRIPTION",
        "Name": "LOC_BELIEF_DANCE_OF_THE_AURORA_NAME"
    },
    {
        "BeliefClassType": "BELIEF_CLASS_PANTHEON",
        "BeliefType": "BELIEF_DESERT_FOLKLORE",
        "Description": "LOC_BELIEF_DESERT_FOLKLORE_DESCRIPTION",
        "Name": "LOC_BELIEF_DESERT_FOLKLORE_NAME"
    },
    {
        "BeliefClassType": "BELIEF_CLASS_PANTHEON",
        "BeliefType": "BELIEF_SACRED_PATH",
        "Description": "LOC_BELIEF_SACRED_PATH_DESCRIPTION",
        "Name": "LOC_BELIEF_SACRED_PATH_NAME"
    },
    {
        "BeliefClassType": "BELIEF_CLASS_PANTHEON",
        "BeliefType": "BELIEF_RIVER_GODDESS",
        "Description": "LOC_BELIEF_RIVER_GODDESS_EXPANSION2_DESCRIPTION",
        "Name": "LOC_BELIEF_RIVER_GODDESS_NAME"
    },
    {
        "BeliefClassType": "BELIEF_CLASS_PANTHEON",
        "BeliefType": "BELIEF_MONUMENT_TO_THE_GODS",
        "Description": "LOC_BELIEF_MONUMENT_TO_THE_GODS_DESCRIPTION",
        "Name": "LOC_BELIEF_MONUMENT_TO_THE_GODS_NAME"
    },
    {
        "BeliefClassType": "BELIEF_CLASS_PANTHEON",
        "BeliefType": "BELIEF_DIVINE_SPARK",
        "Description": "LOC_BELIEF_DIVINE_SPARK_EXPANSION2_DESCRIPTION",
        "Name": "LOC_BELIEF_DIVINE_SPARK_NAME"
    },
    {
        "BeliefClassType": "BELIEF_CLASS_PANTHEON",
        "BeliefType": "BELIEF_LADY_OF_THE_REEDS_AND_MARSHES",
        "Description": "LOC_BELIEF_LADY_OF_THE_REEDS_AND_MARSHES_EXPANSION2_DESCRIPTION",
        "Name": "LOC_BELIEF_LADY_OF_THE_REEDS_AND_MARSHES_NAME"
    },
    {
        "BeliefClassType": "BELIEF_CLASS_PANTHEON",
        "BeliefType": "BELIEF_GOD_OF_THE_SEA",
        "Description": "LOC_BELIEF_GOD_OF_THE_SEA_DESCRIPTION",
        "Name": "LOC_BELIEF_GOD_OF_THE_SEA_NAME"
    },
    {
        "BeliefClassType": "BELIEF_CLASS_PANTHEON",
        "BeliefType": "BELIEF_GOD_OF_THE_OPEN_SKY",
        "Description": "LOC_BELIEF_GOD_OF_THE_OPEN_SKY_DESCRIPTION",
        "Name": "LOC_BELIEF_GOD_OF_THE_OPEN_SKY_NAME"
    },
    {
        "BeliefClassType": "BELIEF_CLASS_PANTHEON",
        "BeliefType": "BELIEF_GODDESS_OF_THE_HUNT",
        "Description": "LOC_BELIEF_GODDESS_OF_THE_HUNT_EXPANSION2_DESCRIPTION",
        "Name": "LOC_BELIEF_GODDESS_OF_THE_HUNT_NAME"
    },
    {
        "BeliefClassType": "BELIEF_CLASS_PANTHEON",
        "BeliefType": "BELIEF_STONE_CIRCLES",
        "Description": "LOC_BELIEF_STONE_CIRCLES_DESCRIPTION",
        "Name": "LOC_BELIEF_STONE_CIRCLES_NAME"
    },
    {
        "BeliefClassType": "BELIEF_CLASS_PANTHEON",
        "BeliefType": "BELIEF_RELIGIOUS_IDOLS",
        "Description": "LOC_BELIEF_RELIGIOUS_IDOLS_DESCRIPTION",
        "Name": "LOC_BELIEF_RELIGIOUS_IDOLS_NAME"
    },
    {
        "BeliefClassType": "BELIEF_CLASS_PANTHEON",
        "BeliefType": "BELIEF_GOD_OF_CRAFTSMEN",
        "Description": "LOC_BELIEF_GOD_OF_CRAFTSMEN_EXPANSION2_DESCRIPTION",
        "Name": "LOC_BELIEF_GOD_OF_CRAFTSMEN_NAME"
    },
    {
        "BeliefClassType": "BELIEF_CLASS_PANTHEON",
        "BeliefType": "BELIEF_GODDESS_OF_FESTIVALS",
        "Description": "LOC_BELIEF_GODDESS_OF_FESTIVALS_EXPANSION2_DESCRIPTION",
        "Name": "LOC_BELIEF_GODDESS_OF_FESTIVALS_NAME"
    },
    {
        "BeliefClassType": "BELIEF_CLASS_PANTHEON",
        "BeliefType": "BELIEF_GOD_OF_THE_FORGE",
        "Description": "LOC_BELIEF_GOD_OF_THE_FORGE_DESCRIPTION",
        "Name": "LOC_BELIEF_GOD_OF_THE_FORGE_NAME"
    },
    {
        "BeliefClassType": "BELIEF_CLASS_PANTHEON",
        "BeliefType": "BELIEF_INITIATION_RITES",
        "Description": "LOC_BELIEF_INITIATION_RITES_EXPANSION2_DESCRIPTION",
        "Name": "LOC_BELIEF_INITIATION_RITES_NAME"
    },
    {
        "BeliefClassType": "BELIEF_CLASS_PANTHEON",
        "BeliefType": "BELIEF_GOD_OF_HEALING",
        "Description": "LOC_BELIEF_GOD_OF_HEALING_DESCRIPTION",
        "Name": "LOC_BELIEF_GOD_OF_HEALING_NAME"
    },
    {
        "BeliefClassType": "BELIEF_CLASS_PANTHEON",
        "BeliefType": "BELIEF_GOD_OF_WAR",
        "Description": "LOC_BELIEF_GOD_OF_WAR_DESCRIPTION",
        "Name": "LOC_BELIEF_GOD_OF_WAR_NAME"
    },
    {
        "BeliefClassType": "BELIEF_CLASS_PANTHEON",
        "BeliefType": "BELIEF_FERTILITY_RITES",
        "Description": "LOC_BELIEF_FERTILITY_RITES_EXPANSION2_DESCRIPTION",
        "Name": "LOC_BELIEF_FERTILITY_RITES_NAME"
    },
    {
        "BeliefClassType": "BELIEF_CLASS_PANTHEON",
        "BeliefType": "BELIEF_RELIGIOUS_SETTLEMENTS",
        "Description": "LOC_BELIEF_RELIGIOUS_SETTLEMENTS_EXPANSION2_DESCRIPTION",
        "Name": "LOC_BELIEF_RELIGIOUS_SETTLEMENTS_NAME"
    },
    {
        "BeliefClassType": "BELIEF_CLASS_PANTHEON",
        "BeliefType": "BELIEF_CITY_PATRON_GODDESS",
        "Description": "LOC_BELIEF_CITY_PATRON_GODDESS_DESCRIPTION",
        "Name": "LOC_BELIEF_CITY_PATRON_GODDESS_NAME"
    },
    {
        "BeliefClassType": "BELIEF_CLASS_PANTHEON",
        "BeliefType": "BELIEF_EARTH_GODDESS",
        "Description": "LOC_BELIEF_EARTH_GODDESS_EXPANSION2_DESCRIPTION",
        "Name": "LOC_BELIEF_EARTH_GODDESS_NAME"
    },
    {
        "BeliefClassType": "BELIEF_CLASS_FOLLOWER",
        "BeliefType": "BELIEF_DIVINE_INSPIRATION",
        "Description": "LOC_BELIEF_DIVINE_INSPIRATION_DESCRIPTION",
        "Name": "LOC_BELIEF_DIVINE_INSPIRATION_NAME"
    },
    {
        "BeliefClassType": "BELIEF_CLASS_FOLLOWER",
        "BeliefType": "BELIEF_FEED_THE_WORLD",
        "Description": "LOC_BELIEF_FEED_THE_WORLD_EXPANSION2_DESCRIPTION",
        "Name": "LOC_BELIEF_FEED_THE_WORLD_NAME"
    },
    {
        "BeliefClassType": "BELIEF_CLASS_FOLLOWER",
        "BeliefType": "BELIEF_JESUIT_EDUCATION",
        "Description": "LOC_BELIEF_JESUIT_EDUCATION_DESCRIPTION",
        "Name": "LOC_BELIEF_JESUIT_EDUCATION_NAME"
    },
    {
        "BeliefClassType": "BELIEF_CLASS_FOLLOWER",
        "BeliefType": "BELIEF_RELIQUARIES",
        "Description": "LOC_BELIEF_RELIQUARIES_HEROES_DESCRIPTION",
        "Name": "LOC_BELIEF_RELIQUARIES_NAME"
    },
    {
        "BeliefClassType": "BELIEF_CLASS_FOLLOWER",
        "BeliefType": "BELIEF_RELIGIOUS_COMMUNITY",
        "Description": "LOC_BELIEF_RELIGIOUS_COMMUNITY_EXPANSION2_DESCRIPTION",
        "Name": "LOC_BELIEF_RELIGIOUS_COMMUNITY_NAME"
    },
    {
        "BeliefClassType": "BELIEF_CLASS_FOLLOWER",
        "BeliefType": "BELIEF_WORK_ETHIC",
        "Description": "LOC_BELIEF_WORK_ETHIC_EXPANSION2_DESCRIPTION",
        "Name": "LOC_BELIEF_WORK_ETHIC_NAME"
    },
    {
        "BeliefClassType": "BELIEF_CLASS_FOLLOWER",
        "BeliefType": "BELIEF_ZEN_MEDITATION",
        "Description": "LOC_BELIEF_ZEN_MEDITATION_DESCRIPTION",
        "Name": "LOC_BELIEF_ZEN_MEDITATION_NAME"
    },
    {
        "BeliefClassType": "BELIEF_CLASS_FOLLOWER",
        "BeliefType": "BELIEF_CHORAL_MUSIC",
        "Description": "LOC_BELIEF_CHORAL_MUSIC_DESCRIPTION",
        "Name": "LOC_BELIEF_CHORAL_MUSIC_NAME"
    },
    {
        "BeliefClassType": "BELIEF_CLASS_FOLLOWER",
        "BeliefType": "BELIEF_WARRIOR_MONKS",
        "Description": "LOC_BELIEF_WARRIOR_MONKS_EXPANSION2_DESCRIPTION",
        "Name": "LOC_BELIEF_WARRIOR_MONKS_NAME"
    },
    {
        "BeliefClassType": "BELIEF_CLASS_WORSHIP",
        "BeliefType": "BELIEF_CATHEDRAL",
        "Description": "LOC_BELIEF_CATHEDRAL_DESCRIPTION",
        "Name": "LOC_BELIEF_CATHEDRAL_NAME"
    },
    {
        "BeliefClassType": "BELIEF_CLASS_WORSHIP",
        "BeliefType": "BELIEF_GURDWARA",
        "Description": "LOC_BELIEF_GURDWARA_EXPANSION2_DESCRIPTION",
        "Name": "LOC_BELIEF_GURDWARA_NAME"
    },
    {
        "BeliefClassType": "BELIEF_CLASS_WORSHIP",
        "BeliefType": "BELIEF_MEETING_HOUSE",
        "Description": "LOC_BELIEF_MEETING_HOUSE_DESCRIPTION",
        "Name": "LOC_BELIEF_MEETING_HOUSE_NAME"
    },
    {
        "BeliefClassType": "BELIEF_CLASS_WORSHIP",
        "BeliefType": "BELIEF_MOSQUE",
        "Description": "LOC_BELIEF_MOSQUE_DESCRIPTION",
        "Name": "LOC_BELIEF_MOSQUE_NAME"
    },
    {
        "BeliefClassType": "BELIEF_CLASS_WORSHIP",
        "BeliefType": "BELIEF_PAGODA",
        "Description": "LOC_BELIEF_PAGODA_EXPANSION2_DESCRIPTION",
        "Name": "LOC_BELIEF_PAGODA_NAME"
    },
    {
        "BeliefClassType": "BELIEF_CLASS_WORSHIP",
        "BeliefType": "BELIEF_SYNAGOGUE",
        "Description": "LOC_BELIEF_SYNAGOGUE_DESCRIPTION",
        "Name": "LOC_BELIEF_SYNAGOGUE_NAME"
    },
    {
        "BeliefClassType": "BELIEF_CLASS_WORSHIP",
        "BeliefType": "BELIEF_WAT",
        "Description": "LOC_BELIEF_WAT_DESCRIPTION",
        "Name": "LOC_BELIEF_WAT_NAME"
    },
    {
        "BeliefClassType": "BELIEF_CLASS_WORSHIP",
        "BeliefType": "BELIEF_STUPA",
        "Description": "LOC_BELIEF_STUPA_DESCRIPTION",
        "Name": "LOC_BELIEF_STUPA_NAME"
    },
    {
        "BeliefClassType": "BELIEF_CLASS_WORSHIP",
        "BeliefType": "BELIEF_DAR_E_MEHR",
        "Description": "LOC_BELIEF_DAR_E_MEHR_EXPANSION2_DESCRIPTION",
        "Name": "LOC_BELIEF_DAR_E_MEHR_NAME"
    },
    {
        "BeliefClassType": "BELIEF_CLASS_FOUNDER",
        "BeliefType": "BELIEF_LAY_MINISTRY",
        "Description": "LOC_BELIEF_LAY_MINISTRY_EXPANSION2_DESCRIPTION",
        "Name": "LOC_BELIEF_LAY_MINISTRY_NAME"
    },
    {
        "BeliefClassType": "BELIEF_CLASS_FOUNDER",
        "BeliefType": "BELIEF_PAPAL_PRIMACY",
        "Description": "LOC_BELIEF_PAPAL_PRIMACY_DESCRIPTION",
        "Name": "LOC_BELIEF_PAPAL_PRIMACY_NAME"
    },
    {
        "BeliefClassType": "BELIEF_CLASS_FOUNDER",
        "BeliefType": "BELIEF_PILGRIMAGE",
        "Description": "LOC_BELIEF_PILGRIMAGE_EXPANSION2_DESCRIPTION",
        "Name": "LOC_BELIEF_PILGRIMAGE_NAME"
    },
    {
        "BeliefClassType": "BELIEF_CLASS_FOUNDER",
        "BeliefType": "BELIEF_STEWARDSHIP",
        "Description": "LOC_BELIEF_STEWARDSHIP_EXPANSION2_DESCRIPTION",
        "Name": "LOC_BELIEF_STEWARDSHIP_NAME"
    },
    {
        "BeliefClassType": "BELIEF_CLASS_FOUNDER",
        "BeliefType": "BELIEF_TITHE",
        "Description": "LOC_BELIEF_TITHE_EXPANSION2_DESCRIPTION",
        "Name": "LOC_BELIEF_TITHE_NAME"
    },
    {
        "BeliefClassType": "BELIEF_CLASS_FOUNDER",
        "BeliefType": "BELIEF_WORLD_CHURCH",
        "Description": "LOC_BELIEF_WORLD_CHURCH_EXPANSION2_DESCRIPTION",
        "Name": "LOC_BELIEF_WORLD_CHURCH_NAME"
    },
    {
        "BeliefClassType": "BELIEF_CLASS_FOUNDER",
        "BeliefType": "BELIEF_CROSS_CULTURAL_DIALOGUE",
        "Description": "LOC_BELIEF_CROSS_CULTURAL_DIALOGUE_EXPANSION2_DESCRIPTION",
        "Name": "LOC_BELIEF_CROSS_CULTURAL_DIALOGUE_NAME"
    },
    {
        "BeliefClassType": "BELIEF_CLASS_FOUNDER",
        "BeliefType": "BELIEF_RELIGIOUS_UNITY",
        "Description": "LOC_BELIEF_RELIGIOUS_UNITY_DESCRIPTION",
        "Name": "LOC_BELIEF_RELIGIOUS_UNITY_NAME"
    },
    {
        "BeliefClassType": "BELIEF_CLASS_ENHANCER",
        "BeliefType": "BELIEF_DEFENDER_OF_FAITH",
        "Description": "LOC_BELIEF_DEFENDER_OF_FAITH_DESCRIPTION",
        "Name": "LOC_BELIEF_DEFENDER_OF_FAITH_NAME"
    },
    {
        "BeliefClassType": "BELIEF_CLASS_ENHANCER",
        "BeliefType": "BELIEF_HOLY_ORDER",
        "Description": "LOC_BELIEF_HOLY_ORDER_DESCRIPTION",
        "Name": "LOC_BELIEF_HOLY_ORDER_NAME"
    },
    {
        "BeliefClassType": "BELIEF_CLASS_ENHANCER",
        "BeliefType": "BELIEF_ITINERANT_PREACHERS",
        "Description": "LOC_BELIEF_ITINERANT_PREACHERS_DESCRIPTION",
        "Name": "LOC_BELIEF_ITINERANT_PREACHERS_NAME"
    },
    {
        "BeliefClassType": "BELIEF_CLASS_ENHANCER",
        "BeliefType": "BELIEF_JUST_WAR",
        "Description": "LOC_BELIEF_JUST_WAR_DESCRIPTION",
        "Name": "LOC_BELIEF_JUST_WAR_NAME"
    },
    {
        "BeliefClassType": "BELIEF_CLASS_ENHANCER",
        "BeliefType": "BELIEF_MISSIONARY_ZEAL",
        "Description": "LOC_BELIEF_MISSIONARY_ZEAL_DESCRIPTION",
        "Name": "LOC_BELIEF_MISSIONARY_ZEAL_NAME"
    },
    {
        "BeliefClassType": "BELIEF_CLASS_ENHANCER",
        "BeliefType": "BELIEF_MONASTIC_ISOLATION",
        "Description": "LOC_BELIEF_MONASTIC_ISOLATION_DESCRIPTION",
        "Name": "LOC_BELIEF_MONASTIC_ISOLATION_NAME"
    },
    {
        "BeliefClassType": "BELIEF_CLASS_ENHANCER",
        "BeliefType": "BELIEF_SCRIPTURE",
        "Description": "LOC_BELIEF_SCRIPTURE_DESCRIPTION",
        "Name": "LOC_BELIEF_SCRIPTURE_NAME"
    },
    {
        "BeliefClassType": "BELIEF_CLASS_ENHANCER",
        "BeliefType": "BELIEF_RELIGIOUS_COLONIZATION",
        "Description": "LOC_BELIEF_RELIGIOUS_COLONIZATION_DESCRIPTION",
        "Name": "LOC_BELIEF_RELIGIOUS_COLONIZATION_NAME"
    },
    {
        "BeliefClassType": "BELIEF_CLASS_PANTHEON",
        "BeliefType": "BELIEF_GODDESS_OF_FIRE",
        "Description": "LOC_BELIEF_GODDESS_OF_FIRE_DESCRIPTION",
        "Name": "LOC_BELIEF_GODDESS_OF_FIRE_NAME"
    },
    {
        "BeliefClassType": "BELIEF_CLASS_FOUNDER",
        "BeliefType": "BELIEF_SACRED_PLACES",
        "Description": "LOC_BELIEF_SACRED_PLACES_DESCRIPTION",
        "Name": "LOC_BELIEF_SACRED_PLACES_NAME"
    },
    {
        "BeliefClassType": "BELIEF_CLASS_ENHANCER",
        "BeliefType": "BELIEF_HOLY_WATERS",
        "Description": "LOC_BELIEF_HOLY_WATERS_DESCRIPTION",
        "Name": "LOC_BELIEF_HOLY_WATERS_NAME"
    }
]