[
    {
        "Boost": 40,
        "BoostClass": "BOOST_TRIGGER_NUM_IMPROVED_TILES",
        "BoostID": 1,
        "BoostingCivicType": null,
        "BoostingTechType": null,
        "BuildingType": null,
        "CivicType": "CIVIC_CRAFTSMANSHIP",
        "DistrictType": null,
        "GovernmentSlotType": null,
        "GovernmentTierType": null,
        "ImprovementType": null,
        "NumItems": 3,
        "RequirementSetId": null,
        "RequiresResource": 0,
        "ResourceType": null,
        "TechnologyType": null,
        "TriggerDescription": "LOC_BOOST_TRIGGER_CRAFTSMANSHIP",
        "TriggerId": 0,
        "TriggerLongDescription": "LOC_BOOST_TRIGGER_LONGDESC_CRAFTSMANSHIP",
        "Unit1Type": "UNIT_BUILDER",
        "Unit2Type": null
    },
    {
        "Boost": 40,
        "BoostClass": "BOOST_TRIGGER_DISCOVER_CONTINENT",
        "BoostID": 2,
        "BoostingCivicType": null,
        "BoostingTechType": null,
        "BuildingType": null,
        "CivicType": "CIVIC_FOREIGN_TRADE",
        "DistrictType": null,
        "GovernmentSlotType": null,
        "GovernmentTierType": null,
        "ImprovementType": null,
        "NumItems": 0,
        "RequirementSetId": null,
        "RequiresResource": 0,
        "ResourceType": null,
        "TechnologyType": null,
        "TriggerDescription": "LOC_BOOST_TRIGGER_FOREIGN_TRADE",
        "TriggerId": 0,
        "TriggerLongDescription": "LOC_BOOST_TRIGGER_LONGDESC_FOREIGN_TRADE",
        "Unit1Type": null,
        "Unit2Type": null
    },
    {
        "Boost": 40,
        "BoostClass": "BOOST_TRIGGER_CLEAR_CAMP",
        "BoostID": 3,
        "BoostingCivicType": null,
        "BoostingTechType": null,
        "BuildingType": null,
        "CivicType": "CIVIC_MILITARY_TRADITION",
        "DistrictType": null,
        "GovernmentSlotType": null,
        "GovernmentTierType": null,
        "ImprovementType": null,
        "NumItems": 0,
        "RequirementSetId": null,
        "RequiresResource": 0,
        "ResourceType": null,
        "TechnologyType": null,
        "TriggerDescription": "LOC_BOOST_TRIGGER_MILITARY_TRADITION",
        "TriggerId": 0,
        "TriggerLongDescription": "LOC_BOOST_TRIGGER_LONGDESC_MILITARY_TRADITION",
        "Unit1Type": null,
        "Unit2Type": null
    },
    {
        "Boost": 40,
        "BoostClass": "BOOST_TRIGGER_HAVE_X_UNIQUE_SPECIALTY_DISTRICTS",
        "BoostID": 4,
        "BoostingCivicType": null,
        "BoostingTechType": null,
        "BuildingType": null,
        "CivicType": "CIVIC_STATE_WORKFORCE",
        "DistrictType": null,
        "GovernmentSlotType": null,
        "GovernmentTierType": null,
        "ImprovementType": null,
        "NumItems": 1,
        "RequirementSetId": null,
        "RequiresResource": 0,
        "ResourceType": null,
        "TechnologyType": null,
        "TriggerDescription": "LOC_BOOST_TRIGGER_STATE_WORKFORCE",
        "TriggerId": 0,
        "TriggerLongDescription": "LOC_BOOST_TRIGGER_LONGDESC_STATE_WORKFORCE",
        "Unit1Type": null,
        "Unit2Type": null
    },
    {
        "Boost": 40,
        "BoostClass": "BOOST_TRIGGER_EMPIRE_POPULATION",
        "BoostID": 5,
        "BoostingCivicType": null,
        "BoostingTechType": null,
        "BuildingType": null,
        "CivicType": "CIVIC_EARLY_EMPIRE",
        "DistrictType": null,
        "GovernmentSlotType": null,
        "GovernmentTierType": null,
        "ImprovementType": null,
        "NumItems": 6,
        "RequirementSetId": null,
        "RequiresResource": 0,
        "ResourceType": null,
        "TechnologyType": null,
        "TriggerDescription": "LOC_BOOST_TRIGGER_EARLY_EMPIRE",
        "TriggerId": 0,
        "TriggerLongDescription": "LOC_BOOST_TRIGGER_LONGDESC_EARLY_EMPIRE",
        "Unit1Type": null,
        "Unit2Type": null
    },
    {
        "Boost": 40,
        "BoostClass": "BOOST_TRIGGER_CREATE_PANTHEON",
        "BoostID": 6,
        "BoostingCivicType": null,
        "BoostingTechType": null,
        "BuildingType": null,
        "CivicType": "CIVIC_MYSTICISM",
        "DistrictType": null,
        "GovernmentSlotType": null,
        "GovernmentTierType": null,
        "ImprovementType": null,
        "NumItems": 0,
        "RequirementSetId": null,
        "RequiresResource": 0,
        "ResourceType": null,
        "TechnologyType": null,
        "TriggerDescription": "LOC_BOOST_TRIGGER_MYSTICISM",
        "TriggerId": 0,
        "TriggerLongDescription": "LOC_BOOST_TRIGGER_LONGDESC_MYSTICISM",
        "Unit1Type": null,
        "Unit2Type": null
    },
    {
        "Boost": 40,
        "BoostClass": "BOOST_TRIGGER_RESEARCH_TECH",
        "BoostID": 7,
        "BoostingCivicType": null,
        "BoostingTechType": "TECH_CONSTRUCTION",
        "BuildingType": null,
        "CivicType": "CIVIC_GAMES_RECREATION",
        "DistrictType": null,
        "GovernmentSlotType": null,
        "GovernmentTierType": null,
        "ImprovementType": null,
        "NumItems": 0,
        "RequirementSetId": null,
        "RequiresResource": 0,
        "ResourceType": null,
        "TechnologyType": null,
        "TriggerDescription": "LOC_BOOST_TRIGGER_GAMES_RECREATION",
        "TriggerId": 0,
        "TriggerLongDescription": "LOC_BOOST_TRIGGER_LONGDESC_GAMES_RECREATION",
        "Unit1Type": null,
        "Unit2Type": null
    },
    {
        "Boost": 40,
        "BoostClass": "BOOST_TRIGGER_MEET_X_CITY_STATES",
        "BoostID": 8,
        "BoostingCivicType": null,
        "BoostingTechType": null,
        "BuildingType": null,
        "CivicType": "CIVIC_POLITICAL_PHILOSOPHY",
        "DistrictType": null,
        "GovernmentSlotType": null,
        "GovernmentTierType": null,
        "ImprovementType": null,
        "NumItems": 3,
        "RequirementSetId": null,
        "RequiresResource": 0,
        "ResourceType": null,
        "TechnologyType": null,
        "TriggerDescription": "LOC_BOOST_TRIGGER_POLITICAL_PHILOSOPHY",
        "TriggerId": 0,
        "TriggerLongDescription": "LOC_BOOST_TRIGGER_LONGDESC_POLITICAL_PHILOSOPHY",
        "Unit1Type": null,
        "Unit2Type": null
    },
    {
        "Boost": 40,
        "BoostClass": "BOOST_TRIGGER_HAVE_X_WONDERS",
        "BoostID": 9,
        "BoostingCivicType": null,
        "BoostingTechType": null,
        "BuildingType": null,
        "CivicType": "CIVIC_DRAMA_POETRY",
        "DistrictType": null,
        "GovernmentSlotType": null,
        "GovernmentTierType": null,
        "ImprovementType": null,
        "NumItems": 1,
        "RequirementSetId": null,
        "RequiresResource": 0,
        "ResourceType": null,
        "TechnologyType": null,
        "TriggerDescription": "LOC_BOOST_TRIGGER_DRAMA_POETRY",
        "TriggerId": 0,
        "TriggerLongDescription": "LOC_BOOST_TRIGGER_LONGDESC_DRAMA_POETRY",
        "Unit1Type": null,
        "Unit2Type": null
    },
    {
        "Boost": 40,
        "BoostClass": "BOOST_TRIGGER_HAVE_X_DISTRICTS",
        "BoostID": 10,
        "BoostingCivicType": null,
        "BoostingTechType": null,
        "BuildingType": null,
        "CivicType": "CIVIC_MILITARY_TRAINING",
        "DistrictType": "DISTRICT_ENCAMPMENT",
        "GovernmentSlotType": null,
        "GovernmentTierType": null,
        "ImprovementType": null,
        "NumItems": 1,
        "RequirementSetId": null,
        "RequiresResource": 0,
        "ResourceType": null,
        "TechnologyType": null,
        "TriggerDescription": "LOC_BOOST_TRIGGER_MILITARY_TRAINING",
        "TriggerId": 0,
        "TriggerLongDescription": "LOC_BOOST_TRIGGER_LONGDESC_MILITARY_TRAINING",
        "Unit1Type": null,
        "Unit2Type": null
    },
    {
        "Boost": 40,
        "BoostClass": "BOOST_TRIGGER_RECEIVE_DOW",
        "BoostID": 11,
        "BoostingCivicType": null,
        "BoostingTechType": null,
        "BuildingType": null,
        "CivicType": "CIVIC_DEFENSIVE_TACTICS",
        "DistrictType": null,
        "GovernmentSlotType": null,
        "GovernmentTierType": null,
        "ImprovementType": null,
        "NumItems": 0,
        "RequirementSetId": null,
        "RequiresResource": 0,
        "ResourceType": null,
        "TechnologyType": null,
        "TriggerDescription": "LOC_BOOST_TRIGGER_DEFENSIVE_TACTICS",
        "TriggerId": 0,
        "TriggerLongDescription": "LOC_BOOST_TRIGGER_LONGDESC_DEFENSIVE_TACTICS",
        "Unit1Type": null,
        "Unit2Type": null
    },
    {
        "Boost": 40,
        "BoostClass": "BOOST_TRIGGER_HAVE_X_DISTRICTS",
        "BoostID": 12,
        "BoostingCivicType": null,
        "BoostingTechType": null,
        "BuildingType": null,
        "CivicType": "CIVIC_RECORDED_HISTORY",
        "DistrictType": "DISTRICT_CAMPUS",
        "GovernmentSlotType": null,
        "GovernmentTierType": null,
        "ImprovementType": null,
        "NumItems": 2,
        "RequirementSetId": null,
        "RequiresResource": 0,
        "ResourceType": null,
        "TechnologyType": null,
        "TriggerDescription": "LOC_BOOST_TRIGGER_RECORDED_HISTORY",
        "TriggerId": 0,
        "TriggerLongDescription": "LOC_BOOST_TRIGGER_LONGDESC_RECORDED_HISTORY",
        "Unit1Type": null,
        "Unit2Type": null
    },
    {
        "Boost": 40,
        "BoostClass": "BOOST_TRIGGER_FOUND_RELIGION",
        "BoostID": 13,
        "BoostingCivicType": null,
        "BoostingTechType": null,
        "BuildingType": null,
        "CivicType": "CIVIC_THEOLOGY",
        "DistrictType": null,
        "GovernmentSlotType": null,
        "GovernmentTierType": null,
        "ImprovementType": null,
        "NumItems": 0,
        "RequirementSetId": null,
        "RequiresResource": 0,
        "ResourceType": null,
        "TechnologyType": null,
        "TriggerDescription": "LOC_BOOST_TRIGGER_THEOLOGY",
        "TriggerId": 0,
        "TriggerLongDescription": "LOC_BOOST_TRIGGER_LONGDESC_THEOLOGY",
        "Unit1Type": null,
        "Unit2Type": null
    },
    {
        "Boost": 40,
        "BoostClass": "BOOST_TRIGGER_KILL_WITH",
        "BoostID": 14,
        "BoostingCivicType": null,
        "BoostingTechType": null,
        "BuildingType": null,
        "CivicType": "CIVIC_NAVAL_TRADITION",
        "DistrictType": null,
        "GovernmentSlotType": null,
        "GovernmentTierType": null,
        "ImprovementType": null,
        "NumItems": 0,
        "RequirementSetId": null,
        "RequiresResource": 0,
        "ResourceType": null,
        "TechnologyType": null,
        "TriggerDescription": "LOC_BOOST_TRIGGER_NAVAL_TRADITION",
        "TriggerId": 0,
        "TriggerLongDescription": "LOC_BOOST_TRIGGER_LONGDESC_NAVAL_TRADITION",
        "Unit1Type": "UNIT_QUADRIREME",
        "Unit2Type": null
    },
    {
        "Boost": 40,
        "BoostClass": "BOOST_TRIGGER_HAVE_X_IMPROVEMENTS",
        "BoostID": 15,
        "BoostingCivicType": null,
        "BoostingTechType": null,
        "BuildingType": null,
        "CivicType": "CIVIC_FEUDALISM",
        "DistrictType": null,
        "GovernmentSlotType": null,
        "GovernmentTierType": null,
        "ImprovementType": "IMPROVEMENT_FARM",
        "NumItems": 6,
        "RequirementSetId": null,
        "RequiresResource": 0,
        "ResourceType": null,
        "TechnologyType": null,
        "TriggerDescription": "LOC_BOOST_TRIGGER_FEUDALISM",
        "TriggerId": 0,
        "TriggerLongDescription": "LOC_BOOST_TRIGGER_LONGDESC_FEUDALISM",
        "Unit1Type": null,
        "Unit2Type": null
    },
    {
        "Boost": 40,
        "BoostClass": "BOOST_TRIGGER_RESEARCH_TECH",
        "BoostID": 16,
        "BoostingCivicType": null,
        "BoostingTechType": "TECH_ASTRONOMY",
        "BuildingType": null,
        "CivicType": "CIVIC_COLONIALISM",
        "DistrictType": null,
        "GovernmentSlotType": null,
        "GovernmentTierType": null,
        "ImprovementType": null,
        "NumItems": 0,
        "RequirementSetId": null,
        "RequiresResource": 0,
        "ResourceType": null,
        "TechnologyType": null,
        "TriggerDescription": "LOC_BOOST_TRIGGER_COLONIALISM",
        "TriggerId": 0,
        "TriggerLongDescription": "LOC_BOOST_TRIGGER_LONGDESC_COLONIALISM",
        "Unit1Type": null,
        "Unit2Type": null
    },
    {
        "Boost": 40,
        "BoostClass": "BOOST_TRIGGER_CITY_POPULATION",
        "BoostID": 17,
        "BoostingCivicType": null,
        "BoostingTechType": null,
        "BuildingType": null,
        "CivicType": "CIVIC_CIVIL_SERVICE",
        "DistrictType": null,
        "GovernmentSlotType": null,
        "GovernmentTierType": null,
        "ImprovementType": null,
        "NumItems": 10,
        "RequirementSetId": null,
        "RequiresResource": 0,
        "ResourceType": null,
        "TechnologyType": null,
        "TriggerDescription": "LOC_BOOST_TRIGGER_CIVIL_SERVICE",
        "TriggerId": 0,
        "TriggerLongDescription": "LOC_BOOST_TRIGGER_LONGDESC_CIVIL_SERVICE",
        "Unit1Type": null,
        "Unit2Type": null
    },
    {
        "Boost": 40,
        "BoostClass": "BOOST_TRIGGER_HAVE_X_LAND_UNITS",
        "BoostID": 18,
        "BoostingCivicType": null,
        "BoostingTechType": null,
        "BuildingType": null,
        "CivicType": "CIVIC_MERCENARIES",
        "DistrictType": null,
        "GovernmentSlotType": null,
        "GovernmentTierType": null,
        "ImprovementType": null,
        "NumItems": 8,
        "RequirementSetId": null,
        "RequiresResource": 0,
        "ResourceType": null,
        "TechnologyType": null,
        "TriggerDescription": "LOC_BOOST_TRIGGER_MERCENARIES",
        "TriggerId": 0,
        "TriggerLongDescription": "LOC_BOOST_TRIGGER_LONGDESC_MERCENARIES",
        "Unit1Type": null,
        "Unit2Type": null
    },
    {
        "Boost": 40,
        "BoostClass": "BOOST_TRIGGER_MAINTAIN_X_TRADE_ROUTES",
        "BoostID": 19,
        "BoostingCivicType": null,
        "BoostingTechType": null,
        "BuildingType": null,
        "CivicType": "CIVIC_MEDIEVAL_FAIRES",
        "DistrictType": null,
        "GovernmentSlotType": null,
        "GovernmentTierType": null,
        "ImprovementType": null,
        "NumItems": 4,
        "RequirementSetId": null,
        "RequiresResource": 0,
        "ResourceType": null,
        "TechnologyType": null,
        "TriggerDescription": "LOC_BOOST_TRIGGER_MEDIEVAL_FAIRES",
        "TriggerId": 0,
        "TriggerLongDescription": "LOC_BOOST_TRIGGER_LONGDESC_MEDIEVAL_FAIRES",
        "Unit1Type": "UNIT_TRADER",
        "Unit2Type": null
    },
    {
        "Boost": 40,
        "BoostClass": "BOOST_TRIGGER_HAVE_X_BUILDINGS",
        "BoostID": 20,
        "BoostingCivicType": null,
        "BoostingTechType": null,
        "BuildingType": "BUILDING_MARKET",
        "CivicType": "CIVIC_GUILDS",
        "DistrictType": null,
        "GovernmentSlotType": null,
        "GovernmentTierType": null,
        "ImprovementType": null,
        "NumItems": 2,
        "RequirementSetId": null,
        "RequiresResource": 0,
        "ResourceType": null,
        "TechnologyType": null,
        "TriggerDescription": "LOC_BOOST_TRIGGER_GUILDS",
        "TriggerId": 0,
        "TriggerLongDescription": "LOC_BOOST_TRIGGER_LONGDESC_GUILDS",
        "Unit1Type": null,
        "Unit2Type": null
    },
    {
        "Boost": 40,
        "BoostClass": "BOOST_TRIGGER_HAVE_X_BUILDINGS",
        "BoostID": 21,
        "BoostingCivicType": null,
        "BoostingTechType": null,
        "BuildingType": "BUILDING_TEMPLE",
        "CivicType": "CIVIC_DIVINE_RIGHT",
        "DistrictType": null,
        "GovernmentSlotType": null,
        "GovernmentTierType": null,
        "ImprovementType": null,
        "NumItems": 2,
        "RequirementSetId": null,
        "RequiresResource": 0,
        "ResourceType": null,
        "TechnologyType": null,
        "TriggerDescription": "LOC_BOOST_TRIGGER_DIVINE_RIGHT",
        "TriggerId": 0,
        "TriggerLongDescription": "LOC_BOOST_TRIGGER_LONGDESC_DIVINE_RIGHT",
        "Unit1Type": null,
        "Unit2Type": null
    },
    {
        "Boost": 40,
        "BoostClass": "BOOST_TRIGGER_OWN_X_UNITS_OF_TYPE",
        "BoostID": 22,
        "BoostingCivicType": null,
        "BoostingTechType": null,
        "BuildingType": null,
        "CivicType": "CIVIC_EXPLORATION",
        "DistrictType": null,
        "GovernmentSlotType": null,
        "GovernmentTierType": null,
        "ImprovementType": null,
        "NumItems": 2,
        "RequirementSetId": null,
        "RequiresResource": 0,
        "ResourceType": null,
        "TechnologyType": null,
        "TriggerDescription": "LOC_BOOST_TRIGGER_EXPLORATION",
        "TriggerId": 0,
        "TriggerLongDescription": "LOC_BOOST_TRIGGER_LONGDESC_EXPLORATION",
        "Unit1Type": "UNIT_CARAVEL",
        "Unit2Type": null
    },
    {
        "Boost": 40,
        "BoostClass": "BOOST_TRIGGER_TRAIN_UNIT",
        "BoostID": 23,
        "BoostingCivicType": null,
        "BoostingTechType": null,
        "BuildingType": null,
        "CivicType": "CIVIC_HUMANISM",
        "DistrictType": null,
        "GovernmentSlotType": null,
        "GovernmentTierType": null,
        "ImprovementType": null,
        "NumItems": 0,
        "RequirementSetId": null,
        "RequiresResource": 0,
        "ResourceType": null,
        "TechnologyType": null,
        "TriggerDescription": "LOC_BOOST_TRIGGER_HUMANISM",
        "TriggerId": 0,
        "TriggerLongDescription": "LOC_BOOST_TRIGGER_LONGDESC_HUMANISM",
        "Unit1Type": "UNIT_GREAT_ARTIST",
        "Unit2Type": null
    },
    {
        "Boost": 40,
        "BoostClass": "BOOST_TRIGGER_HAVE_AN_ALLIANCE",
        "BoostID": 24,
        "BoostingCivicType": null,
        "BoostingTechType": null,
        "BuildingType": null,
        "CivicType": "CIVIC_DIPLOMATIC_SERVICE",
        "DistrictType": null,
        "GovernmentSlotType": null,
        "GovernmentTierType": null,
        "ImprovementType": null,
        "NumItems": 0,
        "RequirementSetId": null,
        "RequiresResource": 0,
        "ResourceType": null,
        "TechnologyType": null,
        "TriggerDescription": "LOC_BOOST_TRIGGER_DIPLOMATIC_SERVICE",
        "TriggerId": 0,
        "TriggerLongDescription": "LOC_BOOST_TRIGGER_LONGDESC_DIPLOMATIC_SERVICE",
        "Unit1Type": null,
        "Unit2Type": null
    },
    {
        "Boost": 40,
        "BoostClass": "BOOST_TRIGGER_HAVE_X_CITIES_FOLLOWING_YOUR_RELIGION",
        "BoostID": 25,
        "BoostingCivicType": null,
        "BoostingTechType": null,
        "BuildingType": null,
        "CivicType": "CIVIC_REFORMED_CHURCH",
        "DistrictType": null,
        "GovernmentSlotType": null,
        "GovernmentTierType": null,
        "ImprovementType": null,
        "NumItems": 6,
        "RequirementSetId": null,
        "RequiresResource": 0,
        "ResourceType": null,
        "TechnologyType": null,
        "TriggerDescription": "LOC_BOOST_TRIGGER_REFORMED_CHURCH",
        "TriggerId": 0,
        "TriggerLongDescription": "LOC_BOOST_TRIGGER_LONGDESC_REFORMED_CHURCH",
        "Unit1Type": null,
        "Unit2Type": null
    },
    {
        "Boost": 40,
        "BoostClass": "BOOST_TRIGGER_TRAIN_UNIT",
        "BoostID": 26,
        "BoostingCivicType": null,
        "BoostingTechType": null,
        "BuildingType": null,
        "CivicType": "CIVIC_MERCANTILISM",
        "DistrictType": null,
        "GovernmentSlotType": null,
        "GovernmentTierType": null,
        "ImprovementType": null,
        "NumItems": 0,
        "RequirementSetId": null,
        "RequiresResource": 0,
        "ResourceType": null,
        "TechnologyType": null,
        "TriggerDescription": "LOC_BOOST_TRIGGER_MERCANTILISM",
        "TriggerId": 0,
        "TriggerLongDescription": "LOC_BOOST_TRIGGER_LONGDESC_MERCANTILISM",
        "Unit1Type": "UNIT_GREAT_MERCHANT",
        "Unit2Type": null
    },
    {
        "Boost": 40,
        "BoostClass": "BOOST_TRIGGER_HAVE_X_GREAT_PEOPLE",
        "BoostID": 27,
        "BoostingCivicType": null,
        "BoostingTechType": null,
        "BuildingType": null,
        "CivicType": "CIVIC_THE_ENLIGHTENMENT",
        "DistrictType": null,
        "GovernmentSlotType": null,
        "GovernmentTierType": null,
        "ImprovementType": null,
        "NumItems": 3,
        "RequirementSetId": null,
        "RequiresResource": 0,
        "ResourceType": null,
        "TechnologyType": null,
        "TriggerDescription": "LOC_BOOST_TRIGGER_THE_ENLIGHTENMENT",
        "TriggerId": 0,
        "TriggerLongDescription": "LOC_BOOST_TRIGGER_LONGDESC_THE_ENLIGHTENMENT",
        "Unit1Type": null,
        "Unit2Type": null
    },
    {
        "Boost": 40,
        "BoostClass": "BOOST_TRIGGER_HAVE_X_UNIQUE_SPECIALTY_DISTRICTS",
        "BoostID": 28,
        "BoostingCivicType": null,
        "BoostingTechType": null,
        "BuildingType": null,
        "CivicType": "CIVIC_CIVIL_ENGINEERING",
        "DistrictType": null,
        "GovernmentSlotType": null,
        "GovernmentTierType": null,
        "ImprovementType": null,
        "NumItems": 7,
        "RequirementSetId": null,
        "RequiresResource": 0,
        "ResourceType": null,
        "TechnologyType": null,
        "TriggerDescription": "LOC_BOOST_TRIGGER_CIVIL_ENGINEERING",
        "TriggerId": 0,
        "TriggerLongDescription": "LOC_BOOST_TRIGGER_LONGDESC_CIVIL_ENGINEERING",
        "Unit1Type": null,
        "Unit2Type": null
    },
    {
        "Boost": 40,
        "BoostClass": "BOOST_TRIGGER_DOW_CASUS_BELLI",
        "BoostID": 29,
        "BoostingCivicType": null,
        "BoostingTechType": null,
        "BuildingType": null,
        "CivicType": "CIVIC_NATIONALISM",
        "DistrictType": null,
        "GovernmentSlotType": null,
        "GovernmentTierType": null,
        "ImprovementType": null,
        "NumItems": 0,
        "RequirementSetId": null,
        "RequiresResource": 0,
        "ResourceType": null,
        "TechnologyType": null,
        "TriggerDescription": "LOC_BOOST_TRIGGER_NATIONALISM",
        "TriggerId": 0,
        "TriggerLongDescription": "LOC_BOOST_TRIGGER_LONGDESC_NATIONALISM",
        "Unit1Type": null,
        "Unit2Type": null
    },
    {
        "Boost": 40,
        "BoostClass": "BOOST_TRIGGER_HAVE_X_BUILDINGS",
        "BoostID": 30,
        "BoostingCivicType": null,
        "BoostingTechType": null,
        "BuildingType": "BUILDING_MUSEUM_ART",
        "CivicType": "CIVIC_OPERA_BALLET",
        "DistrictType": null,
        "GovernmentSlotType": null,
        "GovernmentTierType": null,
        "ImprovementType": null,
        "NumItems": 1,
        "RequirementSetId": null,
        "RequiresResource": 0,
        "ResourceType": null,
        "TechnologyType": null,
        "TriggerDescription": "LOC_BOOST_TRIGGER_OPERA_BALLET",
        "TriggerId": 0,
        "TriggerLongDescription": "LOC_BOOST_TRIGGER_LONGDESC_OPERA_BALLET",
        "Unit1Type": null,
        "Unit2Type": null
    },
    {
        "Boost": 40,
        "BoostClass": "BOOST_TRIGGER_HAVE_X_BUILDINGS",
        "BoostID": 31,
        "BoostingCivicType": null,
        "BoostingTechType": null,
        "BuildingType": "BUILDING_MUSEUM_ARTIFACT",
        "CivicType": "CIVIC_NATURAL_HISTORY",
        "DistrictType": null,
        "GovernmentSlotType": null,
        "GovernmentTierType": null,
        "ImprovementType": null,
        "NumItems": 1,
        "RequirementSetId": null,
        "RequiresResource": 0,
        "ResourceType": null,
        "TechnologyType": null,
        "TriggerDescription": "LOC_BOOST_TRIGGER_NATURAL_HISTORY",
        "TriggerId": 0,
        "TriggerLongDescription": "LOC_BOOST_TRIGGER_LONGDESC_NATURAL_HISTORY",
        "Unit1Type": null,
        "Unit2Type": null
    },
    {
        "Boost": 40,
        "BoostClass": "BOOST_TRIGGER_CITY_POPULATION",
        "BoostID": 32,
        "BoostingCivicType": null,
        "BoostingTechType": null,
        "BuildingType": null,
        "CivicType": "CIVIC_URBANIZATION",
        "DistrictType": null,
        "GovernmentSlotType": null,
        "GovernmentTierType": null,
        "ImprovementType": null,
        "NumItems": 15,
        "RequirementSetId": null,
        "RequiresResource": 0,
        "ResourceType": null,
        "TechnologyType": null,
        "TriggerDescription": "LOC_BOOST_TRIGGER_URBANIZATION",
        "TriggerId": 0,
        "TriggerLongDescription": "LOC_BOOST_TRIGGER_LONGDESC_URBANIZATION",
        "Unit1Type": null,
        "Unit2Type": null
    },
    {
        "Boost": 40,
        "BoostClass": "BOOST_TRIGGER_OWN_X_UNITS_OF_TYPE",
        "BoostID": 33,
        "BoostingCivicType": null,
        "BoostingTechType": null,
        "BuildingType": null,
        "CivicType": "CIVIC_SCORCHED_EARTH",
        "DistrictType": null,
        "GovernmentSlotType": null,
        "GovernmentTierType": null,
        "ImprovementType": null,
        "NumItems": 2,
        "RequirementSetId": null,
        "RequiresResource": 0,
        "ResourceType": null,
        "TechnologyType": null,
        "TriggerDescription": "LOC_BOOST_TRIGGER_SCORCHED_EARTH",
        "TriggerId": 0,
        "TriggerLongDescription": "LOC_BOOST_TRIGGER_LONGDESC_SCORCHED_EARTH",
        "Unit1Type": "UNIT_FIELD_CANNON",
        "Unit2Type": null
    },
    {
        "Boost": 40,
        "BoostClass": "BOOST_TRIGGER_DISTRICT_APPEAL_LEVEL_MINIMUM_X",
        "BoostID": 34,
        "BoostingCivicType": null,
        "BoostingTechType": null,
        "BuildingType": null,
        "CivicType": "CIVIC_CONSERVATION",
        "DistrictType": "DISTRICT_NEIGHBORHOOD",
        "GovernmentSlotType": null,
        "GovernmentTierType": null,
        "ImprovementType": null,
        "NumItems": 4,
        "RequirementSetId": null,
        "RequiresResource": 0,
        "ResourceType": null,
        "TechnologyType": null,
        "TriggerDescription": "LOC_BOOST_TRIGGER_CONSERVATION",
        "TriggerId": 0,
        "TriggerLongDescription": "LOC_BOOST_TRIGGER_LONGDESC_CONSERVATION",
        "Unit1Type": null,
        "Unit2Type": null
    },
    {
        "Boost": 40,
        "BoostClass": "BOOST_TRIGGER_HAVE_X_CORPS",
        "BoostID": 35,
        "BoostingCivicType": null,
        "BoostingTechType": null,
        "BuildingType": null,
        "CivicType": "CIVIC_MOBILIZATION",
        "DistrictType": null,
        "GovernmentSlotType": null,
        "GovernmentTierType": null,
        "ImprovementType": null,
        "NumItems": 3,
        "RequirementSetId": null,
        "RequiresResource": 0,
        "ResourceType": null,
        "TechnologyType": null,
        "TriggerDescription": "LOC_BOOST_TRIGGER_MOBILIZATION",
        "TriggerId": 0,
        "TriggerLongDescription": "LOC_BOOST_TRIGGER_LONGDESC_MOBILIZATION",
        "Unit1Type": null,
        "Unit2Type": null
    },
    {
        "Boost": 40,
        "BoostClass": "BOOST_TRIGGER_RESEARCH_TECH",
        "BoostID": 36,
        "BoostingCivicType": null,
        "BoostingTechType": "TECH_RADIO",
        "BuildingType": null,
        "CivicType": "CIVIC_MASS_MEDIA",
        "DistrictType": null,
        "GovernmentSlotType": null,
        "GovernmentTierType": null,
        "ImprovementType": null,
        "NumItems": 0,
        "RequirementSetId": null,
        "RequiresResource": 0,
        "ResourceType": null,
        "TechnologyType": null,
        "TriggerDescription": "LOC_BOOST_TRIGGER_MASS_MEDIA",
        "TriggerId": 0,
        "TriggerLongDescription": "LOC_BOOST_TRIGGER_LONGDESC_MASS_MEDIA",
        "Unit1Type": null,
        "Unit2Type": null
    },
    {
        "Boost": 40,
        "BoostClass": "BOOST_TRIGGER_HAVE_X_BUILDINGS",
        "BoostID": 37,
        "BoostingCivicType": null,
        "BoostingTechType": null,
        "BuildingType": "BUILDING_STOCK_EXCHANGE",
        "CivicType": "CIVIC_CAPITALISM",
        "DistrictType": null,
        "GovernmentSlotType": null,
        "GovernmentTierType": null,
        "ImprovementType": null,
        "NumItems": 2,
        "RequirementSetId": null,
        "RequiresResource": 0,
        "ResourceType": null,
        "TechnologyType": null,
        "TriggerDescription": "LOC_BOOST_TRIGGER_CAPITALISM_XP2",
        "TriggerId": 0,
        "TriggerLongDescription": "LOC_BOOST_TRIGGER_LONGDESC_CAPITALISM",
        "Unit1Type": null,
        "Unit2Type": null
    },
    {
        "Boost": 40,
        "BoostClass": "BOOST_TRIGGER_HAVE_X_BUILDINGS",
        "BoostID": 38,
        "BoostingCivicType": null,
        "BoostingTechType": null,
        "BuildingType": "BUILDING_RESEARCH_LAB",
        "CivicType": "CIVIC_NUCLEAR_PROGRAM",
        "DistrictType": null,
        "GovernmentSlotType": null,
        "GovernmentTierType": null,
        "ImprovementType": null,
        "NumItems": 1,
        "RequirementSetId": null,
        "RequiresResource": 0,
        "ResourceType": null,
        "TechnologyType": null,
        "TriggerDescription": "LOC_BOOST_TRIGGER_NUCLEAR_PROGRAM",
        "TriggerId": 0,
        "TriggerLongDescription": "LOC_BOOST_TRIGGER_LONGDESC_NUCLEAR_PROGRAM",
        "Unit1Type": null,
        "Unit2Type": null
    },
    {
        "Boost": 40,
        "BoostClass": "BOOST_TRIGGER_HAVE_X_BUILDINGS",
        "BoostID": 39,
        "BoostingCivicType": null,
        "BoostingTechType": null,
        "BuildingType": "BUILDING_SEWER",
        "CivicType": "CIVIC_SUFFRAGE",
        "DistrictType": null,
        "GovernmentSlotType": null,
        "GovernmentTierType": null,
        "ImprovementType": null,
        "NumItems": 4,
        "RequirementSetId": null,
        "RequiresResource": 0,
        "ResourceType": null,
        "TechnologyType": null,
        "TriggerDescription": "LOC_BOOST_TRIGGER_SUFFRAGE",
        "TriggerId": 0,
        "TriggerLongDescription": "LOC_BOOST_TRIGGER_LONGDESC_SUFFRAGE",
        "Unit1Type": null,
        "Unit2Type": null
    },
    {
        "Boost": 40,
        "BoostClass": "BOOST_TRIGGER_HAVE_X_BUILDINGS",
        "BoostID": 40,
        "BoostingCivicType": null,
        "BoostingTechType": null,
        "BuildingType": "BUILDING_MILITARY_ACADEMY",
        "CivicType": "CIVIC_TOTALITARIANISM",
        "DistrictType": null,
        "GovernmentSlotType": null,
        "GovernmentTierType": null,
        "ImprovementType": null,
        "NumItems": 3,
        "RequirementSetId": null,
        "RequiresResource": 0,
        "ResourceType": null,
        "TechnologyType": null,
        "TriggerDescription": "LOC_BOOST_TRIGGER_TOTALITARIANISM",
        "TriggerId": 0,
        "TriggerLongDescription": "LOC_BOOST_TRIGGER_LONGDESC_TOTALITARIANISM",
        "Unit1Type": null,
        "Unit2Type": null
    },
    {
        "Boost": 40,
        "BoostClass": "BOOST_TRIGGER_HAVE_X_BUILDINGS",
        "BoostID": 41,
        "BoostingCivicType": null,
        "BoostingTechType": null,
        "BuildingType": "BUILDING_FACTORY",
        "CivicType": "CIVIC_CLASS_STRUGGLE",
        "DistrictType": null,
        "GovernmentSlotType": null,
        "GovernmentTierType": null,
        "ImprovementType": null,
        "NumItems": 3,
        "RequirementSetId": null,
        "RequiresResource": 0,
        "ResourceType": null,
        "TechnologyType": null,
        "TriggerDescription": "LOC_BOOST_TRIGGER_CLASS_STRUGGLE",
        "TriggerId": 0,
        "TriggerLongDescription": "LOC_BOOST_TRIGGER_LONGDESC_CLASS_STRUGGLE",
        "Unit1Type": null,
        "Unit2Type": null
    },
    {
        "Boost": 40,
        "BoostClass": "BOOST_TRIGGER_RESEARCH_TECH",
        "BoostID": 42,
        "BoostingCivicType": null,
        "BoostingTechType": "TECH_NUCLEAR_FISSION",
        "BuildingType": null,
        "CivicType": "CIVIC_COLD_WAR",
        "DistrictType": null,
        "GovernmentSlotType": null,
        "GovernmentTierType": null,
        "ImprovementType": null,
        "NumItems": 0,
        "RequirementSetId": null,
        "RequiresResource": 0,
        "ResourceType": null,
        "TechnologyType": null,
        "TriggerDescription": "LOC_BOOST_TRIGGER_COLD_WAR",
        "TriggerId": 0,
        "TriggerLongDescription": "LOC_BOOST_TRIGGER_LONGDESC_COLD_WAR",
        "Unit1Type": null,
        "Unit2Type": null
    },
    {
        "Boost": 40,
        "BoostClass": "BOOST_TRIGGER_HAVE_X_DISTRICTS",
        "BoostID": 43,
        "BoostingCivicType": null,
        "BoostingTechType": null,
        "BuildingType": null,
        "CivicType": "CIVIC_PROFESSIONAL_SPORTS",
        "DistrictType": "DISTRICT_ENTERTAINMENT_COMPLEX",
        "GovernmentSlotType": null,
        "GovernmentTierType": null,
        "ImprovementType": null,
        "NumItems": 2,
        "RequirementSetId": null,
        "RequiresResource": 0,
        "ResourceType": null,
        "TechnologyType": null,
        "TriggerDescription": "LOC_BOOST_TRIGGER_PROFESSIONAL_SPORTS_XP2",
        "TriggerId": 0,
        "TriggerLongDescription": "LOC_BOOST_TRIGGER_LONGDESC_PROFESSIONAL_SPORTS",
        "Unit1Type": null,
        "Unit2Type": null
    },
    {
        "Boost": 40,
        "BoostClass": "BOOST_TRIGGER_HAVE_X_THEMED_BUILDINGS",
        "BoostID": 44,
        "BoostingCivicType": null,
        "BoostingTechType": null,
        "BuildingType": null,
        "CivicType": "CIVIC_CULTURAL_HERITAGE",
        "DistrictType": null,
        "GovernmentSlotType": null,
        "GovernmentTierType": null,
        "ImprovementType": null,
        "NumItems": 1,
        "RequirementSetId": null,
        "RequiresResource": 0,
        "ResourceType": null,
        "TechnologyType": null,
        "TriggerDescription": "LOC_BOOST_TRIGGER_CULTURAL_HERITAGE",
        "TriggerId": 0,
        "TriggerLongDescription": "LOC_BOOST_TRIGGER_LONGDESC_CULTURAL_HERITAGE",
        "Unit1Type": null,
        "Unit2Type": null
    },
    {
        "Boost": 40,
        "BoostClass": "BOOST_TRIGGER_AIRBASE_FOREIGN_CONTINENT",
        "BoostID": 45,
        "BoostingCivicType": null,
        "BoostingTechType": null,
        "BuildingType": null,
        "CivicType": "CIVIC_RAPID_DEPLOYMENT",
        "DistrictType": null,
        "GovernmentSlotType": null,
        "GovernmentTierType": null,
        "ImprovementType": null,
        "NumItems": 1,
        "RequirementSetId": null,
        "RequiresResource": 0,
        "ResourceType": null,
        "TechnologyType": null,
        "TriggerDescription": "LOC_BOOST_TRIGGER_RAPID_DEPLOYMENT",
        "TriggerId": 0,
        "TriggerLongDescription": "LOC_BOOST_TRIGGER_LONGDESC_RAPID_DEPLOYMENT",
        "Unit1Type": null,
        "Unit2Type": null
    },
    {
        "Boost": 40,
        "BoostClass": "BOOST_TRIGGER_HAVE_X_DISTRICTS",
        "BoostID": 46,
        "BoostingCivicType": null,
        "BoostingTechType": null,
        "BuildingType": null,
        "CivicType": "CIVIC_SPACE_RACE",
        "DistrictType": "DISTRICT_SPACEPORT",
        "GovernmentSlotType": null,
        "GovernmentTierType": null,
        "ImprovementType": null,
        "NumItems": 1,
        "RequirementSetId": null,
        "RequiresResource": 0,
        "ResourceType": null,
        "TechnologyType": null,
        "TriggerDescription": "LOC_BOOST_TRIGGER_SPACE_RACE",
        "TriggerId": 0,
        "TriggerLongDescription": "LOC_BOOST_TRIGGER_LONGDESC_SPACE_RACE",
        "Unit1Type": null,
        "Unit2Type": null
    },
    {
        "Boost": 40,
        "BoostClass": "BOOST_TRIGGER_HAVE_X_BUILDINGS",
        "BoostID": 47,
        "BoostingCivicType": null,
        "BoostingTechType": null,
        "BuildingType": "BUILDING_AIRPORT",
        "CivicType": "CIVIC_GLOBALIZATION",
        "DistrictType": null,
        "GovernmentSlotType": null,
        "GovernmentTierType": null,
        "ImprovementType": null,
        "NumItems": 2,
        "RequirementSetId": null,
        "RequiresResource": 0,
        "ResourceType": null,
        "TechnologyType": null,
        "TriggerDescription": "LOC_BOOST_TRIGGER_GLOBALIZATION_XP2",
        "TriggerId": 0,
        "TriggerLongDescription": "LOC_BOOST_TRIGGER_LONGDESC_GLOBALIZATION",
        "Unit1Type": null,
        "Unit2Type": null
    },
    {
        "Boost": 40,
        "BoostClass": "BOOST_TRIGGER_RESEARCH_TECH",
        "BoostID": 48,
        "BoostingCivicType": null,
        "BoostingTechType": "TECH_TELECOMMUNICATIONS",
        "BuildingType": null,
        "CivicType": "CIVIC_SOCIAL_MEDIA",
        "DistrictType": null,
        "GovernmentSlotType": null,
        "GovernmentTierType": null,
        "ImprovementType": null,
        "NumItems": 0,
        "RequirementSetId": null,
        "RequiresResource": 0,
        "ResourceType": null,
        "TechnologyType": null,
        "TriggerDescription": "LOC_BOOST_TRIGGER_SOCIAL_MEDIA",
        "TriggerId": 0,
        "TriggerLongDescription": "LOC_BOOST_TRIGGER_LONGDESC_SOCIAL_MEDIA",
        "Unit1Type": null,
        "Unit2Type": null
    },
    {
        "Boost": 40,
        "BoostClass": "BOOST_TRIGGER_SETTLE_COAST",
        "BoostID": 49,
        "BoostingCivicType": null,
        "BoostingTechType": null,
        "BuildingType": null,
        "CivicType": null,
        "DistrictType": null,
        "GovernmentSlotType": null,
        "GovernmentTierType": null,
        "ImprovementType": null,
        "NumItems": 0,
        "RequirementSetId": null,
        "RequiresResource": 0,
        "ResourceType": null,
        "TechnologyType": "TECH_SAILING",
        "TriggerDescription": "LOC_BOOST_TRIGGER_SAILING",
        "TriggerId": 0,
        "TriggerLongDescription": "LOC_BOOST_TRIGGER_LONGDESC_SAILING",
        "Unit1Type": null,
        "Unit2Type": null
    },
    {
        "Boost": 40,
        "BoostClass": "BOOST_TRIGGER_FIND_NATURAL_WONDER",
        "BoostID": 50,
        "BoostingCivicType": null,
        "BoostingTechType": null,
        "BuildingType": null,
        "CivicType": null,
        "DistrictType": null,
        "GovernmentSlotType": null,
        "GovernmentTierType": null,
        "ImprovementType": null,
        "NumItems": 0,
        "RequirementSetId": null,
        "RequiresResource": 0,
        "ResourceType": null,
        "TechnologyType": "TECH_ASTROLOGY",
        "TriggerDescription": "LOC_BOOST_TRIGGER_ASTROLOGY",
        "TriggerId": 0,
        "TriggerLongDescription": "LOC_BOOST_TRIGGER_LONGDESC_ASTROLOGY",
        "Unit1Type": "UNIT_SCOUT",
        "Unit2Type": null
    },
    {
        "Boost": 40,
        "BoostClass": "BOOST_TRIGGER_HAVE_X_IMPROVEMENTS",
        "BoostID": 51,
        "BoostingCivicType": null,
        "BoostingTechType": null,
        "BuildingType": null,
        "CivicType": null,
        "DistrictType": null,
        "GovernmentSlotType": null,
        "GovernmentTierType": null,
        "ImprovementType": "IMPROVEMENT_FARM",
        "NumItems": 1,
        "RequirementSetId": null,
        "RequiresResource": 1,
        "ResourceType": null,
        "TechnologyType": "TECH_IRRIGATION",
        "TriggerDescription": "LOC_BOOST_TRIGGER_IRRIGATION",
        "TriggerId": 0,
        "TriggerLongDescription": "LOC_BOOST_TRIGGER_LONGDESC_IRRIGATION",
        "Unit1Type": null,
        "Unit2Type": null
    },
    {
        "Boost": 40,
        "BoostClass": "BOOST_TRIGGER_KILL_WITH",
        "BoostID": 52,
        "BoostingCivicType": null,
        "BoostingTechType": null,
        "BuildingType": null,
        "CivicType": null,
        "DistrictType": null,
        "GovernmentSlotType": null,
        "GovernmentTierType": null,
        "ImprovementType": null,
        "NumItems": 0,
        "RequirementSetId": null,
        "RequiresResource": 0,
        "ResourceType": null,
        "TechnologyType": "TECH_ARCHERY",
        "TriggerDescription": "LOC_BOOST_TRIGGER_ARCHERY",
        "TriggerId": 0,
        "TriggerLongDescription": "LOC_BOOST_TRIGGER_LONGDESC_ARCHERY",
        "Unit1Type": "UNIT_SLINGER",
        "Unit2Type": null
    },
    {
        "Boost": 40,
        "BoostClass": "BOOST_TRIGGER_MEET_CIV",
        "BoostID": 53,
        "BoostingCivicType": null,
        "BoostingTechType": null,
        "BuildingType": null,
        "CivicType": null,
        "DistrictType": null,
        "GovernmentSlotType": null,
        "GovernmentTierType": null,
        "ImprovementType": null,
        "NumItems": 0,
        "RequirementSetId": null,
        "RequiresResource": 0,
        "ResourceType": null,
        "TechnologyType": "TECH_WRITING",
        "TriggerDescription": "LOC_BOOST_TRIGGER_WRITING",
        "TriggerId": 0,
        "TriggerLongDescription": "LOC_BOOST_TRIGGER_LONGDESC_WRITING",
        "Unit1Type": "UNIT_SCOUT",
        "Unit2Type": null
    },
    {
        "Boost": 40,
        "BoostClass": "BOOST_TRIGGER_HAVE_X_IMPROVEMENTS",
        "BoostID": 54,
        "BoostingCivicType": null,
        "BoostingTechType": null,
        "BuildingType": null,
        "CivicType": null,
        "DistrictType": null,
        "GovernmentSlotType": null,
        "GovernmentTierType": null,
        "ImprovementType": "IMPROVEMENT_QUARRY",
        "NumItems": 1,
        "RequirementSetId": null,
        "RequiresResource": 1,
        "ResourceType": null,
        "TechnologyType": "TECH_MASONRY",
        "TriggerDescription": "LOC_BOOST_TRIGGER_MASONRY",
        "TriggerId": 0,
        "TriggerLongDescription": "LOC_BOOST_TRIGGER_LONGDESC_MASONRY",
        "Unit1Type": null,
        "Unit2Type": null
    },
    {
        "Boost": 40,
        "BoostClass": "BOOST_TRIGGER_NUM_BARBS_KILLED",
        "BoostID": 55,
        "BoostingCivicType": null,
        "BoostingTechType": null,
        "BuildingType": null,
        "CivicType": null,
        "DistrictType": null,
        "GovernmentSlotType": null,
        "GovernmentTierType": null,
        "ImprovementType": null,
        "NumItems": 3,
        "RequirementSetId": null,
        "RequiresResource": 0,
        "ResourceType": null,
        "TechnologyType": "TECH_BRONZE_WORKING",
        "TriggerDescription": "LOC_BOOST_TRIGGER_BRONZE_WORKING",
        "TriggerId": 0,
        "TriggerLongDescription": "LOC_BOOST_TRIGGER_LONGDESC_BRONZE_WORKING",
        "Unit1Type": null,
        "Unit2Type": null
    },
    {
        "Boost": 40,
        "BoostClass": "BOOST_TRIGGER_HAVE_X_IMPROVEMENTS",
        "BoostID": 56,
        "BoostingCivicType": null,
        "BoostingTechType": null,
        "BuildingType": null,
        "CivicType": null,
        "DistrictType": null,
        "GovernmentSlotType": null,
        "GovernmentTierType": null,
        "ImprovementType": "IMPROVEMENT_MINE",
        "NumItems": 1,
        "RequirementSetId": null,
        "RequiresResource": 1,
        "ResourceType": null,
        "TechnologyType": "TECH_THE_WHEEL",
        "TriggerDescription": "LOC_BOOST_TRIGGER_THE_WHEEL",
        "TriggerId": 0,
        "TriggerLongDescription": "LOC_BOOST_TRIGGER_LONGDESC_THE_WHEEL",
        "Unit1Type": null,
        "Unit2Type": null
    },
    {
        "Boost": 40,
        "BoostClass": "BOOST_TRIGGER_HAVE_X_IMPROVEMENTS",
        "BoostID": 57,
        "BoostingCivicType": null,
        "BoostingTechType": null,
        "BuildingType": null,
        "CivicType": null,
        "DistrictType": null,
        "GovernmentSlotType": null,
        "GovernmentTierType": null,
        "ImprovementType": "IMPROVEMENT_FISHING_BOATS",
        "NumItems": 2,
        "RequirementSetId": null,
        "RequiresResource": 1,
        "ResourceType": null,
        "TechnologyType": "TECH_CELESTIAL_NAVIGATION",
        "TriggerDescription": "LOC_BOOST_TRIGGER_CELESTIAL_NAVIGATION",
        "TriggerId": 0,
        "TriggerLongDescription": "LOC_BOOST_TRIGGER_LONGDESC_CELESTIAL_NAVIGATION",
        "Unit1Type": null,
        "Unit2Type": null
    },
    {
        "Boost": 40,
        "BoostClass": "BOOST_TRIGGER_MAINTAIN_X_TRADE_ROUTES",
        "BoostID": 58,
        "BoostingCivicType": null,
        "BoostingTechType": null,
        "BuildingType": null,
        "CivicType": null,
        "DistrictType": null,
        "GovernmentSlotType": null,
        "GovernmentTierType": null,
        "ImprovementType": null,
        "NumItems": 1,
        "RequirementSetId": null,
        "RequiresResource": 0,
        "ResourceType": null,
        "TechnologyType": "TECH_CURRENCY",
        "TriggerDescription": "LOC_BOOST_TRIGGER_CURRENCY",
        "TriggerId": 0,
        "TriggerLongDescription": "LOC_BOOST_TRIGGER_LONGDESC_CURRENCY",
        "Unit1Type": "UNIT_TRADER",
        "Unit2Type": null
    },
    {
        "Boost": 40,
        "BoostClass": "BOOST_TRIGGER_HAVE_X_IMPROVEMENTS",
        "BoostID": 59,
        "BoostingCivicType": null,
        "BoostingTechType": null,
        "BuildingType": null,
        "CivicType": null,
        "DistrictType": null,
        "GovernmentSlotType": null,
        "GovernmentTierType": null,
        "ImprovementType": "IMPROVEMENT_PASTURE",
        "NumItems": 1,
        "RequirementSetId": null,
        "RequiresResource": 1,
        "ResourceType": null,
        "TechnologyType": "TECH_HORSEBACK_RIDING",
        "TriggerDescription": "LOC_BOOST_TRIGGER_HORSEBACK_RIDING",
        "TriggerId": 0,
        "TriggerLongDescription": "LOC_BOOST_TRIGGER_LONGDESC_HORSEBACK_RIDING",
        "Unit1Type": null,
        "Unit2Type": null
    },
    {
        "Boost": 40,
        "BoostClass": "BOOST_TRIGGER_IMPROVE_SPECIFIC_RESOURCE",
        "BoostID": 60,
        "BoostingCivicType": null,
        "BoostingTechType": null,
        "BuildingType": null,
        "CivicType": null,
        "DistrictType": null,
        "GovernmentSlotType": null,
        "GovernmentTierType": null,
        "ImprovementType": "IMPROVEMENT_MINE",
        "NumItems": 0,
        "RequirementSetId": null,
        "RequiresResource": 0,
        "ResourceType": "RESOURCE_IRON",
        "TechnologyType": "TECH_IRON_WORKING",
        "TriggerDescription": "LOC_BOOST_TRIGGER_IRON_WORKING",
        "TriggerId": 0,
        "TriggerLongDescription": "LOC_BOOST_TRIGGER_LONGDESC_IRON_WORKING",
        "Unit1Type": null,
        "Unit2Type": null
    },
    {
        "Boost": 40,
        "BoostClass": "BOOST_TRIGGER_OWN_X_UNITS_OF_TYPE",
        "BoostID": 61,
        "BoostingCivicType": null,
        "BoostingTechType": null,
        "BuildingType": null,
        "CivicType": null,
        "DistrictType": null,
        "GovernmentSlotType": null,
        "GovernmentTierType": null,
        "ImprovementType": null,
        "NumItems": 2,
        "RequirementSetId": null,
        "RequiresResource": 0,
        "ResourceType": null,
        "TechnologyType": "TECH_SHIPBUILDING",
        "TriggerDescription": "LOC_BOOST_TRIGGER_SHIPBUILDING",
        "TriggerId": 0,
        "TriggerLongDescription": "LOC_BOOST_TRIGGER_LONGDESC_SHIPBUILDING",
        "Unit1Type": "UNIT_GALLEY",
        "Unit2Type": null
    },
    {
        "Boost": 40,
        "BoostClass": "BOOST_TRIGGER_HAVE_X_UNIQUE_SPECIALTY_DISTRICTS",
        "BoostID": 62,
        "BoostingCivicType": null,
        "BoostingTechType": null,
        "BuildingType": null,
        "CivicType": null,
        "DistrictType": null,
        "GovernmentSlotType": null,
        "GovernmentTierType": null,
        "ImprovementType": null,
        "NumItems": 3,
        "RequirementSetId": null,
        "RequiresResource": 0,
        "ResourceType": null,
        "TechnologyType": "TECH_MATHEMATICS",
        "TriggerDescription": "LOC_BOOST_TRIGGER_MATHEMATICS",
        "TriggerId": 0,
        "TriggerLongDescription": "LOC_BOOST_TRIGGER_LONGDESC_MATHEMATICS",
        "Unit1Type": null,
        "Unit2Type": null
    },
    {
        "Boost": 40,
        "BoostClass": "BOOST_TRIGGER_CONSTRUCT_BUILDING",
        "BoostID": 63,
        "BoostingCivicType": null,
        "BoostingTechType": null,
        "BuildingType": "BUILDING_WATER_MILL",
        "CivicType": null,
        "DistrictType": null,
        "GovernmentSlotType": null,
        "GovernmentTierType": null,
        "ImprovementType": null,
        "NumItems": 0,
        "RequirementSetId": null,
        "RequiresResource": 0,
        "ResourceType": null,
        "TechnologyType": "TECH_CONSTRUCTION",
        "TriggerDescription": "LOC_BOOST_TRIGGER_CONSTRUCTION",
        "TriggerId": 0,
        "TriggerLongDescription": "LOC_BOOST_TRIGGER_LONGDESC_CONSTRUCTION",
        "Unit1Type": null,
        "Unit2Type": null
    },
    {
        "Boost": 40,
        "BoostClass": "BOOST_TRIGGER_CONSTRUCT_BUILDING",
        "BoostID": 64,
        "BoostingCivicType": null,
        "BoostingTechType": null,
        "BuildingType": "BUILDING_WALLS",
        "CivicType": null,
        "DistrictType": null,
        "GovernmentSlotType": null,
        "GovernmentTierType": null,
        "ImprovementType": null,
        "NumItems": 0,
        "RequirementSetId": null,
        "RequiresResource": 0,
        "ResourceType": null,
        "TechnologyType": "TECH_ENGINEERING",
        "TriggerDescription": "LOC_BOOST_TRIGGER_ENGINEERING",
        "TriggerId": 0,
        "TriggerLongDescription": "LOC_BOOST_TRIGGER_LONGDESC_ENGINEERING",
        "Unit1Type": null,
        "Unit2Type": null
    },
    {
        "Boost": 40,
        "BoostClass": "BOOST_TRIGGER_KILL_WITH",
        "BoostID": 65,
        "BoostingCivicType": null,
        "BoostingTechType": null,
        "BuildingType": null,
        "CivicType": null,
        "DistrictType": null,
        "GovernmentSlotType": null,
        "GovernmentTierType": null,
        "ImprovementType": null,
        "NumItems": 0,
        "RequirementSetId": null,
        "RequiresResource": 0,
        "ResourceType": null,
        "TechnologyType": "TECH_MILITARY_TACTICS",
        "TriggerDescription": "LOC_BOOST_TRIGGER_MILITARY_TACTICS",
        "TriggerId": 0,
        "TriggerLongDescription": "LOC_BOOST_TRIGGER_LONGDESC_MILITARY_TACTICS",
        "Unit1Type": "UNIT_SPEARMAN",
        "Unit2Type": null
    },
    {
        "Boost": 40,
        "BoostClass": "BOOST_TRIGGER_HAVE_X_IMPROVEMENTS",
        "BoostID": 66,
        "BoostingCivicType": null,
        "BoostingTechType": null,
        "BuildingType": null,
        "CivicType": null,
        "DistrictType": null,
        "GovernmentSlotType": null,
        "GovernmentTierType": null,
        "ImprovementType": "IMPROVEMENT_MINE",
        "NumItems": 3,
        "RequirementSetId": null,
        "RequiresResource": 0,
        "ResourceType": null,
        "TechnologyType": "TECH_APPRENTICESHIP",
        "TriggerDescription": "LOC_BOOST_TRIGGER_APPRENTICESHIP",
        "TriggerId": 0,
        "TriggerLongDescription": "LOC_BOOST_TRIGGER_LONGDESC_APPRENTICESHIP",
        "Unit1Type": null,
        "Unit2Type": null
    },
    {
        "Boost": 40,
        "BoostClass": "BOOST_TRIGGER_CULTURVATE_CIVIC",
        "BoostID": 67,
        "BoostingCivicType": "CIVIC_FEUDALISM",
        "BoostingTechType": null,
        "BuildingType": null,
        "CivicType": null,
        "DistrictType": null,
        "GovernmentSlotType": null,
        "GovernmentTierType": null,
        "ImprovementType": null,
        "NumItems": 0,
        "RequirementSetId": null,
        "RequiresResource": 0,
        "ResourceType": null,
        "TechnologyType": "TECH_STIRRUPS",
        "TriggerDescription": "LOC_BOOST_TRIGGER_STIRRUPS",
        "TriggerId": 0,
        "TriggerLongDescription": "LOC_BOOST_TRIGGER_LONGDESC_STIRRUPS",
        "Unit1Type": null,
        "Unit2Type": null
    },
    {
        "Boost": 40,
        "BoostClass": "BOOST_TRIGGER_OWN_X_UNITS_OF_TYPE",
        "BoostID": 68,
        "BoostingCivicType": null,
        "BoostingTechType": null,
        "BuildingType": null,
        "CivicType": null,
        "DistrictType": null,
        "GovernmentSlotType": null,
        "GovernmentTierType": null,
        "ImprovementType": null,
        "NumItems": 3,
        "RequirementSetId": null,
        "RequiresResource": 0,
        "ResourceType": null,
        "TechnologyType": "TECH_MACHINERY",
        "TriggerDescription": "LOC_BOOST_TRIGGER_MACHINERY",
        "TriggerId": 0,
        "TriggerLongDescription": "LOC_BOOST_TRIGGER_LONGDESC_MACHINERY",
        "Unit1Type": "UNIT_ARCHER",
        "Unit2Type": null
    },
    {
        "Boost": 40,
        "BoostClass": "BOOST_TRIGGER_TRAIN_UNIT",
        "BoostID": 69,
        "BoostingCivicType": null,
        "BoostingTechType": null,
        "BuildingType": null,
        "CivicType": null,
        "DistrictType": null,
        "GovernmentSlotType": null,
        "GovernmentTierType": null,
        "ImprovementType": null,
        "NumItems": 0,
        "RequirementSetId": null,
        "RequiresResource": 0,
        "ResourceType": null,
        "TechnologyType": "TECH_EDUCATION",
        "TriggerDescription": "LOC_BOOST_TRIGGER_EDUCATION",
        "TriggerId": 0,
        "TriggerLongDescription": "LOC_BOOST_TRIGGER_LONGDESC_EDUCATION",
        "Unit1Type": "UNIT_GREAT_SCIENTIST",
        "Unit2Type": null
    },
    {
        "Boost": 40,
        "BoostClass": "BOOST_TRIGGER_HAVE_X_DISTRICTS",
        "BoostID": 70,
        "BoostingCivicType": null,
        "BoostingTechType": null,
        "BuildingType": null,
        "CivicType": null,
        "DistrictType": "DISTRICT_AQUEDUCT",
        "GovernmentSlotType": null,
        "GovernmentTierType": null,
        "ImprovementType": null,
        "NumItems": 1,
        "RequirementSetId": null,
        "RequiresResource": 0,
        "ResourceType": null,
        "TechnologyType": "TECH_MILITARY_ENGINEERING",
        "TriggerDescription": "LOC_BOOST_TRIGGER_MILITARY_ENGINEERING",
        "TriggerId": 0,
        "TriggerLongDescription": "LOC_BOOST_TRIGGER_LONGDESC_MILITARY_ENGINEERING",
        "Unit1Type": null,
        "Unit2Type": null
    },
    {
        "Boost": 40,
        "BoostClass": "BOOST_TRIGGER_HAVE_GOVERNMENT_TIER",
        "BoostID": 71,
        "BoostingCivicType": null,
        "BoostingTechType": null,
        "BuildingType": null,
        "CivicType": null,
        "DistrictType": null,
        "GovernmentSlotType": null,
        "GovernmentTierType": "Tier2",
        "ImprovementType": null,
        "NumItems": 6,
        "RequirementSetId": null,
        "RequiresResource": 0,
        "ResourceType": null,
        "TechnologyType": "TECH_CASTLES",
        "TriggerDescription": "LOC_BOOST_TRIGGER_CASTLES",
        "TriggerId": 0,
        "TriggerLongDescription": "LOC_BOOST_TRIGGER_LONGDESC_CASTLES",
        "Unit1Type": null,
        "Unit2Type": null
    },
    {
        "Boost": 40,
        "BoostClass": "BOOST_TRIGGER_HAVE_X_DISTRICTS",
        "BoostID": 72,
        "BoostingCivicType": null,
        "BoostingTechType": null,
        "BuildingType": null,
        "CivicType": null,
        "DistrictType": "DISTRICT_HARBOR",
        "GovernmentSlotType": null,
        "GovernmentTierType": null,
        "ImprovementType": null,
        "NumItems": 2,
        "RequirementSetId": null,
        "RequiresResource": 0,
        "ResourceType": null,
        "TechnologyType": "TECH_CARTOGRAPHY",
        "TriggerDescription": "LOC_BOOST_TRIGGER_CARTOGRAPHY",
        "TriggerId": 0,
        "TriggerLongDescription": "LOC_BOOST_TRIGGER_LONGDESC_CARTOGRAPHY",
        "Unit1Type": null,
        "Unit2Type": null
    },
    {
        "Boost": 40,
        "BoostClass": "BOOST_TRIGGER_HAVE_X_IMPROVEMENTS",
        "BoostID": 73,
        "BoostingCivicType": null,
        "BoostingTechType": null,
        "BuildingType": null,
        "CivicType": null,
        "DistrictType": null,
        "GovernmentSlotType": null,
        "GovernmentTierType": null,
        "ImprovementType": "IMPROVEMENT_LUMBER_MILL",
        "NumItems": 1,
        "RequirementSetId": null,
        "RequiresResource": 0,
        "ResourceType": null,
        "TechnologyType": "TECH_MASS_PRODUCTION",
        "TriggerDescription": "LOC_BOOST_TRIGGER_MASS_PRODUCTION",
        "TriggerId": 0,
        "TriggerLongDescription": "LOC_BOOST_TRIGGER_LONGDESC_MASS_PRODUCTION",
        "Unit1Type": null,
        "Unit2Type": null
    },
    {
        "Boost": 40,
        "BoostClass": "BOOST_TRIGGER_CULTURVATE_CIVIC",
        "BoostID": 74,
        "BoostingCivicType": "CIVIC_GUILDS",
        "BoostingTechType": null,
        "BuildingType": null,
        "CivicType": null,
        "DistrictType": null,
        "GovernmentSlotType": null,
        "GovernmentTierType": null,
        "ImprovementType": null,
        "NumItems": 0,
        "RequirementSetId": null,
        "RequiresResource": 0,
        "ResourceType": null,
        "TechnologyType": "TECH_BANKING",
        "TriggerDescription": "LOC_BOOST_TRIGGER_BANKING",
        "TriggerId": 0,
        "TriggerLongDescription": "LOC_BOOST_TRIGGER_LONGDESC_BANKING",
        "Unit1Type": null,
        "Unit2Type": null
    },
    {
        "Boost": 40,
        "BoostClass": "BOOST_TRIGGER_CONSTRUCT_BUILDING",
        "BoostID": 75,
        "BoostingCivicType": null,
        "BoostingTechType": null,
        "BuildingType": "BUILDING_ARMORY",
        "CivicType": null,
        "DistrictType": null,
        "GovernmentSlotType": null,
        "GovernmentTierType": null,
        "ImprovementType": null,
        "NumItems": 0,
        "RequirementSetId": null,
        "RequiresResource": 0,
        "ResourceType": null,
        "TechnologyType": "TECH_GUNPOWDER",
        "TriggerDescription": "LOC_BOOST_TRIGGER_GUNPOWDER",
        "TriggerId": 0,
        "TriggerLongDescription": "LOC_BOOST_TRIGGER_LONGDESC_GUNPOWDER",
        "Unit1Type": null,
        "Unit2Type": null
    },
    {
        "Boost": 40,
        "BoostClass": "BOOST_TRIGGER_HAVE_X_BUILDINGS",
        "BoostID": 76,
        "BoostingCivicType": null,
        "BoostingTechType": null,
        "BuildingType": "BUILDING_UNIVERSITY",
        "CivicType": null,
        "DistrictType": null,
        "GovernmentSlotType": null,
        "GovernmentTierType": null,
        "ImprovementType": null,
        "NumItems": 2,
        "RequirementSetId": null,
        "RequiresResource": 0,
        "ResourceType": null,
        "TechnologyType": "TECH_PRINTING",
        "TriggerDescription": "LOC_BOOST_TRIGGER_PRINTING",
        "TriggerId": 0,
        "TriggerLongDescription": "LOC_BOOST_TRIGGER_LONGDESC_PRINTING",
        "Unit1Type": null,
        "Unit2Type": null
    },
    {
        "Boost": 40,
        "BoostClass": "BOOST_TRIGGER_KILL_WITH",
        "BoostID": 77,
        "BoostingCivicType": null,
        "BoostingTechType": null,
        "BuildingType": null,
        "CivicType": null,
        "DistrictType": null,
        "GovernmentSlotType": null,
        "GovernmentTierType": null,
        "ImprovementType": null,
        "NumItems": 0,
        "RequirementSetId": null,
        "RequiresResource": 0,
        "ResourceType": null,
        "TechnologyType": "TECH_SQUARE_RIGGING",
        "TriggerDescription": "LOC_BOOST_TRIGGER_SQUARE_RIGGING",
        "TriggerId": 0,
        "TriggerLongDescription": "LOC_BOOST_TRIGGER_LONGDESC_SQUARE_RIGGING",
        "Unit1Type": "UNIT_MUSKETMAN",
        "Unit2Type": null
    },
    {
        "Boost": 40,
        "BoostClass": "BOOST_TRIGGER_HAVE_BUILDING_MOUNTAIN",
        "BoostID": 78,
        "BoostingCivicType": null,
        "BoostingTechType": null,
        "BuildingType": "BUILDING_UNIVERSITY",
        "CivicType": null,
        "DistrictType": null,
        "GovernmentSlotType": null,
        "GovernmentTierType": null,
        "ImprovementType": null,
        "NumItems": 0,
        "RequirementSetId": null,
        "RequiresResource": 0,
        "ResourceType": null,
        "TechnologyType": "TECH_ASTRONOMY",
        "TriggerDescription": "LOC_BOOST_TRIGGER_ASTRONOMY",
        "TriggerId": 0,
        "TriggerLongDescription": "LOC_BOOST_TRIGGER_LONGDESC_ASTRONOMY",
        "Unit1Type": null,
        "Unit2Type": null
    },
    {
        "Boost": 40,
        "BoostClass": "BOOST_TRIGGER_OWN_X_UNITS_OF_TYPE",
        "BoostID": 79,
        "BoostingCivicType": null,
        "BoostingTechType": null,
        "BuildingType": null,
        "CivicType": null,
        "DistrictType": null,
        "GovernmentSlotType": null,
        "GovernmentTierType": null,
        "ImprovementType": null,
        "NumItems": 2,
        "RequirementSetId": null,
        "RequiresResource": 0,
        "ResourceType": null,
        "TechnologyType": "TECH_METAL_CASTING",
        "TriggerDescription": "LOC_BOOST_TRIGGER_METAL_CASTING",
        "TriggerId": 0,
        "TriggerLongDescription": "LOC_BOOST_TRIGGER_LONGDESC_METAL_CASTING",
        "Unit1Type": "UNIT_CROSSBOWMAN",
        "Unit2Type": null
    },
    {
        "Boost": 40,
        "BoostClass": "BOOST_TRIGGER_OWN_X_UNITS_OF_TYPE",
        "BoostID": 80,
        "BoostingCivicType": null,
        "BoostingTechType": null,
        "BuildingType": null,
        "CivicType": null,
        "DistrictType": null,
        "GovernmentSlotType": null,
        "GovernmentTierType": null,
        "ImprovementType": null,
        "NumItems": 2,
        "RequirementSetId": null,
        "RequiresResource": 0,
        "ResourceType": null,
        "TechnologyType": "TECH_SIEGE_TACTICS",
        "TriggerDescription": "LOC_BOOST_TRIGGER_SIEGE_TACTICS",
        "TriggerId": 0,
        "TriggerLongDescription": "LOC_BOOST_TRIGGER_LONGDESC_SIEGE_TACTICS",
        "Unit1Type": "UNIT_TREBUCHET",
        "Unit2Type": null
    },
    {
        "Boost": 40,
        "BoostClass": "BOOST_TRIGGER_HAVE_X_BUILDINGS",
        "BoostID": 81,
        "BoostingCivicType": null,
        "BoostingTechType": null,
        "BuildingType": "BUILDING_WORKSHOP",
        "CivicType": null,
        "DistrictType": null,
        "GovernmentSlotType": null,
        "GovernmentTierType": null,
        "ImprovementType": null,
        "NumItems": 2,
        "RequirementSetId": null,
        "RequiresResource": 0,
        "ResourceType": null,
        "TechnologyType": "TECH_INDUSTRIALIZATION",
        "TriggerDescription": "LOC_BOOST_TRIGGER_INDUSTRIALIZATION_XP2",
        "TriggerId": 0,
        "TriggerLongDescription": "LOC_BOOST_TRIGGER_LONGDESC_INDUSTRIALIZATION",
        "Unit1Type": null,
        "Unit2Type": null
    },
    {
        "Boost": 40,
        "BoostClass": "BOOST_TRIGGER_CULTURVATE_CIVIC",
        "BoostID": 82,
        "BoostingCivicType": "CIVIC_THE_ENLIGHTENMENT",
        "BoostingTechType": null,
        "BuildingType": null,
        "CivicType": null,
        "DistrictType": null,
        "GovernmentSlotType": null,
        "GovernmentTierType": null,
        "ImprovementType": null,
        "NumItems": 0,
        "RequirementSetId": null,
        "RequiresResource": 0,
        "ResourceType": null,
        "TechnologyType": "TECH_SCIENTIFIC_THEORY",
        "TriggerDescription": "LOC_BOOST_TRIGGER_SCIENTIFIC_THEORY",
        "TriggerId": 0,
        "TriggerLongDescription": "LOC_BOOST_TRIGGER_LONGDESC_SCIENTIFIC_THEORY",
        "Unit1Type": null,
        "Unit2Type": null
    },
    {
        "Boost": 40,
        "BoostClass": "BOOST_TRIGGER_HAVE_X_IMPROVEMENTS",
        "BoostID": 83,
        "BoostingCivicType": null,
        "BoostingTechType": null,
        "BuildingType": null,
        "CivicType": null,
        "DistrictType": null,
        "GovernmentSlotType": null,
        "GovernmentTierType": null,
        "ImprovementType": "IMPROVEMENT_FORT",
        "NumItems": 2,
        "RequirementSetId": null,
        "RequiresResource": 0,
        "ResourceType": null,
        "TechnologyType": "TECH_BALLISTICS",
        "TriggerDescription": "LOC_BOOST_TRIGGER_BALLISTICS",
        "TriggerId": 0,
        "TriggerLongDescription": "LOC_BOOST_TRIGGER_LONGDESC_BALLISTICS",
        "Unit1Type": null,
        "Unit2Type": null
    },
    {
        "Boost": 40,
        "BoostClass": "BOOST_TRIGGER_KILL_WITH",
        "BoostID": 84,
        "BoostingCivicType": null,
        "BoostingTechType": null,
        "BuildingType": null,
        "CivicType": null,
        "DistrictType": null,
        "GovernmentSlotType": null,
        "GovernmentTierType": null,
        "ImprovementType": null,
        "NumItems": 0,
        "RequirementSetId": null,
        "RequiresResource": 0,
        "ResourceType": null,
        "TechnologyType": "TECH_MILITARY_SCIENCE",
        "TriggerDescription": "LOC_BOOST_TRIGGER_MILITARY_SCIENCE",
        "TriggerId": 0,
        "TriggerLongDescription": "LOC_BOOST_TRIGGER_LONGDESC_MILITARY_SCIENCE",
        "Unit1Type": "UNIT_KNIGHT",
        "Unit2Type": null
    },
    {
        "Boost": 40,
        "BoostClass": "BOOST_TRIGGER_HAVE_X_BUILDINGS",
        "BoostID": 85,
        "BoostingCivicType": null,
        "BoostingTechType": null,
        "BuildingType": "BUILDING_SHIPYARD",
        "CivicType": null,
        "DistrictType": null,
        "GovernmentSlotType": null,
        "GovernmentTierType": null,
        "ImprovementType": null,
        "NumItems": 2,
        "RequirementSetId": null,
        "RequiresResource": 0,
        "ResourceType": null,
        "TechnologyType": "TECH_STEAM_POWER",
        "TriggerDescription": "LOC_BOOST_TRIGGER_STEAM_POWER",
        "TriggerId": 0,
        "TriggerLongDescription": "LOC_BOOST_TRIGGER_LONGDESC_STEAM_POWER",
        "Unit1Type": null,
        "Unit2Type": null
    },
    {
        "Boost": 40,
        "BoostClass": "BOOST_TRIGGER_HAVE_X_DISTRICTS",
        "BoostID": 86,
        "BoostingCivicType": null,
        "BoostingTechType": null,
        "BuildingType": null,
        "CivicType": null,
        "DistrictType": "DISTRICT_NEIGHBORHOOD",
        "GovernmentSlotType": null,
        "GovernmentTierType": null,
        "ImprovementType": null,
        "NumItems": 2,
        "RequirementSetId": null,
        "RequiresResource": 0,
        "ResourceType": null,
        "TechnologyType": "TECH_SANITATION",
        "TriggerDescription": "LOC_BOOST_TRIGGER_SANITATION",
        "TriggerId": 0,
        "TriggerLongDescription": "LOC_BOOST_TRIGGER_LONGDESC_SANITATION",
        "Unit1Type": null,
        "Unit2Type": null
    },
    {
        "Boost": 40,
        "BoostClass": "BOOST_TRIGGER_HAVE_X_BUILDINGS",
        "BoostID": 87,
        "BoostingCivicType": null,
        "BoostingTechType": null,
        "BuildingType": "BUILDING_BANK",
        "CivicType": null,
        "DistrictType": null,
        "GovernmentSlotType": null,
        "GovernmentTierType": null,
        "ImprovementType": null,
        "NumItems": 2,
        "RequirementSetId": null,
        "RequiresResource": 0,
        "ResourceType": null,
        "TechnologyType": "TECH_ECONOMICS",
        "TriggerDescription": "LOC_BOOST_TRIGGER_ECONOMICS",
        "TriggerId": 0,
        "TriggerLongDescription": "LOC_BOOST_TRIGGER_LONGDESC_ECONOMICS",
        "Unit1Type": null,
        "Unit2Type": null
    },
    {
        "Boost": 40,
        "BoostClass": "BOOST_TRIGGER_IMPROVE_SPECIFIC_RESOURCE",
        "BoostID": 88,
        "BoostingCivicType": null,
        "BoostingTechType": null,
        "BuildingType": null,
        "CivicType": null,
        "DistrictType": null,
        "GovernmentSlotType": null,
        "GovernmentTierType": null,
        "ImprovementType": "IMPROVEMENT_MINE",
        "NumItems": 0,
        "RequirementSetId": null,
        "RequiresResource": 0,
        "ResourceType": "RESOURCE_NITER",
        "TechnologyType": "TECH_RIFLING",
        "TriggerDescription": "LOC_BOOST_TRIGGER_RIFLING",
        "TriggerId": 0,
        "TriggerLongDescription": "LOC_BOOST_TRIGGER_LONGDESC_RIFLING",
        "Unit1Type": null,
        "Unit2Type": null
    },
    {
        "Boost": 40,
        "BoostClass": "BOOST_TRIGGER_HAVE_WONDER_PAST_X_ERA",
        "BoostID": 89,
        "BoostingCivicType": null,
        "BoostingTechType": null,
        "BuildingType": null,
        "CivicType": null,
        "DistrictType": null,
        "GovernmentSlotType": null,
        "GovernmentTierType": null,
        "ImprovementType": null,
        "NumItems": 5,
        "RequirementSetId": null,
        "RequiresResource": 0,
        "ResourceType": null,
        "TechnologyType": "TECH_FLIGHT",
        "TriggerDescription": "LOC_BOOST_TRIGGER_FLIGHT",
        "TriggerId": 0,
        "TriggerLongDescription": "LOC_BOOST_TRIGGER_LONGDESC_FLIGHT",
        "Unit1Type": null,
        "Unit2Type": null
    },
    {
        "Boost": 40,
        "BoostClass": "BOOST_TRIGGER_OWN_X_UNITS_OF_TYPE",
        "BoostID": 90,
        "BoostingCivicType": null,
        "BoostingTechType": null,
        "BuildingType": null,
        "CivicType": null,
        "DistrictType": null,
        "GovernmentSlotType": null,
        "GovernmentTierType": null,
        "ImprovementType": null,
        "NumItems": 3,
        "RequirementSetId": null,
        "RequiresResource": 0,
        "ResourceType": null,
        "TechnologyType": "TECH_REPLACEABLE_PARTS",
        "TriggerDescription": "LOC_BOOST_TRIGGER_REPLACEABLE_PARTS",
        "TriggerId": 0,
        "TriggerLongDescription": "LOC_BOOST_TRIGGER_LONGDESC_REPLACEABLE_PARTS",
        "Unit1Type": "UNIT_LINE_INFANTRY",
        "Unit2Type": null
    },
    {
        "Boost": 40,
        "BoostClass": "BOOST_TRIGGER_HAVE_UNIT_AND_IMPROVEMENT",
        "BoostID": 91,
        "BoostingCivicType": null,
        "BoostingTechType": null,
        "BuildingType": null,
        "CivicType": null,
        "DistrictType": null,
        "GovernmentSlotType": null,
        "GovernmentTierType": null,
        "ImprovementType": "IMPROVEMENT_MINE",
        "NumItems": 0,
        "RequirementSetId": null,
        "RequiresResource": 0,
        "ResourceType": "RESOURCE_COAL",
        "TechnologyType": "TECH_STEEL",
        "TriggerDescription": "LOC_BOOST_TRIGGER_STEEL",
        "TriggerId": 0,
        "TriggerLongDescription": "LOC_BOOST_TRIGGER_LONGDESC_STEEL",
        "Unit1Type": "UNIT_IRONCLAD",
        "Unit2Type": null
    },
    {
        "Boost": 40,
        "BoostClass": "BOOST_TRIGGER_OWN_X_UNITS_OF_TYPE",
        "BoostID": 92,
        "BoostingCivicType": null,
        "BoostingTechType": null,
        "BuildingType": null,
        "CivicType": null,
        "DistrictType": null,
        "GovernmentSlotType": null,
        "GovernmentTierType": null,
        "ImprovementType": null,
        "NumItems": 2,
        "RequirementSetId": null,
        "RequiresResource": 0,
        "ResourceType": null,
        "TechnologyType": "TECH_ELECTRICITY",
        "TriggerDescription": "LOC_BOOST_TRIGGER_ELECTRICITY_XP2",
        "TriggerId": 0,
        "TriggerLongDescription": "LOC_BOOST_TRIGGER_LONGDESC_ELECTRICITY",
        "Unit1Type": "UNIT_PRIVATEER",
        "Unit2Type": null
    },
    {
        "Boost": 40,
        "BoostClass": "BOOST_TRIGGER_CREATED_NATIONAL_PARK",
        "BoostID": 93,
        "BoostingCivicType": null,
        "BoostingTechType": null,
        "BuildingType": null,
        "CivicType": null,
        "DistrictType": null,
        "GovernmentSlotType": null,
        "GovernmentTierType": null,
        "ImprovementType": null,
        "NumItems": 0,
        "RequirementSetId": null,
        "RequiresResource": 0,
        "ResourceType": null,
        "TechnologyType": "TECH_RADIO",
        "TriggerDescription": "LOC_BOOST_TRIGGER_RADIO",
        "TriggerId": 0,
        "TriggerLongDescription": "LOC_BOOST_TRIGGER_LONGDESC_RADIO",
        "Unit1Type": null,
        "Unit2Type": null
    },
    {
        "Boost": 40,
        "BoostClass": "BOOST_TRIGGER_HAVE_ALLIANCE_LEVEL_X",
        "BoostID": 94,
        "BoostingCivicType": null,
        "BoostingTechType": null,
        "BuildingType": null,
        "CivicType": null,
        "DistrictType": null,
        "GovernmentSlotType": null,
        "GovernmentTierType": null,
        "ImprovementType": null,
        "NumItems": 2,
        "RequirementSetId": null,
        "RequiresResource": 0,
        "ResourceType": null,
        "TechnologyType": "TECH_CHEMISTRY",
        "TriggerDescription": "LOC_BOOST_TRIGGER_CHEMISTRY",
        "TriggerId": 0,
        "TriggerLongDescription": "LOC_BOOST_TRIGGER_LONGDESC_CHEMISTRY",
        "Unit1Type": null,
        "Unit2Type": null
    },
    {
        "Boost": 40,
        "BoostClass": "BOOST_TRIGGER_ARTIFACT_EXTRACTED",
        "BoostID": 95,
        "BoostingCivicType": null,
        "BoostingTechType": null,
        "BuildingType": null,
        "CivicType": null,
        "DistrictType": null,
        "GovernmentSlotType": null,
        "GovernmentTierType": null,
        "ImprovementType": null,
        "NumItems": 0,
        "RequirementSetId": null,
        "RequiresResource": 0,
        "ResourceType": null,
        "TechnologyType": "TECH_COMBUSTION",
        "TriggerDescription": "LOC_BOOST_TRIGGER_COMBUSTION",
        "TriggerId": 0,
        "TriggerLongDescription": "LOC_BOOST_TRIGGER_LONGDESC_COMBUSTION",
        "Unit1Type": null,
        "Unit2Type": null
    },
    {
        "Boost": 40,
        "BoostClass": "BOOST_TRIGGER_OWN_X_UNITS_OF_TYPE",
        "BoostID": 96,
        "BoostingCivicType": null,
        "BoostingTechType": null,
        "BuildingType": null,
        "CivicType": null,
        "DistrictType": null,
        "GovernmentSlotType": null,
        "GovernmentTierType": null,
        "ImprovementType": null,
        "NumItems": 2,
        "RequirementSetId": null,
        "RequiresResource": 0,
        "ResourceType": null,
        "TechnologyType": "TECH_ADVANCED_FLIGHT",
        "TriggerDescription": "LOC_BOOST_TRIGGER_ADVANCED_FLIGHT_XP2",
        "TriggerId": 0,
        "TriggerLongDescription": "LOC_BOOST_TRIGGER_LONGDESC_ADVANCED_FLIGHT",
        "Unit1Type": "UNIT_BIPLANE",
        "Unit2Type": null
    },
    {
        "Boost": 40,
        "BoostClass": "BOOST_TRIGGER_NONE_LATE_GAME_CRITICAL_TECH",
        "BoostID": 97,
        "BoostingCivicType": null,
        "BoostingTechType": null,
        "BuildingType": null,
        "CivicType": null,
        "DistrictType": null,
        "GovernmentSlotType": null,
        "GovernmentTierType": null,
        "ImprovementType": null,
        "NumItems": 0,
        "RequirementSetId": null,
        "RequiresResource": 0,
        "ResourceType": null,
        "TechnologyType": "TECH_ROCKETRY",
        "TriggerDescription": "LOC_BOOST_TRIGGER_MUST_STEAL",
        "TriggerId": 0,
        "TriggerLongDescription": "Critical late game tech - boost description not needed",
        "Unit1Type": null,
        "Unit2Type": null
    },
    {
        "Boost": 40,
        "BoostClass": "BOOST_TRIGGER_HAVE_X_BUILDINGS",
        "BoostID": 98,
        "BoostingCivicType": null,
        "BoostingTechType": null,
        "BuildingType": "BUILDING_FOSSIL_FUEL_POWER_PLANT",
        "CivicType": null,
        "DistrictType": null,
        "GovernmentSlotType": null,
        "GovernmentTierType": null,
        "ImprovementType": null,
        "NumItems": 1,
        "RequirementSetId": null,
        "RequiresResource": 0,
        "ResourceType": null,
        "TechnologyType": "TECH_ADVANCED_BALLISTICS",
        "TriggerDescription": "LOC_BOOST_TRIGGER_ADVANCED_BALLISTICS",
        "TriggerId": 0,
        "TriggerLongDescription": "LOC_BOOST_TRIGGER_LONGDESC_ADVANCED_BALLISTICS",
        "Unit1Type": null,
        "Unit2Type": null
    },
    {
        "Boost": 40,
        "BoostClass": "BOOST_TRIGGER_HAVE_X_ARMIES",
        "BoostID": 99,
        "BoostingCivicType": null,
        "BoostingTechType": null,
        "BuildingType": null,
        "CivicType": null,
        "DistrictType": null,
        "GovernmentSlotType": null,
        "GovernmentTierType": null,
        "ImprovementType": null,
        "NumItems": 3,
        "RequirementSetId": null,
        "RequiresResource": 0,
        "ResourceType": null,
        "TechnologyType": "TECH_COMBINED_ARMS",
        "TriggerDescription": "LOC_BOOST_TRIGGER_COMBINED_ARMS",
        "TriggerId": 0,
        "TriggerLongDescription": "LOC_BOOST_TRIGGER_LONGDESC_COMBINED_ARMS",
        "Unit1Type": null,
        "Unit2Type": null
    },
    {
        "Boost": 40,
        "BoostClass": "BOOST_TRIGGER_IMPROVE_SPECIFIC_RESOURCE",
        "BoostID": 100,
        "BoostingCivicType": null,
        "BoostingTechType": null,
        "BuildingType": null,
        "CivicType": null,
        "DistrictType": null,
        "GovernmentSlotType": null,
        "GovernmentTierType": null,
        "ImprovementType": "IMPROVEMENT_OIL_WELL",
        "NumItems": 0,
        "RequirementSetId": null,
        "RequiresResource": 0,
        "ResourceType": "RESOURCE_OIL",
        "TechnologyType": "TECH_PLASTICS",
        "TriggerDescription": "LOC_BOOST_TRIGGER_PLASTICS",
        "TriggerId": 0,
        "TriggerLongDescription": "LOC_BOOST_TRIGGER_LONGDESC_PLASTICS",
        "Unit1Type": null,
        "Unit2Type": null
    },
    {
        "Boost": 40,
        "BoostClass": "BOOST_TRIGGER_HAVE_GOVERNMENT_TIER",
        "BoostID": 101,
        "BoostingCivicType": null,
        "BoostingTechType": null,
        "BuildingType": null,
        "CivicType": null,
        "DistrictType": null,
        "GovernmentSlotType": null,
        "GovernmentTierType": "Tier3",
        "ImprovementType": null,
        "NumItems": 8,
        "RequirementSetId": null,
        "RequiresResource": 0,
        "ResourceType": null,
        "TechnologyType": "TECH_COMPUTERS",
        "TriggerDescription": "LOC_BOOST_TRIGGER_COMPUTERS",
        "TriggerId": 0,
        "TriggerLongDescription": "LOC_BOOST_TRIGGER_LONGDESC_COMPUTERS",
        "Unit1Type": null,
        "Unit2Type": null
    },
    {
        "Boost": 40,
        "BoostClass": "BOOST_TRIGGER_NONE_LATE_GAME_CRITICAL_TECH",
        "BoostID": 102,
        "BoostingCivicType": null,
        "BoostingTechType": null,
        "BuildingType": null,
        "CivicType": null,
        "DistrictType": null,
        "GovernmentSlotType": null,
        "GovernmentTierType": null,
        "ImprovementType": null,
        "NumItems": 0,
        "RequirementSetId": null,
        "RequiresResource": 0,
        "ResourceType": null,
        "TechnologyType": "TECH_NUCLEAR_FISSION",
        "TriggerDescription": "LOC_BOOST_TRIGGER_MUST_STEAL",
        "TriggerId": 0,
        "TriggerLongDescription": "Critical late game tech - boost description not needed",
        "Unit1Type": null,
        "Unit2Type": null
    },
    {
        "Boost": 40,
        "BoostClass": "BOOST_TRIGGER_HAVE_X_DISTRICTS",
        "BoostID": 103,
        "BoostingCivicType": null,
        "BoostingTechType": null,
        "BuildingType": null,
        "CivicType": null,
        "DistrictType": "DISTRICT_AERODROME",
        "GovernmentSlotType": null,
        "GovernmentTierType": null,
        "ImprovementType": null,
        "NumItems": 2,
        "RequirementSetId": null,
        "RequiresResource": 0,
        "ResourceType": null,
        "TechnologyType": "TECH_SYNTHETIC_MATERIALS",
        "TriggerDescription": "LOC_BOOST_TRIGGER_SYNTHETIC_MATERIALS",
        "TriggerId": 0,
        "TriggerLongDescription": "LOC_BOOST_TRIGGER_LONGDESC_SYNTHETIC_MATERIALS",
        "Unit1Type": null,
        "Unit2Type": null
    },
    {
        "Boost": 40,
        "BoostClass": "BOOST_TRIGGER_NONE_LATE_GAME_CRITICAL_TECH",
        "BoostID": 104,
        "BoostingCivicType": null,
        "BoostingTechType": null,
        "BuildingType": null,
        "CivicType": null,
        "DistrictType": null,
        "GovernmentSlotType": null,
        "GovernmentTierType": null,
        "ImprovementType": null,
        "NumItems": 0,
        "RequirementSetId": null,
        "RequiresResource": 0,
        "ResourceType": null,
        "TechnologyType": "TECH_TELECOMMUNICATIONS",
        "TriggerDescription": "LOC_BOOST_TRIGGER_MUST_STEAL",
        "TriggerId": 0,
        "TriggerLongDescription": "Critical late game tech - boost description not needed",
        "Unit1Type": null,
        "Unit2Type": null
    },
    {
        "Boost": 40,
        "BoostClass": "BOOST_TRIGGER_HAVE_X_BUILDINGS",
        "BoostID": 105,
        "BoostingCivicType": null,
        "BoostingTechType": null,
        "BuildingType": "BUILDING_BROADCAST_CENTER",
        "CivicType": null,
        "DistrictType": null,
        "GovernmentSlotType": null,
        "GovernmentTierType": null,
        "ImprovementType": null,
        "NumItems": 2,
        "RequirementSetId": null,
        "RequiresResource": 0,
        "ResourceType": null,
        "TechnologyType": "TECH_SATELLITES",
        "TriggerDescription": "LOC_BOOST_TRIGGER_TELECOMMUNICATIONS",
        "TriggerId": 0,
        "TriggerLongDescription": "LOC_BOOST_TRIGGER_LONGDESC_TELECOMMUNICATIONS",
        "Unit1Type": null,
        "Unit2Type": null
    },
    {
        "Boost": 40,
        "BoostClass": "BOOST_TRIGGER_KILL_SPECIFIC_UNIT",
        "BoostID": 106,
        "BoostingCivicType": null,
        "BoostingTechType": null,
        "BuildingType": null,
        "CivicType": null,
        "DistrictType": null,
        "GovernmentSlotType": null,
        "GovernmentTierType": null,
        "ImprovementType": null,
        "NumItems": 0,
        "RequirementSetId": null,
        "RequiresResource": 0,
        "ResourceType": null,
        "TechnologyType": "TECH_GUIDANCE_SYSTEMS",
        "TriggerDescription": "LOC_BOOST_TRIGGER_GUIDANCE_SYSTEMS",
        "TriggerId": 0,
        "TriggerLongDescription": "LOC_BOOST_TRIGGER_LONGDESC_GUIDANCE_SYSTEMS",
        "Unit1Type": "UNIT_FIGHTER",
        "Unit2Type": null
    },
    {
        "Boost": 40,
        "BoostClass": "BOOST_TRIGGER_OWN_X_UNITS_OF_TYPE",
        "BoostID": 107,
        "BoostingCivicType": null,
        "BoostingTechType": null,
        "BuildingType": null,
        "CivicType": null,
        "DistrictType": null,
        "GovernmentSlotType": null,
        "GovernmentTierType": null,
        "ImprovementType": null,
        "NumItems": 2,
        "RequirementSetId": null,
        "RequiresResource": 0,
        "ResourceType": null,
        "TechnologyType": "TECH_LASERS",
        "TriggerDescription": "LOC_BOOST_TRIGGER_LASERS_XP2",
        "TriggerId": 0,
        "TriggerLongDescription": "LOC_BOOST_TRIGGER_LONGDESC_LASERS_XP2",
        "Unit1Type": "UNIT_DRONE",
        "Unit2Type": null
    },
    {
        "Boost": 40,
        "BoostClass": "BOOST_TRIGGER_OWN_X_UNITS_OF_TYPE",
        "BoostID": 108,
        "BoostingCivicType": null,
        "BoostingTechType": null,
        "BuildingType": null,
        "CivicType": null,
        "DistrictType": null,
        "GovernmentSlotType": null,
        "GovernmentTierType": null,
        "ImprovementType": null,
        "NumItems": 3,
        "RequirementSetId": null,
        "RequiresResource": 0,
        "ResourceType": null,
        "TechnologyType": "TECH_COMPOSITES",
        "TriggerDescription": "LOC_BOOST_TRIGGER_COMPOSITES",
        "TriggerId": 0,
        "TriggerLongDescription": "LOC_BOOST_TRIGGER_LONGDESC_COMPOSITES",
        "Unit1Type": "UNIT_TANK",
        "Unit2Type": null
    },
    {
        "Boost": 40,
        "BoostClass": "BOOST_TRIGGER_NONE_LATE_GAME_CRITICAL_TECH",
        "BoostID": 109,
        "BoostingCivicType": null,
        "BoostingTechType": null,
        "BuildingType": null,
        "CivicType": null,
        "DistrictType": null,
        "GovernmentSlotType": null,
        "GovernmentTierType": null,
        "ImprovementType": null,
        "NumItems": 0,
        "RequirementSetId": null,
        "RequiresResource": 0,
        "ResourceType": null,
        "TechnologyType": "TECH_STEALTH_TECHNOLOGY",
        "TriggerDescription": "LOC_BOOST_TRIGGER_MUST_STEAL",
        "TriggerId": 0,
        "TriggerLongDescription": "Critical late game tech - boost description not needed",
        "Unit1Type": null,
        "Unit2Type": null
    },
    {
        "Boost": 40,
        "BoostClass": "BOOST_TRIGGER_CULTURVATE_CIVIC",
        "BoostID": 110,
        "BoostingCivicType": "CIVIC_GLOBALIZATION",
        "BoostingTechType": null,
        "BuildingType": null,
        "CivicType": null,
        "DistrictType": null,
        "GovernmentSlotType": null,
        "GovernmentTierType": null,
        "ImprovementType": null,
        "NumItems": 0,
        "RequirementSetId": null,
        "RequiresResource": 0,
        "ResourceType": null,
        "TechnologyType": "TECH_ROBOTICS",
        "TriggerDescription": "LOC_BOOST_TRIGGER_ROBOTICS",
        "TriggerId": 0,
        "TriggerLongDescription": "LOC_BOOST_TRIGGER_LONGDESC_ROBOTICS",
        "Unit1Type": null,
        "Unit2Type": null
    },
    {
        "Boost": 40,
        "BoostClass": "BOOST_TRIGGER_HAVE_X_BUILDINGS",
        "BoostID": 111,
        "BoostingCivicType": null,
        "BoostingTechType": null,
        "BuildingType": "BUILDING_POWER_PLANT",
        "CivicType": null,
        "DistrictType": null,
        "GovernmentSlotType": null,
        "GovernmentTierType": null,
        "ImprovementType": null,
        "NumItems": 1,
        "RequirementSetId": null,
        "RequiresResource": 0,
        "ResourceType": null,
        "TechnologyType": "TECH_NUCLEAR_FUSION",
        "TriggerDescription": "LOC_BOOST_TRIGGER_NUCLEAR_FUSION_XP2",
        "TriggerId": 0,
        "TriggerLongDescription": "LOC_BOOST_TRIGGER_LONGDESC_NUCLEAR_FUSION_XP2",
        "Unit1Type": null,
        "Unit2Type": null
    },
    {
        "Boost": 40,
        "BoostClass": "BOOST_TRIGGER_IMPROVE_SPECIFIC_RESOURCE",
        "BoostID": 112,
        "BoostingCivicType": null,
        "BoostingTechType": null,
        "BuildingType": null,
        "CivicType": null,
        "DistrictType": null,
        "GovernmentSlotType": null,
        "GovernmentTierType": null,
        "ImprovementType": "IMPROVEMENT_MINE",
        "NumItems": 0,
        "RequirementSetId": null,
        "RequiresResource": 0,
        "ResourceType": "RESOURCE_ALUMINUM",
        "TechnologyType": "TECH_NANOTECHNOLOGY",
        "TriggerDescription": "LOC_BOOST_TRIGGER_NANOTECHNOLOGY",
        "TriggerId": 0,
        "TriggerLongDescription": "LOC_BOOST_TRIGGER_LONGDESC_NANOTECHNOLOGY",
        "Unit1Type": null,
        "Unit2Type": null
    },
    {
        "Boost": 40,
        "BoostClass": "BOOST_TRIGGER_HAVE_X_IMPROVEMENTS",
        "BoostID": 113,
        "BoostingCivicType": null,
        "BoostingTechType": null,
        "BuildingType": null,
        "CivicType": "CIVIC_ENVIRONMENTALISM",
        "DistrictType": null,
        "GovernmentSlotType": null,
        "GovernmentTierType": null,
        "ImprovementType": "IMPROVEMENT_SOLAR_FARM",
        "NumItems": 2,
        "RequirementSetId": null,
        "RequiresResource": 0,
        "ResourceType": null,
        "TechnologyType": null,
        "TriggerDescription": "LOC_BOOST_TRIGGER_ENVIRONMENTALISM",
        "TriggerId": 0,
        "TriggerLongDescription": "LOC_BOOST_TRIGGER_LONGDESC_ENVIRONMENTALISM",
        "Unit1Type": null,
        "Unit2Type": null
    },
    {
        "Boost": 40,
        "BoostClass": "BOOST_TRIGGER_IMPROVE_SPECIFIC_RESOURCE",
        "BoostID": 114,
        "BoostingCivicType": null,
        "BoostingTechType": null,
        "BuildingType": null,
        "CivicType": "CIVIC_CORPORATE_LIBERTARIANISM",
        "DistrictType": null,
        "GovernmentSlotType": null,
        "GovernmentTierType": null,
        "ImprovementType": "IMPROVEMENT_MINE",
        "NumItems": 0,
        "RequirementSetId": null,
        "RequiresResource": 0,
        "ResourceType": "RESOURCE_URANIUM",
        "TechnologyType": null,
        "TriggerDescription": "LOC_BOOST_TRIGGER_CORPORATE_LIBERTARIANISM",
        "TriggerId": 0,
        "TriggerLongDescription": "LOC_BOOST_TRIGGER_LONGDESC_CORPORATE_LIBERTARIANISM",
        "Unit1Type": null,
        "Unit2Type": null
    },
    {
        "Boost": 40,
        "BoostClass": "BOOST_TRIGGER_TRAIN_UNIT",
        "BoostID": 115,
        "BoostingCivicType": null,
        "BoostingTechType": null,
        "BuildingType": null,
        "CivicType": "CIVIC_DIGITAL_DEMOCRACY",
        "DistrictType": null,
        "GovernmentSlotType": null,
        "GovernmentTierType": null,
        "ImprovementType": null,
        "NumItems": 0,
        "RequirementSetId": null,
        "RequiresResource": 0,
        "ResourceType": null,
        "TechnologyType": null,
        "TriggerDescription": "LOC_BOOST_TRIGGER_DIGITAL_DEMOCRACY",
        "TriggerId": 0,
        "TriggerLongDescription": "LOC_BOOST_TRIGGER_LONGDESC_DIGITAL_DEMOCRACY",
        "Unit1Type": "UNIT_ROCK_BAND",
        "Unit2Type": null
    },
    {
        "Boost": 40,
        "BoostClass": "BOOST_TRIGGER_RESEARCH_TECH",
        "BoostID": 116,
        "BoostingCivicType": null,
        "BoostingTechType": "TECH_ROBOTICS",
        "BuildingType": null,
        "CivicType": "CIVIC_SYNTHETIC_TECHNOCRACY",
        "DistrictType": null,
        "GovernmentSlotType": null,
        "GovernmentTierType": null,
        "ImprovementType": null,
        "NumItems": 0,
        "RequirementSetId": null,
        "RequiresResource": 0,
        "ResourceType": null,
        "TechnologyType": null,
        "TriggerDescription": "LOC_BOOST_TRIGGER_SYNTHETIC_TECHNOCRACY",
        "TriggerId": 0,
        "TriggerLongDescription": "LOC_BOOST_TRIGGER_LONGDESC_SYNTHETIC_TECHNOCRACY",
        "Unit1Type": null,
        "Unit2Type": null
    },
    {
        "Boost": 90,
        "BoostClass": "BOOST_TRIGGER_HAVE_GOVERNMENT_TIER",
        "BoostID": 117,
        "BoostingCivicType": null,
        "BoostingTechType": null,
        "BuildingType": null,
        "CivicType": "CIVIC_NEAR_FUTURE_GOVERNANCE",
        "DistrictType": null,
        "GovernmentSlotType": null,
        "GovernmentTierType": "Tier4",
        "ImprovementType": null,
        "NumItems": 0,
        "RequirementSetId": null,
        "RequiresResource": 0,
        "ResourceType": null,
        "TechnologyType": null,
        "TriggerDescription": "LOC_BOOST_TRIGGER_NEAR_FUTURE_GOVERNANCE",
        "TriggerId": 0,
        "TriggerLongDescription": "LOC_BOOST_TRIGGER_LONGDESC_NEAR_FUTURE_GOVERNANCE",
        "Unit1Type": null,
        "Unit2Type": null
    },
    {
        "Boost": 40,
        "BoostClass": "BOOST_TRIGGER_HAVE_WONDER_PAST_X_ERA",
        "BoostID": 118,
        "BoostingCivicType": null,
        "BoostingTechType": null,
        "BuildingType": null,
        "CivicType": null,
        "DistrictType": null,
        "GovernmentSlotType": null,
        "GovernmentTierType": null,
        "ImprovementType": null,
        "NumItems": 2,
        "RequirementSetId": null,
        "RequiresResource": 0,
        "ResourceType": null,
        "TechnologyType": "TECH_BUTTRESS",
        "TriggerDescription": "LOC_BOOST_TRIGGER_BUTTRESS",
        "TriggerId": 0,
        "TriggerLongDescription": "LOC_BOOST_TRIGGER_LONGDESC_BUTTRESS",
        "Unit1Type": null,
        "Unit2Type": null
    },
    {
        "Boost": 40,
        "BoostClass": "BOOST_TRIGGER_HAVE_X_BUILDINGS",
        "BoostID": 119,
        "BoostingCivicType": null,
        "BoostingTechType": null,
        "BuildingType": "BUILDING_COAL_POWER_PLANT",
        "CivicType": null,
        "DistrictType": null,
        "GovernmentSlotType": null,
        "GovernmentTierType": null,
        "ImprovementType": null,
        "NumItems": 1,
        "RequirementSetId": null,
        "RequiresResource": 0,
        "ResourceType": null,
        "TechnologyType": "TECH_REFINING",
        "TriggerDescription": "LOC_BOOST_TRIGGER_REFINING",
        "TriggerId": 0,
        "TriggerLongDescription": "LOC_BOOST_TRIGGER_LONGDESC_REFINING",
        "Unit1Type": null,
        "Unit2Type": null
    },
    {
        "Boost": 40,
        "BoostClass": "BOOST_TRIGGER_NONE_LATE_GAME_CRITICAL_TECH",
        "BoostID": 120,
        "BoostingCivicType": null,
        "BoostingTechType": null,
        "BuildingType": null,
        "CivicType": null,
        "DistrictType": null,
        "GovernmentSlotType": null,
        "GovernmentTierType": null,
        "ImprovementType": null,
        "NumItems": 0,
        "RequirementSetId": null,
        "RequiresResource": 0,
        "ResourceType": null,
        "TechnologyType": "TECH_SEASTEADS",
        "TriggerDescription": "LOC_BOOST_TRIGGER_MUST_STEAL_NO_GREAT_SCIENTIST",
        "TriggerId": 0,
        "TriggerLongDescription": "Critical late game tech - boost description not needed",
        "Unit1Type": null,
        "Unit2Type": null
    },
    {
        "Boost": 40,
        "BoostClass": "BOOST_TRIGGER_NONE_LATE_GAME_CRITICAL_TECH",
        "BoostID": 121,
        "BoostingCivicType": null,
        "BoostingTechType": null,
        "BuildingType": null,
        "CivicType": null,
        "DistrictType": null,
        "GovernmentSlotType": null,
        "GovernmentTierType": null,
        "ImprovementType": null,
        "NumItems": 0,
        "RequirementSetId": null,
        "RequiresResource": 0,
        "ResourceType": null,
        "TechnologyType": "TECH_ADVANCED_AI",
        "TriggerDescription": "LOC_BOOST_TRIGGER_MUST_STEAL_NO_GREAT_SCIENTIST",
        "TriggerId": 0,
        "TriggerLongDescription": "Critical late game tech - boost description not needed",
        "Unit1Type": null,
        "Unit2Type": null
    },
    {
        "Boost": 40,
        "BoostClass": "BOOST_TRIGGER_NONE_LATE_GAME_CRITICAL_TECH",
        "BoostID": 122,
        "BoostingCivicType": null,
        "BoostingTechType": null,
        "BuildingType": null,
        "CivicType": null,
        "DistrictType": null,
        "GovernmentSlotType": null,
        "GovernmentTierType": null,
        "ImprovementType": null,
        "NumItems": 0,
        "RequirementSetId": null,
        "RequiresResource": 0,
        "ResourceType": null,
        "TechnologyType": "TECH_ADVANCED_POWER_CELLS",
        "TriggerDescription": "LOC_BOOST_TRIGGER_MUST_STEAL_NO_GREAT_SCIENTIST",
        "TriggerId": 0,
        "TriggerLongDescription": "Critical late game tech - boost description not needed",
        "Unit1Type": null,
        "Unit2Type": null
    },
    {
        "Boost": 40,
        "BoostClass": "BOOST_TRIGGER_NONE_LATE_GAME_CRITICAL_TECH",
        "BoostID": 123,
        "BoostingCivicType": null,
        "BoostingTechType": null,
        "BuildingType": null,
        "CivicType": null,
        "DistrictType": null,
        "GovernmentSlotType": null,
        "GovernmentTierType": null,
        "ImprovementType": null,
        "NumItems": 0,
        "RequirementSetId": null,
        "RequiresResource": 0,
        "ResourceType": null,
        "TechnologyType": "TECH_CYBERNETICS",
        "TriggerDescription": "LOC_BOOST_TRIGGER_MUST_STEAL_NO_GREAT_SCIENTIST",
        "TriggerId": 0,
        "TriggerLongDescription": "Critical late game tech - boost description not needed",
        "Unit1Type": null,
        "Unit2Type": null
    },
    {
        "Boost": 40,
        "BoostClass": "BOOST_TRIGGER_NONE_LATE_GAME_CRITICAL_TECH",
        "BoostID": 124,
        "BoostingCivicType": null,
        "BoostingTechType": null,
        "BuildingType": null,
        "CivicType": null,
        "DistrictType": null,
        "GovernmentSlotType": null,
        "GovernmentTierType": null,
        "ImprovementType": null,
        "NumItems": 0,
        "RequirementSetId": null,
        "RequiresResource": 0,
        "ResourceType": null,
        "TechnologyType": "TECH_SMART_MATERIALS",
        "TriggerDescription": "LOC_BOOST_TRIGGER_MUST_STEAL_NO_GREAT_SCIENTIST",
        "TriggerId": 0,
        "TriggerLongDescription": "Critical late game tech - boost description not needed",
        "Unit1Type": null,
        "Unit2Type": null
    },
    {
        "Boost": 40,
        "BoostClass": "BOOST_TRIGGER_NONE_LATE_GAME_CRITICAL_TECH",
        "BoostID": 125,
        "BoostingCivicType": null,
        "BoostingTechType": null,
        "BuildingType": null,
        "CivicType": null,
        "DistrictType": null,
        "GovernmentSlotType": null,
        "GovernmentTierType": null,
        "ImprovementType": null,
        "NumItems": 0,
        "RequirementSetId": null,
        "RequiresResource": 0,
        "ResourceType": null,
        "TechnologyType": "TECH_PREDICTIVE_SYSTEMS",
        "TriggerDescription": "LOC_BOOST_TRIGGER_MUST_STEAL_NO_GREAT_SCIENTIST",
        "TriggerId": 0,
        "TriggerLongDescription": "Critical late game tech - boost description not needed",
        "Unit1Type": null,
        "Unit2Type": null
    },
    {
        "Boost": 40,
        "BoostClass": "BOOST_TRIGGER_NONE_LATE_GAME_CRITICAL_TECH",
        "BoostID": 126,
        "BoostingCivicType": null,
        "BoostingTechType": null,
        "BuildingType": null,
        "CivicType": null,
        "DistrictType": null,
        "GovernmentSlotType": null,
        "GovernmentTierType": null,
        "ImprovementType": null,
        "NumItems": 0,
        "RequirementSetId": null,
        "RequiresResource": 0,
        "ResourceType": null,
        "TechnologyType": "TECH_OFFWORLD_MISSION",
        "TriggerDescription": "LOC_BOOST_TRIGGER_MUST_STEAL_NO_GREAT_SCIENTIST",
        "TriggerId": 0,
        "TriggerLongDescription": "Critical late game tech - boost description not needed",
        "Unit1Type": null,
        "Unit2Type": null
    }
]