[
    {
        "BuildingType": "BUILDING_CHICHEN_ITZA",
        "FeatureType": "FEATURE_JUNGLE"
    },
    {
        "BuildingType": "BUILDING_MAHABODHI_TEMPLE",
        "FeatureType": "FEATURE_FOREST"
    },
    {
        "BuildingType": "BUILDING_MONT_ST_MICHEL",
        "FeatureType": "FEATURE_FLOODPLAINS"
    },
    {
        "BuildingType": "BUILDING_MONT_ST_MICHEL",
        "FeatureType": "FEATURE_MARSH"
    },
    {
        "BuildingType": "BUILDING_MONT_ST_MICHEL",
        "FeatureType": "FEATURE_FLOODPLAINS_GRASSLAND"
    },
    {
        "BuildingType": "BUILDING_MONT_ST_MICHEL",
        "FeatureType": "FEATURE_FLOODPLAINS_PLAINS"
    },
    {
        "BuildingType": "BUILDING_GREAT_BATH",
        "FeatureType": "FEATURE_FLOODPLAINS"
    },
    {
        "BuildingType": "BUILDING_GREAT_BATH",
        "FeatureType": "FEATURE_FLOODPLAINS_GRASSLAND"
    },
    {
        "BuildingType": "BUILDING_GREAT_BATH",
        "FeatureType": "FEATURE_FLOODPLAINS_PLAINS"
    },
    {
        "BuildingType": "BUILDING_ETEMENANKI",
        "FeatureType": "FEATURE_FLOODPLAINS"
    },
    {
        "BuildingType": "BUILDING_ETEMENANKI",
        "FeatureType": "FEATURE_MARSH"
    },
    {
        "BuildingType": "BUILDING_ETEMENANKI",
        "FeatureType": "FEATURE_FLOODPLAINS_GRASSLAND"
    },
    {
        "BuildingType": "BUILDING_ETEMENANKI",
        "FeatureType": "FEATURE_FLOODPLAINS_PLAINS"
    }
]