[
    {
        "BlocksCoastalFlooding": 0,
        "Bridge": 0,
        "BuildingType": "BUILDING_FACTORY",
        "CanalWonder": 0,
        "CostMultiplierPerSeaLevel": 0,
        "CostMultiplierPerTile": 0,
        "EntertainmentBonusWithPower": 0,
        "NuclearReactor": 0,
        "Pillage": 1,
        "PreventsDrought": 0,
        "PreventsFloods": 0,
        "RequiredPower": 2,
        "ResourceTypeConvertedToPower": null
    },
    {
        "BlocksCoastalFlooding": 0,
        "Bridge": 0,
        "BuildingType": "BUILDING_ELECTRONICS_FACTORY",
        "CanalWonder": 0,
        "CostMultiplierPerSeaLevel": 0,
        "CostMultiplierPerTile": 0,
        "EntertainmentBonusWithPower": 0,
        "NuclearReactor": 0,
        "Pillage": 1,
        "PreventsDrought": 0,
        "PreventsFloods": 0,
        "RequiredPower": 2,
        "ResourceTypeConvertedToPower": null
    },
    {
        "BlocksCoastalFlooding": 0,
        "Bridge": 0,
        "BuildingType": "BUILDING_COAL_POWER_PLANT",
        "CanalWonder": 0,
        "CostMultiplierPerSeaLevel": 0,
        "CostMultiplierPerTile": 0,
        "EntertainmentBonusWithPower": 0,
        "NuclearReactor": 0,
        "Pillage": 1,
        "PreventsDrought": 0,
        "PreventsFloods": 0,
        "RequiredPower": 0,
        "ResourceTypeConvertedToPower": "RESOURCE_COAL"
    },
    {
        "BlocksCoastalFlooding": 0,
        "Bridge": 0,
        "BuildingType": "BUILDING_FOSSIL_FUEL_POWER_PLANT",
        "CanalWonder": 0,
        "CostMultiplierPerSeaLevel": 0,
        "CostMultiplierPerTile": 0,
        "EntertainmentBonusWithPower": 0,
        "NuclearReactor": 0,
        "Pillage": 1,
        "PreventsDrought": 0,
        "PreventsFloods": 0,
        "RequiredPower": 0,
        "ResourceTypeConvertedToPower": "RESOURCE_OIL"
    },
    {
        "BlocksCoastalFlooding": 0,
        "Bridge": 0,
        "BuildingType": "BUILDING_POWER_PLANT",
        "CanalWonder": 0,
        "CostMultiplierPerSeaLevel": 0,
        "CostMultiplierPerTile": 0,
        "EntertainmentBonusWithPower": 0,
        "NuclearReactor": 1,
        "Pillage": 1,
        "PreventsDrought": 0,
        "PreventsFloods": 0,
        "RequiredPower": 0,
        "ResourceTypeConvertedToPower": "RESOURCE_URANIUM"
    },
    {
        "BlocksCoastalFlooding": 0,
        "Bridge": 0,
        "BuildingType": "BUILDING_STOCK_EXCHANGE",
        "CanalWonder": 0,
        "CostMultiplierPerSeaLevel": 0,
        "CostMultiplierPerTile": 0,
        "EntertainmentBonusWithPower": 0,
        "NuclearReactor": 0,
        "Pillage": 1,
        "PreventsDrought": 0,
        "PreventsFloods": 0,
        "RequiredPower": 3,
        "ResourceTypeConvertedToPower": null
    },
    {
        "BlocksCoastalFlooding": 0,
        "Bridge": 0,
        "BuildingType": "BUILDING_RESEARCH_LAB",
        "CanalWonder": 0,
        "CostMultiplierPerSeaLevel": 0,
        "CostMultiplierPerTile": 0,
        "EntertainmentBonusWithPower": 0,
        "NuclearReactor": 0,
        "Pillage": 1,
        "PreventsDrought": 0,
        "PreventsFloods": 0,
        "RequiredPower": 3,
        "ResourceTypeConvertedToPower": null
    },
    {
        "BlocksCoastalFlooding": 0,
        "Bridge": 0,
        "BuildingType": "BUILDING_STADIUM",
        "CanalWonder": 0,
        "CostMultiplierPerSeaLevel": 0,
        "CostMultiplierPerTile": 0,
        "EntertainmentBonusWithPower": 2,
        "NuclearReactor": 0,
        "Pillage": 1,
        "PreventsDrought": 0,
        "PreventsFloods": 0,
        "RequiredPower": 2,
        "ResourceTypeConvertedToPower": null
    },
    {
        "BlocksCoastalFlooding": 0,
        "Bridge": 0,
        "BuildingType": "BUILDING_AQUATICS_CENTER",
        "CanalWonder": 0,
        "CostMultiplierPerSeaLevel": 0,
        "CostMultiplierPerTile": 0,
        "EntertainmentBonusWithPower": 2,
        "NuclearReactor": 0,
        "Pillage": 1,
        "PreventsDrought": 0,
        "PreventsFloods": 0,
        "RequiredPower": 2,
        "ResourceTypeConvertedToPower": null
    },
    {
        "BlocksCoastalFlooding": 0,
        "Bridge": 0,
        "BuildingType": "BUILDING_BROADCAST_CENTER",
        "CanalWonder": 0,
        "CostMultiplierPerSeaLevel": 0,
        "CostMultiplierPerTile": 0,
        "EntertainmentBonusWithPower": 0,
        "NuclearReactor": 0,
        "Pillage": 1,
        "PreventsDrought": 0,
        "PreventsFloods": 0,
        "RequiredPower": 3,
        "ResourceTypeConvertedToPower": null
    },
    {
        "BlocksCoastalFlooding": 0,
        "Bridge": 0,
        "BuildingType": "BUILDING_FILM_STUDIO",
        "CanalWonder": 0,
        "CostMultiplierPerSeaLevel": 0,
        "CostMultiplierPerTile": 0,
        "EntertainmentBonusWithPower": 0,
        "NuclearReactor": 0,
        "Pillage": 1,
        "PreventsDrought": 0,
        "PreventsFloods": 0,
        "RequiredPower": 3,
        "ResourceTypeConvertedToPower": null
    },
    {
        "BlocksCoastalFlooding": 1,
        "Bridge": 0,
        "BuildingType": "BUILDING_FLOOD_BARRIER",
        "CanalWonder": 0,
        "CostMultiplierPerSeaLevel": 1,
        "CostMultiplierPerTile": 1,
        "EntertainmentBonusWithPower": 0,
        "NuclearReactor": 0,
        "Pillage": 0,
        "PreventsDrought": 0,
        "PreventsFloods": 0,
        "RequiredPower": 0,
        "ResourceTypeConvertedToPower": null
    },
    {
        "BlocksCoastalFlooding": 0,
        "Bridge": 0,
        "BuildingType": "BUILDING_FOOD_MARKET",
        "CanalWonder": 0,
        "CostMultiplierPerSeaLevel": 0,
        "CostMultiplierPerTile": 0,
        "EntertainmentBonusWithPower": 0,
        "NuclearReactor": 0,
        "Pillage": 1,
        "PreventsDrought": 0,
        "PreventsFloods": 0,
        "RequiredPower": 1,
        "ResourceTypeConvertedToPower": null
    },
    {
        "BlocksCoastalFlooding": 0,
        "Bridge": 0,
        "BuildingType": "BUILDING_SHOPPING_MALL",
        "CanalWonder": 0,
        "CostMultiplierPerSeaLevel": 0,
        "CostMultiplierPerTile": 0,
        "EntertainmentBonusWithPower": 1,
        "NuclearReactor": 0,
        "Pillage": 1,
        "PreventsDrought": 0,
        "PreventsFloods": 0,
        "RequiredPower": 1,
        "ResourceTypeConvertedToPower": null
    },
    {
        "BlocksCoastalFlooding": 0,
        "Bridge": 0,
        "BuildingType": "BUILDING_AIRPORT",
        "CanalWonder": 0,
        "CostMultiplierPerSeaLevel": 0,
        "CostMultiplierPerTile": 0,
        "EntertainmentBonusWithPower": 0,
        "NuclearReactor": 0,
        "Pillage": 1,
        "PreventsDrought": 0,
        "PreventsFloods": 0,
        "RequiredPower": 1,
        "ResourceTypeConvertedToPower": null
    },
    {
        "BlocksCoastalFlooding": 0,
        "Bridge": 0,
        "BuildingType": "BUILDING_DAR_E_MEHR",
        "CanalWonder": 0,
        "CostMultiplierPerSeaLevel": 0,
        "CostMultiplierPerTile": 0,
        "EntertainmentBonusWithPower": 0,
        "NuclearReactor": 0,
        "Pillage": 0,
        "PreventsDrought": 0,
        "PreventsFloods": 0,
        "RequiredPower": 0,
        "ResourceTypeConvertedToPower": null
    },
    {
        "BlocksCoastalFlooding": 0,
        "Bridge": 0,
        "BuildingType": "BUILDING_GREAT_BATH",
        "CanalWonder": 0,
        "CostMultiplierPerSeaLevel": 0,
        "CostMultiplierPerTile": 0,
        "EntertainmentBonusWithPower": 0,
        "NuclearReactor": 0,
        "Pillage": 1,
        "PreventsDrought": 0,
        "PreventsFloods": 1,
        "RequiredPower": 0,
        "ResourceTypeConvertedToPower": null
    },
    {
        "BlocksCoastalFlooding": 0,
        "Bridge": 1,
        "BuildingType": "BUILDING_GOLDEN_GATE_BRIDGE",
        "CanalWonder": 0,
        "CostMultiplierPerSeaLevel": 0,
        "CostMultiplierPerTile": 0,
        "EntertainmentBonusWithPower": 0,
        "NuclearReactor": 0,
        "Pillage": 1,
        "PreventsDrought": 0,
        "PreventsFloods": 0,
        "RequiredPower": 0,
        "ResourceTypeConvertedToPower": null
    },
    {
        "BlocksCoastalFlooding": 0,
        "Bridge": 0,
        "BuildingType": "BUILDING_PANAMA_CANAL",
        "CanalWonder": 1,
        "CostMultiplierPerSeaLevel": 0,
        "CostMultiplierPerTile": 0,
        "EntertainmentBonusWithPower": 0,
        "NuclearReactor": 0,
        "Pillage": 1,
        "PreventsDrought": 0,
        "PreventsFloods": 0,
        "RequiredPower": 0,
        "ResourceTypeConvertedToPower": null
    }
]