[
    {
        "BuildingType": "BUILDING_PALACE",
        "ModifierId": "PALACE_ADJUST_GARRISON_STRENGTH"
    },
    {
        "BuildingType": "BUILDING_MOSQUE",
        "ModifierId": "MOSQUE_ADJUST_SPREAD_CHARGES"
    },
    {
        "BuildingType": "BUILDING_PYRAMIDS",
        "ModifierId": "PYRAMID_ADJUST_BUILDER_CHARGES"
    },
    {
        "BuildingType": "BUILDING_EIFFEL_TOWER",
        "ModifierId": "EIFFEL_TOWER_ADDAPPEAL"
    },
    {
        "BuildingType": "BUILDING_HANGING_GARDENS",
        "ModifierId": "HANGING_GARDEN_ADDGROWTH"
    },
    {
        "BuildingType": "BUILDING_COLOSSUS",
        "ModifierId": "COLOSSUS_ADDTRADEROUTE"
    },
    {
        "BuildingType": "BUILDING_GREAT_ZIMBABWE",
        "ModifierId": "GREAT_ZIMBABWE_ADDTRADEROUTE"
    },
    {
        "BuildingType": "BUILDING_BARRACKS",
        "ModifierId": "BARRACKS_TRAINED_UNIT_XP_MODIFIER"
    },
    {
        "BuildingType": "BUILDING_STABLE",
        "ModifierId": "STABLE_TRAINED_UNIT_XP_MODIFIER"
    },
    {
        "BuildingType": "BUILDING_ARMORY",
        "ModifierId": "ARMORY_TRAINED_UNIT_XP_MODIFIER"
    },
    {
        "BuildingType": "BUILDING_MILITARY_ACADEMY",
        "ModifierId": "MILITARY_ACADEMY_TRAINED_UNIT_XP_MODIFIER"
    },
    {
        "BuildingType": "BUILDING_MILITARY_ACADEMY",
        "ModifierId": "MILITARY_ACADEMY_TRAINED_CORPS_ARMY_DISCOUNT"
    },
    {
        "BuildingType": "BUILDING_LIGHTHOUSE",
        "ModifierId": "LIGHTHOUSE_TRAINED_UNIT_XP_MODIFIER"
    },
    {
        "BuildingType": "BUILDING_SHIPYARD",
        "ModifierId": "SHIPYARD_TRAINED_UNIT_XP_MODIFIER"
    },
    {
        "BuildingType": "BUILDING_SEAPORT",
        "ModifierId": "SEAPORT_TRAINED_UNIT_XP_MODIFIER"
    },
    {
        "BuildingType": "BUILDING_SEAPORT",
        "ModifierId": "SEAPORT_TRAINED_CORPS_ARMY_DISCOUNT"
    },
    {
        "BuildingType": "BUILDING_HANGAR",
        "ModifierId": "HANGAR_TRAINED_AIRCRAFT_XP_MODIFIER"
    },
    {
        "BuildingType": "BUILDING_HANGAR",
        "ModifierId": "HANGAR_BONUS_AIR_SLOTS"
    },
    {
        "BuildingType": "BUILDING_AIRPORT",
        "ModifierId": "AIRPORT_TRAINED_AIRCRAFT_XP_MODIFIER"
    },
    {
        "BuildingType": "BUILDING_AIRPORT",
        "ModifierId": "AIRPORT_BONUS_AIR_SLOTS"
    },
    {
        "BuildingType": "BUILDING_BROADWAY",
        "ModifierId": "BROADWAY_ADDCULTUREYIELD"
    },
    {
        "BuildingType": "BUILDING_OXFORD_UNIVERSITY",
        "ModifierId": "OXFORD_ADDSCIENCEYIELD"
    },
    {
        "BuildingType": "BUILDING_RUHR_VALLEY",
        "ModifierId": "RUHRVALLEY_ADDPRODUCTIONYIELD"
    },
    {
        "BuildingType": "BUILDING_ELECTRONICS_FACTORY",
        "ModifierId": "ELECTRONICSFACTORY_CULTURE"
    },
    {
        "BuildingType": "BUILDING_WATER_MILL",
        "ModifierId": "WATERMILL_ADDRICEFOOD"
    },
    {
        "BuildingType": "BUILDING_WATER_MILL",
        "ModifierId": "WATERMILL_ADDWHEATYIELD"
    },
    {
        "BuildingType": "BUILDING_STAVE_CHURCH",
        "ModifierId": "STAVE_CHURCH_FAITHWOODSADJACENCY"
    },
    {
        "BuildingType": "BUILDING_ALHAMBRA",
        "ModifierId": "ALHAMBRA_MILITARY_GOVERNMENT_SLOT"
    },
    {
        "BuildingType": "BUILDING_POTALA_PALACE",
        "ModifierId": "POTALA_PALACE_DIPLOMATIC_GOVERNMENT_SLOT"
    },
    {
        "BuildingType": "BUILDING_FORBIDDEN_CITY",
        "ModifierId": "FORBIDDEN_CITY_WILDCARD_GOVERNMENT_SLOT"
    },
    {
        "BuildingType": "BUILDING_BIG_BEN",
        "ModifierId": "BIG_BEN_ECONOMIC_GOVERNMENT_SLOT"
    },
    {
        "BuildingType": "BUILDING_GREAT_ZIMBABWE",
        "ModifierId": "GREAT_ZIMBABWE_DOMESTICBONUSRESOURCEGOLD"
    },
    {
        "BuildingType": "BUILDING_GREAT_ZIMBABWE",
        "ModifierId": "GREAT_ZIMBABWE_INTERNATIONALBONUSRESOURCEGOLD"
    },
    {
        "BuildingType": "BUILDING_ORACLE",
        "ModifierId": "ORACLE_GREATGENERALPOINTS"
    },
    {
        "BuildingType": "BUILDING_ORACLE",
        "ModifierId": "ORACLE_GREATADMIRALPOINTS"
    },
    {
        "BuildingType": "BUILDING_ORACLE",
        "ModifierId": "ORACLE_GREATENGINEERPOINTS"
    },
    {
        "BuildingType": "BUILDING_ORACLE",
        "ModifierId": "ORACLE_GREATMERCHANTPOINTS"
    },
    {
        "BuildingType": "BUILDING_ORACLE",
        "ModifierId": "ORACLE_GREATPROPHETPOINTS"
    },
    {
        "BuildingType": "BUILDING_ORACLE",
        "ModifierId": "ORACLE_GREATSCIENTISTPOINTS"
    },
    {
        "BuildingType": "BUILDING_ORACLE",
        "ModifierId": "ORACLE_GREATWRITERPOINTS"
    },
    {
        "BuildingType": "BUILDING_ORACLE",
        "ModifierId": "ORACLE_PATRONAGE_FAITH_DISCOUNT"
    },
    {
        "BuildingType": "BUILDING_CRISTO_REDENTOR",
        "ModifierId": "CRISTOREDENTOR_BEACHTOURISM"
    },
    {
        "BuildingType": "BUILDING_CRISTO_REDENTOR",
        "ModifierId": "CRISTOREDENTOR_FULLRELIGIOUSTOURISM"
    },
    {
        "BuildingType": "BUILDING_FILM_STUDIO",
        "ModifierId": "FILMSTUDIO_ENHANCEDLATETOURISM"
    },
    {
        "BuildingType": "BUILDING_VENETIAN_ARSENAL",
        "ModifierId": "VENETIAN_ARSENAL_EXTRANAVALMELEE"
    },
    {
        "BuildingType": "BUILDING_VENETIAN_ARSENAL",
        "ModifierId": "VENETIAN_ARSENAL_EXTRANAVALRANGED"
    },
    {
        "BuildingType": "BUILDING_VENETIAN_ARSENAL",
        "ModifierId": "VENETIAN_ARSENAL_EXTRANAVALCARRIER"
    },
    {
        "BuildingType": "BUILDING_GREAT_LIBRARY",
        "ModifierId": "GREAT_LIBRARY_ANCIENT_CLASSICAL_TECH_BOOSTS"
    },
    {
        "BuildingType": "BUILDING_BOLSHOI_THEATRE",
        "ModifierId": "BOLSHOI_THEATRE_FREE_CIVICS"
    },
    {
        "BuildingType": "BUILDING_OXFORD_UNIVERSITY",
        "ModifierId": "OXFORD_UNIVERSITY_FREE_TECHS"
    },
    {
        "BuildingType": "BUILDING_COLOSSUS",
        "ModifierId": "COLOSSUS_GRANT_TRADER"
    },
    {
        "BuildingType": "BUILDING_PYRAMIDS",
        "ModifierId": "PYRAMID_GRANT_BUILDERS"
    },
    {
        "BuildingType": "BUILDING_STONEHENGE",
        "ModifierId": "STONEHENGE_GRANT_PROPHET"
    },
    {
        "BuildingType": "BUILDING_STONEHENGE",
        "ModifierId": "STONEHENGE_ALTERNATE_GRANT_APOSTLE"
    },
    {
        "BuildingType": "BUILDING_MAHABODHI_TEMPLE",
        "ModifierId": "MAHABODHITEMPLE_APOSTLE"
    },
    {
        "BuildingType": "BUILDING_TERRACOTTA_ARMY",
        "ModifierId": "TERRACOTTA_ARMY_ARCHAEOLOGIST_OPEN_BORDERS"
    },
    {
        "BuildingType": "BUILDING_MONT_ST_MICHEL",
        "ModifierId": "MONT_ST_MICHEL_GRANT_MARTYR"
    },
    {
        "BuildingType": "BUILDING_TERRACOTTA_ARMY",
        "ModifierId": "TERRACOTTA_ARMY_LEVEL_UP_UNITS"
    },
    {
        "BuildingType": "BUILDING_GREAT_LIGHTHOUSE",
        "ModifierId": "GREATLIGHTHOUSE_ADJUST_SEA_MOVEMENT"
    },
    {
        "BuildingType": "BUILDING_GREAT_LIGHTHOUSE",
        "ModifierId": "GREATLIGHTHOUSE_ADJUST_EMBARKED_MOVEMENT"
    },
    {
        "BuildingType": "BUILDING_GREAT_LIGHTHOUSE",
        "ModifierId": "GREATLIGHTHOUSE_ADD_EMBARKED_ABILITY_TEXT_ONLY"
    },
    {
        "BuildingType": "BUILDING_HAGIA_SOPHIA",
        "ModifierId": "HAGIA_SOPHIA_ADJUST_RELIGIOUS_CHARGES"
    },
    {
        "BuildingType": "BUILDING_CHICHEN_ITZA",
        "ModifierId": "CHICHEN_ITZA_JUNGLE_CULTURE"
    },
    {
        "BuildingType": "BUILDING_CHICHEN_ITZA",
        "ModifierId": "CHICHEN_ITZA_JUNGLE_PRODUCTION"
    },
    {
        "BuildingType": "BUILDING_LIGHTHOUSE",
        "ModifierId": "LIGHTHOUSE_COAST_FOOD"
    },
    {
        "BuildingType": "BUILDING_PETRA",
        "ModifierId": "PETRA_YIELD_MODIFIER"
    },
    {
        "BuildingType": "BUILDING_RUHR_VALLEY",
        "ModifierId": "RUHR_VALLEY_PRODUCTION_MODIFIER"
    },
    {
        "BuildingType": "BUILDING_SEAPORT",
        "ModifierId": "SEAPORT_COAST_GOLD"
    },
    {
        "BuildingType": "BUILDING_STAVE_CHURCH",
        "ModifierId": "STAVECHURCH_SEARESOURCE_PRODUCTION"
    },
    {
        "BuildingType": "BUILDING_BROADWAY",
        "ModifierId": "BUILDING_BROADWAY_RANDOMCIVICBOOST"
    },
    {
        "BuildingType": "BUILDING_HUEY_TEOCALLI",
        "ModifierId": "HUEY_ADDENTERTAINMENT"
    },
    {
        "BuildingType": "BUILDING_HUEY_TEOCALLI",
        "ModifierId": "HUEY_LAKE_FOOD"
    },
    {
        "BuildingType": "BUILDING_HUEY_TEOCALLI",
        "ModifierId": "HUEY_LAKE_PRODUCTION"
    },
    {
        "BuildingType": "BUILDING_ANGKOR_WAT",
        "ModifierId": "ANGKORWAT_ADDPOPULATION"
    },
    {
        "BuildingType": "BUILDING_ANGKOR_WAT",
        "ModifierId": "ANGKORWAT_ADDHOUSING"
    },
    {
        "BuildingType": "BUILDING_PRASAT",
        "ModifierId": "PRASAT_CULTURE_POPULATION"
    },
    {
        "BuildingType": "BUILDING_SUKIENNICE",
        "ModifierId": "SUKIENNICE_DOMESTICGOLD"
    },
    {
        "BuildingType": "BUILDING_SUKIENNICE",
        "ModifierId": "SUKIENNICE_INTERNATIONALPRODUCTION"
    },
    {
        "BuildingType": "BUILDING_SUKIENNICE",
        "ModifierId": "MARKET_TRADE_ROUTE_CAPACITY"
    },
    {
        "BuildingType": "BUILDING_JEBEL_BARKAL",
        "ModifierId": "JEBELBARKAL_GRANT_FOUR_IRON_PER_TURN"
    },
    {
        "BuildingType": "BUILDING_HALICARNASSUS_MAUSOLEUM",
        "ModifierId": "HALICARNASSUS_ADJUST_ENGINEER_CHARGES"
    },
    {
        "BuildingType": "BUILDING_BASILIKOI_PAIDES",
        "ModifierId": "BASILIKOI_PAIDES_TRAINED_UNIT_XP_MODIFIER"
    },
    {
        "BuildingType": "BUILDING_APADANA",
        "ModifierId": "APADANA_AWARD_TWO_INFLUENCE_TOKEN"
    },
    {
        "BuildingType": "BUILDING_BASILIKOI_PAIDES",
        "ModifierId": "BASILIKOI_PAIDES_SCIENCE_TRAINED_UNIT"
    },
    {
        "BuildingType": "BUILDING_HALICARNASSUS_MAUSOLEUM",
        "ModifierId": "HALICARNASSUS_MAUSOLEUM_YIELD_MODIFIER"
    },
    {
        "BuildingType": "BUILDING_BASILIKOI_PAIDES",
        "ModifierId": "BASILIKOI_PAIDES_ADJUST_RESOURCE_STOCKPILE_CAP"
    },
    {
        "BuildingType": "BUILDING_ORDU",
        "ModifierId": "ORDU_TRAINED_UNIT_XP_MODIFIER"
    },
    {
        "BuildingType": "BUILDING_ORDU",
        "ModifierId": "ORDU_INCREASED_MOVEMENT_MODIFIER"
    },
    {
        "BuildingType": "BUILDING_TSIKHE",
        "ModifierId": "TSIKHE_PREVENT_MELEE_ATTACK_OUTER_DEFENSES"
    },
    {
        "BuildingType": "BUILDING_TSIKHE",
        "ModifierId": "TSIKHE_PREVENT_BYPASS_OUTER_DEFENSE"
    },
    {
        "BuildingType": "BUILDING_TSIKHE",
        "ModifierId": "TSIKHE_FAITH_GOLDEN_AGE"
    },
    {
        "BuildingType": "BUILDING_AMUNDSEN_SCOTT_RESEARCH_STATION",
        "ModifierId": "AMUNDSEN_ADDSCIENCEYIELD"
    },
    {
        "BuildingType": "BUILDING_AMUNDSEN_SCOTT_RESEARCH_STATION",
        "ModifierId": "AMUNDSEN_ADDPRODUCTIONYIELD"
    },
    {
        "BuildingType": "BUILDING_AMUNDSEN_SCOTT_RESEARCH_STATION",
        "ModifierId": "AMUNDSEN_SNOW_ADDSCIENCEYIELD"
    },
    {
        "BuildingType": "BUILDING_AMUNDSEN_SCOTT_RESEARCH_STATION",
        "ModifierId": "AMUNDSEN_SNOW_ADDPRODUCTIONYIELD"
    },
    {
        "BuildingType": "BUILDING_CASA_DE_CONTRATACION",
        "ModifierId": "CONTRATACION_GOVERNOR_POINTS"
    },
    {
        "BuildingType": "BUILDING_CASA_DE_CONTRATACION",
        "ModifierId": "CONTRATACION_FOREIGNFAITH"
    },
    {
        "BuildingType": "BUILDING_CASA_DE_CONTRATACION",
        "ModifierId": "CONTRATACION_FOREIGNGOLD"
    },
    {
        "BuildingType": "BUILDING_CASA_DE_CONTRATACION",
        "ModifierId": "CONTRATACION_FOREIGNPRODUCTION"
    },
    {
        "BuildingType": "BUILDING_KILWA_KISIWANI",
        "ModifierId": "KILWA_SINGLE_ADDSCIENCEYIELD"
    },
    {
        "BuildingType": "BUILDING_KILWA_KISIWANI",
        "ModifierId": "KILWA_SINGLE_ADDFAITHYIELD"
    },
    {
        "BuildingType": "BUILDING_KILWA_KISIWANI",
        "ModifierId": "KILWA_SINGLE_ADDGOLDYIELD"
    },
    {
        "BuildingType": "BUILDING_KILWA_KISIWANI",
        "ModifierId": "KILWA_SINGLE_ADDCULTUREYIELD"
    },
    {
        "BuildingType": "BUILDING_KILWA_KISIWANI",
        "ModifierId": "KILWA_SINGLE_ADDPRODUCTIONUNITS"
    },
    {
        "BuildingType": "BUILDING_KILWA_KISIWANI",
        "ModifierId": "KILWA_SINGLE_ADDPRODUCTIONBUILDINGS"
    },
    {
        "BuildingType": "BUILDING_KILWA_KISIWANI",
        "ModifierId": "KILWA_SINGLE_ADDPRODUCTIONDISTRICTS"
    },
    {
        "BuildingType": "BUILDING_KILWA_KISIWANI",
        "ModifierId": "KILWA_PLAYERCITIES_ADDSCIENCEYIELD"
    },
    {
        "BuildingType": "BUILDING_KILWA_KISIWANI",
        "ModifierId": "KILWA_PLAYERCITIES_ADDFAITHYIELD"
    },
    {
        "BuildingType": "BUILDING_KILWA_KISIWANI",
        "ModifierId": "KILWA_PLAYERCITIES_ADDGOLDYIELD"
    },
    {
        "BuildingType": "BUILDING_KILWA_KISIWANI",
        "ModifierId": "KILWA_PLAYERCITIES_ADDCULTUREYIELD"
    },
    {
        "BuildingType": "BUILDING_KILWA_KISIWANI",
        "ModifierId": "KILWA_PLAYERCITIES_ADDPRODUCTIONUNITS"
    },
    {
        "BuildingType": "BUILDING_KILWA_KISIWANI",
        "ModifierId": "KILWA_PLAYERCITIES_ADDPRODUCTIONBUILDINGS"
    },
    {
        "BuildingType": "BUILDING_KILWA_KISIWANI",
        "ModifierId": "KILWA_PLAYERCITIES_ADDPRODUCTIONDISTRICTS"
    },
    {
        "BuildingType": "BUILDING_KILWA_KISIWANI",
        "ModifierId": "KILWA_THREE_INFLUENCE_TOKENS"
    },
    {
        "BuildingType": "BUILDING_KOTOKU_IN",
        "ModifierId": "KOTOKU_ADDFAITHYIELD"
    },
    {
        "BuildingType": "BUILDING_KOTOKU_IN",
        "ModifierId": "KOTOKU_GRANTMONKS"
    },
    {
        "BuildingType": "BUILDING_STATUE_LIBERTY",
        "ModifierId": "STATUELIBERTY_CITIES_ALWAYS_LOYAL"
    },
    {
        "BuildingType": "BUILDING_ST_BASILS_CATHEDRAL",
        "ModifierId": "STBASILS_ADDFOOD"
    },
    {
        "BuildingType": "BUILDING_ST_BASILS_CATHEDRAL",
        "ModifierId": "STBASILS_ADDPRODUCTION"
    },
    {
        "BuildingType": "BUILDING_ST_BASILS_CATHEDRAL",
        "ModifierId": "STBASILS_ADDCULTURE"
    },
    {
        "BuildingType": "BUILDING_ST_BASILS_CATHEDRAL",
        "ModifierId": "STBASILS_ADDRELIGIOUSTOURISM"
    },
    {
        "BuildingType": "BUILDING_TAJ_MAHAL",
        "ModifierId": "TAJ_MAHAL_EXTRA_ERA_SCORE"
    },
    {
        "BuildingType": "BUILDING_COLOSSEUM",
        "ModifierId": "COLOSSEUM_IDENTITY"
    },
    {
        "BuildingType": "BUILDING_GREAT_LIBRARY",
        "ModifierId": "GREATLIBRARY_BOOST_SCIENTIST"
    },
    {
        "BuildingType": "BUILDING_STATUE_LIBERTY",
        "ModifierId": "STATUELIBERTY_DIPLOVP"
    },
    {
        "BuildingType": "BUILDING_ORDU",
        "ModifierId": "ORDU_ADJUST_RESOURCE_STOCKPILE_CAP"
    },
    {
        "BuildingType": "BUILDING_GOV_TALL",
        "ModifierId": "GOV_TALL_AMENITY_BUFF"
    },
    {
        "BuildingType": "BUILDING_GOV_TALL",
        "ModifierId": "GOV_TALL_LOYALTY_DEBUFF"
    },
    {
        "BuildingType": "BUILDING_GOV_TALL",
        "ModifierId": "GOV_TALL_HOUSING_BUFF"
    },
    {
        "BuildingType": "BUILDING_GOV_WIDE",
        "ModifierId": "GOV_SETTLER_COST_REDUCTION"
    },
    {
        "BuildingType": "BUILDING_GOV_WIDE",
        "ModifierId": "GOV_SETTLER_GRANT_BUILDER"
    },
    {
        "BuildingType": "BUILDING_GOV_CONQUEST",
        "ModifierId": "GOV_PRODUCTION_BOOST_FROM_CAPTURE"
    },
    {
        "BuildingType": "BUILDING_GOV_CITYSTATES",
        "ModifierId": "BUILDING_GOV_CITYSTATES_UNIT_STRENGTH"
    },
    {
        "BuildingType": "BUILDING_GOV_CITYSTATES",
        "ModifierId": "BUILDING_GOV_CITYSTATES_LEVERAGED_UNIT_STRENGTH"
    },
    {
        "BuildingType": "BUILDING_GOV_CITYSTATES",
        "ModifierId": "BUILDING_GOV_LEVY_DISCOUNT"
    },
    {
        "BuildingType": "BUILDING_GOV_FAITH",
        "ModifierId": "GOV_FAITH_PURCHASE_RECON"
    },
    {
        "BuildingType": "BUILDING_GOV_FAITH",
        "ModifierId": "GOV_FAITH_PURCHASE_MELEE"
    },
    {
        "BuildingType": "BUILDING_GOV_FAITH",
        "ModifierId": "GOV_FAITH_PURCHASE_RANGED"
    },
    {
        "BuildingType": "BUILDING_GOV_FAITH",
        "ModifierId": "GOV_FAITH_PURCHASE_SIEGE"
    },
    {
        "BuildingType": "BUILDING_GOV_FAITH",
        "ModifierId": "GOV_FAITH_PURCHASE_HEAVY_CAVALRY"
    },
    {
        "BuildingType": "BUILDING_GOV_FAITH",
        "ModifierId": "GOV_FAITH_PURCHASE_LIGHT_CAVALRY"
    },
    {
        "BuildingType": "BUILDING_GOV_FAITH",
        "ModifierId": "GOV_FAITH_PURCHASE_RANGED_CAVALRY"
    },
    {
        "BuildingType": "BUILDING_GOV_FAITH",
        "ModifierId": "GOV_FAITH_PURCHASE_ANTI_CAVALRY"
    },
    {
        "BuildingType": "BUILDING_GOV_FAITH",
        "ModifierId": "GOV_FAITH_PURCHASE_HEAVY_CHARIOT"
    },
    {
        "BuildingType": "BUILDING_GOV_FAITH",
        "ModifierId": "GOV_FAITH_PURCHASE_LIGHT_CHARIOT"
    },
    {
        "BuildingType": "BUILDING_GOV_FAITH",
        "ModifierId": "GOV_FAITH_PILLAGE_IMPROVEMENT_FAITH"
    },
    {
        "BuildingType": "BUILDING_GOV_FAITH",
        "ModifierId": "GOV_FAITH_PILLAGE_DISTRICT_FAITH"
    },
    {
        "BuildingType": "BUILDING_GOV_SPIES",
        "ModifierId": "GOV_GRANT_SPY"
    },
    {
        "BuildingType": "BUILDING_GOV_SPIES",
        "ModifierId": "GOV_ADD_SPY_UNIT"
    },
    {
        "BuildingType": "BUILDING_GOV_SPIES",
        "ModifierId": "GOV_INCREASE_SPY_LEVEL"
    },
    {
        "BuildingType": "BUILDING_GOV_MILITARY",
        "ModifierId": "GOV_HEAL_AFTER_DEFEATING_UNIT"
    },
    {
        "BuildingType": "BUILDING_GOV_SCIENCE",
        "ModifierId": "GOV_PROJECT_ABILITY"
    },
    {
        "BuildingType": "BUILDING_SHOPPING_MALL",
        "ModifierId": "SHOPPING_MALL_TOURISM"
    },
    {
        "BuildingType": "BUILDING_FERRIS_WHEEL",
        "ModifierId": "FERRIS_WHEEL_TOURISM"
    },
    {
        "BuildingType": "BUILDING_AQUARIUM",
        "ModifierId": "AQUARIUM_SEARESOURCE_SCIENCE"
    },
    {
        "BuildingType": "BUILDING_AQUARIUM",
        "ModifierId": "AQUARIUM_REEF_SCIENCE"
    },
    {
        "BuildingType": "BUILDING_AQUATICS_CENTER",
        "ModifierId": "AQUATICS_CENTER_WONDER_TOURISM"
    },
    {
        "BuildingType": "BUILDING_ZOO",
        "ModifierId": "ZOO_RAINFOREST_SCIENCE"
    },
    {
        "BuildingType": "BUILDING_ZOO",
        "ModifierId": "ZOO_MARSH_SCIENCE"
    },
    {
        "BuildingType": "BUILDING_STADIUM",
        "ModifierId": "STADIUM_10_POPULATION_TOURISM"
    },
    {
        "BuildingType": "BUILDING_STADIUM",
        "ModifierId": "STADIUM_20_POPULATION_TOURISM"
    },
    {
        "BuildingType": "BUILDING_MARKET",
        "ModifierId": "MARKET_TRADE_ROUTE_CAPACITY"
    },
    {
        "BuildingType": "BUILDING_LIGHTHOUSE",
        "ModifierId": "LIGHTHOUSE_TRADE_ROUTE_CAPACITY"
    },
    {
        "BuildingType": "BUILDING_MONUMENT",
        "ModifierId": "MONUMENT_LOYALTY"
    },
    {
        "BuildingType": "BUILDING_MONUMENT",
        "ModifierId": "MONUMENT_CULTURE_AT_FULL_LOYALTY"
    },
    {
        "BuildingType": "BUILDING_HYDROELECTRIC_DAM",
        "ModifierId": "HYDROELECTRIC_DAM_FREE_POWER"
    },
    {
        "BuildingType": "BUILDING_LIGHTHOUSE",
        "ModifierId": "LIGHTHOUSE_COASTAL_CITY_HOUSING"
    },
    {
        "BuildingType": "BUILDING_SHIPYARD",
        "ModifierId": "SHIPYARD_UNIMPROVED_COAST_PRODUCTION"
    },
    {
        "BuildingType": "BUILDING_BIG_BEN",
        "ModifierId": "BIG_BEN_INCREASE_GOLD"
    },
    {
        "BuildingType": "BUILDING_MAHABODHI_TEMPLE",
        "ModifierId": "MAHABODHI_DIPLOVP"
    },
    {
        "BuildingType": "BUILDING_POTALA_PALACE",
        "ModifierId": "POTALA_DIPLOVP"
    },
    {
        "BuildingType": "BUILDING_HYDROELECTRIC_DAM",
        "ModifierId": "MERCHANT_RENEWABLE_ENERGY_HYDROELECTRIC_DAM_FREE_POWER"
    },
    {
        "BuildingType": "BUILDING_CASTLE",
        "ModifierId": "CASTLE_PREVENT_MELEE_ATTACK_OUTER_DEFENSES"
    },
    {
        "BuildingType": "BUILDING_STAR_FORT",
        "ModifierId": "STAR_FORT_PREVENT_MELEE_ATTACK_OUTER_DEFENSES"
    },
    {
        "BuildingType": "BUILDING_STAR_FORT",
        "ModifierId": "STAR_FORT_PREVENT_BYPASS_OUTER_DEFENSE"
    },
    {
        "BuildingType": "BUILDING_BARRACKS",
        "ModifierId": "BARRACKS_ADJUST_RESOURCE_STOCKPILE_CAP"
    },
    {
        "BuildingType": "BUILDING_STABLE",
        "ModifierId": "STABLE_ADJUST_RESOURCE_STOCKPILE_CAP"
    },
    {
        "BuildingType": "BUILDING_ARMORY",
        "ModifierId": "ARMORY_ADJUST_RESOURCE_STOCKPILE_CAP"
    },
    {
        "BuildingType": "BUILDING_MILITARY_ACADEMY",
        "ModifierId": "MILITARY_ACADEMY_ADJUST_RESOURCE_STOCKPILE_CAP"
    },
    {
        "BuildingType": "BUILDING_GOV_CITYSTATES",
        "ModifierId": "GOVCITYSTATES_ADJUST_FAVOR"
    },
    {
        "BuildingType": "BUILDING_PAGODA",
        "ModifierId": "PAGODA_ADJUST_FAVOR"
    },
    {
        "BuildingType": "BUILDING_THERMAL_BATH",
        "ModifierId": "THERMALBATH_ADDTOURISM"
    },
    {
        "BuildingType": "BUILDING_THERMAL_BATH",
        "ModifierId": "THERMALBATH_ADDAMENITIES"
    },
    {
        "BuildingType": "BUILDING_MARAE",
        "ModifierId": "MARAE_FAITH_FEATURES"
    },
    {
        "BuildingType": "BUILDING_MARAE",
        "ModifierId": "MARAE_CULTURE_FEATURES"
    },
    {
        "BuildingType": "BUILDING_MARAE",
        "ModifierId": "MARAE_TOURISM_FEATURES"
    },
    {
        "BuildingType": "BUILDING_GRAND_BAZAAR",
        "ModifierId": "GRANDBAZAAR_AMENITIES_LUXURIES"
    },
    {
        "BuildingType": "BUILDING_GRAND_BAZAAR",
        "ModifierId": "GRANDBAZAAR_ACCUMULATION_STRATEGICS"
    },
    {
        "BuildingType": "BUILDING_GOLDEN_GATE_BRIDGE",
        "ModifierId": "GOLDENGATE_CITYAPPEAL"
    },
    {
        "BuildingType": "BUILDING_GOLDEN_GATE_BRIDGE",
        "ModifierId": "GOLDENGATE_GRANT_ROUTES"
    },
    {
        "BuildingType": "BUILDING_GOLDEN_GATE_BRIDGE",
        "ModifierId": "GOLDENGATE_IMPROVEMENT_TOURISM"
    },
    {
        "BuildingType": "BUILDING_GOLDEN_GATE_BRIDGE",
        "ModifierId": "GOLDENGATE_NATIONAL_PARK_TOURISM"
    },
    {
        "BuildingType": "BUILDING_GOLDEN_GATE_BRIDGE",
        "ModifierId": "GOLDENGATE_REMOVE_CLIFFS"
    },
    {
        "BuildingType": "BUILDING_GREAT_BATH",
        "ModifierId": "GREATBATH_FLOODFAITH"
    },
    {
        "BuildingType": "BUILDING_MACHU_PICCHU",
        "ModifierId": "MACHUPICCHU_COMMERCIALHUB_GRASSMOUNTAIN_GOLD"
    },
    {
        "BuildingType": "BUILDING_MACHU_PICCHU",
        "ModifierId": "MACHUPICCHU_COMMERCIALHUB_PLAINSMOUNTAIN_GOLD"
    },
    {
        "BuildingType": "BUILDING_MACHU_PICCHU",
        "ModifierId": "MACHUPICCHU_COMMERCIALHUB_DESERTMOUNTAIN_GOLD"
    },
    {
        "BuildingType": "BUILDING_MACHU_PICCHU",
        "ModifierId": "MACHUPICCHU_COMMERCIALHUB_TUNDRAMOUNTAIN_GOLD"
    },
    {
        "BuildingType": "BUILDING_MACHU_PICCHU",
        "ModifierId": "MACHUPICCHU_COMMERCIALHUB_SNOWMOUNTAIN_GOLD"
    },
    {
        "BuildingType": "BUILDING_MACHU_PICCHU",
        "ModifierId": "MACHUPICCHU_INDUSTRIALZONE_GRASSMOUNTAIN_PRODUCTION"
    },
    {
        "BuildingType": "BUILDING_MACHU_PICCHU",
        "ModifierId": "MACHUPICCHU_INDUSTRIALZONE_PLAINSMOUNTAIN_PRODUCTION"
    },
    {
        "BuildingType": "BUILDING_MACHU_PICCHU",
        "ModifierId": "MACHUPICCHU_INDUSTRIALZONE_DESERTMOUNTAIN_PRODUCTION"
    },
    {
        "BuildingType": "BUILDING_MACHU_PICCHU",
        "ModifierId": "MACHUPICCHU_INDUSTRIALZONE_TUNDRAMOUNTAIN_PRODUCTION"
    },
    {
        "BuildingType": "BUILDING_MACHU_PICCHU",
        "ModifierId": "MACHUPICCHU_INDUSTRIALZONE_SNOWMOUNTAIN_PRODUCTION"
    },
    {
        "BuildingType": "BUILDING_MACHU_PICCHU",
        "ModifierId": "MACHUPICCHU_THEATER_GRASSMOUNTAIN_CULTURE"
    },
    {
        "BuildingType": "BUILDING_MACHU_PICCHU",
        "ModifierId": "MACHUPICCHU_THEATER_PLAINSMOUNTAIN_CULTURE"
    },
    {
        "BuildingType": "BUILDING_MACHU_PICCHU",
        "ModifierId": "MACHUPICCHU_THEATER_DESERTMOUNTAIN_CULTURE"
    },
    {
        "BuildingType": "BUILDING_MACHU_PICCHU",
        "ModifierId": "MACHUPICCHU_THEATER_TUNDRAMOUNTAIN_CULTURE"
    },
    {
        "BuildingType": "BUILDING_MACHU_PICCHU",
        "ModifierId": "MACHUPICCHU_THEATER_SNOWMOUNTAIN_CULTURE"
    },
    {
        "BuildingType": "BUILDING_MEENAKSHI_TEMPLE",
        "ModifierId": "MEENAKSHITEMPLE_FREE_GURU"
    },
    {
        "BuildingType": "BUILDING_MEENAKSHI_TEMPLE",
        "ModifierId": "MEENAKSHITEMPLE_RELIGIOUS_UNITS_MOVEMENT"
    },
    {
        "BuildingType": "BUILDING_MEENAKSHI_TEMPLE",
        "ModifierId": "MEENAKSHITEMPLE_RELIGIOUS_UNITS_COMBAT"
    },
    {
        "BuildingType": "BUILDING_ORSZAGHAZ",
        "ModifierId": "ORSZAGHAZ_DOUBLE_FAVOR_SUZERAIN"
    },
    {
        "BuildingType": "BUILDING_MEENAKSHI_TEMPLE",
        "ModifierId": "MEENAKSHITEMPLE_GURU_DISCOUNT"
    },
    {
        "BuildingType": "BUILDING_UNIVERSITY_SANKORE",
        "ModifierId": "SANKORE_TRADE_OFFER_SCIENCE"
    },
    {
        "BuildingType": "BUILDING_UNIVERSITY_SANKORE",
        "ModifierId": "SANKORE_TRADE_OFFER_GOLD"
    },
    {
        "BuildingType": "BUILDING_UNIVERSITY_SANKORE",
        "ModifierId": "SANKORE_TRADE_GAIN_SCIENCE"
    },
    {
        "BuildingType": "BUILDING_UNIVERSITY_SANKORE",
        "ModifierId": "SANKORE_TRADE_DOMESTIC_SCIENCE"
    },
    {
        "BuildingType": "BUILDING_UNIVERSITY_SANKORE",
        "ModifierId": "SANKORE_TRADE_DOMESTIC_FAITH"
    },
    {
        "BuildingType": "BUILDING_STAVE_CHURCH",
        "ModifierId": "STAVE_CHURCH_INFLUENCEPOINTS"
    },
    {
        "BuildingType": "BUILDING_BARRACKS",
        "ModifierId": "LAHORE_NIHANG_BARRACKS_ABILITY"
    },
    {
        "BuildingType": "BUILDING_ARMORY",
        "ModifierId": "LAHORE_NIHANG_ARMORY_ABILITY"
    },
    {
        "BuildingType": "BUILDING_MILITARY_ACADEMY",
        "ModifierId": "LAHORE_NIHANG_ACADEMY_ABILITY"
    },
    {
        "BuildingType": "BUILDING_WATER_MILL",
        "ModifierId": "WATERMILL_ADDMAIZEYIELD"
    },
    {
        "BuildingType": "BUILDING_BASILIKOI_PAIDES",
        "ModifierId": "LAHORE_NIHANG_BARRACKS_ABILITY"
    },
    {
        "BuildingType": "BUILDING_STATUE_OF_ZEUS",
        "ModifierId": "STAUEZEUS_ANTI_CAVALRY_PRODUCTION"
    },
    {
        "BuildingType": "BUILDING_STATUE_OF_ZEUS",
        "ModifierId": "STAUEZEUS_GRANT_SPEARMEN"
    },
    {
        "BuildingType": "BUILDING_STATUE_OF_ZEUS",
        "ModifierId": "STAUEZEUS_GRANT_ARCHERS"
    },
    {
        "BuildingType": "BUILDING_STATUE_OF_ZEUS",
        "ModifierId": "STAUEZEUS_GRANT_BATTERINGRAM"
    },
    {
        "BuildingType": "BUILDING_BIOSPHERE",
        "ModifierId": "BIOSPHERE_ADJUST_APPEAL_RAINFOREST"
    },
    {
        "BuildingType": "BUILDING_BIOSPHERE",
        "ModifierId": "BIOSPHERE_ADJUST_APPEAL_MARSH"
    },
    {
        "BuildingType": "BUILDING_BIOSPHERE",
        "ModifierId": "BIOSPHERE_MODIFIED_FREE_POWER"
    },
    {
        "BuildingType": "BUILDING_BIOSPHERE",
        "ModifierId": "BIOSPHERE_GREEN_ENERGY_TOURISM"
    },
    {
        "BuildingType": "BUILDING_CONSULATE",
        "ModifierId": "CONSULATE_INFLUENCEPOINTS"
    },
    {
        "BuildingType": "BUILDING_CONSULATE",
        "ModifierId": "CONSULATE_SPY_BONUS"
    },
    {
        "BuildingType": "BUILDING_CHANCERY",
        "ModifierId": "CHANCERY_INFLUENCEPOINTS"
    },
    {
        "BuildingType": "BUILDING_CHANCERY",
        "ModifierId": "CHANCERY_COUNTERYSPY_SCIENCE"
    },
    {
        "BuildingType": "BUILDING_ALCHEMICAL_SOCIETY",
        "ModifierId": "BUILDING_ALCHEMICAL_SOCIETY_GOLD_MIRRORS_SCIENCE"
    },
    {
        "BuildingType": "BUILDING_GILDED_VAULT",
        "ModifierId": "BUILDING_GILDED_VAULT_CULTURE_MIRRORS_GOLD"
    },
    {
        "BuildingType": "BUILDING_GILDED_VAULT",
        "ModifierId": "BUILDING_GILDED_VAULT_TRADE_ROUTE_CAPACITY"
    },
    {
        "BuildingType": "BUILDING_OLD_GOD_OBELISK",
        "ModifierId": "MONUMENT_LOYALTY"
    },
    {
        "BuildingType": "BUILDING_OLD_GOD_OBELISK",
        "ModifierId": "MONUMENT_CULTURE_AT_FULL_LOYALTY"
    },
    {
        "BuildingType": "BUILDING_PALGUM",
        "ModifierId": "PALGUM_ADDFOOD"
    },
    {
        "BuildingType": "BUILDING_TEMPLE",
        "ModifierId": "MODIFIER_TEMPLE_RECALL_FAITH_COST_DISCOUNT_ANANSI"
    },
    {
        "BuildingType": "BUILDING_TEMPLE",
        "ModifierId": "MODIFIER_TEMPLE_RECALL_FAITH_COST_DISCOUNT_ARTHUR"
    },
    {
        "BuildingType": "BUILDING_TEMPLE",
        "ModifierId": "MODIFIER_TEMPLE_RECALL_FAITH_COST_DISCOUNT_BEOWULF"
    },
    {
        "BuildingType": "BUILDING_TEMPLE",
        "ModifierId": "MODIFIER_TEMPLE_RECALL_FAITH_COST_DISCOUNT_HERCULES"
    },
    {
        "BuildingType": "BUILDING_TEMPLE",
        "ModifierId": "MODIFIER_TEMPLE_RECALL_FAITH_COST_DISCOUNT_HIMIKO"
    },
    {
        "BuildingType": "BUILDING_TEMPLE",
        "ModifierId": "MODIFIER_TEMPLE_RECALL_FAITH_COST_DISCOUNT_HIPPOLYTA"
    },
    {
        "BuildingType": "BUILDING_TEMPLE",
        "ModifierId": "MODIFIER_TEMPLE_RECALL_FAITH_COST_DISCOUNT_HUNAHPU"
    },
    {
        "BuildingType": "BUILDING_TEMPLE",
        "ModifierId": "MODIFIER_TEMPLE_RECALL_FAITH_COST_DISCOUNT_OYA"
    },
    {
        "BuildingType": "BUILDING_TEMPLE",
        "ModifierId": "MODIFIER_TEMPLE_RECALL_FAITH_COST_DISCOUNT_MAUI"
    },
    {
        "BuildingType": "BUILDING_TEMPLE",
        "ModifierId": "MODIFIER_TEMPLE_RECALL_FAITH_COST_DISCOUNT_MULAN"
    },
    {
        "BuildingType": "BUILDING_TEMPLE",
        "ModifierId": "MODIFIER_TEMPLE_RECALL_FAITH_COST_DISCOUNT_SINBAD"
    },
    {
        "BuildingType": "BUILDING_TEMPLE",
        "ModifierId": "MODIFIER_TEMPLE_RECALL_FAITH_COST_DISCOUNT_WUKONG"
    },
    {
        "BuildingType": "BUILDING_ORACLE",
        "ModifierId": "MODIFIER_ORACLE_RECALL_FAITH_COST_DISCOUNT_ANANSI"
    },
    {
        "BuildingType": "BUILDING_ORACLE",
        "ModifierId": "MODIFIER_ORACLE_RECALL_FAITH_COST_DISCOUNT_ARTHUR"
    },
    {
        "BuildingType": "BUILDING_ORACLE",
        "ModifierId": "MODIFIER_ORACLE_RECALL_FAITH_COST_DISCOUNT_BEOWULF"
    },
    {
        "BuildingType": "BUILDING_ORACLE",
        "ModifierId": "MODIFIER_ORACLE_RECALL_FAITH_COST_DISCOUNT_HERCULES"
    },
    {
        "BuildingType": "BUILDING_ORACLE",
        "ModifierId": "MODIFIER_ORACLE_RECALL_FAITH_COST_DISCOUNT_HIMIKO"
    },
    {
        "BuildingType": "BUILDING_ORACLE",
        "ModifierId": "MODIFIER_ORACLE_RECALL_FAITH_COST_DISCOUNT_HIPPOLYTA"
    },
    {
        "BuildingType": "BUILDING_ORACLE",
        "ModifierId": "MODIFIER_ORACLE_RECALL_FAITH_COST_DISCOUNT_HUNAHPU"
    },
    {
        "BuildingType": "BUILDING_ORACLE",
        "ModifierId": "MODIFIER_ORACLE_RECALL_FAITH_COST_DISCOUNT_OYA"
    },
    {
        "BuildingType": "BUILDING_ORACLE",
        "ModifierId": "MODIFIER_ORACLE_RECALL_FAITH_COST_DISCOUNT_MAUI"
    },
    {
        "BuildingType": "BUILDING_ORACLE",
        "ModifierId": "MODIFIER_ORACLE_RECALL_FAITH_COST_DISCOUNT_MULAN"
    },
    {
        "BuildingType": "BUILDING_ORACLE",
        "ModifierId": "MODIFIER_ORACLE_RECALL_FAITH_COST_DISCOUNT_SINBAD"
    },
    {
        "BuildingType": "BUILDING_ORACLE",
        "ModifierId": "MODIFIER_ORACLE_RECALL_FAITH_COST_DISCOUNT_WUKONG"
    },
    {
        "BuildingType": "BUILDING_STAVE_CHURCH",
        "ModifierId": "MODIFIER_TEMPLE_RECALL_FAITH_COST_DISCOUNT_ANANSI"
    },
    {
        "BuildingType": "BUILDING_STAVE_CHURCH",
        "ModifierId": "MODIFIER_TEMPLE_RECALL_FAITH_COST_DISCOUNT_ARTHUR"
    },
    {
        "BuildingType": "BUILDING_STAVE_CHURCH",
        "ModifierId": "MODIFIER_TEMPLE_RECALL_FAITH_COST_DISCOUNT_BEOWULF"
    },
    {
        "BuildingType": "BUILDING_STAVE_CHURCH",
        "ModifierId": "MODIFIER_TEMPLE_RECALL_FAITH_COST_DISCOUNT_HERCULES"
    },
    {
        "BuildingType": "BUILDING_STAVE_CHURCH",
        "ModifierId": "MODIFIER_TEMPLE_RECALL_FAITH_COST_DISCOUNT_HIMIKO"
    },
    {
        "BuildingType": "BUILDING_STAVE_CHURCH",
        "ModifierId": "MODIFIER_TEMPLE_RECALL_FAITH_COST_DISCOUNT_HIPPOLYTA"
    },
    {
        "BuildingType": "BUILDING_STAVE_CHURCH",
        "ModifierId": "MODIFIER_TEMPLE_RECALL_FAITH_COST_DISCOUNT_HUNAHPU"
    },
    {
        "BuildingType": "BUILDING_STAVE_CHURCH",
        "ModifierId": "MODIFIER_TEMPLE_RECALL_FAITH_COST_DISCOUNT_OYA"
    },
    {
        "BuildingType": "BUILDING_STAVE_CHURCH",
        "ModifierId": "MODIFIER_TEMPLE_RECALL_FAITH_COST_DISCOUNT_MAUI"
    },
    {
        "BuildingType": "BUILDING_STAVE_CHURCH",
        "ModifierId": "MODIFIER_TEMPLE_RECALL_FAITH_COST_DISCOUNT_MULAN"
    },
    {
        "BuildingType": "BUILDING_STAVE_CHURCH",
        "ModifierId": "MODIFIER_TEMPLE_RECALL_FAITH_COST_DISCOUNT_SINBAD"
    },
    {
        "BuildingType": "BUILDING_STAVE_CHURCH",
        "ModifierId": "MODIFIER_TEMPLE_RECALL_FAITH_COST_DISCOUNT_WUKONG"
    },
    {
        "BuildingType": "BUILDING_SHRINE",
        "ModifierId": "MODIFIER_SHRINE_CITY_HERO_EXTRA_LIFESPAN"
    },
    {
        "BuildingType": "BUILDING_HANGING_GARDENS",
        "ModifierId": "MODIFIER_HANGING_GARDENS_ALL_HEROES_EXTRA_LIFESPAN"
    },
    {
        "BuildingType": "BUILDING_PRASAT",
        "ModifierId": "MODIFIER_TEMPLE_RECALL_FAITH_COST_DISCOUNT_ANANSI"
    },
    {
        "BuildingType": "BUILDING_PRASAT",
        "ModifierId": "MODIFIER_TEMPLE_RECALL_FAITH_COST_DISCOUNT_ARTHUR"
    },
    {
        "BuildingType": "BUILDING_PRASAT",
        "ModifierId": "MODIFIER_TEMPLE_RECALL_FAITH_COST_DISCOUNT_BEOWULF"
    },
    {
        "BuildingType": "BUILDING_PRASAT",
        "ModifierId": "MODIFIER_TEMPLE_RECALL_FAITH_COST_DISCOUNT_HERCULES"
    },
    {
        "BuildingType": "BUILDING_PRASAT",
        "ModifierId": "MODIFIER_TEMPLE_RECALL_FAITH_COST_DISCOUNT_HIMIKO"
    },
    {
        "BuildingType": "BUILDING_PRASAT",
        "ModifierId": "MODIFIER_TEMPLE_RECALL_FAITH_COST_DISCOUNT_HIPPOLYTA"
    },
    {
        "BuildingType": "BUILDING_PRASAT",
        "ModifierId": "MODIFIER_TEMPLE_RECALL_FAITH_COST_DISCOUNT_HUNAHPU"
    },
    {
        "BuildingType": "BUILDING_PRASAT",
        "ModifierId": "MODIFIER_TEMPLE_RECALL_FAITH_COST_DISCOUNT_OYA"
    },
    {
        "BuildingType": "BUILDING_PRASAT",
        "ModifierId": "MODIFIER_TEMPLE_RECALL_FAITH_COST_DISCOUNT_MAUI"
    },
    {
        "BuildingType": "BUILDING_PRASAT",
        "ModifierId": "MODIFIER_TEMPLE_RECALL_FAITH_COST_DISCOUNT_MULAN"
    },
    {
        "BuildingType": "BUILDING_PRASAT",
        "ModifierId": "MODIFIER_TEMPLE_RECALL_FAITH_COST_DISCOUNT_SINBAD"
    },
    {
        "BuildingType": "BUILDING_PRASAT",
        "ModifierId": "MODIFIER_TEMPLE_RECALL_FAITH_COST_DISCOUNT_WUKONG"
    },
    {
        "BuildingType": "BUILDING_NAVIGATION_SCHOOL",
        "ModifierId": "NAVIGATION_SCHOOL_NAVAL_UNIT_PRODUCTION"
    },
    {
        "BuildingType": "BUILDING_NAVIGATION_SCHOOL",
        "ModifierId": "NAVIGATION_SCHOOL_NAVAL_COAST_SCIENCE"
    },
    {
        "BuildingType": "BUILDING_ETEMENANKI",
        "ModifierId": "ETEMENANKI_SCIENCE_MARSH"
    },
    {
        "BuildingType": "BUILDING_ETEMENANKI",
        "ModifierId": "ETEMENANKI_PRODUCTION_MARSH"
    },
    {
        "BuildingType": "BUILDING_ETEMENANKI",
        "ModifierId": "ETEMENANKI_SCIENCE_FLOODPLAINS"
    },
    {
        "BuildingType": "BUILDING_ETEMENANKI",
        "ModifierId": "ETEMENANKI_PRODUCTION_FLOODPLAINS"
    },
    {
        "BuildingType": "BUILDING_TORRE_DE_BELEM",
        "ModifierId": "TORREDEBELEM_TRADE_GOLD_LUXURIES"
    },
    {
        "BuildingType": "BUILDING_TORRE_DE_BELEM",
        "ModifierId": "TORREDEBELEM_CHEAPEST_BUILDING"
    },
    {
        "BuildingType": "BUILDING_ETEMENANKI",
        "ModifierId": "ETEMENANKI_SCIENCE_GRASS_FLOODPLAINS"
    },
    {
        "BuildingType": "BUILDING_ETEMENANKI",
        "ModifierId": "ETEMENANKI_PRODUCTION_GRASS_FLOODPLAINS"
    },
    {
        "BuildingType": "BUILDING_ETEMENANKI",
        "ModifierId": "ETEMENANKI_SCIENCE_PLAINS_FLOODPLAINS"
    },
    {
        "BuildingType": "BUILDING_ETEMENANKI",
        "ModifierId": "ETEMENANKI_PRODUCTION_PLAINS_FLOODPLAINS"
    }
]