[
    {
        "CivUniqueBuildingType": "BUILDING_FILM_STUDIO",
        "ReplacesBuildingType": "BUILDING_BROADCAST_CENTER"
    },
    {
        "CivUniqueBuildingType": "BUILDING_MADRASA",
        "ReplacesBuildingType": "BUILDING_UNIVERSITY"
    },
    {
        "CivUniqueBuildingType": "BUILDING_STAVE_CHURCH",
        "ReplacesBuildingType": "BUILDING_TEMPLE"
    },
    {
        "CivUniqueBuildingType": "BUILDING_ELECTRONICS_FACTORY",
        "ReplacesBuildingType": "BUILDING_FACTORY"
    },
    {
        "CivUniqueBuildingType": "BUILDING_TLACHTLI",
        "ReplacesBuildingType": "BUILDING_ARENA"
    },
    {
        "CivUniqueBuildingType": "BUILDING_PRASAT",
        "ReplacesBuildingType": "BUILDING_TEMPLE"
    },
    {
        "CivUniqueBuildingType": "BUILDING_SUKIENNICE",
        "ReplacesBuildingType": "BUILDING_MARKET"
    },
    {
        "CivUniqueBuildingType": "BUILDING_BASILIKOI_PAIDES",
        "ReplacesBuildingType": "BUILDING_BARRACKS"
    },
    {
        "CivUniqueBuildingType": "BUILDING_ORDU",
        "ReplacesBuildingType": "BUILDING_STABLE"
    },
    {
        "CivUniqueBuildingType": "BUILDING_TSIKHE",
        "ReplacesBuildingType": "BUILDING_STAR_FORT"
    },
    {
        "CivUniqueBuildingType": "BUILDING_GRAND_BAZAAR",
        "ReplacesBuildingType": "BUILDING_BANK"
    },
    {
        "CivUniqueBuildingType": "BUILDING_MARAE",
        "ReplacesBuildingType": "BUILDING_AMPHITHEATER"
    },
    {
        "CivUniqueBuildingType": "BUILDING_THERMAL_BATH",
        "ReplacesBuildingType": "BUILDING_ZOO"
    },
    {
        "CivUniqueBuildingType": "BUILDING_ALCHEMICAL_SOCIETY",
        "ReplacesBuildingType": "BUILDING_UNIVERSITY"
    },
    {
        "CivUniqueBuildingType": "BUILDING_GILDED_VAULT",
        "ReplacesBuildingType": "BUILDING_BANK"
    },
    {
        "CivUniqueBuildingType": "BUILDING_OLD_GOD_OBELISK",
        "ReplacesBuildingType": "BUILDING_MONUMENT"
    },
    {
        "CivUniqueBuildingType": "BUILDING_PALGUM",
        "ReplacesBuildingType": "BUILDING_WATER_MILL"
    },
    {
        "CivUniqueBuildingType": "BUILDING_NAVIGATION_SCHOOL",
        "ReplacesBuildingType": "BUILDING_UNIVERSITY"
    }
]