[
    {
        "BuildingType": "BUILDING_PALACE",
        "GreatWorkSlotType": "GREATWORKSLOT_PALACE",
        "NonUniquePersonTourism": 1,
        "NonUniquePersonYield": 1,
        "NumSlots": 1,
        "ThemingBonusDescription": null,
        "ThemingSameEras": 0,
        "ThemingSameObjectType": 0,
        "ThemingTourismMultiplier": 0,
        "ThemingUniqueCivs": 0,
        "ThemingUniquePerson": 0,
        "ThemingYieldMultiplier": 0
    },
    {
        "BuildingType": "BUILDING_TEMPLE",
        "GreatWorkSlotType": "GREATWORKSLOT_RELIC",
        "NonUniquePersonTourism": 0,
        "NonUniquePersonYield": 0,
        "NumSlots": 1,
        "ThemingBonusDescription": null,
        "ThemingSameEras": 0,
        "ThemingSameObjectType": 0,
        "ThemingTourismMultiplier": 0,
        "ThemingUniqueCivs": 0,
        "ThemingUniquePerson": 0,
        "ThemingYieldMultiplier": 0
    },
    {
        "BuildingType": "BUILDING_STAVE_CHURCH",
        "GreatWorkSlotType": "GREATWORKSLOT_RELIC",
        "NonUniquePersonTourism": 0,
        "NonUniquePersonYield": 0,
        "NumSlots": 1,
        "ThemingBonusDescription": null,
        "ThemingSameEras": 0,
        "ThemingSameObjectType": 0,
        "ThemingTourismMultiplier": 0,
        "ThemingUniqueCivs": 0,
        "ThemingUniquePerson": 0,
        "ThemingYieldMultiplier": 0
    },
    {
        "BuildingType": "BUILDING_AMPHITHEATER",
        "GreatWorkSlotType": "GREATWORKSLOT_WRITING",
        "NonUniquePersonTourism": 0,
        "NonUniquePersonYield": 0,
        "NumSlots": 2,
        "ThemingBonusDescription": null,
        "ThemingSameEras": 0,
        "ThemingSameObjectType": 0,
        "ThemingTourismMultiplier": 0,
        "ThemingUniqueCivs": 0,
        "ThemingUniquePerson": 0,
        "ThemingYieldMultiplier": 0
    },
    {
        "BuildingType": "BUILDING_MUSEUM_ART",
        "GreatWorkSlotType": "GREATWORKSLOT_ART",
        "NonUniquePersonTourism": 1,
        "NonUniquePersonYield": 1,
        "NumSlots": 3,
        "ThemingBonusDescription": "LOC_BUILDING_THEMINGBONUS_ART",
        "ThemingSameEras": 0,
        "ThemingSameObjectType": 1,
        "ThemingTourismMultiplier": 100,
        "ThemingUniqueCivs": 0,
        "ThemingUniquePerson": 1,
        "ThemingYieldMultiplier": 100
    },
    {
        "BuildingType": "BUILDING_MUSEUM_ARTIFACT",
        "GreatWorkSlotType": "GREATWORKSLOT_ARTIFACT",
        "NonUniquePersonTourism": 1,
        "NonUniquePersonYield": 1,
        "NumSlots": 3,
        "ThemingBonusDescription": "LOC_BUILDING_THEMINGBONUS_ARCHAEOLOGY",
        "ThemingSameEras": 1,
        "ThemingSameObjectType": 0,
        "ThemingTourismMultiplier": 100,
        "ThemingUniqueCivs": 1,
        "ThemingUniquePerson": 0,
        "ThemingYieldMultiplier": 100
    },
    {
        "BuildingType": "BUILDING_BROADCAST_CENTER",
        "GreatWorkSlotType": "GREATWORKSLOT_MUSIC",
        "NonUniquePersonTourism": 0,
        "NonUniquePersonYield": 0,
        "NumSlots": 1,
        "ThemingBonusDescription": null,
        "ThemingSameEras": 0,
        "ThemingSameObjectType": 0,
        "ThemingTourismMultiplier": 0,
        "ThemingUniqueCivs": 0,
        "ThemingUniquePerson": 0,
        "ThemingYieldMultiplier": 0
    },
    {
        "BuildingType": "BUILDING_FILM_STUDIO",
        "GreatWorkSlotType": "GREATWORKSLOT_MUSIC",
        "NonUniquePersonTourism": 0,
        "NonUniquePersonYield": 0,
        "NumSlots": 1,
        "ThemingBonusDescription": null,
        "ThemingSameEras": 0,
        "ThemingSameObjectType": 0,
        "ThemingTourismMultiplier": 0,
        "ThemingUniqueCivs": 0,
        "ThemingUniquePerson": 0,
        "ThemingYieldMultiplier": 0
    },
    {
        "BuildingType": "BUILDING_CATHEDRAL",
        "GreatWorkSlotType": "GREATWORKSLOT_CATHEDRAL",
        "NonUniquePersonTourism": 0,
        "NonUniquePersonYield": 0,
        "NumSlots": 1,
        "ThemingBonusDescription": null,
        "ThemingSameEras": 0,
        "ThemingSameObjectType": 0,
        "ThemingTourismMultiplier": 0,
        "ThemingUniqueCivs": 0,
        "ThemingUniquePerson": 0,
        "ThemingYieldMultiplier": 0
    },
    {
        "BuildingType": "BUILDING_GREAT_LIBRARY",
        "GreatWorkSlotType": "GREATWORKSLOT_WRITING",
        "NonUniquePersonTourism": 0,
        "NonUniquePersonYield": 0,
        "NumSlots": 2,
        "ThemingBonusDescription": null,
        "ThemingSameEras": 0,
        "ThemingSameObjectType": 0,
        "ThemingTourismMultiplier": 0,
        "ThemingUniqueCivs": 0,
        "ThemingUniquePerson": 0,
        "ThemingYieldMultiplier": 0
    },
    {
        "BuildingType": "BUILDING_MONT_ST_MICHEL",
        "GreatWorkSlotType": "GREATWORKSLOT_RELIC",
        "NonUniquePersonTourism": 0,
        "NonUniquePersonYield": 0,
        "NumSlots": 2,
        "ThemingBonusDescription": null,
        "ThemingSameEras": 0,
        "ThemingSameObjectType": 0,
        "ThemingTourismMultiplier": 0,
        "ThemingUniqueCivs": 0,
        "ThemingUniquePerson": 0,
        "ThemingYieldMultiplier": 0
    },
    {
        "BuildingType": "BUILDING_BOLSHOI_THEATRE",
        "GreatWorkSlotType": "GREATWORKSLOT_WRITING",
        "NonUniquePersonTourism": 0,
        "NonUniquePersonYield": 0,
        "NumSlots": 1,
        "ThemingBonusDescription": null,
        "ThemingSameEras": 0,
        "ThemingSameObjectType": 0,
        "ThemingTourismMultiplier": 0,
        "ThemingUniqueCivs": 0,
        "ThemingUniquePerson": 0,
        "ThemingYieldMultiplier": 0
    },
    {
        "BuildingType": "BUILDING_BOLSHOI_THEATRE",
        "GreatWorkSlotType": "GREATWORKSLOT_MUSIC",
        "NonUniquePersonTourism": 0,
        "NonUniquePersonYield": 0,
        "NumSlots": 1,
        "ThemingBonusDescription": null,
        "ThemingSameEras": 0,
        "ThemingSameObjectType": 0,
        "ThemingTourismMultiplier": 0,
        "ThemingUniqueCivs": 0,
        "ThemingUniquePerson": 0,
        "ThemingYieldMultiplier": 0
    },
    {
        "BuildingType": "BUILDING_OXFORD_UNIVERSITY",
        "GreatWorkSlotType": "GREATWORKSLOT_WRITING",
        "NonUniquePersonTourism": 0,
        "NonUniquePersonYield": 0,
        "NumSlots": 2,
        "ThemingBonusDescription": null,
        "ThemingSameEras": 0,
        "ThemingSameObjectType": 0,
        "ThemingTourismMultiplier": 0,
        "ThemingUniqueCivs": 0,
        "ThemingUniquePerson": 0,
        "ThemingYieldMultiplier": 0
    },
    {
        "BuildingType": "BUILDING_HERMITAGE",
        "GreatWorkSlotType": "GREATWORKSLOT_ART",
        "NonUniquePersonTourism": 2,
        "NonUniquePersonYield": 3,
        "NumSlots": 4,
        "ThemingBonusDescription": null,
        "ThemingSameEras": 0,
        "ThemingSameObjectType": 0,
        "ThemingTourismMultiplier": 0,
        "ThemingUniqueCivs": 0,
        "ThemingUniquePerson": 0,
        "ThemingYieldMultiplier": 0
    },
    {
        "BuildingType": "BUILDING_BROADWAY",
        "GreatWorkSlotType": "GREATWORKSLOT_WRITING",
        "NonUniquePersonTourism": 0,
        "NonUniquePersonYield": 0,
        "NumSlots": 1,
        "ThemingBonusDescription": null,
        "ThemingSameEras": 0,
        "ThemingSameObjectType": 0,
        "ThemingTourismMultiplier": 0,
        "ThemingUniqueCivs": 0,
        "ThemingUniquePerson": 0,
        "ThemingYieldMultiplier": 0
    },
    {
        "BuildingType": "BUILDING_BROADWAY",
        "GreatWorkSlotType": "GREATWORKSLOT_MUSIC",
        "NonUniquePersonTourism": 0,
        "NonUniquePersonYield": 0,
        "NumSlots": 2,
        "ThemingBonusDescription": null,
        "ThemingSameEras": 0,
        "ThemingSameObjectType": 0,
        "ThemingTourismMultiplier": 0,
        "ThemingUniqueCivs": 0,
        "ThemingUniquePerson": 0,
        "ThemingYieldMultiplier": 0
    },
    {
        "BuildingType": "BUILDING_SYDNEY_OPERA_HOUSE",
        "GreatWorkSlotType": "GREATWORKSLOT_MUSIC",
        "NonUniquePersonTourism": 0,
        "NonUniquePersonYield": 0,
        "NumSlots": 3,
        "ThemingBonusDescription": null,
        "ThemingSameEras": 0,
        "ThemingSameObjectType": 0,
        "ThemingTourismMultiplier": 0,
        "ThemingUniqueCivs": 0,
        "ThemingUniquePerson": 0,
        "ThemingYieldMultiplier": 0
    },
    {
        "BuildingType": "BUILDING_PRASAT",
        "GreatWorkSlotType": "GREATWORKSLOT_RELIC",
        "NonUniquePersonTourism": 0,
        "NonUniquePersonYield": 0,
        "NumSlots": 1,
        "ThemingBonusDescription": null,
        "ThemingSameEras": 0,
        "ThemingSameObjectType": 0,
        "ThemingTourismMultiplier": 0,
        "ThemingUniqueCivs": 0,
        "ThemingUniquePerson": 0,
        "ThemingYieldMultiplier": 0
    },
    {
        "BuildingType": "BUILDING_APADANA",
        "GreatWorkSlotType": "GREATWORKSLOT_PALACE",
        "NonUniquePersonTourism": 1,
        "NonUniquePersonYield": 1,
        "NumSlots": 2,
        "ThemingBonusDescription": null,
        "ThemingSameEras": 0,
        "ThemingSameObjectType": 0,
        "ThemingTourismMultiplier": 0,
        "ThemingUniqueCivs": 0,
        "ThemingUniquePerson": 0,
        "ThemingYieldMultiplier": 0
    },
    {
        "BuildingType": "BUILDING_ST_BASILS_CATHEDRAL",
        "GreatWorkSlotType": "GREATWORKSLOT_RELIC",
        "NonUniquePersonTourism": 0,
        "NonUniquePersonYield": 0,
        "NumSlots": 3,
        "ThemingBonusDescription": null,
        "ThemingSameEras": 0,
        "ThemingSameObjectType": 0,
        "ThemingTourismMultiplier": 0,
        "ThemingUniqueCivs": 0,
        "ThemingUniquePerson": 0,
        "ThemingYieldMultiplier": 0
    },
    {
        "BuildingType": "BUILDING_GOV_CULTURE",
        "GreatWorkSlotType": "GREATWORKSLOT_PALACE",
        "NonUniquePersonTourism": 0,
        "NonUniquePersonYield": 0,
        "NumSlots": 4,
        "ThemingBonusDescription": null,
        "ThemingSameEras": 0,
        "ThemingSameObjectType": 0,
        "ThemingTourismMultiplier": 0,
        "ThemingUniqueCivs": 0,
        "ThemingUniquePerson": 0,
        "ThemingYieldMultiplier": 0
    },
    {
        "BuildingType": "BUILDING_QUEENS_BIBLIOTHEQUE",
        "GreatWorkSlotType": "GREATWORKSLOT_WRITING",
        "NonUniquePersonTourism": 0,
        "NonUniquePersonYield": 0,
        "NumSlots": 2,
        "ThemingBonusDescription": null,
        "ThemingSameEras": 0,
        "ThemingSameObjectType": 0,
        "ThemingTourismMultiplier": 0,
        "ThemingUniqueCivs": 0,
        "ThemingUniquePerson": 0,
        "ThemingYieldMultiplier": 0
    },
    {
        "BuildingType": "BUILDING_QUEENS_BIBLIOTHEQUE",
        "GreatWorkSlotType": "GREATWORKSLOT_ART",
        "NonUniquePersonTourism": 2,
        "NonUniquePersonYield": 3,
        "NumSlots": 2,
        "ThemingBonusDescription": null,
        "ThemingSameEras": 0,
        "ThemingSameObjectType": 0,
        "ThemingTourismMultiplier": 0,
        "ThemingUniqueCivs": 0,
        "ThemingUniquePerson": 0,
        "ThemingYieldMultiplier": 0
    },
    {
        "BuildingType": "BUILDING_QUEENS_BIBLIOTHEQUE",
        "GreatWorkSlotType": "GREATWORKSLOT_MUSIC",
        "NonUniquePersonTourism": 0,
        "NonUniquePersonYield": 0,
        "NumSlots": 2,
        "ThemingBonusDescription": null,
        "ThemingSameEras": 0,
        "ThemingSameObjectType": 0,
        "ThemingTourismMultiplier": 0,
        "ThemingUniqueCivs": 0,
        "ThemingUniquePerson": 0,
        "ThemingYieldMultiplier": 0
    },
    {
        "BuildingType": "BUILDING_STOCK_EXCHANGE",
        "GreatWorkSlotType": "GREATWORKSLOT_PRODUCT",
        "NonUniquePersonTourism": 0,
        "NonUniquePersonYield": 0,
        "NumSlots": 3,
        "ThemingBonusDescription": null,
        "ThemingSameEras": 0,
        "ThemingSameObjectType": 0,
        "ThemingTourismMultiplier": 0,
        "ThemingUniqueCivs": 0,
        "ThemingUniquePerson": 0,
        "ThemingYieldMultiplier": 0
    },
    {
        "BuildingType": "BUILDING_SEAPORT",
        "GreatWorkSlotType": "GREATWORKSLOT_PRODUCT",
        "NonUniquePersonTourism": 0,
        "NonUniquePersonYield": 0,
        "NumSlots": 3,
        "ThemingBonusDescription": null,
        "ThemingSameEras": 0,
        "ThemingSameObjectType": 0,
        "ThemingTourismMultiplier": 0,
        "ThemingUniqueCivs": 0,
        "ThemingUniquePerson": 0,
        "ThemingYieldMultiplier": 0
    },
    {
        "BuildingType": "BUILDING_OLD_GOD_OBELISK",
        "GreatWorkSlotType": "GREATWORKSLOT_PALACE",
        "NonUniquePersonTourism": 0,
        "NonUniquePersonYield": 0,
        "NumSlots": 1,
        "ThemingBonusDescription": null,
        "ThemingSameEras": 0,
        "ThemingSameObjectType": 0,
        "ThemingTourismMultiplier": 0,
        "ThemingUniqueCivs": 0,
        "ThemingUniquePerson": 0,
        "ThemingYieldMultiplier": 0
    }
]