[
    {
        "BuildingType": "BUILDING_TLACHTLI",
        "TourismBombValue": 250
    },
    {
        "BuildingType": "BUILDING_AMPHITHEATER",
        "TourismBombValue": 250
    },
    {
        "BuildingType": "BUILDING_ARENA",
        "TourismBombValue": 250
    },
    {
        "BuildingType": "BUILDING_FERRIS_WHEEL",
        "TourismBombValue": 250
    },
    {
        "BuildingType": "BUILDING_SHIPYARD",
        "TourismBombValue": 500
    },
    {
        "BuildingType": "BUILDING_UNIVERSITY",
        "TourismBombValue": 500
    },
    {
        "BuildingType": "BUILDING_MADRASA",
        "TourismBombValue": 500
    },
    {
        "BuildingType": "BUILDING_STADIUM",
        "TourismBombValue": 750
    },
    {
        "BuildingType": "BUILDING_BROADCAST_CENTER",
        "TourismBombValue": 750
    },
    {
        "BuildingType": "BUILDING_FILM_STUDIO",
        "TourismBombValue": 750
    },
    {
        "BuildingType": "BUILDING_AQUATICS_CENTER",
        "TourismBombValue": 750
    },
    {
        "BuildingType": "BUILDING_MARAE",
        "TourismBombValue": 250
    },
    {
        "BuildingType": "BUILDING_NAVIGATION_SCHOOL",
        "TourismBombValue": 500
    }
]