[
    {
        "BuildingType": "BUILDING_COAL_POWER_PLANT",
        "YieldChange": 1,
        "YieldType": "YIELD_PRODUCTION"
    },
    {
        "BuildingType": "BUILDING_STOCK_EXCHANGE",
        "YieldChange": 2,
        "YieldType": "YIELD_GOLD"
    },
    {
        "BuildingType": "BUILDING_MILITARY_ACADEMY",
        "YieldChange": 1,
        "YieldType": "YIELD_PRODUCTION"
    },
    {
        "BuildingType": "BUILDING_FOSSIL_FUEL_POWER_PLANT",
        "YieldChange": 1,
        "YieldType": "YIELD_PRODUCTION"
    },
    {
        "BuildingType": "BUILDING_SEAPORT",
        "YieldChange": 1,
        "YieldType": "YIELD_FOOD"
    },
    {
        "BuildingType": "BUILDING_BROADCAST_CENTER",
        "YieldChange": 1,
        "YieldType": "YIELD_CULTURE"
    },
    {
        "BuildingType": "BUILDING_FILM_STUDIO",
        "YieldChange": 1,
        "YieldType": "YIELD_CULTURE"
    },
    {
        "BuildingType": "BUILDING_RESEARCH_LAB",
        "YieldChange": 1,
        "YieldType": "YIELD_SCIENCE"
    },
    {
        "BuildingType": "BUILDING_POWER_PLANT",
        "YieldChange": 1,
        "YieldType": "YIELD_PRODUCTION"
    },
    {
        "BuildingType": "BUILDING_CATHEDRAL",
        "YieldChange": 1,
        "YieldType": "YIELD_FAITH"
    },
    {
        "BuildingType": "BUILDING_DAR_E_MEHR",
        "YieldChange": 1,
        "YieldType": "YIELD_FAITH"
    },
    {
        "BuildingType": "BUILDING_GURDWARA",
        "YieldChange": 1,
        "YieldType": "YIELD_FAITH"
    },
    {
        "BuildingType": "BUILDING_MEETING_HOUSE",
        "YieldChange": 1,
        "YieldType": "YIELD_FAITH"
    },
    {
        "BuildingType": "BUILDING_MOSQUE",
        "YieldChange": 1,
        "YieldType": "YIELD_FAITH"
    },
    {
        "BuildingType": "BUILDING_PAGODA",
        "YieldChange": 1,
        "YieldType": "YIELD_FAITH"
    },
    {
        "BuildingType": "BUILDING_STUPA",
        "YieldChange": 1,
        "YieldType": "YIELD_FAITH"
    },
    {
        "BuildingType": "BUILDING_SYNAGOGUE",
        "YieldChange": 1,
        "YieldType": "YIELD_FAITH"
    },
    {
        "BuildingType": "BUILDING_WAT",
        "YieldChange": 1,
        "YieldType": "YIELD_FAITH"
    }
]