[
    {
        "CalendarType": "CALENDAR_STANDARD",
        "Description": "LOC_CALENDAR_STANDARD"
    },
    {
        "CalendarType": "CALENDAR_BI_YEARLY",
        "Description": "LOC_CALENDAR_BI_YEARLY"
    },
    {
        "CalendarType": "CALENDAR_YEARS",
        "Description": "LOC_CALENDAR_YEARS"
    },
    {
        "CalendarType": "CALENDAR_SEASONS",
        "Description": "LOC_CALENDAR_SEASONS"
    },
    {
        "CalendarType": "CALENDAR_MONTHS",
        "Description": "LOC_CALENDAR_MONTHS"
    }
]