[
    {
        "Character": "à",
        "RowID": 1,
        "TranslateCharacter": "a"
    },
    {
        "Character": "á",
        "RowID": 2,
        "TranslateCharacter": "a"
    },
    {
        "Character": "â",
        "RowID": 3,
        "TranslateCharacter": "a"
    },
    {
        "Character": "ã",
        "RowID": 4,
        "TranslateCharacter": "a"
    },
    {
        "Character": "ä",
        "RowID": 5,
        "TranslateCharacter": "a"
    },
    {
        "Character": "å",
        "RowID": 6,
        "TranslateCharacter": "a"
    },
    {
        "Character": "ạ",
        "RowID": 7,
        "TranslateCharacter": "a"
    },
    {
        "Character": "ā",
        "RowID": 8,
        "TranslateCharacter": "a"
    },
    {
        "Character": "ā",
        "RowID": 9,
        "TranslateCharacter": "a"
    },
    {
        "Character": "è",
        "RowID": 10,
        "TranslateCharacter": "e"
    },
    {
        "Character": "é",
        "RowID": 11,
        "TranslateCharacter": "e"
    },
    {
        "Character": "ê",
        "RowID": 12,
        "TranslateCharacter": "e"
    },
    {
        "Character": "ë",
        "RowID": 13,
        "TranslateCharacter": "e"
    },
    {
        "Character": "ệ",
        "RowID": 14,
        "TranslateCharacter": "e"
    },
    {
        "Character": "ế",
        "RowID": 15,
        "TranslateCharacter": "e"
    },
    {
        "Character": "ì",
        "RowID": 16,
        "TranslateCharacter": "i"
    },
    {
        "Character": "í",
        "RowID": 17,
        "TranslateCharacter": "i"
    },
    {
        "Character": "î",
        "RowID": 18,
        "TranslateCharacter": "i"
    },
    {
        "Character": "ï",
        "RowID": 19,
        "TranslateCharacter": "i"
    },
    {
        "Character": "ī",
        "RowID": 20,
        "TranslateCharacter": "i"
    },
    {
        "Character": "ò",
        "RowID": 21,
        "TranslateCharacter": "o"
    },
    {
        "Character": "ó",
        "RowID": 22,
        "TranslateCharacter": "o"
    },
    {
        "Character": "ô",
        "RowID": 23,
        "TranslateCharacter": "o"
    },
    {
        "Character": "õ",
        "RowID": 24,
        "TranslateCharacter": "o"
    },
    {
        "Character": "ö",
        "RowID": 25,
        "TranslateCharacter": "o"
    },
    {
        "Character": "ō",
        "RowID": 26,
        "TranslateCharacter": "o"
    },
    {
        "Character": "ù",
        "RowID": 27,
        "TranslateCharacter": "u"
    },
    {
        "Character": "ú",
        "RowID": 28,
        "TranslateCharacter": "u"
    },
    {
        "Character": "û",
        "RowID": 29,
        "TranslateCharacter": "u"
    },
    {
        "Character": "ü",
        "RowID": 30,
        "TranslateCharacter": "u"
    },
    {
        "Character": "ý",
        "RowID": 31,
        "TranslateCharacter": "y"
    },
    {
        "Character": "ÿ",
        "RowID": 32,
        "TranslateCharacter": "y"
    },
    {
        "Character": "Ñ",
        "RowID": 33,
        "TranslateCharacter": "N"
    },
    {
        "Character": "ñ",
        "RowID": 34,
        "TranslateCharacter": "n"
    },
    {
        "Character": "’",
        "RowID": 35,
        "TranslateCharacter": "'"
    },
    {
        "Character": "Æ",
        "RowID": 36,
        "TranslateCharacter": "AE"
    },
    {
        "Character": "æ",
        "RowID": 37,
        "TranslateCharacter": "ae"
    }
]