[
    {
        "CivilizationType": "CIVILIZATION_ENGLAND",
        "MusicOverride": 1
    },
    {
        "CivilizationType": "CIVILIZATION_NORWAY",
        "MusicOverride": 1
    },
    {
        "CivilizationType": "CIVILIZATION_AMERICA",
        "MusicOverride": 1
    },
    {
        "CivilizationType": "CIVILIZATION_KONGO",
        "MusicOverride": 1
    },
    {
        "CivilizationType": "CIVILIZATION_CHINA",
        "MusicOverride": 1
    },
    {
        "CivilizationType": "CIVILIZATION_EGYPT",
        "MusicOverride": 1
    },
    {
        "CivilizationType": "CIVILIZATION_MALI",
        "MusicOverride": 1
    },
    {
        "CivilizationType": "CIVILIZATION_ROME",
        "MusicOverride": 1
    },
    {
        "CivilizationType": "CIVILIZATION_VIETNAM",
        "MusicOverride": 1
    },
    {
        "CivilizationType": "CIVILIZATION_JAPAN",
        "MusicOverride": 1
    },
    {
        "CivilizationType": "CIVILIZATION_PERSIA",
        "MusicOverride": 1
    },
    {
        "CivilizationType": "CIVILIZATION_GERMANY",
        "MusicOverride": 1
    },
    {
        "CivilizationType": "CIVILIZATION_BYZANTIUM",
        "MusicOverride": 1
    },
    {
        "CivilizationType": "CIVILIZATION_KOREA",
        "MusicOverride": 1
    },
    {
        "CivilizationType": "CIVILIZATION_PORTUGAL",
        "MusicOverride": 1
    }
]