[
    {
        "ChapterId": "INTRO",
        "PageLayoutId": "FrontPage",
        "SortIndex": 10
    },
    {
        "ChapterId": "CONTENT",
        "PageLayoutId": "Simple",
        "SortIndex": 10
    },
    {
        "ChapterId": "HISTORY",
        "PageLayoutId": "Basic",
        "SortIndex": 10
    },
    {
        "ChapterId": "HISTORY",
        "PageLayoutId": "Belief",
        "SortIndex": 10
    },
    {
        "ChapterId": "HISTORY",
        "PageLayoutId": "Building",
        "SortIndex": 10
    },
    {
        "ChapterId": "HISTORY",
        "PageLayoutId": "CityState",
        "SortIndex": 10
    },
    {
        "ChapterId": "HISTORY",
        "PageLayoutId": "Civic",
        "SortIndex": 10
    },
    {
        "ChapterId": "HISTORY",
        "PageLayoutId": "Civilization",
        "SortIndex": 10
    },
    {
        "ChapterId": "HISTORY",
        "PageLayoutId": "District",
        "SortIndex": 10
    },
    {
        "ChapterId": "HISTORY",
        "PageLayoutId": "Feature",
        "SortIndex": 10
    },
    {
        "ChapterId": "HISTORY",
        "PageLayoutId": "Government",
        "SortIndex": 10
    },
    {
        "ChapterId": "HISTORY",
        "PageLayoutId": "GreatPerson",
        "SortIndex": 10
    },
    {
        "ChapterId": "HISTORY",
        "PageLayoutId": "Improvement",
        "SortIndex": 10
    },
    {
        "ChapterId": "CAPSULE",
        "PageLayoutId": "Leader",
        "SortIndex": 8
    },
    {
        "ChapterId": "DETAILED",
        "PageLayoutId": "Leader",
        "SortIndex": 9
    },
    {
        "ChapterId": "HISTORY",
        "PageLayoutId": "Leader",
        "SortIndex": 10
    },
    {
        "ChapterId": "HISTORY",
        "PageLayoutId": "Policy",
        "SortIndex": 10
    },
    {
        "ChapterId": "HISTORY",
        "PageLayoutId": "Project",
        "SortIndex": 10
    },
    {
        "ChapterId": "HISTORY",
        "PageLayoutId": "Religion",
        "SortIndex": 10
    },
    {
        "ChapterId": "HISTORY",
        "PageLayoutId": "Resource",
        "SortIndex": 10
    },
    {
        "ChapterId": "HISTORY",
        "PageLayoutId": "Route",
        "SortIndex": 10
    },
    {
        "ChapterId": "HISTORY",
        "PageLayoutId": "Technology",
        "SortIndex": 10
    },
    {
        "ChapterId": "HISTORY",
        "PageLayoutId": "Terrain",
        "SortIndex": 10
    },
    {
        "ChapterId": "HISTORY",
        "PageLayoutId": "Unit",
        "SortIndex": 10
    },
    {
        "ChapterId": "HISTORY",
        "PageLayoutId": "UnitPromotion",
        "SortIndex": 10
    },
    {
        "ChapterId": "HISTORY",
        "PageLayoutId": "Wonder",
        "SortIndex": 10
    },
    {
        "ChapterId": "HISTORY",
        "PageLayoutId": "Governor",
        "SortIndex": 10
    },
    {
        "ChapterId": "HISTORY",
        "PageLayoutId": "GovernorPromotion",
        "SortIndex": 10
    },
    {
        "ChapterId": "VOLCANOES",
        "PageLayoutId": "EnvironmentalEffects",
        "SortIndex": 20
    },
    {
        "ChapterId": "GEOTHERMAL_FISSURES",
        "PageLayoutId": "EnvironmentalEffects",
        "SortIndex": 30
    },
    {
        "ChapterId": "FLOODS",
        "PageLayoutId": "EnvironmentalEffects",
        "SortIndex": 40
    },
    {
        "ChapterId": "STORMS",
        "PageLayoutId": "EnvironmentalEffects",
        "SortIndex": 50
    },
    {
        "ChapterId": "CLIMATE_CHANGE",
        "PageLayoutId": "EnvironmentalEffects",
        "SortIndex": 60
    },
    {
        "ChapterId": "NUCLEAR_ACCIDENTS",
        "PageLayoutId": "EnvironmentalEffects",
        "SortIndex": 70
    },
    {
        "ChapterId": "DROUGHTS",
        "PageLayoutId": "EnvironmentalEffects",
        "SortIndex": 80
    },
    {
        "ChapterId": "CONGRESS",
        "PageLayoutId": "WorldCongress",
        "SortIndex": 20
    },
    {
        "ChapterId": "FAVOR",
        "PageLayoutId": "WorldCongress",
        "SortIndex": 30
    },
    {
        "ChapterId": "RESOLUTIONS",
        "PageLayoutId": "WorldCongress",
        "SortIndex": 40
    },
    {
        "ChapterId": "DISCUSSIONS",
        "PageLayoutId": "WorldCongress",
        "SortIndex": 50
    },
    {
        "ChapterId": "INTERVENTIONS",
        "PageLayoutId": "WorldCongress",
        "SortIndex": 60
    },
    {
        "ChapterId": "WELCOME",
        "PageLayoutId": "BarbarianClans",
        "SortIndex": 10
    },
    {
        "ChapterId": "TYPES",
        "PageLayoutId": "BarbarianClans",
        "SortIndex": 20
    },
    {
        "ChapterId": "UNITS",
        "PageLayoutId": "BarbarianClans",
        "SortIndex": 30
    },
    {
        "ChapterId": "CITYCONVERSION",
        "PageLayoutId": "BarbarianClans",
        "SortIndex": 40
    },
    {
        "ChapterId": "UNITCOMMANDS",
        "PageLayoutId": "BarbarianClans",
        "SortIndex": 50
    },
    {
        "ChapterId": "PLAYEROPS",
        "PageLayoutId": "BarbarianClans",
        "SortIndex": 60
    },
    {
        "ChapterId": "HISTORY",
        "PageLayoutId": "BarbarianClans",
        "SortIndex": 70
    },
    {
        "ChapterId": "CONTENT",
        "PageLayoutId": "BarbarianClanType",
        "SortIndex": 10
    },
    {
        "ChapterId": "HISTORY",
        "PageLayoutId": "BarbarianClanType",
        "SortIndex": 20
    },
    {
        "ChapterId": "WELCOME",
        "PageLayoutId": "TreeRandomizer",
        "SortIndex": 10
    },
    {
        "ChapterId": "FIRES",
        "PageLayoutId": "EnvironmentalEffects",
        "SortIndex": 1
    },
    {
        "ChapterId": "SHOWERS",
        "PageLayoutId": "EnvironmentalEffects",
        "SortIndex": 2
    },
    {
        "ChapterId": "WELCOME",
        "PageLayoutId": "MegaDisasters",
        "SortIndex": 10
    },
    {
        "ChapterId": "SOOTHSAYER",
        "PageLayoutId": "MegaDisasters",
        "SortIndex": 20
    },
    {
        "ChapterId": "SCORED_COMPETITION",
        "PageLayoutId": "MegaDisasters",
        "SortIndex": 30
    },
    {
        "ChapterId": "NEW_DISASTERS",
        "PageLayoutId": "MegaDisasters",
        "SortIndex": 40
    },
    {
        "ChapterId": "END_OF_WORLD",
        "PageLayoutId": "MegaDisasters",
        "SortIndex": 50
    },
    {
        "ChapterId": "FLARES",
        "PageLayoutId": "EnvironmentalEffects",
        "SortIndex": 3
    },
    {
        "ChapterId": "COMETS",
        "PageLayoutId": "EnvironmentalEffects",
        "SortIndex": 4
    },
    {
        "ChapterId": "WELCOME",
        "PageLayoutId": "DramaticAges",
        "SortIndex": 10
    },
    {
        "ChapterId": "ERASCORE",
        "PageLayoutId": "DramaticAges",
        "SortIndex": 20
    },
    {
        "ChapterId": "GOLDENAGES",
        "PageLayoutId": "DramaticAges",
        "SortIndex": 30
    },
    {
        "ChapterId": "DARKAGES",
        "PageLayoutId": "DramaticAges",
        "SortIndex": 40
    },
    {
        "ChapterId": "FREECITIES",
        "PageLayoutId": "DramaticAges",
        "SortIndex": 50
    },
    {
        "ChapterId": "WELCOME",
        "PageLayoutId": "Monopolies_Corporations",
        "SortIndex": 10
    },
    {
        "ChapterId": "INDUSTRIES",
        "PageLayoutId": "Monopolies_Corporations",
        "SortIndex": 20
    },
    {
        "ChapterId": "CORPORATIONS",
        "PageLayoutId": "Monopolies_Corporations",
        "SortIndex": 30
    },
    {
        "ChapterId": "PRODUCTS",
        "PageLayoutId": "Monopolies_Corporations",
        "SortIndex": 40
    },
    {
        "ChapterId": "MONOPOLIES",
        "PageLayoutId": "Monopolies_Corporations",
        "SortIndex": 50
    },
    {
        "ChapterId": "WELCOME",
        "PageLayoutId": "SecretSocieties",
        "SortIndex": 10
    },
    {
        "ChapterId": "DISCOVERY",
        "PageLayoutId": "SecretSocieties",
        "SortIndex": 20
    },
    {
        "ChapterId": "INITIATION",
        "PageLayoutId": "SecretSocieties",
        "SortIndex": 30
    },
    {
        "ChapterId": "DEEPER_MYSTERIES",
        "PageLayoutId": "SecretSocieties",
        "SortIndex": 40
    },
    {
        "ChapterId": "WELCOME",
        "PageLayoutId": "Heroes",
        "SortIndex": 10
    },
    {
        "ChapterId": "DISCOVERY",
        "PageLayoutId": "Heroes",
        "SortIndex": 20
    },
    {
        "ChapterId": "CLAIMING",
        "PageLayoutId": "Heroes",
        "SortIndex": 30
    },
    {
        "ChapterId": "UNITS",
        "PageLayoutId": "Heroes",
        "SortIndex": 40
    },
    {
        "ChapterId": "LIFESPAN",
        "PageLayoutId": "Heroes",
        "SortIndex": 50
    },
    {
        "ChapterId": "RECALLING",
        "PageLayoutId": "Heroes",
        "SortIndex": 60
    },
    {
        "ChapterId": "GREATWORKS",
        "PageLayoutId": "Heroes",
        "SortIndex": 70
    },
    {
        "ChapterId": "HISTORY",
        "PageLayoutId": "HeroUnit",
        "SortIndex": 10
    },
    {
        "ChapterId": "WELCOME",
        "PageLayoutId": "Zombies",
        "SortIndex": 10
    },
    {
        "ChapterId": "ZOMBIES",
        "PageLayoutId": "Zombies",
        "SortIndex": 20
    },
    {
        "ChapterId": "DEFENSES",
        "PageLayoutId": "Zombies",
        "SortIndex": 30
    }
]