[
    {
        "AdvisorType": "ADVISOR_GENERIC",
        "BarbarianFree": 0,
        "CivicType": "CIVIC_CODE_OF_LAWS",
        "Cost": 20,
        "Description": null,
        "EmbarkAll": 0,
        "EmbarkUnitType": null,
        "EraType": "ERA_ANCIENT",
        "Name": "LOC_CIVIC_CODE_OF_LAWS_NAME",
        "Repeatable": 0,
        "UITreeRow": 0
    },
    {
        "AdvisorType": "ADVISOR_GENERIC",
        "BarbarianFree": 0,
        "CivicType": "CIVIC_CRAFTSMANSHIP",
        "Cost": 40,
        "Description": null,
        "EmbarkAll": 0,
        "EmbarkUnitType": null,
        "EraType": "ERA_ANCIENT",
        "Name": "LOC_CIVIC_CRAFTSMANSHIP_NAME",
        "Repeatable": 0,
        "UITreeRow": -2
    },
    {
        "AdvisorType": "ADVISOR_GENERIC",
        "BarbarianFree": 0,
        "CivicType": "CIVIC_FOREIGN_TRADE",
        "Cost": 40,
        "Description": "LOC_CIVIC_FOREIGN_TRADE_DESCRIPTION",
        "EmbarkAll": 0,
        "EmbarkUnitType": null,
        "EraType": "ERA_ANCIENT",
        "Name": "LOC_CIVIC_FOREIGN_TRADE_NAME",
        "Repeatable": 0,
        "UITreeRow": 2
    },
    {
        "AdvisorType": "ADVISOR_CONQUEST",
        "BarbarianFree": 0,
        "CivicType": "CIVIC_MILITARY_TRADITION",
        "Cost": 50,
        "Description": "LOC_CIVIC_MILITARY_TRADITION_DESCRIPTION",
        "EmbarkAll": 0,
        "EmbarkUnitType": null,
        "EraType": "ERA_ANCIENT",
        "Name": "LOC_CIVIC_MILITARY_TRADITION_NAME",
        "Repeatable": 0,
        "UITreeRow": -3
    },
    {
        "AdvisorType": "ADVISOR_GENERIC",
        "BarbarianFree": 0,
        "CivicType": "CIVIC_STATE_WORKFORCE",
        "Cost": 70,
        "Description": null,
        "EmbarkAll": 0,
        "EmbarkUnitType": null,
        "EraType": "ERA_ANCIENT",
        "Name": "LOC_CIVIC_STATE_WORKFORCE_NAME",
        "Repeatable": 0,
        "UITreeRow": 0
    },
    {
        "AdvisorType": "ADVISOR_GENERIC",
        "BarbarianFree": 0,
        "CivicType": "CIVIC_EARLY_EMPIRE",
        "Cost": 70,
        "Description": "LOC_CIVIC_EARLY_EMPIRE_DESCRIPTION",
        "EmbarkAll": 0,
        "EmbarkUnitType": null,
        "EraType": "ERA_ANCIENT",
        "Name": "LOC_CIVIC_EARLY_EMPIRE_NAME",
        "Repeatable": 0,
        "UITreeRow": 1
    },
    {
        "AdvisorType": "ADVISOR_RELIGIOUS",
        "BarbarianFree": 0,
        "CivicType": "CIVIC_MYSTICISM",
        "Cost": 50,
        "Description": null,
        "EmbarkAll": 0,
        "EmbarkUnitType": null,
        "EraType": "ERA_ANCIENT",
        "Name": "LOC_CIVIC_MYSTICISM_NAME",
        "Repeatable": 0,
        "UITreeRow": 3
    },
    {
        "AdvisorType": "ADVISOR_GENERIC",
        "BarbarianFree": 0,
        "CivicType": "CIVIC_GAMES_RECREATION",
        "Cost": 110,
        "Description": null,
        "EmbarkAll": 0,
        "EmbarkUnitType": null,
        "EraType": "ERA_CLASSICAL",
        "Name": "LOC_CIVIC_GAMES_RECREATION_NAME",
        "Repeatable": 0,
        "UITreeRow": -2
    },
    {
        "AdvisorType": "ADVISOR_GENERIC",
        "BarbarianFree": 0,
        "CivicType": "CIVIC_POLITICAL_PHILOSOPHY",
        "Cost": 110,
        "Description": null,
        "EmbarkAll": 0,
        "EmbarkUnitType": null,
        "EraType": "ERA_CLASSICAL",
        "Name": "LOC_CIVIC_POLITICAL_PHILOSOPHY_NAME",
        "Repeatable": 0,
        "UITreeRow": 0
    },
    {
        "AdvisorType": "ADVISOR_CULTURE",
        "BarbarianFree": 0,
        "CivicType": "CIVIC_DRAMA_POETRY",
        "Cost": 110,
        "Description": null,
        "EmbarkAll": 0,
        "EmbarkUnitType": null,
        "EraType": "ERA_CLASSICAL",
        "Name": "LOC_CIVIC_DRAMA_POETRY_NAME",
        "Repeatable": 0,
        "UITreeRow": 2
    },
    {
        "AdvisorType": "ADVISOR_CONQUEST",
        "BarbarianFree": 0,
        "CivicType": "CIVIC_MILITARY_TRAINING",
        "Cost": 120,
        "Description": null,
        "EmbarkAll": 0,
        "EmbarkUnitType": null,
        "EraType": "ERA_CLASSICAL",
        "Name": "LOC_CIVIC_MILITARY_TRAINING_NAME",
        "Repeatable": 0,
        "UITreeRow": -3
    },
    {
        "AdvisorType": "ADVISOR_GENERIC",
        "BarbarianFree": 0,
        "CivicType": "CIVIC_DEFENSIVE_TACTICS",
        "Cost": 175,
        "Description": null,
        "EmbarkAll": 0,
        "EmbarkUnitType": null,
        "EraType": "ERA_CLASSICAL",
        "Name": "LOC_CIVIC_DEFENSIVE_TACTICS_NAME",
        "Repeatable": 0,
        "UITreeRow": -1
    },
    {
        "AdvisorType": "ADVISOR_TECHNOLOGY",
        "BarbarianFree": 0,
        "CivicType": "CIVIC_RECORDED_HISTORY",
        "Cost": 175,
        "Description": null,
        "EmbarkAll": 0,
        "EmbarkUnitType": null,
        "EraType": "ERA_CLASSICAL",
        "Name": "LOC_CIVIC_RECORDED_HISTORY_NAME",
        "Repeatable": 0,
        "UITreeRow": 1
    },
    {
        "AdvisorType": "ADVISOR_RELIGIOUS",
        "BarbarianFree": 0,
        "CivicType": "CIVIC_THEOLOGY",
        "Cost": 120,
        "Description": null,
        "EmbarkAll": 0,
        "EmbarkUnitType": null,
        "EraType": "ERA_CLASSICAL",
        "Name": "LOC_CIVIC_THEOLOGY_NAME",
        "Repeatable": 0,
        "UITreeRow": 3
    },
    {
        "AdvisorType": "ADVISOR_GENERIC",
        "BarbarianFree": 0,
        "CivicType": "CIVIC_NAVAL_TRADITION",
        "Cost": 220,
        "Description": null,
        "EmbarkAll": 0,
        "EmbarkUnitType": null,
        "EraType": "ERA_MEDIEVAL",
        "Name": "LOC_CIVIC_NAVAL_TRADITION_NAME",
        "Repeatable": 0,
        "UITreeRow": -2
    },
    {
        "AdvisorType": "ADVISOR_GENERIC",
        "BarbarianFree": 0,
        "CivicType": "CIVIC_FEUDALISM",
        "Cost": 300,
        "Description": "LOC_CIVIC_FEUDALISM_DESCRIPTION",
        "EmbarkAll": 0,
        "EmbarkUnitType": null,
        "EraType": "ERA_MEDIEVAL",
        "Name": "LOC_CIVIC_FEUDALISM_NAME",
        "Repeatable": 0,
        "UITreeRow": -1
    },
    {
        "AdvisorType": "ADVISOR_GENERIC",
        "BarbarianFree": 0,
        "CivicType": "CIVIC_CIVIL_SERVICE",
        "Cost": 300,
        "Description": null,
        "EmbarkAll": 0,
        "EmbarkUnitType": null,
        "EraType": "ERA_MEDIEVAL",
        "Name": "LOC_CIVIC_CIVIL_SERVICE_NAME",
        "Repeatable": 0,
        "UITreeRow": 1
    },
    {
        "AdvisorType": "ADVISOR_CONQUEST",
        "BarbarianFree": 0,
        "CivicType": "CIVIC_MERCENARIES",
        "Cost": 340,
        "Description": null,
        "EmbarkAll": 0,
        "EmbarkUnitType": null,
        "EraType": "ERA_MEDIEVAL",
        "Name": "LOC_CIVIC_MERCENARIES_NAME",
        "Repeatable": 0,
        "UITreeRow": -3
    },
    {
        "AdvisorType": "ADVISOR_CULTURE",
        "BarbarianFree": 0,
        "CivicType": "CIVIC_MEDIEVAL_FAIRES",
        "Cost": 420,
        "Description": null,
        "EmbarkAll": 0,
        "EmbarkUnitType": null,
        "EraType": "ERA_MEDIEVAL",
        "Name": "LOC_CIVIC_MEDIEVAL_FAIRES_NAME",
        "Repeatable": 0,
        "UITreeRow": -1
    },
    {
        "AdvisorType": "ADVISOR_GENERIC",
        "BarbarianFree": 0,
        "CivicType": "CIVIC_GUILDS",
        "Cost": 420,
        "Description": null,
        "EmbarkAll": 0,
        "EmbarkUnitType": null,
        "EraType": "ERA_MEDIEVAL",
        "Name": "LOC_CIVIC_GUILDS_NAME",
        "Repeatable": 0,
        "UITreeRow": 1
    },
    {
        "AdvisorType": "ADVISOR_GENERIC",
        "BarbarianFree": 0,
        "CivicType": "CIVIC_DIVINE_RIGHT",
        "Cost": 340,
        "Description": null,
        "EmbarkAll": 0,
        "EmbarkUnitType": null,
        "EraType": "ERA_MEDIEVAL",
        "Name": "LOC_CIVIC_DIVINE_RIGHT_NAME",
        "Repeatable": 0,
        "UITreeRow": 3
    },
    {
        "AdvisorType": "ADVISOR_GENERIC",
        "BarbarianFree": 0,
        "CivicType": "CIVIC_EXPLORATION",
        "Cost": 440,
        "Description": null,
        "EmbarkAll": 0,
        "EmbarkUnitType": null,
        "EraType": "ERA_RENAISSANCE",
        "Name": "LOC_CIVIC_EXPLORATION_NAME",
        "Repeatable": 0,
        "UITreeRow": -3
    },
    {
        "AdvisorType": "ADVISOR_CULTURE",
        "BarbarianFree": 0,
        "CivicType": "CIVIC_HUMANISM",
        "Cost": 600,
        "Description": null,
        "EmbarkAll": 0,
        "EmbarkUnitType": null,
        "EraType": "ERA_RENAISSANCE",
        "Name": "LOC_CIVIC_HUMANISM_NAME",
        "Repeatable": 0,
        "UITreeRow": -1
    },
    {
        "AdvisorType": "ADVISOR_TECHNOLOGY",
        "BarbarianFree": 0,
        "CivicType": "CIVIC_DIPLOMATIC_SERVICE",
        "Cost": 600,
        "Description": "LOC_CIVIC_DIPLOMATIC_SERVICE_DESCRIPTION",
        "EmbarkAll": 0,
        "EmbarkUnitType": null,
        "EraType": "ERA_RENAISSANCE",
        "Name": "LOC_CIVIC_DIPLOMATIC_SERVICE_NAME",
        "Repeatable": 0,
        "UITreeRow": 1
    },
    {
        "AdvisorType": "ADVISOR_CONQUEST",
        "BarbarianFree": 0,
        "CivicType": "CIVIC_REFORMED_CHURCH",
        "Cost": 440,
        "Description": null,
        "EmbarkAll": 0,
        "EmbarkUnitType": null,
        "EraType": "ERA_RENAISSANCE",
        "Name": "LOC_CIVIC_REFORMED_CHURCH_NAME",
        "Repeatable": 0,
        "UITreeRow": 3
    },
    {
        "AdvisorType": "ADVISOR_GENERIC",
        "BarbarianFree": 0,
        "CivicType": "CIVIC_MERCANTILISM",
        "Cost": 720,
        "Description": "LOC_CIVIC_MERCANTILISM_DESCRIPTION",
        "EmbarkAll": 0,
        "EmbarkUnitType": null,
        "EraType": "ERA_RENAISSANCE",
        "Name": "LOC_CIVIC_MERCANTILISM_NAME",
        "Repeatable": 0,
        "UITreeRow": -1
    },
    {
        "AdvisorType": "ADVISOR_TECHNOLOGY",
        "BarbarianFree": 0,
        "CivicType": "CIVIC_THE_ENLIGHTENMENT",
        "Cost": 720,
        "Description": "LOC_CIVIC_THE_ENLIGHTENMENT_DESCRIPTION",
        "EmbarkAll": 0,
        "EmbarkUnitType": null,
        "EraType": "ERA_RENAISSANCE",
        "Name": "LOC_CIVIC_THE_ENLIGHTENMENT_NAME",
        "Repeatable": 0,
        "UITreeRow": 1
    },
    {
        "AdvisorType": "ADVISOR_GENERIC",
        "BarbarianFree": 0,
        "CivicType": "CIVIC_COLONIALISM",
        "Cost": 800,
        "Description": "LOC_CIVIC_COLONIALISM_DESCRIPTION",
        "EmbarkAll": 0,
        "EmbarkUnitType": null,
        "EraType": "ERA_INDUSTRIAL",
        "Name": "LOC_CIVIC_COLONIALISM_NAME",
        "Repeatable": 0,
        "UITreeRow": -3
    },
    {
        "AdvisorType": "ADVISOR_GENERIC",
        "BarbarianFree": 0,
        "CivicType": "CIVIC_CIVIL_ENGINEERING",
        "Cost": 1010,
        "Description": "LOC_CIVIC_CIVIL_ENGINEERING_DESCRIPTION",
        "EmbarkAll": 0,
        "EmbarkUnitType": null,
        "EraType": "ERA_INDUSTRIAL",
        "Name": "LOC_CIVIC_CIVIL_ENGINEERING_NAME",
        "Repeatable": 0,
        "UITreeRow": -1
    },
    {
        "AdvisorType": "ADVISOR_CONQUEST",
        "BarbarianFree": 0,
        "CivicType": "CIVIC_NATIONALISM",
        "Cost": 1010,
        "Description": "LOC_CIVIC_NATIONALISM_DESCRIPTION",
        "EmbarkAll": 0,
        "EmbarkUnitType": null,
        "EraType": "ERA_INDUSTRIAL",
        "Name": "LOC_CIVIC_NATIONALISM_NAME",
        "Repeatable": 0,
        "UITreeRow": 0
    },
    {
        "AdvisorType": "ADVISOR_CULTURE",
        "BarbarianFree": 0,
        "CivicType": "CIVIC_OPERA_BALLET",
        "Cost": 800,
        "Description": null,
        "EmbarkAll": 0,
        "EmbarkUnitType": null,
        "EraType": "ERA_INDUSTRIAL",
        "Name": "LOC_CIVIC_OPERA_BALLET_NAME",
        "Repeatable": 0,
        "UITreeRow": 2
    },
    {
        "AdvisorType": "ADVISOR_CULTURE",
        "BarbarianFree": 0,
        "CivicType": "CIVIC_NATURAL_HISTORY",
        "Cost": 1050,
        "Description": null,
        "EmbarkAll": 0,
        "EmbarkUnitType": null,
        "EraType": "ERA_INDUSTRIAL",
        "Name": "LOC_CIVIC_NATURAL_HISTORY_NAME",
        "Repeatable": 0,
        "UITreeRow": -3
    },
    {
        "AdvisorType": "ADVISOR_CONQUEST",
        "BarbarianFree": 0,
        "CivicType": "CIVIC_SCORCHED_EARTH",
        "Cost": 1210,
        "Description": null,
        "EmbarkAll": 0,
        "EmbarkUnitType": null,
        "EraType": "ERA_INDUSTRIAL",
        "Name": "LOC_CIVIC_SCORCHED_EARTH_NAME",
        "Repeatable": 0,
        "UITreeRow": 2
    },
    {
        "AdvisorType": "ADVISOR_GENERIC",
        "BarbarianFree": 0,
        "CivicType": "CIVIC_URBANIZATION",
        "Cost": 1210,
        "Description": null,
        "EmbarkAll": 0,
        "EmbarkUnitType": null,
        "EraType": "ERA_INDUSTRIAL",
        "Name": "LOC_CIVIC_URBANIZATION_NAME",
        "Repeatable": 0,
        "UITreeRow": -1
    },
    {
        "AdvisorType": "ADVISOR_CULTURE",
        "BarbarianFree": 0,
        "CivicType": "CIVIC_CONSERVATION",
        "Cost": 1540,
        "Description": "LOC_CIVIC_CONSERVATION_DESCRIPTION",
        "EmbarkAll": 0,
        "EmbarkUnitType": null,
        "EraType": "ERA_MODERN",
        "Name": "LOC_CIVIC_CONSERVATION_NAME",
        "Repeatable": 0,
        "UITreeRow": -3
    },
    {
        "AdvisorType": "ADVISOR_GENERIC",
        "BarbarianFree": 0,
        "CivicType": "CIVIC_CAPITALISM",
        "Cost": 1580,
        "Description": null,
        "EmbarkAll": 0,
        "EmbarkUnitType": null,
        "EraType": "ERA_MODERN",
        "Name": "LOC_CIVIC_CAPITALISM_NAME",
        "Repeatable": 0,
        "UITreeRow": -2
    },
    {
        "AdvisorType": "ADVISOR_TECHNOLOGY",
        "BarbarianFree": 0,
        "CivicType": "CIVIC_NUCLEAR_PROGRAM",
        "Cost": 1715,
        "Description": null,
        "EmbarkAll": 0,
        "EmbarkUnitType": null,
        "EraType": "ERA_MODERN",
        "Name": "LOC_CIVIC_NUCLEAR_PROGRAM_NAME",
        "Repeatable": 0,
        "UITreeRow": -2
    },
    {
        "AdvisorType": "ADVISOR_CULTURE",
        "BarbarianFree": 0,
        "CivicType": "CIVIC_MASS_MEDIA",
        "Cost": 1540,
        "Description": null,
        "EmbarkAll": 0,
        "EmbarkUnitType": null,
        "EraType": "ERA_MODERN",
        "Name": "LOC_CIVIC_MASS_MEDIA_NAME",
        "Repeatable": 0,
        "UITreeRow": -1
    },
    {
        "AdvisorType": "ADVISOR_CONQUEST",
        "BarbarianFree": 0,
        "CivicType": "CIVIC_MOBILIZATION",
        "Cost": 1540,
        "Description": "LOC_CIVIC_MOBILIZATION_DESCRIPTION",
        "EmbarkAll": 0,
        "EmbarkUnitType": null,
        "EraType": "ERA_MODERN",
        "Name": "LOC_CIVIC_MOBILIZATION_NAME",
        "Repeatable": 0,
        "UITreeRow": 1
    },
    {
        "AdvisorType": "ADVISOR_GENERIC",
        "BarbarianFree": 0,
        "CivicType": "CIVIC_IDEOLOGY",
        "Cost": 1640,
        "Description": "LOC_CIVIC_IDEOLOGY_DESCRIPTION",
        "EmbarkAll": 0,
        "EmbarkUnitType": null,
        "EraType": "ERA_MODERN",
        "Name": "LOC_CIVIC_IDEOLOGY_NAME",
        "Repeatable": 0,
        "UITreeRow": -1
    },
    {
        "AdvisorType": "ADVISOR_GENERIC",
        "BarbarianFree": 0,
        "CivicType": "CIVIC_SUFFRAGE",
        "Cost": 1640,
        "Description": null,
        "EmbarkAll": 0,
        "EmbarkUnitType": null,
        "EraType": "ERA_MODERN",
        "Name": "LOC_CIVIC_SUFFRAGE_NAME",
        "Repeatable": 0,
        "UITreeRow": 0
    },
    {
        "AdvisorType": "ADVISOR_GENERIC",
        "BarbarianFree": 0,
        "CivicType": "CIVIC_TOTALITARIANISM",
        "Cost": 1640,
        "Description": null,
        "EmbarkAll": 0,
        "EmbarkUnitType": null,
        "EraType": "ERA_MODERN",
        "Name": "LOC_CIVIC_TOTALITARIANISM_NAME",
        "Repeatable": 0,
        "UITreeRow": 2
    },
    {
        "AdvisorType": "ADVISOR_TECHNOLOGY",
        "BarbarianFree": 0,
        "CivicType": "CIVIC_CLASS_STRUGGLE",
        "Cost": 1640,
        "Description": null,
        "EmbarkAll": 0,
        "EmbarkUnitType": null,
        "EraType": "ERA_MODERN",
        "Name": "LOC_CIVIC_CLASS_STRUGGLE_NAME",
        "Repeatable": 0,
        "UITreeRow": 3
    },
    {
        "AdvisorType": "ADVISOR_CULTURE",
        "BarbarianFree": 0,
        "CivicType": "CIVIC_COLD_WAR",
        "Cost": 2185,
        "Description": "LOC_CIVIC_COLD_WAR_DESCRIPTION",
        "EmbarkAll": 0,
        "EmbarkUnitType": null,
        "EraType": "ERA_ATOMIC",
        "Name": "LOC_CIVIC_COLD_WAR_NAME",
        "Repeatable": 0,
        "UITreeRow": -1
    },
    {
        "AdvisorType": "ADVISOR_GENERIC",
        "BarbarianFree": 0,
        "CivicType": "CIVIC_PROFESSIONAL_SPORTS",
        "Cost": 2185,
        "Description": null,
        "EmbarkAll": 0,
        "EmbarkUnitType": null,
        "EraType": "ERA_ATOMIC",
        "Name": "LOC_CIVIC_PROFESSIONAL_SPORTS_NAME",
        "Repeatable": 0,
        "UITreeRow": 2
    },
    {
        "AdvisorType": "ADVISOR_CULTURE",
        "BarbarianFree": 0,
        "CivicType": "CIVIC_CULTURAL_HERITAGE",
        "Cost": 1955,
        "Description": null,
        "EmbarkAll": 0,
        "EmbarkUnitType": null,
        "EraType": "ERA_ATOMIC",
        "Name": "LOC_CIVIC_CULTURAL_HERITAGE_NAME",
        "Repeatable": 0,
        "UITreeRow": -3
    },
    {
        "AdvisorType": "ADVISOR_CONQUEST",
        "BarbarianFree": 0,
        "CivicType": "CIVIC_RAPID_DEPLOYMENT",
        "Cost": 2415,
        "Description": "LOC_CIVIC_RAPID_DEPLOYMENT_DESCRIPTION",
        "EmbarkAll": 0,
        "EmbarkUnitType": null,
        "EraType": "ERA_ATOMIC",
        "Name": "LOC_CIVIC_RAPID_DEPLOYMENT_NAME",
        "Repeatable": 0,
        "UITreeRow": -1
    },
    {
        "AdvisorType": "ADVISOR_CULTURE",
        "BarbarianFree": 0,
        "CivicType": "CIVIC_SPACE_RACE",
        "Cost": 2415,
        "Description": null,
        "EmbarkAll": 0,
        "EmbarkUnitType": null,
        "EraType": "ERA_ATOMIC",
        "Name": "LOC_CIVIC_SPACE_RACE_NAME",
        "Repeatable": 0,
        "UITreeRow": 1
    },
    {
        "AdvisorType": "ADVISOR_TECHNOLOGY",
        "BarbarianFree": 0,
        "CivicType": "CIVIC_GLOBALIZATION",
        "Cost": 2880,
        "Description": "LOC_CIVIC_GLOBALIZATION_DESCRIPTION",
        "EmbarkAll": 0,
        "EmbarkUnitType": null,
        "EraType": "ERA_INFORMATION",
        "Name": "LOC_CIVIC_GLOBALIZATION_NAME",
        "Repeatable": 0,
        "UITreeRow": 0
    },
    {
        "AdvisorType": "ADVISOR_CULTURE",
        "BarbarianFree": 0,
        "CivicType": "CIVIC_SOCIAL_MEDIA",
        "Cost": 2880,
        "Description": null,
        "EmbarkAll": 0,
        "EmbarkUnitType": null,
        "EraType": "ERA_INFORMATION",
        "Name": "LOC_CIVIC_SOCIAL_MEDIA_NAME",
        "Repeatable": 0,
        "UITreeRow": 2
    },
    {
        "AdvisorType": "ADVISOR_CULTURE",
        "BarbarianFree": 0,
        "CivicType": "CIVIC_FUTURE_CIVIC",
        "Cost": 3500,
        "Description": "LOC_CIVIC_FUTURE_CIVIC_XP2_DESCRIPTION",
        "EmbarkAll": 0,
        "EmbarkUnitType": null,
        "EraType": "ERA_FUTURE",
        "Name": "LOC_CIVIC_FUTURE_CIVIC_NAME",
        "Repeatable": 1,
        "UITreeRow": 1
    },
    {
        "AdvisorType": "ADVISOR_GENERIC",
        "BarbarianFree": 0,
        "CivicType": "CIVIC_ENVIRONMENTALISM",
        "Cost": 2880,
        "Description": "LOC_CIVIC_ENVIRONMENTALISM_DESCRIPTION",
        "EmbarkAll": 0,
        "EmbarkUnitType": null,
        "EraType": "ERA_INFORMATION",
        "Name": "LOC_CIVIC_ENVIRONMENTALISM_NAME",
        "Repeatable": 0,
        "UITreeRow": -2
    },
    {
        "AdvisorType": "ADVISOR_GENERIC",
        "BarbarianFree": 0,
        "CivicType": "CIVIC_CORPORATE_LIBERTARIANISM",
        "Cost": 3000,
        "Description": null,
        "EmbarkAll": 0,
        "EmbarkUnitType": null,
        "EraType": "ERA_INFORMATION",
        "Name": "LOC_CIVIC_CORPORATE_LIBERTARIANISM_NAME",
        "Repeatable": 0,
        "UITreeRow": 0
    },
    {
        "AdvisorType": "ADVISOR_GENERIC",
        "BarbarianFree": 0,
        "CivicType": "CIVIC_DIGITAL_DEMOCRACY",
        "Cost": 3000,
        "Description": null,
        "EmbarkAll": 0,
        "EmbarkUnitType": null,
        "EraType": "ERA_INFORMATION",
        "Name": "LOC_CIVIC_DIGITAL_DEMOCRACY_NAME",
        "Repeatable": 0,
        "UITreeRow": 1
    },
    {
        "AdvisorType": "ADVISOR_GENERIC",
        "BarbarianFree": 0,
        "CivicType": "CIVIC_SYNTHETIC_TECHNOCRACY",
        "Cost": 3000,
        "Description": null,
        "EmbarkAll": 0,
        "EmbarkUnitType": null,
        "EraType": "ERA_INFORMATION",
        "Name": "LOC_CIVIC_SYNTHETIC_TECHNOCRACY_NAME",
        "Repeatable": 0,
        "UITreeRow": 2
    },
    {
        "AdvisorType": "ADVISOR_GENERIC",
        "BarbarianFree": 0,
        "CivicType": "CIVIC_NEAR_FUTURE_GOVERNANCE",
        "Cost": 3100,
        "Description": null,
        "EmbarkAll": 0,
        "EmbarkUnitType": null,
        "EraType": "ERA_INFORMATION",
        "Name": "LOC_CIVIC_NEAR_FUTURE_GOVERNANCE_NAME",
        "Repeatable": 0,
        "UITreeRow": -1
    },
    {
        "AdvisorType": "ADVISOR_GENERIC",
        "BarbarianFree": 0,
        "CivicType": "CIVIC_GLOBAL_WARMING_MITIGATION",
        "Cost": 3200,
        "Description": "LOC_CIVIC_GLOBAL_WARMING_MITIGATION_DESCRIPTION",
        "EmbarkAll": 0,
        "EmbarkUnitType": null,
        "EraType": "ERA_FUTURE",
        "Name": "LOC_CIVIC_GLOBAL_WARMING_MITIGATION_NAME",
        "Repeatable": 0,
        "UITreeRow": -2
    },
    {
        "AdvisorType": "ADVISOR_GENERIC",
        "BarbarianFree": 0,
        "CivicType": "CIVIC_SMART_POWER_DOCTRINE",
        "Cost": 3200,
        "Description": null,
        "EmbarkAll": 0,
        "EmbarkUnitType": null,
        "EraType": "ERA_FUTURE",
        "Name": "LOC_CIVIC_SMART_POWER_DOCTRINE_NAME",
        "Repeatable": 0,
        "UITreeRow": -1
    },
    {
        "AdvisorType": "ADVISOR_GENERIC",
        "BarbarianFree": 0,
        "CivicType": "CIVIC_INFORMATION_WARFARE",
        "Cost": 3200,
        "Description": null,
        "EmbarkAll": 0,
        "EmbarkUnitType": null,
        "EraType": "ERA_FUTURE",
        "Name": "LOC_CIVIC_INFORMATION_WARFARE_NAME",
        "Repeatable": 0,
        "UITreeRow": 0
    },
    {
        "AdvisorType": "ADVISOR_GENERIC",
        "BarbarianFree": 0,
        "CivicType": "CIVIC_EXODUS_IMPERATIVE",
        "Cost": 3200,
        "Description": null,
        "EmbarkAll": 0,
        "EmbarkUnitType": null,
        "EraType": "ERA_FUTURE",
        "Name": "LOC_CIVIC_EXODUS_IMPERATIVE_NAME",
        "Repeatable": 0,
        "UITreeRow": 1
    },
    {
        "AdvisorType": "ADVISOR_GENERIC",
        "BarbarianFree": 0,
        "CivicType": "CIVIC_CULTURAL_HEGEMONY",
        "Cost": 3200,
        "Description": null,
        "EmbarkAll": 0,
        "EmbarkUnitType": null,
        "EraType": "ERA_FUTURE",
        "Name": "LOC_CIVIC_CULTURAL_HEGEMONY_NAME",
        "Repeatable": 0,
        "UITreeRow": 2
    }
]