[
    {
        "Name": "LOC_PEDIA_CONCEPTS_GETTING_STARTED_TITLE",
        "PageGroupId": null,
        "PageId": "INTRO",
        "PageLayoutId": "FrontPage",
        "SectionId": "CONCEPTS",
        "SortIndex": 0,
        "TextKeyPrefix": null,
        "Tooltip": null
    },
    {
        "Name": "LOC_PEDIA_PAGE_INTRO_TITLE",
        "PageGroupId": null,
        "PageId": "INTRO",
        "PageLayoutId": "Simple",
        "SectionId": "LEADERS",
        "SortIndex": 0,
        "TextKeyPrefix": null,
        "Tooltip": null
    },
    {
        "Name": "LOC_PEDIA_PAGE_INTRO_TITLE",
        "PageGroupId": null,
        "PageId": "INTRO",
        "PageLayoutId": "Simple",
        "SectionId": "CITYSTATES",
        "SortIndex": 0,
        "TextKeyPrefix": null,
        "Tooltip": null
    },
    {
        "Name": "LOC_PEDIA_PAGE_INTRO_TITLE",
        "PageGroupId": null,
        "PageId": "INTRO",
        "PageLayoutId": "Simple",
        "SectionId": "DISTRICTS",
        "SortIndex": 0,
        "TextKeyPrefix": null,
        "Tooltip": null
    },
    {
        "Name": "LOC_PEDIA_PAGE_INTRO_TITLE",
        "PageGroupId": null,
        "PageId": "INTRO",
        "PageLayoutId": "Simple",
        "SectionId": "BUILDINGS",
        "SortIndex": 0,
        "TextKeyPrefix": null,
        "Tooltip": null
    },
    {
        "Name": "LOC_PEDIA_PAGE_INTRO_TITLE",
        "PageGroupId": null,
        "PageId": "INTRO",
        "PageLayoutId": "Simple",
        "SectionId": "WONDERS",
        "SortIndex": 0,
        "TextKeyPrefix": null,
        "Tooltip": null
    },
    {
        "Name": "LOC_PEDIA_PAGE_INTRO_TITLE",
        "PageGroupId": null,
        "PageId": "INTRO",
        "PageLayoutId": "Simple",
        "SectionId": "UNITS",
        "SortIndex": 0,
        "TextKeyPrefix": null,
        "Tooltip": null
    },
    {
        "Name": "LOC_PEDIA_PAGE_INTRO_TITLE",
        "PageGroupId": null,
        "PageId": "INTRO",
        "PageLayoutId": "Simple",
        "SectionId": "UNITPROMOTIONS",
        "SortIndex": 0,
        "TextKeyPrefix": null,
        "Tooltip": null
    },
    {
        "Name": "LOC_PEDIA_PAGE_INTRO_TITLE",
        "PageGroupId": null,
        "PageId": "INTRO",
        "PageLayoutId": "Simple",
        "SectionId": "GREATPEOPLE",
        "SortIndex": 0,
        "TextKeyPrefix": null,
        "Tooltip": null
    },
    {
        "Name": "LOC_PEDIA_PAGE_INTRO_TITLE",
        "PageGroupId": null,
        "PageId": "INTRO",
        "PageLayoutId": "Simple",
        "SectionId": "TECHNOLOGIES",
        "SortIndex": 0,
        "TextKeyPrefix": null,
        "Tooltip": null
    },
    {
        "Name": "LOC_PEDIA_PAGE_INTRO_TITLE",
        "PageGroupId": null,
        "PageId": "INTRO",
        "PageLayoutId": "Simple",
        "SectionId": "CIVICS",
        "SortIndex": 0,
        "TextKeyPrefix": null,
        "Tooltip": null
    },
    {
        "Name": "LOC_PEDIA_PAGE_INTRO_TITLE",
        "PageGroupId": null,
        "PageId": "INTRO",
        "PageLayoutId": "Simple",
        "SectionId": "GOVERNMENTS",
        "SortIndex": 0,
        "TextKeyPrefix": null,
        "Tooltip": null
    },
    {
        "Name": "LOC_PEDIA_PAGE_INTRO_TITLE",
        "PageGroupId": null,
        "PageId": "INTRO",
        "PageLayoutId": "Simple",
        "SectionId": "RELIGIONS",
        "SortIndex": 0,
        "TextKeyPrefix": null,
        "Tooltip": null
    },
    {
        "Name": "LOC_PEDIA_PAGE_INTRO_TITLE",
        "PageGroupId": null,
        "PageId": "INTRO",
        "PageLayoutId": "Simple",
        "SectionId": "FEATURES",
        "SortIndex": 0,
        "TextKeyPrefix": null,
        "Tooltip": null
    },
    {
        "Name": "LOC_PEDIA_PAGE_INTRO_TITLE",
        "PageGroupId": null,
        "PageId": "INTRO",
        "PageLayoutId": "Simple",
        "SectionId": "RESOURCES",
        "SortIndex": 0,
        "TextKeyPrefix": null,
        "Tooltip": null
    },
    {
        "Name": "LOC_PEDIA_PAGE_INTRO_TITLE",
        "PageGroupId": null,
        "PageId": "INTRO",
        "PageLayoutId": "Simple",
        "SectionId": "IMPROVEMENTS",
        "SortIndex": 0,
        "TextKeyPrefix": null,
        "Tooltip": null
    },
    {
        "Name": "LOC_PEDIA_CONCEPTS_PAGE_CITIES_1_CHAPTER_CONTENT_TITLE",
        "PageGroupId": "CITIES",
        "PageId": "CITIES_1",
        "PageLayoutId": "Simple",
        "SectionId": "CONCEPTS",
        "SortIndex": 10,
        "TextKeyPrefix": null,
        "Tooltip": null
    },
    {
        "Name": "LOC_PEDIA_CONCEPTS_PAGE_CITIES_2_CHAPTER_CONTENT_TITLE",
        "PageGroupId": "CITIES",
        "PageId": "CITIES_2",
        "PageLayoutId": "Simple",
        "SectionId": "CONCEPTS",
        "SortIndex": 20,
        "TextKeyPrefix": null,
        "Tooltip": null
    },
    {
        "Name": "LOC_PEDIA_CONCEPTS_PAGE_CITIES_3_CHAPTER_CONTENT_TITLE",
        "PageGroupId": "CITIES",
        "PageId": "CITIES_3",
        "PageLayoutId": "Simple",
        "SectionId": "CONCEPTS",
        "SortIndex": 30,
        "TextKeyPrefix": null,
        "Tooltip": null
    },
    {
        "Name": "LOC_PEDIA_CONCEPTS_PAGE_CITIES_5_CHAPTER_CONTENT_TITLE",
        "PageGroupId": "CITIES",
        "PageId": "CITIES_5",
        "PageLayoutId": "Simple",
        "SectionId": "CONCEPTS",
        "SortIndex": 50,
        "TextKeyPrefix": null,
        "Tooltip": null
    },
    {
        "Name": "LOC_PEDIA_CONCEPTS_PAGE_CITIES_6_CHAPTER_CONTENT_TITLE",
        "PageGroupId": "CITIES",
        "PageId": "CITIES_6",
        "PageLayoutId": "Simple",
        "SectionId": "CONCEPTS",
        "SortIndex": 60,
        "TextKeyPrefix": null,
        "Tooltip": null
    },
    {
        "Name": "LOC_PEDIA_CONCEPTS_PAGE_CITIES_7_CHAPTER_CONTENT_TITLE",
        "PageGroupId": "CITIES",
        "PageId": "CITIES_7",
        "PageLayoutId": "Simple",
        "SectionId": "CONCEPTS",
        "SortIndex": 70,
        "TextKeyPrefix": null,
        "Tooltip": null
    },
    {
        "Name": "LOC_PEDIA_CONCEPTS_PAGE_CITIES_8_CHAPTER_CONTENT_TITLE",
        "PageGroupId": "CITIES",
        "PageId": "CITIES_8",
        "PageLayoutId": "Simple",
        "SectionId": "CONCEPTS",
        "SortIndex": 80,
        "TextKeyPrefix": null,
        "Tooltip": null
    },
    {
        "Name": "LOC_PEDIA_CONCEPTS_PAGE_CITIES_9_CHAPTER_CONTENT_TITLE",
        "PageGroupId": "CITIES",
        "PageId": "CITIES_9",
        "PageLayoutId": "Simple",
        "SectionId": "CONCEPTS",
        "SortIndex": 90,
        "TextKeyPrefix": null,
        "Tooltip": null
    },
    {
        "Name": "LOC_PEDIA_CONCEPTS_PAGE_CITIES_10_CHAPTER_CONTENT_TITLE",
        "PageGroupId": "CITIES",
        "PageId": "CITIES_10",
        "PageLayoutId": "Simple",
        "SectionId": "CONCEPTS",
        "SortIndex": 35,
        "TextKeyPrefix": null,
        "Tooltip": null
    },
    {
        "Name": "LOC_PEDIA_CONCEPTS_PAGE_CITIES_11_CHAPTER_CONTENT_TITLE",
        "PageGroupId": "CITIES",
        "PageId": "CITIES_11",
        "PageLayoutId": "Simple",
        "SectionId": "CONCEPTS",
        "SortIndex": 36,
        "TextKeyPrefix": null,
        "Tooltip": null
    },
    {
        "Name": "LOC_PEDIA_CONCEPTS_PAGE_CITIES_12_CHAPTER_CONTENT_TITLE",
        "PageGroupId": "CITIES",
        "PageId": "CITIES_12",
        "PageLayoutId": "Simple",
        "SectionId": "CONCEPTS",
        "SortIndex": 31,
        "TextKeyPrefix": null,
        "Tooltip": null
    },
    {
        "Name": "LOC_PEDIA_CONCEPTS_PAGE_CITIES_13_CHAPTER_CONTENT_TITLE",
        "PageGroupId": "CITIES",
        "PageId": "CITIES_13",
        "PageLayoutId": "Simple",
        "SectionId": "CONCEPTS",
        "SortIndex": 32,
        "TextKeyPrefix": null,
        "Tooltip": null
    },
    {
        "Name": "LOC_PEDIA_CONCEPTS_PAGE_CITIES_14_CHAPTER_CONTENT_TITLE",
        "PageGroupId": "CITIES",
        "PageId": "CITIES_14",
        "PageLayoutId": "Simple",
        "SectionId": "CONCEPTS",
        "SortIndex": 33,
        "TextKeyPrefix": null,
        "Tooltip": null
    },
    {
        "Name": "LOC_PEDIA_CONCEPTS_PAGE_CITIES_15_CHAPTER_CONTENT_TITLE",
        "PageGroupId": "CITIES",
        "PageId": "CITIES_15",
        "PageLayoutId": "Simple",
        "SectionId": "CONCEPTS",
        "SortIndex": 34,
        "TextKeyPrefix": null,
        "Tooltip": null
    },
    {
        "Name": "LOC_PEDIA_CONCEPTS_PAGE_CITIES_16_CHAPTER_CONTENT_TITLE",
        "PageGroupId": "CITIES",
        "PageId": "CITIES_16",
        "PageLayoutId": "Simple",
        "SectionId": "CONCEPTS",
        "SortIndex": 81,
        "TextKeyPrefix": null,
        "Tooltip": null
    },
    {
        "Name": "LOC_PEDIA_CONCEPTS_PAGE_CITIES_17_CHAPTER_CONTENT_TITLE",
        "PageGroupId": "CITIES",
        "PageId": "CITIES_17",
        "PageLayoutId": "Simple",
        "SectionId": "CONCEPTS",
        "SortIndex": 82,
        "TextKeyPrefix": null,
        "Tooltip": null
    },
    {
        "Name": "LOC_PEDIA_CONCEPTS_PAGE_WORLD_1_CHAPTER_CONTENT_TITLE",
        "PageGroupId": "WORLD",
        "PageId": "WORLD_1",
        "PageLayoutId": "Simple",
        "SectionId": "CONCEPTS",
        "SortIndex": 10,
        "TextKeyPrefix": null,
        "Tooltip": null
    },
    {
        "Name": "LOC_PEDIA_CONCEPTS_PAGE_WORLD_2_CHAPTER_CONTENT_TITLE",
        "PageGroupId": "WORLD",
        "PageId": "WORLD_2",
        "PageLayoutId": "Simple",
        "SectionId": "CONCEPTS",
        "SortIndex": 20,
        "TextKeyPrefix": null,
        "Tooltip": null
    },
    {
        "Name": "LOC_PEDIA_CONCEPTS_PAGE_WORLD_3_CHAPTER_CONTENT_TITLE",
        "PageGroupId": "WORLD",
        "PageId": "WORLD_3",
        "PageLayoutId": "Simple",
        "SectionId": "CONCEPTS",
        "SortIndex": 30,
        "TextKeyPrefix": null,
        "Tooltip": null
    },
    {
        "Name": "LOC_PEDIA_CONCEPTS_PAGE_WORLD_4_CHAPTER_CONTENT_TITLE",
        "PageGroupId": "WORLD",
        "PageId": "WORLD_4",
        "PageLayoutId": "Simple",
        "SectionId": "CONCEPTS",
        "SortIndex": 40,
        "TextKeyPrefix": null,
        "Tooltip": null
    },
    {
        "Name": "LOC_PEDIA_CONCEPTS_PAGE_WORLD_5_CHAPTER_CONTENT_TITLE",
        "PageGroupId": "WORLD",
        "PageId": "WORLD_5",
        "PageLayoutId": "Simple",
        "SectionId": "CONCEPTS",
        "SortIndex": 50,
        "TextKeyPrefix": null,
        "Tooltip": null
    },
    {
        "Name": "LOC_PEDIA_CONCEPTS_PAGE_WORLD_6_CHAPTER_CONTENT_TITLE",
        "PageGroupId": "WORLD",
        "PageId": "WORLD_6",
        "PageLayoutId": "Simple",
        "SectionId": "CONCEPTS",
        "SortIndex": 60,
        "TextKeyPrefix": null,
        "Tooltip": null
    },
    {
        "Name": "LOC_PEDIA_CONCEPTS_PAGE_WORLD_7_CHAPTER_CONTENT_TITLE",
        "PageGroupId": "WORLD",
        "PageId": "WORLD_7",
        "PageLayoutId": "Simple",
        "SectionId": "CONCEPTS",
        "SortIndex": 70,
        "TextKeyPrefix": null,
        "Tooltip": null
    },
    {
        "Name": "LOC_PEDIA_CONCEPTS_PAGE_COMBAT_1_CHAPTER_CONTENT_TITLE",
        "PageGroupId": "COMBAT",
        "PageId": "COMBAT_1",
        "PageLayoutId": "Simple",
        "SectionId": "CONCEPTS",
        "SortIndex": 10,
        "TextKeyPrefix": null,
        "Tooltip": null
    },
    {
        "Name": "LOC_PEDIA_CONCEPTS_PAGE_COMBAT_2_CHAPTER_CONTENT_TITLE",
        "PageGroupId": "COMBAT",
        "PageId": "COMBAT_2",
        "PageLayoutId": "Simple",
        "SectionId": "CONCEPTS",
        "SortIndex": 20,
        "TextKeyPrefix": null,
        "Tooltip": null
    },
    {
        "Name": "LOC_PEDIA_CONCEPTS_PAGE_COMBAT_3_CHAPTER_CONTENT_TITLE",
        "PageGroupId": "COMBAT",
        "PageId": "COMBAT_3",
        "PageLayoutId": "Simple",
        "SectionId": "CONCEPTS",
        "SortIndex": 30,
        "TextKeyPrefix": null,
        "Tooltip": null
    },
    {
        "Name": "LOC_PEDIA_CONCEPTS_PAGE_COMBAT_4_CHAPTER_CONTENT_TITLE",
        "PageGroupId": "COMBAT",
        "PageId": "COMBAT_4",
        "PageLayoutId": "Simple",
        "SectionId": "CONCEPTS",
        "SortIndex": 40,
        "TextKeyPrefix": null,
        "Tooltip": null
    },
    {
        "Name": "LOC_PEDIA_CONCEPTS_PAGE_COMBAT_5_CHAPTER_CONTENT_TITLE",
        "PageGroupId": "COMBAT",
        "PageId": "COMBAT_5",
        "PageLayoutId": "Simple",
        "SectionId": "CONCEPTS",
        "SortIndex": 50,
        "TextKeyPrefix": null,
        "Tooltip": null
    },
    {
        "Name": "LOC_PEDIA_CONCEPTS_PAGE_COMBAT_6_CHAPTER_CONTENT_TITLE",
        "PageGroupId": "COMBAT",
        "PageId": "COMBAT_6",
        "PageLayoutId": "Simple",
        "SectionId": "CONCEPTS",
        "SortIndex": 60,
        "TextKeyPrefix": null,
        "Tooltip": null
    },
    {
        "Name": "LOC_PEDIA_CONCEPTS_PAGE_COMBAT_7_CHAPTER_CONTENT_TITLE",
        "PageGroupId": "COMBAT",
        "PageId": "COMBAT_7",
        "PageLayoutId": "Simple",
        "SectionId": "CONCEPTS",
        "SortIndex": 70,
        "TextKeyPrefix": null,
        "Tooltip": null
    },
    {
        "Name": "LOC_PEDIA_CONCEPTS_PAGE_COMBAT_8_CHAPTER_CONTENT_TITLE",
        "PageGroupId": "COMBAT",
        "PageId": "COMBAT_8",
        "PageLayoutId": "Simple",
        "SectionId": "CONCEPTS",
        "SortIndex": 80,
        "TextKeyPrefix": null,
        "Tooltip": null
    },
    {
        "Name": "LOC_PEDIA_CONCEPTS_PAGE_COMBAT_9_CHAPTER_CONTENT_TITLE",
        "PageGroupId": "COMBAT",
        "PageId": "COMBAT_9",
        "PageLayoutId": "Simple",
        "SectionId": "CONCEPTS",
        "SortIndex": 90,
        "TextKeyPrefix": null,
        "Tooltip": null
    },
    {
        "Name": "LOC_PEDIA_CONCEPTS_PAGE_COMBAT_10_CHAPTER_CONTENT_TITLE",
        "PageGroupId": "COMBAT",
        "PageId": "COMBAT_10",
        "PageLayoutId": "Simple",
        "SectionId": "CONCEPTS",
        "SortIndex": 100,
        "TextKeyPrefix": null,
        "Tooltip": null
    },
    {
        "Name": "LOC_PEDIA_CONCEPTS_PAGE_COMBAT_12_CHAPTER_CONTENT_TITLE",
        "PageGroupId": "COMBAT",
        "PageId": "COMBAT_12",
        "PageLayoutId": "Simple",
        "SectionId": "CONCEPTS",
        "SortIndex": 110,
        "TextKeyPrefix": null,
        "Tooltip": null
    },
    {
        "Name": "LOC_PEDIA_CONCEPTS_PAGE_COMBAT_13_CHAPTER_CONTENT_TITLE",
        "PageGroupId": "COMBAT",
        "PageId": "COMBAT_13",
        "PageLayoutId": "Simple",
        "SectionId": "CONCEPTS",
        "SortIndex": 120,
        "TextKeyPrefix": null,
        "Tooltip": null
    },
    {
        "Name": "LOC_PEDIA_CONCEPTS_PAGE_MOVEMENT_1_CHAPTER_CONTENT_TITLE",
        "PageGroupId": "MOVEMENT",
        "PageId": "MOVEMENT_1",
        "PageLayoutId": "Simple",
        "SectionId": "CONCEPTS",
        "SortIndex": 10,
        "TextKeyPrefix": null,
        "Tooltip": null
    },
    {
        "Name": "LOC_PEDIA_CONCEPTS_PAGE_MOVEMENT_2_CHAPTER_CONTENT_TITLE",
        "PageGroupId": "MOVEMENT",
        "PageId": "MOVEMENT_2",
        "PageLayoutId": "Simple",
        "SectionId": "CONCEPTS",
        "SortIndex": 20,
        "TextKeyPrefix": null,
        "Tooltip": null
    },
    {
        "Name": "LOC_PEDIA_CONCEPTS_PAGE_MOVEMENT_3_CHAPTER_CONTENT_TITLE",
        "PageGroupId": "MOVEMENT",
        "PageId": "MOVEMENT_3",
        "PageLayoutId": "Simple",
        "SectionId": "CONCEPTS",
        "SortIndex": 30,
        "TextKeyPrefix": null,
        "Tooltip": null
    },
    {
        "Name": "LOC_PEDIA_CONCEPTS_PAGE_MOVEMENT_4_CHAPTER_CONTENT_TITLE",
        "PageGroupId": "MOVEMENT",
        "PageId": "MOVEMENT_4",
        "PageLayoutId": "Simple",
        "SectionId": "CONCEPTS",
        "SortIndex": 40,
        "TextKeyPrefix": null,
        "Tooltip": null
    },
    {
        "Name": "LOC_PEDIA_CONCEPTS_PAGE_MOVEMENT_5_CHAPTER_CONTENT_TITLE",
        "PageGroupId": "MOVEMENT",
        "PageId": "MOVEMENT_5",
        "PageLayoutId": "Simple",
        "SectionId": "CONCEPTS",
        "SortIndex": 50,
        "TextKeyPrefix": null,
        "Tooltip": null
    },
    {
        "Name": "LOC_PEDIA_CONCEPTS_PAGE_SCIENCE_1_CHAPTER_CONTENT_TITLE",
        "PageGroupId": "SCIENCE",
        "PageId": "SCIENCE_1",
        "PageLayoutId": "Simple",
        "SectionId": "CONCEPTS",
        "SortIndex": 10,
        "TextKeyPrefix": null,
        "Tooltip": null
    },
    {
        "Name": "LOC_PEDIA_CONCEPTS_PAGE_SCIENCE_2_CHAPTER_CONTENT_TITLE",
        "PageGroupId": "SCIENCE",
        "PageId": "SCIENCE_2",
        "PageLayoutId": "Simple",
        "SectionId": "CONCEPTS",
        "SortIndex": 20,
        "TextKeyPrefix": null,
        "Tooltip": null
    },
    {
        "Name": "LOC_PEDIA_CONCEPTS_PAGE_SCIENCE_3_CHAPTER_CONTENT_TITLE",
        "PageGroupId": "SCIENCE",
        "PageId": "SCIENCE_3",
        "PageLayoutId": "Simple",
        "SectionId": "CONCEPTS",
        "SortIndex": 30,
        "TextKeyPrefix": null,
        "Tooltip": null
    },
    {
        "Name": "LOC_PEDIA_CONCEPTS_PAGE_SCIENCE_4_CHAPTER_CONTENT_TITLE",
        "PageGroupId": "SCIENCE",
        "PageId": "SCIENCE_4",
        "PageLayoutId": "Simple",
        "SectionId": "CONCEPTS",
        "SortIndex": 40,
        "TextKeyPrefix": null,
        "Tooltip": null
    },
    {
        "Name": "LOC_PEDIA_CONCEPTS_PAGE_CULTURE_1_CHAPTER_CONTENT_TITLE",
        "PageGroupId": "CULTURE",
        "PageId": "CULTURE_1",
        "PageLayoutId": "Simple",
        "SectionId": "CONCEPTS",
        "SortIndex": 10,
        "TextKeyPrefix": null,
        "Tooltip": null
    },
    {
        "Name": "LOC_PEDIA_CONCEPTS_PAGE_CULTURE_2_CHAPTER_CONTENT_TITLE",
        "PageGroupId": "CULTURE",
        "PageId": "CULTURE_2",
        "PageLayoutId": "Simple",
        "SectionId": "CONCEPTS",
        "SortIndex": 20,
        "TextKeyPrefix": null,
        "Tooltip": null
    },
    {
        "Name": "LOC_PEDIA_CONCEPTS_PAGE_CULTURE_3_CHAPTER_CONTENT_TITLE",
        "PageGroupId": "CULTURE",
        "PageId": "CULTURE_3",
        "PageLayoutId": "Simple",
        "SectionId": "CONCEPTS",
        "SortIndex": 30,
        "TextKeyPrefix": null,
        "Tooltip": null
    },
    {
        "Name": "LOC_PEDIA_CONCEPTS_PAGE_CULTURE_4_CHAPTER_CONTENT_TITLE",
        "PageGroupId": "CULTURE",
        "PageId": "CULTURE_4",
        "PageLayoutId": "Simple",
        "SectionId": "CONCEPTS",
        "SortIndex": 40,
        "TextKeyPrefix": null,
        "Tooltip": null
    },
    {
        "Name": "LOC_PEDIA_CONCEPTS_PAGE_CULTURE_5_CHAPTER_CONTENT_TITLE",
        "PageGroupId": "CULTURE",
        "PageId": "CULTURE_5",
        "PageLayoutId": "Simple",
        "SectionId": "CONCEPTS",
        "SortIndex": 50,
        "TextKeyPrefix": null,
        "Tooltip": null
    },
    {
        "Name": "LOC_PEDIA_CONCEPTS_PAGE_GOLD_1_CHAPTER_CONTENT_TITLE",
        "PageGroupId": "GOLD",
        "PageId": "GOLD_1",
        "PageLayoutId": "Simple",
        "SectionId": "CONCEPTS",
        "SortIndex": 10,
        "TextKeyPrefix": null,
        "Tooltip": null
    },
    {
        "Name": "LOC_PEDIA_CONCEPTS_PAGE_GOLD_2_CHAPTER_CONTENT_TITLE",
        "PageGroupId": "GOLD",
        "PageId": "GOLD_2",
        "PageLayoutId": "Simple",
        "SectionId": "CONCEPTS",
        "SortIndex": 20,
        "TextKeyPrefix": null,
        "Tooltip": null
    },
    {
        "Name": "LOC_PEDIA_CONCEPTS_PAGE_GOLD_3_CHAPTER_CONTENT_TITLE",
        "PageGroupId": "GOLD",
        "PageId": "GOLD_3",
        "PageLayoutId": "Simple",
        "SectionId": "CONCEPTS",
        "SortIndex": 30,
        "TextKeyPrefix": null,
        "Tooltip": null
    },
    {
        "Name": "LOC_PEDIA_CONCEPTS_PAGE_GOLD_4_CHAPTER_CONTENT_TITLE",
        "PageGroupId": "GOLD",
        "PageId": "GOLD_4",
        "PageLayoutId": "Simple",
        "SectionId": "CONCEPTS",
        "SortIndex": 40,
        "TextKeyPrefix": null,
        "Tooltip": null
    },
    {
        "Name": "LOC_PEDIA_CONCEPTS_PAGE_FAITH_1_CHAPTER_CONTENT_TITLE",
        "PageGroupId": "FAITH",
        "PageId": "FAITH_1",
        "PageLayoutId": "Simple",
        "SectionId": "CONCEPTS",
        "SortIndex": 10,
        "TextKeyPrefix": null,
        "Tooltip": null
    },
    {
        "Name": "LOC_PEDIA_CONCEPTS_PAGE_FAITH_2_CHAPTER_CONTENT_TITLE",
        "PageGroupId": "FAITH",
        "PageId": "FAITH_2",
        "PageLayoutId": "Simple",
        "SectionId": "CONCEPTS",
        "SortIndex": 20,
        "TextKeyPrefix": null,
        "Tooltip": null
    },
    {
        "Name": "LOC_PEDIA_CONCEPTS_PAGE_FAITH_3_CHAPTER_CONTENT_TITLE",
        "PageGroupId": "FAITH",
        "PageId": "FAITH_3",
        "PageLayoutId": "Simple",
        "SectionId": "CONCEPTS",
        "SortIndex": 30,
        "TextKeyPrefix": null,
        "Tooltip": null
    },
    {
        "Name": "LOC_PEDIA_CONCEPTS_PAGE_FAITH_4_CHAPTER_CONTENT_TITLE",
        "PageGroupId": "FAITH",
        "PageId": "FAITH_4",
        "PageLayoutId": "Simple",
        "SectionId": "CONCEPTS",
        "SortIndex": 40,
        "TextKeyPrefix": null,
        "Tooltip": null
    },
    {
        "Name": "LOC_PEDIA_CONCEPTS_PAGE_FAITH_5_CHAPTER_CONTENT_TITLE",
        "PageGroupId": "FAITH",
        "PageId": "FAITH_5",
        "PageLayoutId": "Simple",
        "SectionId": "CONCEPTS",
        "SortIndex": 50,
        "TextKeyPrefix": null,
        "Tooltip": null
    },
    {
        "Name": "LOC_PEDIA_CONCEPTS_PAGE_FAITH_6_CHAPTER_CONTENT_TITLE",
        "PageGroupId": "FAITH",
        "PageId": "FAITH_6",
        "PageLayoutId": "Simple",
        "SectionId": "CONCEPTS",
        "SortIndex": 60,
        "TextKeyPrefix": null,
        "Tooltip": null
    },
    {
        "Name": "LOC_PEDIA_CONCEPTS_PAGE_FAITH_7_CHAPTER_CONTENT_TITLE",
        "PageGroupId": "FAITH",
        "PageId": "FAITH_7",
        "PageLayoutId": "Simple",
        "SectionId": "CONCEPTS",
        "SortIndex": 70,
        "TextKeyPrefix": null,
        "Tooltip": null
    },
    {
        "Name": "LOC_PEDIA_CONCEPTS_PAGE_DIPLO_1_CHAPTER_CONTENT_TITLE",
        "PageGroupId": "DIPLO",
        "PageId": "DIPLO_1",
        "PageLayoutId": "Simple",
        "SectionId": "CONCEPTS",
        "SortIndex": 10,
        "TextKeyPrefix": null,
        "Tooltip": null
    },
    {
        "Name": "LOC_PEDIA_CONCEPTS_PAGE_DIPLO_2_CHAPTER_CONTENT_TITLE",
        "PageGroupId": "DIPLO",
        "PageId": "DIPLO_2",
        "PageLayoutId": "Simple",
        "SectionId": "CONCEPTS",
        "SortIndex": 20,
        "TextKeyPrefix": null,
        "Tooltip": null
    },
    {
        "Name": "LOC_PEDIA_CONCEPTS_PAGE_DIPLO_12_CHAPTER_CONTENT_TITLE",
        "PageGroupId": "DIPLO",
        "PageId": "DIPLO_12",
        "PageLayoutId": "Simple",
        "SectionId": "CONCEPTS",
        "SortIndex": 21,
        "TextKeyPrefix": null,
        "Tooltip": null
    },
    {
        "Name": "LOC_PEDIA_CONCEPTS_PAGE_DIPLO_7_CHAPTER_CONTENT_TITLE",
        "PageGroupId": "DIPLO",
        "PageId": "DIPLO_7",
        "PageLayoutId": "Simple",
        "SectionId": "CONCEPTS",
        "SortIndex": 22,
        "TextKeyPrefix": null,
        "Tooltip": null
    },
    {
        "Name": "LOC_PEDIA_CONCEPTS_PAGE_DIPLO_8_CHAPTER_CONTENT_TITLE",
        "PageGroupId": "DIPLO",
        "PageId": "DIPLO_8",
        "PageLayoutId": "Simple",
        "SectionId": "CONCEPTS",
        "SortIndex": 23,
        "TextKeyPrefix": null,
        "Tooltip": null
    },
    {
        "Name": "LOC_PEDIA_CONCEPTS_PAGE_DIPLO_9_CHAPTER_CONTENT_TITLE",
        "PageGroupId": "DIPLO",
        "PageId": "DIPLO_9",
        "PageLayoutId": "Simple",
        "SectionId": "CONCEPTS",
        "SortIndex": 24,
        "TextKeyPrefix": null,
        "Tooltip": null
    },
    {
        "Name": "LOC_PEDIA_CONCEPTS_PAGE_DIPLO_11_CHAPTER_CONTENT_TITLE",
        "PageGroupId": "DIPLO",
        "PageId": "DIPLO_11",
        "PageLayoutId": "Simple",
        "SectionId": "CONCEPTS",
        "SortIndex": 26,
        "TextKeyPrefix": null,
        "Tooltip": null
    },
    {
        "Name": "LOC_PEDIA_CONCEPTS_PAGE_DIPLO_14_CHAPTER_CONTENT_TITLE",
        "PageGroupId": "DIPLO",
        "PageId": "DIPLO_14",
        "PageLayoutId": "Simple",
        "SectionId": "CONCEPTS",
        "SortIndex": 27,
        "TextKeyPrefix": null,
        "Tooltip": null
    },
    {
        "Name": "LOC_PEDIA_CONCEPTS_PAGE_DIPLO_15_CHAPTER_CONTENT_TITLE",
        "PageGroupId": "DIPLO",
        "PageId": "DIPLO_15",
        "PageLayoutId": "Simple",
        "SectionId": "CONCEPTS",
        "SortIndex": 28,
        "TextKeyPrefix": null,
        "Tooltip": null
    },
    {
        "Name": "LOC_PEDIA_CONCEPTS_PAGE_DIPLO_3_CHAPTER_CONTENT_TITLE",
        "PageGroupId": "DIPLO",
        "PageId": "DIPLO_3",
        "PageLayoutId": "Simple",
        "SectionId": "CONCEPTS",
        "SortIndex": 30,
        "TextKeyPrefix": null,
        "Tooltip": null
    },
    {
        "Name": "LOC_PEDIA_CONCEPTS_PAGE_DIPLO_4_CHAPTER_CONTENT_TITLE",
        "PageGroupId": "DIPLO",
        "PageId": "DIPLO_4",
        "PageLayoutId": "Simple",
        "SectionId": "CONCEPTS",
        "SortIndex": 40,
        "TextKeyPrefix": null,
        "Tooltip": null
    },
    {
        "Name": "LOC_PEDIA_CONCEPTS_PAGE_DIPLO_5_CHAPTER_CONTENT_TITLE",
        "PageGroupId": "DIPLO",
        "PageId": "DIPLO_5",
        "PageLayoutId": "Simple",
        "SectionId": "CONCEPTS",
        "SortIndex": 50,
        "TextKeyPrefix": null,
        "Tooltip": null
    },
    {
        "Name": "LOC_PEDIA_CONCEPTS_PAGE_DIPLO_13_CHAPTER_CONTENT_TITLE",
        "PageGroupId": "DIPLO",
        "PageId": "DIPLO_13",
        "PageLayoutId": "Simple",
        "SectionId": "CONCEPTS",
        "SortIndex": 31,
        "TextKeyPrefix": null,
        "Tooltip": null
    },
    {
        "Name": "LOC_PEDIA_CONCEPTS_PAGE_CITYSTATES_1_CHAPTER_CONTENT_TITLE",
        "PageGroupId": "CITYSTATES",
        "PageId": "CITYSTATES_1",
        "PageLayoutId": "Simple",
        "SectionId": "CONCEPTS",
        "SortIndex": 10,
        "TextKeyPrefix": null,
        "Tooltip": null
    },
    {
        "Name": "LOC_PEDIA_CONCEPTS_PAGE_CITYSTATES_2_CHAPTER_CONTENT_TITLE",
        "PageGroupId": "CITYSTATES",
        "PageId": "CITYSTATES_2",
        "PageLayoutId": "Simple",
        "SectionId": "CONCEPTS",
        "SortIndex": 20,
        "TextKeyPrefix": null,
        "Tooltip": null
    },
    {
        "Name": "LOC_PEDIA_CONCEPTS_PAGE_CITYSTATES_3_CHAPTER_CONTENT_TITLE",
        "PageGroupId": "CITYSTATES",
        "PageId": "CITYSTATES_3",
        "PageLayoutId": "Simple",
        "SectionId": "CONCEPTS",
        "SortIndex": 30,
        "TextKeyPrefix": null,
        "Tooltip": null
    },
    {
        "Name": "LOC_PEDIA_CONCEPTS_PAGE_CITYSTATES_4_CHAPTER_CONTENT_TITLE",
        "PageGroupId": "CITYSTATES",
        "PageId": "CITYSTATES_4",
        "PageLayoutId": "Simple",
        "SectionId": "CONCEPTS",
        "SortIndex": 40,
        "TextKeyPrefix": null,
        "Tooltip": null
    },
    {
        "Name": "LOC_PEDIA_CONCEPTS_PAGE_CITYSTATES_5_CHAPTER_CONTENT_TITLE",
        "PageGroupId": "CITYSTATES",
        "PageId": "CITYSTATES_5",
        "PageLayoutId": "Simple",
        "SectionId": "CONCEPTS",
        "SortIndex": 50,
        "TextKeyPrefix": null,
        "Tooltip": null
    },
    {
        "Name": "LOC_PEDIA_CONCEPTS_PAGE_TRADE_1_CHAPTER_CONTENT_TITLE",
        "PageGroupId": "TRADE",
        "PageId": "TRADE_1",
        "PageLayoutId": "Simple",
        "SectionId": "CONCEPTS",
        "SortIndex": 10,
        "TextKeyPrefix": null,
        "Tooltip": null
    },
    {
        "Name": "LOC_PEDIA_CONCEPTS_PAGE_TRADE_2_CHAPTER_CONTENT_TITLE",
        "PageGroupId": "TRADE",
        "PageId": "TRADE_2",
        "PageLayoutId": "Simple",
        "SectionId": "CONCEPTS",
        "SortIndex": 20,
        "TextKeyPrefix": null,
        "Tooltip": null
    },
    {
        "Name": "LOC_PEDIA_CONCEPTS_PAGE_TRADE_3_CHAPTER_CONTENT_TITLE",
        "PageGroupId": "TRADE",
        "PageId": "TRADE_3",
        "PageLayoutId": "Simple",
        "SectionId": "CONCEPTS",
        "SortIndex": 30,
        "TextKeyPrefix": null,
        "Tooltip": null
    },
    {
        "Name": "LOC_PEDIA_CONCEPTS_PAGE_TRADE_4_CHAPTER_CONTENT_TITLE",
        "PageGroupId": "TRADE",
        "PageId": "TRADE_4",
        "PageLayoutId": "Simple",
        "SectionId": "CONCEPTS",
        "SortIndex": 40,
        "TextKeyPrefix": null,
        "Tooltip": null
    },
    {
        "Name": "LOC_PEDIA_CONCEPTS_PAGE_TRADE_5_CHAPTER_CONTENT_TITLE",
        "PageGroupId": "TRADE",
        "PageId": "TRADE_5",
        "PageLayoutId": "Simple",
        "SectionId": "CONCEPTS",
        "SortIndex": 50,
        "TextKeyPrefix": null,
        "Tooltip": null
    },
    {
        "Name": "LOC_PEDIA_CONCEPTS_PAGE_GOVT_1_CHAPTER_CONTENT_TITLE",
        "PageGroupId": "GOVT",
        "PageId": "GOVT_1",
        "PageLayoutId": "Simple",
        "SectionId": "CONCEPTS",
        "SortIndex": 10,
        "TextKeyPrefix": null,
        "Tooltip": null
    },
    {
        "Name": "LOC_PEDIA_CONCEPTS_PAGE_GOVT_2_CHAPTER_CONTENT_TITLE",
        "PageGroupId": "GOVT",
        "PageId": "GOVT_2",
        "PageLayoutId": "Simple",
        "SectionId": "CONCEPTS",
        "SortIndex": 20,
        "TextKeyPrefix": null,
        "Tooltip": null
    },
    {
        "Name": "LOC_PEDIA_CONCEPTS_PAGE_GOVT_3_CHAPTER_CONTENT_TITLE",
        "PageGroupId": "GOVT",
        "PageId": "GOVT_3",
        "PageLayoutId": "Simple",
        "SectionId": "CONCEPTS",
        "SortIndex": 30,
        "TextKeyPrefix": null,
        "Tooltip": null
    },
    {
        "Name": "LOC_PEDIA_CONCEPTS_PAGE_GOVT_4_CHAPTER_CONTENT_TITLE",
        "PageGroupId": "GOVT",
        "PageId": "GOVT_4",
        "PageLayoutId": "Simple",
        "SectionId": "CONCEPTS",
        "SortIndex": 40,
        "TextKeyPrefix": null,
        "Tooltip": null
    },
    {
        "Name": "LOC_PEDIA_CONCEPTS_PAGE_GOVT_5_CHAPTER_CONTENT_TITLE",
        "PageGroupId": "GOVT",
        "PageId": "GOVT_5",
        "PageLayoutId": "Simple",
        "SectionId": "CONCEPTS",
        "SortIndex": 50,
        "TextKeyPrefix": null,
        "Tooltip": null
    },
    {
        "Name": "LOC_PEDIA_CONCEPTS_PAGE_GREATPEOPLE_1_CHAPTER_CONTENT_TITLE",
        "PageGroupId": "GREATPEOPLE",
        "PageId": "GREATPEOPLE_1",
        "PageLayoutId": "Simple",
        "SectionId": "CONCEPTS",
        "SortIndex": 10,
        "TextKeyPrefix": null,
        "Tooltip": null
    },
    {
        "Name": "LOC_PEDIA_CONCEPTS_PAGE_GREATPEOPLE_2_CHAPTER_CONTENT_TITLE",
        "PageGroupId": "GREATPEOPLE",
        "PageId": "GREATPEOPLE_2",
        "PageLayoutId": "Simple",
        "SectionId": "CONCEPTS",
        "SortIndex": 20,
        "TextKeyPrefix": null,
        "Tooltip": null
    },
    {
        "Name": "LOC_PEDIA_CONCEPTS_PAGE_GREATPEOPLE_3_CHAPTER_CONTENT_TITLE",
        "PageGroupId": "GREATPEOPLE",
        "PageId": "GREATPEOPLE_3",
        "PageLayoutId": "Simple",
        "SectionId": "CONCEPTS",
        "SortIndex": 30,
        "TextKeyPrefix": null,
        "Tooltip": null
    },
    {
        "Name": "LOC_PEDIA_CONCEPTS_PAGE_GREATPEOPLE_4_CHAPTER_CONTENT_TITLE",
        "PageGroupId": "GREATPEOPLE",
        "PageId": "GREATPEOPLE_4",
        "PageLayoutId": "Simple",
        "SectionId": "CONCEPTS",
        "SortIndex": 40,
        "TextKeyPrefix": null,
        "Tooltip": null
    },
    {
        "Name": "LOC_PEDIA_CONCEPTS_PAGE_AIRCOMBAT_1_CHAPTER_CONTENT_TITLE",
        "PageGroupId": "AIRCOMBAT",
        "PageId": "AIRCOMBAT_1",
        "PageLayoutId": "Simple",
        "SectionId": "CONCEPTS",
        "SortIndex": 10,
        "TextKeyPrefix": null,
        "Tooltip": null
    },
    {
        "Name": "LOC_PEDIA_CONCEPTS_PAGE_AIRCOMBAT_2_CHAPTER_CONTENT_TITLE",
        "PageGroupId": "AIRCOMBAT",
        "PageId": "AIRCOMBAT_2",
        "PageLayoutId": "Simple",
        "SectionId": "CONCEPTS",
        "SortIndex": 20,
        "TextKeyPrefix": null,
        "Tooltip": null
    },
    {
        "Name": "LOC_PEDIA_CONCEPTS_PAGE_AIRCOMBAT_3_CHAPTER_CONTENT_TITLE",
        "PageGroupId": "AIRCOMBAT",
        "PageId": "AIRCOMBAT_3",
        "PageLayoutId": "Simple",
        "SectionId": "CONCEPTS",
        "SortIndex": 30,
        "TextKeyPrefix": null,
        "Tooltip": null
    },
    {
        "Name": "LOC_PEDIA_CONCEPTS_PAGE_AIRCOMBAT_4_CHAPTER_CONTENT_TITLE",
        "PageGroupId": "AIRCOMBAT",
        "PageId": "AIRCOMBAT_4",
        "PageLayoutId": "Simple",
        "SectionId": "CONCEPTS",
        "SortIndex": 40,
        "TextKeyPrefix": null,
        "Tooltip": null
    },
    {
        "Name": "LOC_PEDIA_CONCEPTS_PAGE_AIRCOMBAT_5_CHAPTER_CONTENT_TITLE",
        "PageGroupId": "AIRCOMBAT",
        "PageId": "AIRCOMBAT_5",
        "PageLayoutId": "Simple",
        "SectionId": "CONCEPTS",
        "SortIndex": 50,
        "TextKeyPrefix": null,
        "Tooltip": null
    },
    {
        "Name": "LOC_PEDIA_CONCEPTS_PAGE_NUKES_1_CHAPTER_CONTENT_TITLE",
        "PageGroupId": "NUKES",
        "PageId": "NUKES_1",
        "PageLayoutId": "Simple",
        "SectionId": "CONCEPTS",
        "SortIndex": 10,
        "TextKeyPrefix": null,
        "Tooltip": null
    },
    {
        "Name": "LOC_PEDIA_CONCEPTS_PAGE_NUKES_2_CHAPTER_CONTENT_TITLE",
        "PageGroupId": "NUKES",
        "PageId": "NUKES_2",
        "PageLayoutId": "Simple",
        "SectionId": "CONCEPTS",
        "SortIndex": 20,
        "TextKeyPrefix": null,
        "Tooltip": null
    },
    {
        "Name": "LOC_PEDIA_CONCEPTS_PAGE_NUKES_3_CHAPTER_CONTENT_TITLE",
        "PageGroupId": "NUKES",
        "PageId": "NUKES_3",
        "PageLayoutId": "Simple",
        "SectionId": "CONCEPTS",
        "SortIndex": 30,
        "TextKeyPrefix": null,
        "Tooltip": null
    },
    {
        "Name": "LOC_PEDIA_CONCEPTS_PAGE_TOURISM_1_CHAPTER_CONTENT_TITLE",
        "PageGroupId": "TOURISM",
        "PageId": "TOURISM_1",
        "PageLayoutId": "Simple",
        "SectionId": "CONCEPTS",
        "SortIndex": 10,
        "TextKeyPrefix": null,
        "Tooltip": null
    },
    {
        "Name": "LOC_PEDIA_CONCEPTS_PAGE_TOURISM_2_CHAPTER_CONTENT_TITLE",
        "PageGroupId": "TOURISM",
        "PageId": "TOURISM_2",
        "PageLayoutId": "Simple",
        "SectionId": "CONCEPTS",
        "SortIndex": 20,
        "TextKeyPrefix": null,
        "Tooltip": null
    },
    {
        "Name": "LOC_PEDIA_CONCEPTS_PAGE_TOURISM_5_CHAPTER_CONTENT_TITLE",
        "PageGroupId": "TOURISM",
        "PageId": "TOURISM_5",
        "PageLayoutId": "Simple",
        "SectionId": "CONCEPTS",
        "SortIndex": 25,
        "TextKeyPrefix": null,
        "Tooltip": null
    },
    {
        "Name": "LOC_PEDIA_CONCEPTS_PAGE_TOURISM_3_CHAPTER_CONTENT_TITLE",
        "PageGroupId": "TOURISM",
        "PageId": "TOURISM_3",
        "PageLayoutId": "Simple",
        "SectionId": "CONCEPTS",
        "SortIndex": 30,
        "TextKeyPrefix": null,
        "Tooltip": null
    },
    {
        "Name": "LOC_PEDIA_CONCEPTS_PAGE_TOURISM_4_CHAPTER_CONTENT_TITLE",
        "PageGroupId": "TOURISM",
        "PageId": "TOURISM_4",
        "PageLayoutId": "Simple",
        "SectionId": "CONCEPTS",
        "SortIndex": 40,
        "TextKeyPrefix": null,
        "Tooltip": null
    },
    {
        "Name": "LOC_PEDIA_CONCEPTS_PAGE_TOURISM_6_CHAPTER_CONTENT_TITLE",
        "PageGroupId": "TOURISM",
        "PageId": "TOURISM_6",
        "PageLayoutId": "Simple",
        "SectionId": "CONCEPTS",
        "SortIndex": 50,
        "TextKeyPrefix": null,
        "Tooltip": null
    },
    {
        "Name": "LOC_PEDIA_CONCEPTS_PAGE_VICTORY_1_CHAPTER_CONTENT_TITLE",
        "PageGroupId": "VICTORY",
        "PageId": "VICTORY_1",
        "PageLayoutId": "Simple",
        "SectionId": "CONCEPTS",
        "SortIndex": 10,
        "TextKeyPrefix": null,
        "Tooltip": null
    },
    {
        "Name": "LOC_PEDIA_CONCEPTS_PAGE_VICTORY_2_CHAPTER_CONTENT_TITLE",
        "PageGroupId": "VICTORY",
        "PageId": "VICTORY_2",
        "PageLayoutId": "Simple",
        "SectionId": "CONCEPTS",
        "SortIndex": 20,
        "TextKeyPrefix": null,
        "Tooltip": null
    },
    {
        "Name": "LOC_PEDIA_CONCEPTS_PAGE_VICTORY_3_CHAPTER_CONTENT_TITLE",
        "PageGroupId": "VICTORY",
        "PageId": "VICTORY_3",
        "PageLayoutId": "Simple",
        "SectionId": "CONCEPTS",
        "SortIndex": 30,
        "TextKeyPrefix": null,
        "Tooltip": null
    },
    {
        "Name": "LOC_PEDIA_CONCEPTS_PAGE_VICTORY_4_CHAPTER_CONTENT_TITLE",
        "PageGroupId": "VICTORY",
        "PageId": "VICTORY_4",
        "PageLayoutId": "Simple",
        "SectionId": "CONCEPTS",
        "SortIndex": 40,
        "TextKeyPrefix": null,
        "Tooltip": null
    },
    {
        "Name": "LOC_PEDIA_CONCEPTS_PAGE_VICTORY_5_CHAPTER_CONTENT_TITLE",
        "PageGroupId": "VICTORY",
        "PageId": "VICTORY_5",
        "PageLayoutId": "Simple",
        "SectionId": "CONCEPTS",
        "SortIndex": 50,
        "TextKeyPrefix": null,
        "Tooltip": null
    },
    {
        "Name": "LOC_PEDIA_CONCEPTS_PAGE_VICTORY_6_CHAPTER_CONTENT_TITLE",
        "PageGroupId": "VICTORY",
        "PageId": "VICTORY_6",
        "PageLayoutId": "Simple",
        "SectionId": "CONCEPTS",
        "SortIndex": 60,
        "TextKeyPrefix": null,
        "Tooltip": null
    },
    {
        "Name": "LOC_PEDIA_CONCEPTS_PAGE_TEAMS_1_CHAPTER_CONTENT_TITLE",
        "PageGroupId": "TEAMS",
        "PageId": "TEAMS_1",
        "PageLayoutId": "Simple",
        "SectionId": "CONCEPTS",
        "SortIndex": 10,
        "TextKeyPrefix": null,
        "Tooltip": null
    },
    {
        "Name": "LOC_PEDIA_CONCEPTS_PAGE_TEAMS_2_CHAPTER_CONTENT_TITLE",
        "PageGroupId": "TEAMS",
        "PageId": "TEAMS_2",
        "PageLayoutId": "Simple",
        "SectionId": "CONCEPTS",
        "SortIndex": 20,
        "TextKeyPrefix": null,
        "Tooltip": null
    },
    {
        "Name": "LOC_PEDIA_CONCEPTS_PAGE_TEAMS_3_CHAPTER_CONTENT_TITLE",
        "PageGroupId": "TEAMS",
        "PageId": "TEAMS_3",
        "PageLayoutId": "Simple",
        "SectionId": "CONCEPTS",
        "SortIndex": 30,
        "TextKeyPrefix": null,
        "Tooltip": null
    },
    {
        "Name": "LOC_PEDIA_CONCEPTS_PAGE_TEAMS_4_CHAPTER_CONTENT_TITLE",
        "PageGroupId": "TEAMS",
        "PageId": "TEAMS_4",
        "PageLayoutId": "Simple",
        "SectionId": "CONCEPTS",
        "SortIndex": 40,
        "TextKeyPrefix": null,
        "Tooltip": null
    },
    {
        "Name": "LOC_UI_PEDIA_TERRAIN_MOUNTAINS",
        "PageGroupId": "Terrain",
        "PageId": "TERRAIN_GRASS_MOUNTAIN",
        "PageLayoutId": "Terrain",
        "SectionId": "FEATURES",
        "SortIndex": 10,
        "TextKeyPrefix": null,
        "Tooltip": null
    },
    {
        "Name": "LOC_PEDIA_PAGE_INTRO_TITLE",
        "PageGroupId": "CIVILIZATIONS",
        "PageId": "CIVILIZATIONS_INTRO",
        "PageLayoutId": "Simple",
        "SectionId": "CIVILIZATIONS",
        "SortIndex": 0,
        "TextKeyPrefix": "LOC_PEDIA_CIVILIZATIONS_PAGE_INTRO",
        "Tooltip": null
    },
    {
        "Name": "LOC_PEDIA_PAGE_INTRO_TITLE",
        "PageGroupId": "LEADERS",
        "PageId": "LEADERS_INTRO",
        "PageLayoutId": "Simple",
        "SectionId": "CIVILIZATIONS",
        "SortIndex": 0,
        "TextKeyPrefix": "LOC_PEDIA_LEADERS_PAGE_INTRO",
        "Tooltip": null
    },
    {
        "Name": "LOC_PEDIA_CONCEPTS_PAGE_PRIDE_MOMENTS_1_CHAPTER_CONTENT_TITLE",
        "PageGroupId": "EXPANSION",
        "PageId": "PRIDE_MOMENTS_1",
        "PageLayoutId": "Simple",
        "SectionId": "CONCEPTS",
        "SortIndex": 10,
        "TextKeyPrefix": null,
        "Tooltip": null
    },
    {
        "Name": "LOC_PEDIA_CONCEPTS_PAGE_GOLDEN_AGES_1_CHAPTER_CONTENT_TITLE",
        "PageGroupId": "EXPANSION",
        "PageId": "GOLDEN_AGES_1",
        "PageLayoutId": "Simple",
        "SectionId": "CONCEPTS",
        "SortIndex": 20,
        "TextKeyPrefix": null,
        "Tooltip": null
    },
    {
        "Name": "LOC_PEDIA_CONCEPTS_PAGE_DEDICATIONS_CHAPTER_CONTENT_TITLE",
        "PageGroupId": "EXPANSION",
        "PageId": "DEDICATIONS",
        "PageLayoutId": "Simple",
        "SectionId": "CONCEPTS",
        "SortIndex": 30,
        "TextKeyPrefix": null,
        "Tooltip": null
    },
    {
        "Name": "LOC_PEDIA_CONCEPTS_PAGE_LOYALTY_1_CHAPTER_CONTENT_TITLE",
        "PageGroupId": "EXPANSION",
        "PageId": "LOYALTY_1",
        "PageLayoutId": "Simple",
        "SectionId": "CONCEPTS",
        "SortIndex": 40,
        "TextKeyPrefix": null,
        "Tooltip": null
    },
    {
        "Name": "LOC_PEDIA_CONCEPTS_PAGE_GOVERNORS_1_CHAPTER_CONTENT_TITLE",
        "PageGroupId": "EXPANSION",
        "PageId": "GOVERNORS_1",
        "PageLayoutId": "Simple",
        "SectionId": "CONCEPTS",
        "SortIndex": 50,
        "TextKeyPrefix": null,
        "Tooltip": null
    },
    {
        "Name": "LOC_PEDIA_CONCEPTS_PAGE_ALLIANCES_1_CHAPTER_CONTENT_TITLE",
        "PageGroupId": "EXPANSION",
        "PageId": "ALLIANCES_1",
        "PageLayoutId": "Simple",
        "SectionId": "CONCEPTS",
        "SortIndex": 60,
        "TextKeyPrefix": null,
        "Tooltip": null
    },
    {
        "Name": "LOC_PEDIA_CONCEPTS_PAGE_EMERGENCY_ALLIANCES_1_CHAPTER_CONTENT_TITLE",
        "PageGroupId": "EXPANSION",
        "PageId": "EMERGENCY_ALLIANCES_1",
        "PageLayoutId": "Simple",
        "SectionId": "CONCEPTS",
        "SortIndex": 70,
        "TextKeyPrefix": null,
        "Tooltip": null
    },
    {
        "Name": "LOC_PEDIA_CONCEPTS_PAGE_FREE_CITIES_1_CHAPTER_CONTENT_TITLE",
        "PageGroupId": "EXPANSION",
        "PageId": "FREE_CITIES_1",
        "PageLayoutId": "Simple",
        "SectionId": "CONCEPTS",
        "SortIndex": 80,
        "TextKeyPrefix": null,
        "Tooltip": null
    },
    {
        "Name": "LOC_PEDIA_PAGE_INTRO_TITLE",
        "PageGroupId": null,
        "PageId": "INTRO",
        "PageLayoutId": "Simple",
        "SectionId": "GOVERNORS",
        "SortIndex": 10,
        "TextKeyPrefix": "LOC_PEDIA_CONCEPTS_PAGE_GOVERNORS_1",
        "Tooltip": null
    },
    {
        "Name": "LOC_PEDIA_PAGE_INTRO_TITLE",
        "PageGroupId": null,
        "PageId": "INTRO",
        "PageLayoutId": "Simple",
        "SectionId": "MOMENTS",
        "SortIndex": 10,
        "TextKeyPrefix": "LOC_PEDIA_CONCEPTS_PAGE_PRIDE_MOMENTS_1",
        "Tooltip": null
    },
    {
        "Name": "LOC_PEDIA_CONCEPTS_PAGE_CONSUMEABLE_RESOURCES_CHAPTER_CONTENT_TITLE",
        "PageGroupId": "EXPANSION2",
        "PageId": "CONSUMEABLE_RESOURCES",
        "PageLayoutId": "Simple",
        "SectionId": "CONCEPTS",
        "SortIndex": 1,
        "TextKeyPrefix": null,
        "Tooltip": null
    },
    {
        "Name": "LOC_PEDIA_CONCEPTS_PAGE_POWER_CHAPTER_CONTENT_TITLE",
        "PageGroupId": "EXPANSION2",
        "PageId": "POWER",
        "PageLayoutId": "Simple",
        "SectionId": "CONCEPTS",
        "SortIndex": 2,
        "TextKeyPrefix": null,
        "Tooltip": null
    },
    {
        "Name": "LOC_PEDIA_CONCEPTS_PAGE_ENVIRONMENTAL_EFFECTS_CHAPTER_CONTENT_TITLE",
        "PageGroupId": "EXPANSION2",
        "PageId": "ENVIRONMENTAL_EFFECTS",
        "PageLayoutId": "EnvironmentalEffects",
        "SectionId": "CONCEPTS",
        "SortIndex": 3,
        "TextKeyPrefix": null,
        "Tooltip": null
    },
    {
        "Name": "LOC_PEDIA_CONCEPTS_PAGE_GLOBAL_TEMPERATURE_CHAPTER_CONTENT_TITLE",
        "PageGroupId": "EXPANSION2",
        "PageId": "GLOBAL_TEMPERATURE",
        "PageLayoutId": "Simple",
        "SectionId": "CONCEPTS",
        "SortIndex": 4,
        "TextKeyPrefix": null,
        "Tooltip": null
    },
    {
        "Name": "LOC_PEDIA_CONCEPTS_PAGE_GRIEVANCES_CHAPTER_CONTENT_TITLE",
        "PageGroupId": "EXPANSION2",
        "PageId": "GRIEVANCES",
        "PageLayoutId": "Simple",
        "SectionId": "CONCEPTS",
        "SortIndex": 5,
        "TextKeyPrefix": null,
        "Tooltip": null
    },
    {
        "Name": "LOC_PEDIA_CONCEPTS_PAGE_WORLD_CONGRESS_CHAPTER_CONGRESS_TITLE",
        "PageGroupId": "EXPANSION2",
        "PageId": "WORLD_CONGRESS",
        "PageLayoutId": "WorldCongress",
        "SectionId": "CONCEPTS",
        "SortIndex": 6,
        "TextKeyPrefix": null,
        "Tooltip": null
    },
    {
        "Name": "LOC_PEDIA_CONCEPTS_PAGE_DIPLOMATIC_VICTORY_CHAPTER_CONTENT_TITLE",
        "PageGroupId": "EXPANSION2",
        "PageId": "DIPLOMATIC_VICTORY",
        "PageLayoutId": "Simple",
        "SectionId": "CONCEPTS",
        "SortIndex": 7,
        "TextKeyPrefix": null,
        "Tooltip": null
    },
    {
        "Name": "LOC_PEDIA_CONCEPTS_PAGE_CLANS_CHAPTER_CONTENT_TITLE",
        "PageGroupId": "GAME_MODES",
        "PageId": "CLANS",
        "PageLayoutId": "BarbarianClans",
        "SectionId": "CONCEPTS",
        "SortIndex": 100,
        "TextKeyPrefix": null,
        "Tooltip": null
    },
    {
        "Name": "LOC_BARBARIAN_CLAN_TYPE_MELEE_OPEN",
        "PageGroupId": "GAME_MODES",
        "PageId": "CLANTYPE_MELEE_OPEN",
        "PageLayoutId": "BarbarianClanType",
        "SectionId": "CONCEPTS",
        "SortIndex": 101,
        "TextKeyPrefix": null,
        "Tooltip": null
    },
    {
        "Name": "LOC_BARBARIAN_CLAN_TYPE_MELEE_FOREST",
        "PageGroupId": "GAME_MODES",
        "PageId": "CLANTYPE_MELEE_FOREST",
        "PageLayoutId": "BarbarianClanType",
        "SectionId": "CONCEPTS",
        "SortIndex": 102,
        "TextKeyPrefix": null,
        "Tooltip": null
    },
    {
        "Name": "LOC_BARBARIAN_CLAN_TYPE_MELEE_HILLS",
        "PageGroupId": "GAME_MODES",
        "PageId": "CLANTYPE_MELEE_HILLS",
        "PageLayoutId": "BarbarianClanType",
        "SectionId": "CONCEPTS",
        "SortIndex": 103,
        "TextKeyPrefix": null,
        "Tooltip": null
    },
    {
        "Name": "LOC_BARBARIAN_CLAN_TYPE_CAVALRY_OPEN",
        "PageGroupId": "GAME_MODES",
        "PageId": "CLANTYPE_CAVALRY_OPEN",
        "PageLayoutId": "BarbarianClanType",
        "SectionId": "CONCEPTS",
        "SortIndex": 104,
        "TextKeyPrefix": null,
        "Tooltip": null
    },
    {
        "Name": "LOC_BARBARIAN_CLAN_TYPE_CAVALRY_JUNGLE",
        "PageGroupId": "GAME_MODES",
        "PageId": "CLANTYPE_CAVALRY_JUNGLE",
        "PageLayoutId": "BarbarianClanType",
        "SectionId": "CONCEPTS",
        "SortIndex": 105,
        "TextKeyPrefix": null,
        "Tooltip": null
    },
    {
        "Name": "LOC_BARBARIAN_CLAN_TYPE_CAVALRY_CHARIOT",
        "PageGroupId": "GAME_MODES",
        "PageId": "CLANTYPE_CAVALRY_CHARIOT",
        "PageLayoutId": "BarbarianClanType",
        "SectionId": "CONCEPTS",
        "SortIndex": 106,
        "TextKeyPrefix": null,
        "Tooltip": null
    },
    {
        "Name": "LOC_BARBARIAN_CLAN_TYPE_NAVAL",
        "PageGroupId": "GAME_MODES",
        "PageId": "CLANTYPE_NAVAL",
        "PageLayoutId": "BarbarianClanType",
        "SectionId": "CONCEPTS",
        "SortIndex": 107,
        "TextKeyPrefix": null,
        "Tooltip": null
    },
    {
        "Name": "LOC_PEDIA_CONCEPTS_PAGE_TREE_RANDOMIZER_CHAPTER_CONTENT_TITLE",
        "PageGroupId": "GAME_MODES",
        "PageId": "TREE_RANDOMIZER",
        "PageLayoutId": "TreeRandomizer",
        "SectionId": "CONCEPTS",
        "SortIndex": 3,
        "TextKeyPrefix": null,
        "Tooltip": null
    },
    {
        "Name": "LOC_PEDIA_CONCEPTS_PAGE_MEGADISASTERS_CHAPTER_CONTENT_TITLE",
        "PageGroupId": "GAME_MODES",
        "PageId": "MEGADISASTERS",
        "PageLayoutId": "MegaDisasters",
        "SectionId": "CONCEPTS",
        "SortIndex": 1,
        "TextKeyPrefix": null,
        "Tooltip": null
    },
    {
        "Name": "LOC_PEDIA_CONCEPTS_PAGE_DRAMATICAGES_CHAPTER_CONTENT_TITLE",
        "PageGroupId": "GAME_MODES",
        "PageId": "DRAMATICAGES",
        "PageLayoutId": "DramaticAges",
        "SectionId": "CONCEPTS",
        "SortIndex": 4,
        "TextKeyPrefix": null,
        "Tooltip": null
    },
    {
        "Name": "LOC_PEDIA_CONCEPTS_PAGE_MONOPOLIES_CHAPTER_CONTENT_TITLE",
        "PageGroupId": "GAME_MODES",
        "PageId": "MONOPOLIES",
        "PageLayoutId": "Monopolies_Corporations",
        "SectionId": "CONCEPTS",
        "SortIndex": 2,
        "TextKeyPrefix": null,
        "Tooltip": null
    },
    {
        "Name": "LOC_PEDIA_CONCEPTS_PAGE_SECRETSOCIETIES_CHAPTER_CONTENT_TITLE",
        "PageGroupId": "GAME_MODES",
        "PageId": "SECRETSOCIETIES",
        "PageLayoutId": "SecretSocieties",
        "SectionId": "CONCEPTS",
        "SortIndex": 2,
        "TextKeyPrefix": null,
        "Tooltip": null
    },
    {
        "Name": "LOC_PEDIA_CONCEPTS_PAGE_HEROES_CHAPTER_CONTENT_TITLE",
        "PageGroupId": "GAME_MODES",
        "PageId": "HEROES",
        "PageLayoutId": "Heroes",
        "SectionId": "CONCEPTS",
        "SortIndex": 2,
        "TextKeyPrefix": null,
        "Tooltip": null
    },
    {
        "Name": "LOC_PEDIA_CONCEPTS_PAGE_ZOMBIE_SIEGE_CHAPTER_CONTENT_TITLE",
        "PageGroupId": "GAME_MODES",
        "PageId": "ZOMBIE_SIEGE",
        "PageLayoutId": "Zombies",
        "SectionId": "CONCEPTS",
        "SortIndex": 7,
        "TextKeyPrefix": null,
        "Tooltip": null
    }
]