[
    {
        "Icon": "ICON_CIVILOPEDIA_CONCEPTS",
        "Name": "LOC_PEDIA_CONCEPTS_TITLE",
        "SectionId": "CONCEPTS",
        "SortIndex": 0
    },
    {
        "Icon": "ICON_CIVILOPEDIA_CIVILIZATIONS",
        "Name": "LOC_PEDIA_CIVILIZATIONS_LEADERS_TITLE",
        "SectionId": "CIVILIZATIONS",
        "SortIndex": 10
    },
    {
        "Icon": "ICON_CIVILOPEDIA_CITYSTATES",
        "Name": "LOC_PEDIA_CITYSTATES_TITLE",
        "SectionId": "CITYSTATES",
        "SortIndex": 30
    },
    {
        "Icon": "ICON_CIVILOPEDIA_DISTRICTS",
        "Name": "LOC_PEDIA_DISTRICTS_TITLE",
        "SectionId": "DISTRICTS",
        "SortIndex": 40
    },
    {
        "Icon": "ICON_CIVILOPEDIA_BUILDINGS",
        "Name": "LOC_PEDIA_BUILDINGS_TITLE",
        "SectionId": "BUILDINGS",
        "SortIndex": 50
    },
    {
        "Icon": "ICON_CIVILOPEDIA_WONDERS",
        "Name": "LOC_PEDIA_WONDERS_TITLE",
        "SectionId": "WONDERS",
        "SortIndex": 60
    },
    {
        "Icon": "ICON_CIVILOPEDIA_UNITS",
        "Name": "LOC_PEDIA_UNITS_TITLE",
        "SectionId": "UNITS",
        "SortIndex": 70
    },
    {
        "Icon": "ICON_CIVILOPEDIA_UNITPROMOTIONS",
        "Name": "LOC_PEDIA_UNITPROMOTIONS_TITLE",
        "SectionId": "UNITPROMOTIONS",
        "SortIndex": 80
    },
    {
        "Icon": "ICON_CIVILOPEDIA_GREATPEOPLE",
        "Name": "LOC_PEDIA_GREATPEOPLE_TITLE",
        "SectionId": "GREATPEOPLE",
        "SortIndex": 90
    },
    {
        "Icon": "ICON_CIVILOPEDIA_TECHNOLOGIES",
        "Name": "LOC_PEDIA_TECHNOLOGIES_TITLE",
        "SectionId": "TECHNOLOGIES",
        "SortIndex": 100
    },
    {
        "Icon": "ICON_CIVILOPEDIA_CIVICS",
        "Name": "LOC_PEDIA_CIVICS_TITLE",
        "SectionId": "CIVICS",
        "SortIndex": 110
    },
    {
        "Icon": "ICON_CIVILOPEDIA_GOVERNMENTS",
        "Name": "LOC_PEDIA_GOVERNMENTS_TITLE",
        "SectionId": "GOVERNMENTS",
        "SortIndex": 120
    },
    {
        "Icon": "ICON_CIVILOPEDIA_RELIGIONS",
        "Name": "LOC_PEDIA_RELIGIONS_TITLE",
        "SectionId": "RELIGIONS",
        "SortIndex": 130
    },
    {
        "Icon": "ICON_CIVILOPEDIA_FEATURES",
        "Name": "LOC_PEDIA_FEATURES_TITLE",
        "SectionId": "FEATURES",
        "SortIndex": 140
    },
    {
        "Icon": "ICON_CIVILOPEDIA_RESOURCES",
        "Name": "LOC_PEDIA_RESOURCES_TITLE",
        "SectionId": "RESOURCES",
        "SortIndex": 150
    },
    {
        "Icon": "ICON_CIVILOPEDIA_IMPROVEMENTS",
        "Name": "LOC_PEDIA_IMPROVEMENTS_TITLE",
        "SectionId": "IMPROVEMENTS",
        "SortIndex": 160
    },
    {
        "Icon": "ICON_CIVILOPEDIA_GOVERNORS",
        "Name": "LOC_PEDIA_GOVERNORS_TITLE",
        "SectionId": "GOVERNORS",
        "SortIndex": 170
    },
    {
        "Icon": "ICON_CIVILOPEDIA_HISTORIC_MOMENTS",
        "Name": "LOC_PEDIA_MOMENTS_TITLE",
        "SectionId": "MOMENTS",
        "SortIndex": 180
    }
]