[
    {
        "CivicType": "CIVIC_CODE_OF_LAWS",
        "Quote": "LOC_CIVIC_CODE_OF_LAWS_QUOTE_1",
        "QuoteAudio": "PLAY_CODE_OF_LAWS_QUOTE_1"
    },
    {
        "CivicType": "CIVIC_CODE_OF_LAWS",
        "Quote": "LOC_CIVIC_CODE_OF_LAWS_QUOTE_2",
        "QuoteAudio": "PLAY_CODE_OF_LAWS_QUOTE_2"
    },
    {
        "CivicType": "CIVIC_CRAFTSMANSHIP",
        "Quote": "LOC_CIVIC_CRAFTSMANSHIP_QUOTE_1",
        "QuoteAudio": "PLAY_CRAFTSMANSHIP_QUOTE_1"
    },
    {
        "CivicType": "CIVIC_CRAFTSMANSHIP",
        "Quote": "LOC_CIVIC_CRAFTSMANSHIP_QUOTE_2",
        "QuoteAudio": "PLAY_CRAFTSMANSHIP_QUOTE_2"
    },
    {
        "CivicType": "CIVIC_FOREIGN_TRADE",
        "Quote": "LOC_CIVIC_FOREIGN_TRADE_QUOTE_1",
        "QuoteAudio": "PLAY_FOREIGN_TRADE_QUOTE_1"
    },
    {
        "CivicType": "CIVIC_FOREIGN_TRADE",
        "Quote": "LOC_CIVIC_FOREIGN_TRADE_QUOTE_2",
        "QuoteAudio": "PLAY_FOREIGN_TRADE_QUOTE_2"
    },
    {
        "CivicType": "CIVIC_MILITARY_TRADITION",
        "Quote": "LOC_CIVIC_MILITARY_TRADITION_QUOTE_1",
        "QuoteAudio": "PLAY_MILITARY_TRADITION_QUOTE_2"
    },
    {
        "CivicType": "CIVIC_MILITARY_TRADITION",
        "Quote": "LOC_CIVIC_MILITARY_TRADITION_QUOTE_2",
        "QuoteAudio": "PLAY_MILITARY_TRADITION_QUOTE_1"
    },
    {
        "CivicType": "CIVIC_STATE_WORKFORCE",
        "Quote": "LOC_CIVIC_STATE_WORKFORCE_QUOTE_1",
        "QuoteAudio": "PLAY_STATE_WORKFORCE_QUOTE_1"
    },
    {
        "CivicType": "CIVIC_STATE_WORKFORCE",
        "Quote": "LOC_CIVIC_STATE_WORKFORCE_QUOTE_2",
        "QuoteAudio": "PLAY_STATE_WORKFORCE_QUOTE_2"
    },
    {
        "CivicType": "CIVIC_EARLY_EMPIRE",
        "Quote": "LOC_CIVIC_EARLY_EMPIRE_QUOTE_1",
        "QuoteAudio": "PLAY_EARLY_EMPIRE_QUOTE_2"
    },
    {
        "CivicType": "CIVIC_EARLY_EMPIRE",
        "Quote": "LOC_CIVIC_EARLY_EMPIRE_QUOTE_2",
        "QuoteAudio": "PLAY_EARLY_EMPIRE_QUOTE_1"
    },
    {
        "CivicType": "CIVIC_MYSTICISM",
        "Quote": "LOC_CIVIC_MYSTICISM_QUOTE_1",
        "QuoteAudio": "PLAY_MYSTICISM_QUOTE_1"
    },
    {
        "CivicType": "CIVIC_MYSTICISM",
        "Quote": "LOC_CIVIC_MYSTICISM_QUOTE_2",
        "QuoteAudio": "PLAY_MYSTICISM_QUOTE_2"
    },
    {
        "CivicType": "CIVIC_GAMES_RECREATION",
        "Quote": "LOC_CIVIC_GAMES_RECREATION_QUOTE_1",
        "QuoteAudio": "PLAY_GAMES_RECREATION_QUOTE_1"
    },
    {
        "CivicType": "CIVIC_GAMES_RECREATION",
        "Quote": "LOC_CIVIC_GAMES_RECREATION_QUOTE_2",
        "QuoteAudio": "PLAY_GAMES_RECREATION_QUOTE_2"
    },
    {
        "CivicType": "CIVIC_POLITICAL_PHILOSOPHY",
        "Quote": "LOC_CIVIC_POLITICAL_PHILOSOPHY_QUOTE_1",
        "QuoteAudio": "PLAY_POLITICAL_PHILOSOPHY_QUOTE_2"
    },
    {
        "CivicType": "CIVIC_POLITICAL_PHILOSOPHY",
        "Quote": "LOC_CIVIC_POLITICAL_PHILOSOPHY_QUOTE_2",
        "QuoteAudio": "PLAY_POLITICAL_PHILOSOPHY_QUOTE_1"
    },
    {
        "CivicType": "CIVIC_DRAMA_POETRY",
        "Quote": "LOC_CIVIC_DRAMA_POETRY_QUOTE_1",
        "QuoteAudio": "PLAY_DRAMA_POETRY_QUOTE_1"
    },
    {
        "CivicType": "CIVIC_DRAMA_POETRY",
        "Quote": "LOC_CIVIC_DRAMA_POETRY_QUOTE_2",
        "QuoteAudio": "PLAY_DRAMA_POETRY_QUOTE_2"
    },
    {
        "CivicType": "CIVIC_MILITARY_TRAINING",
        "Quote": "LOC_CIVIC_MILITARY_TRAINING_QUOTE_1",
        "QuoteAudio": "PLAY_MILITARY_TRAINING_QUOTE_1"
    },
    {
        "CivicType": "CIVIC_MILITARY_TRAINING",
        "Quote": "LOC_CIVIC_MILITARY_TRAINING_QUOTE_2",
        "QuoteAudio": "PLAY_MILITARY_TRAINING_QUOTE_2"
    },
    {
        "CivicType": "CIVIC_DEFENSIVE_TACTICS",
        "Quote": "LOC_CIVIC_DEFENSIVE_TACTICS_QUOTE_1",
        "QuoteAudio": "PLAY_DEFENSIVE_TACTICS_QUOTE_1"
    },
    {
        "CivicType": "CIVIC_DEFENSIVE_TACTICS",
        "Quote": "LOC_CIVIC_DEFENSIVE_TACTICS_QUOTE_2",
        "QuoteAudio": "PLAY_DEFENSIVE_TACTICS_QUOTE_2"
    },
    {
        "CivicType": "CIVIC_RECORDED_HISTORY",
        "Quote": "LOC_CIVIC_RECORDED_HISTORY_QUOTE_1",
        "QuoteAudio": "PLAY_RECORDED_HISTORY_QUOTE_2"
    },
    {
        "CivicType": "CIVIC_RECORDED_HISTORY",
        "Quote": "LOC_CIVIC_RECORDED_HISTORY_QUOTE_2",
        "QuoteAudio": "PLAY_RECORDED_HISTORY_QUOTE_1"
    },
    {
        "CivicType": "CIVIC_THEOLOGY",
        "Quote": "LOC_CIVIC_THEOLOGY_QUOTE_1",
        "QuoteAudio": "PLAY_THEOLOGY_QUOTE_1"
    },
    {
        "CivicType": "CIVIC_THEOLOGY",
        "Quote": "LOC_CIVIC_THEOLOGY_QUOTE_2",
        "QuoteAudio": "PLAY_THEOLOGY_QUOTE_2"
    },
    {
        "CivicType": "CIVIC_NAVAL_TRADITION",
        "Quote": "LOC_CIVIC_NAVAL_TRADITION_QUOTE_1",
        "QuoteAudio": "PLAY_NAVAL_TRADITION_QUOTE_1"
    },
    {
        "CivicType": "CIVIC_NAVAL_TRADITION",
        "Quote": "LOC_CIVIC_NAVAL_TRADITION_QUOTE_2",
        "QuoteAudio": "PLAY_NAVAL_TRADITION_QUOTE_2"
    },
    {
        "CivicType": "CIVIC_FEUDALISM",
        "Quote": "LOC_CIVIC_FEUDALISM_QUOTE_1",
        "QuoteAudio": "PLAY_FEUDALISM_QUOTE_2"
    },
    {
        "CivicType": "CIVIC_FEUDALISM",
        "Quote": "LOC_CIVIC_FEUDALISM_QUOTE_2",
        "QuoteAudio": "PLAY_FEUDALISM_QUOTE_1"
    },
    {
        "CivicType": "CIVIC_CIVIL_SERVICE",
        "Quote": "LOC_CIVIC_CIVIL_SERVICE_QUOTE_1",
        "QuoteAudio": "PLAY_CIVIL_SERVICE_QUOTE_2"
    },
    {
        "CivicType": "CIVIC_CIVIL_SERVICE",
        "Quote": "LOC_CIVIC_CIVIL_SERVICE_QUOTE_2",
        "QuoteAudio": "PLAY_CIVIL_SERVICE_QUOTE_1"
    },
    {
        "CivicType": "CIVIC_MERCENARIES",
        "Quote": "LOC_CIVIC_MERCENARIES_QUOTE_1",
        "QuoteAudio": "PLAY_MERCENARIES_QUOTE_1"
    },
    {
        "CivicType": "CIVIC_MERCENARIES",
        "Quote": "LOC_CIVIC_MERCENARIES_QUOTE_2",
        "QuoteAudio": "PLAY_MERCENARIES_QUOTE_2"
    },
    {
        "CivicType": "CIVIC_MEDIEVAL_FAIRES",
        "Quote": "LOC_CIVIC_MEDIEVAL_FAIRES_QUOTE_1",
        "QuoteAudio": "PLAY_MEDIEVAL_FAIRES_QUOTE_2"
    },
    {
        "CivicType": "CIVIC_MEDIEVAL_FAIRES",
        "Quote": "LOC_CIVIC_MEDIEVAL_FAIRES_QUOTE_2",
        "QuoteAudio": "PLAY_MEDIEVAL_FAIRES_QUOTE_1"
    },
    {
        "CivicType": "CIVIC_GUILDS",
        "Quote": "LOC_CIVIC_GUILDS_QUOTE_1",
        "QuoteAudio": "PLAY_GUILDS_QUOTE_1"
    },
    {
        "CivicType": "CIVIC_GUILDS",
        "Quote": "LOC_CIVIC_GUILDS_QUOTE_2",
        "QuoteAudio": "PLAY_GUILDS_QUOTE_2"
    },
    {
        "CivicType": "CIVIC_DIVINE_RIGHT",
        "Quote": "LOC_CIVIC_DIVINE_RIGHT_QUOTE_1",
        "QuoteAudio": "PLAY_DIVINE_RIGHT_QUOTE_1"
    },
    {
        "CivicType": "CIVIC_DIVINE_RIGHT",
        "Quote": "LOC_CIVIC_DIVINE_RIGHT_QUOTE_2",
        "QuoteAudio": "PLAY_DIVINE_RIGHT_QUOTE_2"
    },
    {
        "CivicType": "CIVIC_EXPLORATION",
        "Quote": "LOC_CIVIC_EXPLORATION_QUOTE_1",
        "QuoteAudio": "PLAY_EXPLORATION_QUOTE_1"
    },
    {
        "CivicType": "CIVIC_EXPLORATION",
        "Quote": "LOC_CIVIC_EXPLORATION_QUOTE_2",
        "QuoteAudio": "PLAY_EXPLORATION_QUOTE_2"
    },
    {
        "CivicType": "CIVIC_HUMANISM",
        "Quote": "LOC_CIVIC_HUMANISM_QUOTE_1",
        "QuoteAudio": "PLAY_HUMANISM_QUOTE_1"
    },
    {
        "CivicType": "CIVIC_HUMANISM",
        "Quote": "LOC_CIVIC_HUMANISM_QUOTE_2",
        "QuoteAudio": "PLAY_HUMANISM_QUOTE_2"
    },
    {
        "CivicType": "CIVIC_DIPLOMATIC_SERVICE",
        "Quote": "LOC_CIVIC_DIPLOMATIC_SERVICE_QUOTE_1",
        "QuoteAudio": "PLAY_DIPLOMATIC_SERVICE_QUOTE_1"
    },
    {
        "CivicType": "CIVIC_DIPLOMATIC_SERVICE",
        "Quote": "LOC_CIVIC_DIPLOMATIC_SERVICE_QUOTE_2",
        "QuoteAudio": "PLAY_DIPLOMATIC_SERVICE_QUOTE_2"
    },
    {
        "CivicType": "CIVIC_REFORMED_CHURCH",
        "Quote": "LOC_CIVIC_REFORMED_CHURCH_QUOTE_1",
        "QuoteAudio": "PLAY_REFORMED_CHURCH_QUOTE_2"
    },
    {
        "CivicType": "CIVIC_REFORMED_CHURCH",
        "Quote": "LOC_CIVIC_REFORMED_CHURCH_QUOTE_2",
        "QuoteAudio": "PLAY_REFORMED_CHURCH_QUOTE_1"
    },
    {
        "CivicType": "CIVIC_MERCANTILISM",
        "Quote": "LOC_CIVIC_MERCANTILISM_QUOTE_1",
        "QuoteAudio": "PLAY_MERCANTILISM_QUOTE_2"
    },
    {
        "CivicType": "CIVIC_MERCANTILISM",
        "Quote": "LOC_CIVIC_MERCANTILISM_QUOTE_2",
        "QuoteAudio": "PLAY_MERCANTILISM_QUOTE_1"
    },
    {
        "CivicType": "CIVIC_THE_ENLIGHTENMENT",
        "Quote": "LOC_CIVIC_THE_ENLIGHTENMENT_QUOTE_1",
        "QuoteAudio": "PLAY_THE_ENLIGHTENMENT_QUOTE_1"
    },
    {
        "CivicType": "CIVIC_THE_ENLIGHTENMENT",
        "Quote": "LOC_CIVIC_THE_ENLIGHTENMENT_QUOTE_2",
        "QuoteAudio": "PLAY_THE_ENLIGHTENMENT_QUOTE_2"
    },
    {
        "CivicType": "CIVIC_COLONIALISM",
        "Quote": "LOC_CIVIC_COLONIALISM_QUOTE_1",
        "QuoteAudio": "PLAY_COLONIALISM_QUOTE_1"
    },
    {
        "CivicType": "CIVIC_COLONIALISM",
        "Quote": "LOC_CIVIC_COLONIALISM_QUOTE_2",
        "QuoteAudio": "PLAY_COLONIALISM_QUOTE_2"
    },
    {
        "CivicType": "CIVIC_CIVIL_ENGINEERING",
        "Quote": "LOC_CIVIC_CIVIL_ENGINEERING_QUOTE_1",
        "QuoteAudio": "PLAY_CIVIL_ENGINEERING_QUOTE_2"
    },
    {
        "CivicType": "CIVIC_CIVIL_ENGINEERING",
        "Quote": "LOC_CIVIC_CIVIL_ENGINEERING_QUOTE_2",
        "QuoteAudio": "PLAY_CIVIL_ENGINEERING_QUOTE_1"
    },
    {
        "CivicType": "CIVIC_NATIONALISM",
        "Quote": "LOC_CIVIC_NATIONALISM_QUOTE_1",
        "QuoteAudio": "PLAY_NATIONALISM_QUOTE_1"
    },
    {
        "CivicType": "CIVIC_NATIONALISM",
        "Quote": "LOC_CIVIC_NATIONALISM_QUOTE_2",
        "QuoteAudio": "PLAY_NATIONALISM_QUOTE_2"
    },
    {
        "CivicType": "CIVIC_OPERA_BALLET",
        "Quote": "LOC_CIVIC_OPERA_BALLET_QUOTE_1",
        "QuoteAudio": "PLAY_OPERA_BALLET_QUOTE_2"
    },
    {
        "CivicType": "CIVIC_OPERA_BALLET",
        "Quote": "LOC_CIVIC_OPERA_BALLET_QUOTE_2",
        "QuoteAudio": "PLAY_OPERA_BALLET_QUOTE_1"
    },
    {
        "CivicType": "CIVIC_NATURAL_HISTORY",
        "Quote": "LOC_CIVIC_NATURAL_HISTORY_QUOTE_1",
        "QuoteAudio": "PLAY_NATURAL_HISTORY_QUOTE_2"
    },
    {
        "CivicType": "CIVIC_NATURAL_HISTORY",
        "Quote": "LOC_CIVIC_NATURAL_HISTORY_QUOTE_2",
        "QuoteAudio": "PLAY_NATURAL_HISTORY_QUOTE_1"
    },
    {
        "CivicType": "CIVIC_SCORCHED_EARTH",
        "Quote": "LOC_CIVIC_SCORCHED_EARTH_QUOTE_1",
        "QuoteAudio": "PLAY_SCORCHED_EARTH_QUOTE_1"
    },
    {
        "CivicType": "CIVIC_SCORCHED_EARTH",
        "Quote": "LOC_CIVIC_SCORCHED_EARTH_QUOTE_2",
        "QuoteAudio": "PLAY_SCORCHED_EARTH_QUOTE_2"
    },
    {
        "CivicType": "CIVIC_URBANIZATION",
        "Quote": "LOC_CIVIC_URBANIZATION_QUOTE_1",
        "QuoteAudio": "PLAY_URBANIZATION_QUOTE_1"
    },
    {
        "CivicType": "CIVIC_URBANIZATION",
        "Quote": "LOC_CIVIC_URBANIZATION_QUOTE_2",
        "QuoteAudio": "PLAY_URBANIZATION_QUOTE_2"
    },
    {
        "CivicType": "CIVIC_CAPITALISM",
        "Quote": "LOC_CIVIC_CAPITALISM_QUOTE_1",
        "QuoteAudio": "PLAY_CAPITALISM_QUOTE_1"
    },
    {
        "CivicType": "CIVIC_CAPITALISM",
        "Quote": "LOC_CIVIC_CAPITALISM_QUOTE_2",
        "QuoteAudio": "PLAY_CAPITALISM_QUOTE_2"
    },
    {
        "CivicType": "CIVIC_CONSERVATION",
        "Quote": "LOC_CIVIC_CONSERVATION_QUOTE_1",
        "QuoteAudio": "PLAY_CONSERVATION_QUOTE_1"
    },
    {
        "CivicType": "CIVIC_CONSERVATION",
        "Quote": "LOC_CIVIC_CONSERVATION_QUOTE_2",
        "QuoteAudio": "PLAY_CONSERVATION_QUOTE_2"
    },
    {
        "CivicType": "CIVIC_MASS_MEDIA",
        "Quote": "LOC_CIVIC_MASS_MEDIA_QUOTE_1",
        "QuoteAudio": "PLAY_MASS_MEDIA_QUOTE_2"
    },
    {
        "CivicType": "CIVIC_MASS_MEDIA",
        "Quote": "LOC_CIVIC_MASS_MEDIA_QUOTE_2",
        "QuoteAudio": "PLAY_MASS_MEDIA_QUOTE_1"
    },
    {
        "CivicType": "CIVIC_MOBILIZATION",
        "Quote": "LOC_CIVIC_MOBILIZATION_QUOTE_1",
        "QuoteAudio": "PLAY_MOBILIZATION_QUOTE_1"
    },
    {
        "CivicType": "CIVIC_MOBILIZATION",
        "Quote": "LOC_CIVIC_MOBILIZATION_QUOTE_2",
        "QuoteAudio": "PLAY_MOBILIZATION_QUOTE_2"
    },
    {
        "CivicType": "CIVIC_NUCLEAR_PROGRAM",
        "Quote": "LOC_CIVIC_NUCLEAR_PROGRAM_QUOTE_1",
        "QuoteAudio": "PLAY_NUCLEAR_PROGRAM_QUOTE_1"
    },
    {
        "CivicType": "CIVIC_NUCLEAR_PROGRAM",
        "Quote": "LOC_CIVIC_NUCLEAR_PROGRAM_QUOTE_2",
        "QuoteAudio": "PLAY_NUCLEAR_PROGRAM_QUOTE_2"
    },
    {
        "CivicType": "CIVIC_IDEOLOGY",
        "Quote": "LOC_CIVIC_IDEOLOGY_QUOTE_1",
        "QuoteAudio": "PLAY_IDEOLOGY_QUOTE_1"
    },
    {
        "CivicType": "CIVIC_IDEOLOGY",
        "Quote": "LOC_CIVIC_IDEOLOGY_QUOTE_2",
        "QuoteAudio": "PLAY_IDEOLOGY_QUOTE_2"
    },
    {
        "CivicType": "CIVIC_SUFFRAGE",
        "Quote": "LOC_CIVIC_SUFFRAGE_QUOTE_1",
        "QuoteAudio": "PLAY_SUFFRAGE_QUOTE_1"
    },
    {
        "CivicType": "CIVIC_SUFFRAGE",
        "Quote": "LOC_CIVIC_SUFFRAGE_QUOTE_2",
        "QuoteAudio": "PLAY_SUFFRAGE_QUOTE_2"
    },
    {
        "CivicType": "CIVIC_TOTALITARIANISM",
        "Quote": "LOC_CIVIC_TOTALITARIANISM_QUOTE_1",
        "QuoteAudio": "PLAY_TOTALITARIANISM_QUOTE_1"
    },
    {
        "CivicType": "CIVIC_TOTALITARIANISM",
        "Quote": "LOC_CIVIC_TOTALITARIANISM_QUOTE_2",
        "QuoteAudio": "PLAY_TOTALITARIANISM_QUOTE_2"
    },
    {
        "CivicType": "CIVIC_CLASS_STRUGGLE",
        "Quote": "LOC_CIVIC_CLASS_STRUGGLE_QUOTE_1",
        "QuoteAudio": "PLAY_CLASS_STRUGGLE_QUOTE_2"
    },
    {
        "CivicType": "CIVIC_CLASS_STRUGGLE",
        "Quote": "LOC_CIVIC_CLASS_STRUGGLE_QUOTE_2",
        "QuoteAudio": "PLAY_CLASS_STRUGGLE_QUOTE_1"
    },
    {
        "CivicType": "CIVIC_COLD_WAR",
        "Quote": "LOC_CIVIC_COLD_WAR_QUOTE_1",
        "QuoteAudio": "PLAY_COLD_WAR_QUOTE_1"
    },
    {
        "CivicType": "CIVIC_COLD_WAR",
        "Quote": "LOC_CIVIC_COLD_WAR_QUOTE_2",
        "QuoteAudio": "PLAY_COLD_WAR_QUOTE_2"
    },
    {
        "CivicType": "CIVIC_PROFESSIONAL_SPORTS",
        "Quote": "LOC_CIVIC_PROFESSIONAL_SPORTS_QUOTE_1",
        "QuoteAudio": "PLAY_PROFESSIONAL_SPORTS_QUOTE_2"
    },
    {
        "CivicType": "CIVIC_PROFESSIONAL_SPORTS",
        "Quote": "LOC_CIVIC_PROFESSIONAL_SPORTS_QUOTE_2",
        "QuoteAudio": "PLAY_PROFESSIONAL_SPORTS_QUOTE_1"
    },
    {
        "CivicType": "CIVIC_CULTURAL_HERITAGE",
        "Quote": "LOC_CIVIC_CULTURAL_HERITAGE_QUOTE_1",
        "QuoteAudio": "PLAY_CULTURAL_HERITAGE_QUOTE_1"
    },
    {
        "CivicType": "CIVIC_CULTURAL_HERITAGE",
        "Quote": "LOC_CIVIC_CULTURAL_HERITAGE_QUOTE_2",
        "QuoteAudio": "PLAY_CULTURAL_HERITAGE_QUOTE_2"
    },
    {
        "CivicType": "CIVIC_RAPID_DEPLOYMENT",
        "Quote": "LOC_CIVIC_RAPID_DEPLOYMENT_QUOTE_1",
        "QuoteAudio": "PLAY_RAPID_DEPLOYMENT_QUOTE_1"
    },
    {
        "CivicType": "CIVIC_RAPID_DEPLOYMENT",
        "Quote": "LOC_CIVIC_RAPID_DEPLOYMENT_QUOTE_2",
        "QuoteAudio": "PLAY_RAPID_DEPLOYMENT_QUOTE_2"
    },
    {
        "CivicType": "CIVIC_SPACE_RACE",
        "Quote": "LOC_CIVIC_SPACE_RACE_QUOTE_1",
        "QuoteAudio": "PLAY_SPACE_RACE_QUOTE_1"
    },
    {
        "CivicType": "CIVIC_SPACE_RACE",
        "Quote": "LOC_CIVIC_SPACE_RACE_QUOTE_2",
        "QuoteAudio": "PLAY_SPACE_RACE_QUOTE_2"
    },
    {
        "CivicType": "CIVIC_GLOBALIZATION",
        "Quote": "LOC_CIVIC_GLOBALIZATION_QUOTE_1",
        "QuoteAudio": "PLAY_GLOBALIZATION_QUOTE_1"
    },
    {
        "CivicType": "CIVIC_GLOBALIZATION",
        "Quote": "LOC_CIVIC_GLOBALIZATION_QUOTE_2",
        "QuoteAudio": "PLAY_GLOBALIZATION_QUOTE_2"
    },
    {
        "CivicType": "CIVIC_SOCIAL_MEDIA",
        "Quote": "LOC_CIVIC_SOCIAL_MEDIA_QUOTE_1",
        "QuoteAudio": "PLAY_SOCIAL_MEDIA_QUOTE_1"
    },
    {
        "CivicType": "CIVIC_SOCIAL_MEDIA",
        "Quote": "LOC_CIVIC_SOCIAL_MEDIA_QUOTE_2",
        "QuoteAudio": "PLAY_SOCIAL_MEDIA_QUOTE_2"
    },
    {
        "CivicType": "CIVIC_FUTURE_CIVIC",
        "Quote": "LOC_CIVIC_FUTURE_CIVIC_QUOTE_1",
        "QuoteAudio": "PLAY_FUTURE_CIVIC_QUOTE_1"
    },
    {
        "CivicType": "CIVIC_FUTURE_CIVIC",
        "Quote": "LOC_CIVIC_FUTURE_CIVIC_QUOTE_2",
        "QuoteAudio": "PLAY_FUTURE_CIVIC_QUOTE_2"
    },
    {
        "CivicType": "CIVIC_DIGITAL_DEMOCRACY",
        "Quote": "LOC_CIVIC_DIGITAL_DEMOCRACY_QUOTE_1",
        "QuoteAudio": "Play_LOC_CIVIC_DIGITAL_DEMOCRACY_QUOTE_1"
    },
    {
        "CivicType": "CIVIC_ENVIRONMENTALISM",
        "Quote": "LOC_CIVIC_ENVIRONMENTALISM_QUOTE_1",
        "QuoteAudio": "Play_LOC_CIVIC_ENVIRONMENTALISM_QUOTE_1"
    },
    {
        "CivicType": "CIVIC_SYNTHETIC_TECHNOCRACY",
        "Quote": "LOC_CIVIC_SYNTHETIC_TECHNOCRACY_QUOTE_1",
        "QuoteAudio": "Play_LOC_CIVIC_SYNTHETIC_TECHNOCRACY_QUOTE_1"
    },
    {
        "CivicType": "CIVIC_CORPORATE_LIBERTARIANISM",
        "Quote": "LOC_CIVIC_CORPORATE_LIBERTARIANISM_QUOTE_1",
        "QuoteAudio": "Play_LOC_CIVIC_CORPORATE_LIBERTARIANISM_QUOTE_1"
    },
    {
        "CivicType": "CIVIC_NEAR_FUTURE_GOVERNANCE",
        "Quote": "LOC_CIVIC_NEAR_FUTURE_GOVERNANCE_QUOTE_1",
        "QuoteAudio": "Play_LOC_CIVIC_NEAR_FUTURE_GOVERNANCE_QUOTE_1"
    },
    {
        "CivicType": "CIVIC_EXODUS_IMPERATIVE",
        "Quote": "LOC_CIVIC_EXODUS_IMPERATIVE_QUOTE_1",
        "QuoteAudio": "Play_LOC_CIVIC_EXODUS_IMPERATIVE_QUOTE_1"
    },
    {
        "CivicType": "CIVIC_CULTURAL_HEGEMONY",
        "Quote": "LOC_CIVIC_CULTURAL_HEGEMONY_QUOTE_1",
        "QuoteAudio": "Play_LOC_CIVIC_CULTURAL_HEGEMONY_QUOTE_1"
    },
    {
        "CivicType": "CIVIC_INFORMATION_WARFARE",
        "Quote": "LOC_CIVIC_INFORMATION_WARFARE_QUOTE_1",
        "QuoteAudio": "Play_LOC_CIVIC_INFORMATION_WARFARE_QUOTE_1"
    },
    {
        "CivicType": "CIVIC_INFORMATION_WARFARE",
        "Quote": "LOC_CIVIC_INFORMATION_WARFARE_QUOTE_2",
        "QuoteAudio": "Play_LOC_CIVIC_INFORMATION_WARFARE_QUOTE_2"
    },
    {
        "CivicType": "CIVIC_GLOBAL_WARMING_MITIGATION",
        "Quote": "LOC_CIVIC_GLOBAL_WARMING_MITIGATION_QUOTE_1",
        "QuoteAudio": "Play_LOC_CIVIC_GLOBAL_WARMING_MITIGATION_QUOTE_1"
    },
    {
        "CivicType": "CIVIC_SMART_POWER_DOCTRINE",
        "Quote": "LOC_CIVIC_SMART_POWER_DOCTRINE_QUOTE_1",
        "QuoteAudio": "Play_LOC_CIVIC_SMART_POWER_DOCTRINE_QUOTE_1"
    }
]