[
    {
        "PageId": "COMBAT_12",
        "SectionId": "CONCEPTS",
        "Term": "LOC_PEDIA_SEARCH_TERM_ARMIES"
    },
    {
        "PageId": "COMBAT_12",
        "SectionId": "CONCEPTS",
        "Term": "LOC_PEDIA_SEARCH_TERM_ARMADA"
    },
    {
        "PageId": "COMBAT_12",
        "SectionId": "CONCEPTS",
        "Term": "LOC_PEDIA_SEARCH_TERM_CORPS"
    },
    {
        "PageId": "COMBAT_12",
        "SectionId": "CONCEPTS",
        "Term": "LOC_PEDIA_SEARCH_TERM_FLEET"
    },
    {
        "PageId": "NUKES_1",
        "SectionId": "CONCEPTS",
        "Term": "LOC_PEDIA_SEARCH_TERM_NUCLEAR"
    },
    {
        "PageId": "NUKES_1",
        "SectionId": "CONCEPTS",
        "Term": "LOC_PEDIA_SEARCH_TERM_THERMONUCLEAR"
    },
    {
        "PageId": "ENVIRONMENTAL_EFFECTS",
        "SectionId": "CONCEPTS",
        "Term": "LOC_PEDIA_CONCEPTS_PAGE_ENVIRONMENTAL_EFFECTS_CHAPTER_FLOODS_TITLE"
    },
    {
        "PageId": "ENVIRONMENTAL_EFFECTS",
        "SectionId": "CONCEPTS",
        "Term": "LOC_PEDIA_CONCEPTS_PAGE_ENVIRONMENTAL_EFFECTS_CHAPTER_VOLCANOES_TITLE"
    },
    {
        "PageId": "ENVIRONMENTAL_EFFECTS",
        "SectionId": "CONCEPTS",
        "Term": "LOC_PEDIA_CONCEPTS_PAGE_ENVIRONMENTAL_EFFECTS_CHAPTER_GEOTHERMAL_FISSURES_TITLE"
    },
    {
        "PageId": "ENVIRONMENTAL_EFFECTS",
        "SectionId": "CONCEPTS",
        "Term": "LOC_PEDIA_CONCEPTS_PAGE_ENVIRONMENTAL_EFFECTS_CHAPTER_STORMS_TITLE"
    },
    {
        "PageId": "ENVIRONMENTAL_EFFECTS",
        "SectionId": "CONCEPTS",
        "Term": "LOC_PEDIA_CONCEPTS_PAGE_ENVIRONMENTAL_EFFECTS_CHAPTER_CLIMATE_CHANGE_TITLE"
    },
    {
        "PageId": "ENVIRONMENTAL_EFFECTS",
        "SectionId": "CONCEPTS",
        "Term": "LOC_PEDIA_CONCEPTS_PAGE_ENVIRONMENTAL_EFFECTS_CHAPTER_NUCLEAR_ACCIDENTS_TITLE"
    },
    {
        "PageId": "WORLD_CONGRESS",
        "SectionId": "CONCEPTS",
        "Term": "LOC_PEDIA_CONCEPTS_PAGE_WORLD_CONGRESS_CHAPTER_CONGRESS_TITLE"
    },
    {
        "PageId": "WORLD_CONGRESS",
        "SectionId": "CONCEPTS",
        "Term": "LOC_PEDIA_CONCEPTS_PAGE_WORLD_CONGRESS_CHAPTER_FAVOR_TITLE"
    },
    {
        "PageId": "WORLD_CONGRESS",
        "SectionId": "CONCEPTS",
        "Term": "LOC_PEDIA_CONCEPTS_PAGE_WORLD_CONGRESS_CHAPTER_RESOLUTIONS_TITLE"
    },
    {
        "PageId": "WORLD_CONGRESS",
        "SectionId": "CONCEPTS",
        "Term": "LOC_PEDIA_CONCEPTS_PAGE_WORLD_CONGRESS_CHAPTER_DISCUSSIONS_TITLE"
    },
    {
        "PageId": "WORLD_CONGRESS",
        "SectionId": "CONCEPTS",
        "Term": "LOC_PEDIA_CONCEPTS_PAGE_WORLD_CONGRESS_CHAPTER_INTERVENTIONS_TITLE"
    },
    {
        "PageId": "ENVIRONMENTAL_EFFECTS",
        "SectionId": "CONCEPTS",
        "Term": "LOC_PEDIA_CONCEPTS_PAGE_ENVIRONMENTAL_EFFECTS_CHAPTER_FIRES_TITLE"
    },
    {
        "PageId": "ENVIRONMENTAL_EFFECTS",
        "SectionId": "CONCEPTS",
        "Term": "LOC_PEDIA_CONCEPTS_PAGE_ENVIRONMENTAL_EFFECTS_CHAPTER_SHOWERS_TITLE"
    },
    {
        "PageId": "MEGADISASTERS",
        "SectionId": "CONCEPTS",
        "Term": "LOC_PEDIA_CONCEPTS_PAGE_MEGADISASTERS_CHAPTER_SOOTHSAYER_TITLE"
    },
    {
        "PageId": "MEGADISASTERS",
        "SectionId": "CONCEPTS",
        "Term": "LOC_PEDIA_CONCEPTS_PAGE_MEGADISASTERS_CHAPTER_SCORED_COMPETITION_TITLE"
    },
    {
        "PageId": "MEGADISASTERS",
        "SectionId": "CONCEPTS",
        "Term": "LOC_PEDIA_CONCEPTS_PAGE_MEGADISASTERS_CHAPTER_END_OF_WORLD_TITLE"
    },
    {
        "PageId": "ENVIRONMENTAL_EFFECTS",
        "SectionId": "CONCEPTS",
        "Term": "LOC_PEDIA_CONCEPTS_PAGE_ENVIRONMENTAL_EFFECTS_CHAPTER_FLARES_TITLE"
    },
    {
        "PageId": "ENVIRONMENTAL_EFFECTS",
        "SectionId": "CONCEPTS",
        "Term": "LOC_PEDIA_CONCEPTS_PAGE_ENVIRONMENTAL_EFFECTS_CHAPTER_COMETS_TITLE"
    },
    {
        "PageId": "DRAMATICAGES",
        "SectionId": "CONCEPTS",
        "Term": "LOC_PEDIA_CONCEPTS_PAGE_DRAMATICAGES_CHAPTER_CONTENT_TITLE"
    },
    {
        "PageId": "MONOPOLIES",
        "SectionId": "CONCEPTS",
        "Term": "LOC_PEDIA_CONCEPTS_PAGE_MONOPOLIES_CHAPTER_CONTENT_TITLE"
    },
    {
        "PageId": "MONOPOLIES",
        "SectionId": "CONCEPTS",
        "Term": "LOC_TERM_INDUSTRY"
    },
    {
        "PageId": "MONOPOLIES",
        "SectionId": "CONCEPTS",
        "Term": "LOC_TERM_INDUSTRIES"
    },
    {
        "PageId": "MONOPOLIES",
        "SectionId": "CONCEPTS",
        "Term": "LOC_TERM_CORPORATION"
    },
    {
        "PageId": "MONOPOLIES",
        "SectionId": "CONCEPTS",
        "Term": "LOC_TERM_CORPORATIONS"
    },
    {
        "PageId": "MONOPOLIES",
        "SectionId": "CONCEPTS",
        "Term": "LOC_TERM_MONOPOLY"
    },
    {
        "PageId": "MONOPOLIES",
        "SectionId": "CONCEPTS",
        "Term": "LOC_TERM_MONOPOLIES"
    },
    {
        "PageId": "MONOPOLIES",
        "SectionId": "CONCEPTS",
        "Term": "LOC_TERM_PRODUCT"
    },
    {
        "PageId": "MONOPOLIES",
        "SectionId": "CONCEPTS",
        "Term": "LOC_TERM_PRODUCTS"
    },
    {
        "PageId": "SECRETSOCIETIES",
        "SectionId": "CONCEPTS",
        "Term": "LOC_PEDIA_CONCEPTS_PAGE_SECRETSOCIETIES_CHAPTER_SOCIETIES_TITLE"
    },
    {
        "PageId": "SECRETSOCIETIES",
        "SectionId": "CONCEPTS",
        "Term": "LOC_SECRETSOCIETY_OWLS_OF_MINERVA_NAME"
    },
    {
        "PageId": "SECRETSOCIETIES",
        "SectionId": "CONCEPTS",
        "Term": "LOC_SECRETSOCIETY_HERMETIC_ORDER_NAME"
    },
    {
        "PageId": "SECRETSOCIETIES",
        "SectionId": "CONCEPTS",
        "Term": "LOC_SECRETSOCIETY_VOIDSINGERS_NAME"
    },
    {
        "PageId": "SECRETSOCIETIES",
        "SectionId": "CONCEPTS",
        "Term": "LOC_SECRETSOCIETY_SANGUINE_PACT_NAME"
    },
    {
        "PageId": "HEROES",
        "SectionId": "CONCEPTS",
        "Term": "LOC_PEDIA_CONCEPTS_PAGE_HEROES_CHAPTER_CONTENT_TITLE"
    },
    {
        "PageId": "HEROES",
        "SectionId": "CONCEPTS",
        "Term": "LOC_UNIT_HERO_ANANSI_NAME"
    },
    {
        "PageId": "HEROES",
        "SectionId": "CONCEPTS",
        "Term": "LOC_UNIT_HERO_ARTHUR_NAME"
    },
    {
        "PageId": "HEROES",
        "SectionId": "CONCEPTS",
        "Term": "LOC_UNIT_HERO_BEOWULF_NAME"
    },
    {
        "PageId": "HEROES",
        "SectionId": "CONCEPTS",
        "Term": "LOC_UNIT_HERO_HERCULES_NAME"
    },
    {
        "PageId": "HEROES",
        "SectionId": "CONCEPTS",
        "Term": "LOC_UNIT_HERO_HIMIKO_NAME"
    },
    {
        "PageId": "HEROES",
        "SectionId": "CONCEPTS",
        "Term": "LOC_UNIT_HERO_HIPPOLYTA_NAME"
    },
    {
        "PageId": "HEROES",
        "SectionId": "CONCEPTS",
        "Term": "LOC_UNIT_HERO_HUNAHPU_NAME"
    },
    {
        "PageId": "HEROES",
        "SectionId": "CONCEPTS",
        "Term": "LOC_UNIT_HERO_OYA_NAME"
    },
    {
        "PageId": "HEROES",
        "SectionId": "CONCEPTS",
        "Term": "LOC_UNIT_HERO_MAUI_NAME"
    },
    {
        "PageId": "HEROES",
        "SectionId": "CONCEPTS",
        "Term": "LOC_UNIT_HERO_MULAN_NAME"
    },
    {
        "PageId": "HEROES",
        "SectionId": "CONCEPTS",
        "Term": "LOC_UNIT_HERO_SINBAD_NAME"
    },
    {
        "PageId": "HEROES",
        "SectionId": "CONCEPTS",
        "Term": "LOC_UNIT_HERO_WUKONG_NAME"
    },
    {
        "PageId": "UNIT_HERO_ANANSI",
        "SectionId": "UNITS",
        "Term": "LOC_HERO_CLASS_NAME"
    },
    {
        "PageId": "UNIT_HERO_ARTHUR",
        "SectionId": "UNITS",
        "Term": "LOC_HERO_CLASS_NAME"
    },
    {
        "PageId": "UNIT_HERO_BEOWULF",
        "SectionId": "UNITS",
        "Term": "LOC_HERO_CLASS_NAME"
    },
    {
        "PageId": "UNIT_HERO_HERCULES",
        "SectionId": "UNITS",
        "Term": "LOC_HERO_CLASS_NAME"
    },
    {
        "PageId": "UNIT_HERO_HIMIKO",
        "SectionId": "UNITS",
        "Term": "LOC_HERO_CLASS_NAME"
    },
    {
        "PageId": "UNIT_HERO_HIPPOLYTA",
        "SectionId": "UNITS",
        "Term": "LOC_HERO_CLASS_NAME"
    },
    {
        "PageId": "UNIT_HERO_HUNAHPU",
        "SectionId": "UNITS",
        "Term": "LOC_HERO_CLASS_NAME"
    },
    {
        "PageId": "UNIT_HERO_OYA",
        "SectionId": "UNITS",
        "Term": "LOC_HERO_CLASS_NAME"
    },
    {
        "PageId": "UNIT_HERO_MAUI",
        "SectionId": "UNITS",
        "Term": "LOC_HERO_CLASS_NAME"
    },
    {
        "PageId": "UNIT_HERO_MULAN",
        "SectionId": "UNITS",
        "Term": "LOC_HERO_CLASS_NAME"
    },
    {
        "PageId": "UNIT_HERO_SINBAD",
        "SectionId": "UNITS",
        "Term": "LOC_HERO_CLASS_NAME"
    },
    {
        "PageId": "UNIT_HERO_WUKONG",
        "SectionId": "UNITS",
        "Term": "LOC_HERO_CLASS_NAME"
    }
]