[
    {
        "NameColumn": "Name",
        "PageGroupIdColumn": "PageGroupId",
        "PageIdColumn": "PageId",
        "PageLayoutIdColumn": "PageLayoutId",
        "RowId": 2,
        "SQL": "SELECT distinct Leaders.LeaderType AS PageId, null AS PageGroupId, \"Leader\" AS PageLayoutId, Leaders.Name, null AS Tooltip FROM Leaders INNER JOIN CivilizationLeaders on CivilizationLeaders.LeaderType = Leaders.LeaderType INNER JOIN Civilizations ON CivilizationLeaders.CivilizationType = Civilizations.CivilizationType WHERE Civilizations.StartingCivilizationLevelType = \"CIVILIZATION_LEVEL_FULL_CIV\"",
        "SectionId": "LEADERS",
        "SortIndex": 10,
        "SortIndexColumn": null,
        "TextKeyPrefixColumn": null,
        "TooltipColumn": "Tooltip"
    },
    {
        "NameColumn": "Name",
        "PageGroupIdColumn": "PageGroupId",
        "PageIdColumn": "PageId",
        "PageLayoutIdColumn": "PageLayoutId",
        "RowId": 3,
        "SQL": "SELECT CivilizationType as PageId, TypeProperties.Value as PageGroupId, \"CityState\" as PageLayoutId, Civilizations.Name as Name, null as Tooltip FROM Civilizations inner join TypeProperties on Civilizations.CivilizationType = TypeProperties.Type where StartingCivilizationLevelType = \"CIVILIZATION_LEVEL_CITY_STATE\" and TypeProperties.Name = \"CityStateCategory\"",
        "SectionId": "CITYSTATES",
        "SortIndex": 10,
        "SortIndexColumn": null,
        "TextKeyPrefixColumn": null,
        "TooltipColumn": "Tooltip"
    },
    {
        "NameColumn": "Name",
        "PageGroupIdColumn": "PageGroupId",
        "PageIdColumn": "PageId",
        "PageLayoutIdColumn": "PageLayoutId",
        "RowId": 4,
        "SQL": "SELECT DistrictType as PageId, null as PageGroupId, \"District\" as PageLayoutId, Name, null as Tooltip FROM Districts where InternalOnly = 0",
        "SectionId": "DISTRICTS",
        "SortIndex": 10,
        "SortIndexColumn": null,
        "TextKeyPrefixColumn": null,
        "TooltipColumn": "Tooltip"
    },
    {
        "NameColumn": "Name",
        "PageGroupIdColumn": "PageGroupId",
        "PageIdColumn": "PageId",
        "PageLayoutIdColumn": "PageLayoutId",
        "RowId": 5,
        "SQL": "SELECT BuildingType as PageId, PreReqDistrict as PageGroupId, \"Building\" as PageLayoutId, Name, null as Tooltip FROM Buildings Where IsWonder = 0 AND InternalOnly = 0",
        "SectionId": "BUILDINGS",
        "SortIndex": 10,
        "SortIndexColumn": null,
        "TextKeyPrefixColumn": null,
        "TooltipColumn": "Tooltip"
    },
    {
        "NameColumn": "Name",
        "PageGroupIdColumn": "PageGroupId",
        "PageIdColumn": "PageId",
        "PageLayoutIdColumn": "PageLayoutId",
        "RowId": 6,
        "SQL": "SELECT BuildingType as PageId, \"Wonders\" as PageGroupId, \"Building\" as PageLayoutId, Name, null as Tooltip FROM Buildings Where IsWonder = 1 AND InternalOnly = 0",
        "SectionId": "WONDERS",
        "SortIndex": 10,
        "SortIndexColumn": null,
        "TextKeyPrefixColumn": null,
        "TooltipColumn": "Tooltip"
    },
    {
        "NameColumn": "Name",
        "PageGroupIdColumn": "PageGroupId",
        "PageIdColumn": "PageId",
        "PageLayoutIdColumn": "PageLayoutId",
        "RowId": 7,
        "SQL": "SELECT ProjectType as PageId, \"Projects\" as PageGroupId, \"Project\" as PageLayoutId, ShortName as Name, null as Tooltip FROM Projects",
        "SectionId": "WONDERS",
        "SortIndex": 10,
        "SortIndexColumn": null,
        "TextKeyPrefixColumn": null,
        "TooltipColumn": "Tooltip"
    },
    {
        "NameColumn": "Name",
        "PageGroupIdColumn": "PageGroupId",
        "PageIdColumn": "PageId",
        "PageLayoutIdColumn": "PageLayoutId",
        "RowId": 9,
        "SQL": "SELECT UnitPromotionType as PageId, PromotionClass as PageGroupId, \"UnitPromotion\" as PageLayoutId, Name, null as Tooltip FROM UnitPromotions",
        "SectionId": "UNITPROMOTIONS",
        "SortIndex": 10,
        "SortIndexColumn": null,
        "TextKeyPrefixColumn": null,
        "TooltipColumn": "Tooltip"
    },
    {
        "NameColumn": "Name",
        "PageGroupIdColumn": "PageGroupId",
        "PageIdColumn": "PageId",
        "PageLayoutIdColumn": "PageLayoutId",
        "RowId": 10,
        "SQL": "SELECT GreatPersonIndividualType as PageId, GreatPersonClassType as PageGroupId, \"GreatPerson\" as PageLayoutId, Name, null as Tooltip FROM GreatPersonIndividuals",
        "SectionId": "GREATPEOPLE",
        "SortIndex": 10,
        "SortIndexColumn": null,
        "TextKeyPrefixColumn": null,
        "TooltipColumn": "Tooltip"
    },
    {
        "NameColumn": "Name",
        "PageGroupIdColumn": "PageGroupId",
        "PageIdColumn": "PageId",
        "PageLayoutIdColumn": "PageLayoutId",
        "RowId": 11,
        "SQL": "SELECT TechnologyType as PageId, EraType as PageGroupId, \"Technology\" as PageLayoutId, Name, null as Tooltip FROM Technologies",
        "SectionId": "TECHNOLOGIES",
        "SortIndex": 10,
        "SortIndexColumn": null,
        "TextKeyPrefixColumn": null,
        "TooltipColumn": "Tooltip"
    },
    {
        "NameColumn": "Name",
        "PageGroupIdColumn": "PageGroupId",
        "PageIdColumn": "PageId",
        "PageLayoutIdColumn": "PageLayoutId",
        "RowId": 12,
        "SQL": "SELECT CivicType as PageId, EraType as PageGroupId, \"Civic\" as PageLayoutId, Name, null as Tooltip FROM Civics",
        "SectionId": "CIVICS",
        "SortIndex": 10,
        "SortIndexColumn": null,
        "TextKeyPrefixColumn": null,
        "TooltipColumn": "Tooltip"
    },
    {
        "NameColumn": "Name",
        "PageGroupIdColumn": "PageGroupId",
        "PageIdColumn": "PageId",
        "PageLayoutIdColumn": "PageLayoutId",
        "RowId": 15,
        "SQL": "SELECT ReligionType as PageId, \"Religion\" as PageGroupId, \"Religion\" as PageLayoutId, Name, null as Tooltip FROM Religions WHERE Pantheon = 0 and RequiresCustomName = 0",
        "SectionId": "RELIGIONS",
        "SortIndex": 10,
        "SortIndexColumn": null,
        "TextKeyPrefixColumn": null,
        "TooltipColumn": "Tooltip"
    },
    {
        "NameColumn": "Name",
        "PageGroupIdColumn": "PageGroupId",
        "PageIdColumn": "PageId",
        "PageLayoutIdColumn": "PageLayoutId",
        "RowId": 16,
        "SQL": "SELECT BeliefType as PageId, BeliefClassType as PageGroupId, \"Belief\" as PageLayoutId, Name, null as Tooltip FROM Beliefs",
        "SectionId": "RELIGIONS",
        "SortIndex": 10,
        "SortIndexColumn": null,
        "TextKeyPrefixColumn": null,
        "TooltipColumn": "Tooltip"
    },
    {
        "NameColumn": "Name",
        "PageGroupIdColumn": "PageGroupId",
        "PageIdColumn": "PageId",
        "PageLayoutIdColumn": "PageLayoutId",
        "RowId": 17,
        "SQL": "SELECT TerrainType as PageId, \"Terrain\" as PageGroupId, \"Terrain\" as PageLayoutId, Name, null as Tooltip FROM Terrains where Mountain = 0 and TerrainType <> \"TERRAIN_OUTOFPLAY\"",
        "SectionId": "FEATURES",
        "SortIndex": 10,
        "SortIndexColumn": null,
        "TextKeyPrefixColumn": null,
        "TooltipColumn": "Tooltip"
    },
    {
        "NameColumn": "Name",
        "PageGroupIdColumn": "PageGroupId",
        "PageIdColumn": "PageId",
        "PageLayoutIdColumn": "PageLayoutId",
        "RowId": 18,
        "SQL": "SELECT FeatureType as PageId, CASE WHEN NaturalWonder=0 THEN \"Feature\" ELSE \"Wonder\" END as PageGroupId, \"Feature\" as PageLayoutId, Name, null as Tooltip FROM Features",
        "SectionId": "FEATURES",
        "SortIndex": 10,
        "SortIndexColumn": null,
        "TextKeyPrefixColumn": null,
        "TooltipColumn": "Tooltip"
    },
    {
        "NameColumn": "Name",
        "PageGroupIdColumn": "PageGroupId",
        "PageIdColumn": "PageId",
        "PageLayoutIdColumn": "PageLayoutId",
        "RowId": 19,
        "SQL": "SELECT ResourceType as PageId, ResourceClassType as PageGroupId, \"Resource\" as PageLayoutId, Name, null as Tooltip FROM Resources",
        "SectionId": "RESOURCES",
        "SortIndex": 10,
        "SortIndexColumn": null,
        "TextKeyPrefixColumn": null,
        "TooltipColumn": "Tooltip"
    },
    {
        "NameColumn": "Name",
        "PageGroupIdColumn": "PageGroupId",
        "PageIdColumn": "PageId",
        "PageLayoutIdColumn": "PageLayoutId",
        "RowId": 20,
        "SQL": "SELECT ImprovementType as PageId, \"Improvements\" as PageGroupId, \"Improvement\" as PageLayoutId, Name, null as Tooltip FROM Improvements Where BarbarianCamp = 0 and Goody = 0",
        "SectionId": "IMPROVEMENTS",
        "SortIndex": 10,
        "SortIndexColumn": null,
        "TextKeyPrefixColumn": null,
        "TooltipColumn": "Tooltip"
    },
    {
        "NameColumn": "Name",
        "PageGroupIdColumn": "PageGroupId",
        "PageIdColumn": "PageId",
        "PageLayoutIdColumn": "PageLayoutId",
        "RowId": 21,
        "SQL": "SELECT RouteType as PageId, \"Routes\" as PageGroupId, \"Route\" as PageLayoutId, Name, null as Tooltip FROM Routes",
        "SectionId": "IMPROVEMENTS",
        "SortIndex": 10,
        "SortIndexColumn": null,
        "TextKeyPrefixColumn": null,
        "TooltipColumn": "Tooltip"
    },
    {
        "NameColumn": "Name",
        "PageGroupIdColumn": "PageGroupId",
        "PageIdColumn": "PageId",
        "PageLayoutIdColumn": "PageLayoutId",
        "RowId": 22,
        "SQL": "SELECT CivilizationType as PageId, \"CIVILIZATIONS\" as PageGroupId, \"Civilization\" as PageLayoutId, Name, null as Tooltip FROM Civilizations where StartingCivilizationLevelType = \"CIVILIZATION_LEVEL_FULL_CIV\"",
        "SectionId": "CIVILIZATIONS",
        "SortIndex": 10,
        "SortIndexColumn": null,
        "TextKeyPrefixColumn": null,
        "TooltipColumn": "Tooltip"
    },
    {
        "NameColumn": "Name",
        "PageGroupIdColumn": "PageGroupId",
        "PageIdColumn": "PageId",
        "PageLayoutIdColumn": "PageLayoutId",
        "RowId": 23,
        "SQL": "SELECT distinct Leaders.LeaderType AS PageId, \"LEADERS\" AS PageGroupId, \"Leader\" AS PageLayoutId, Leaders.Name, null AS Tooltip, \"LOC_PEDIA_LEADERS_PAGE\" as TextKeyPrefix FROM Leaders INNER JOIN CivilizationLeaders on CivilizationLeaders.LeaderType = Leaders.LeaderType INNER JOIN Civilizations ON CivilizationLeaders.CivilizationType = Civilizations.CivilizationType WHERE Civilizations.StartingCivilizationLevelType = \"CIVILIZATION_LEVEL_FULL_CIV\"",
        "SectionId": "CIVILIZATIONS",
        "SortIndex": 10,
        "SortIndexColumn": null,
        "TextKeyPrefixColumn": "TextKeyPrefix",
        "TooltipColumn": "Tooltip"
    },
    {
        "NameColumn": "Name",
        "PageGroupIdColumn": "PageGroupId",
        "PageIdColumn": "PageId",
        "PageLayoutIdColumn": "PageLayoutId",
        "RowId": 27,
        "SQL": "SELECT GovernorType as PageId, \"GOVERNORS\" as PageGroupId, 'Governor' as PageLayoutId, printf(\"{%s} ({%s})\", Name, ShortTitle) as Name, null as Tooltip FROM Governors",
        "SectionId": "GOVERNORS",
        "SortIndex": 10,
        "SortIndexColumn": null,
        "TextKeyPrefixColumn": null,
        "TooltipColumn": "Tooltip"
    },
    {
        "NameColumn": "Name",
        "PageGroupIdColumn": "PageGroupId",
        "PageIdColumn": "PageId",
        "PageLayoutIdColumn": "PageLayoutId",
        "RowId": 28,
        "SQL": "SELECT GovernorPromotionType as PageId, GovernorType as PageGroupId, 'GovernorPromotion' as PageLayoutId, Name, null as Tooltip, Level as SortIndex FROM GovernorPromotions inner join GovernorPromotionSets on GovernorPromotions.GovernorPromotionType = GovernorPromotionSets.GovernorPromotion",
        "SectionId": "GOVERNORS",
        "SortIndex": 10,
        "SortIndexColumn": "SortIndex",
        "TextKeyPrefixColumn": null,
        "TooltipColumn": "Tooltip"
    },
    {
        "NameColumn": "Name",
        "PageGroupIdColumn": "PageGroupId",
        "PageIdColumn": "PageId",
        "PageLayoutIdColumn": "PageLayoutId",
        "RowId": 29,
        "SQL": "SELECT MomentType AS PageId, \"MAJOR\" AS PageGroupId, 'HistoricMoment' AS PageLayoutId, Name, null AS Tooltip FROM Moments WHERE InterestLevel >= 2",
        "SectionId": "MOMENTS",
        "SortIndex": 10,
        "SortIndexColumn": null,
        "TextKeyPrefixColumn": null,
        "TooltipColumn": "Tooltip"
    },
    {
        "NameColumn": "Name",
        "PageGroupIdColumn": "PageGroupId",
        "PageIdColumn": "PageId",
        "PageLayoutIdColumn": "PageLayoutId",
        "RowId": 30,
        "SQL": "SELECT MomentType AS PageId, \"MINOR\" AS PageGroupId, 'HistoricMoment' AS PageLayoutId, Name, null AS Tooltip FROM Moments WHERE InterestLevel < 2",
        "SectionId": "MOMENTS",
        "SortIndex": 10,
        "SortIndexColumn": null,
        "TextKeyPrefixColumn": null,
        "TooltipColumn": "Tooltip"
    },
    {
        "NameColumn": "Name",
        "PageGroupIdColumn": "PageGroupId",
        "PageIdColumn": "PageId",
        "PageLayoutIdColumn": "PageLayoutId",
        "RowId": 31,
        "SQL": "SELECT GovernmentType as PageId, \"Government\" as PageGroupId, \"Government\" as PageLayoutId, Name, null as Tooltip FROM Governments",
        "SectionId": "GOVERNMENTS",
        "SortIndex": 11,
        "SortIndexColumn": null,
        "TextKeyPrefixColumn": null,
        "TooltipColumn": "Tooltip"
    },
    {
        "NameColumn": "Name",
        "PageGroupIdColumn": "PageGroupId",
        "PageIdColumn": "PageId",
        "PageLayoutIdColumn": "PageLayoutId",
        "RowId": 32,
        "SQL": "SELECT Policies.PolicyType as PageId, GovernmentSlotType as PageGroupId, \"Policy\" as PageLayoutId, Name, null as Tooltip FROM Policies LEFT OUTER JOIN Policies_XP1 on Policies.PolicyType = Policies_XP1.PolicyType WHERE Policies_XP1.RequiresDarkAge IS NULL or Policies_XP1.RequiresGoldenAge IS NULL or Policies_XP1.RequiresDarkAge <> 1 and Policies_XP1.RequiresGoldenAge <> 1",
        "SectionId": "GOVERNMENTS",
        "SortIndex": 11,
        "SortIndexColumn": null,
        "TextKeyPrefixColumn": null,
        "TooltipColumn": "Tooltip"
    },
    {
        "NameColumn": "Name",
        "PageGroupIdColumn": "PageGroupId",
        "PageIdColumn": "PageId",
        "PageLayoutIdColumn": "PageLayoutId",
        "RowId": 33,
        "SQL": "SELECT Policies.PolicyType as PageId, \"DARK_POLICIES\" as PageGroupId, \"Policy\" as PageLayoutId, Name, null as Tooltip FROM Policies LEFT OUTER JOIN Policies_XP1 on Policies.PolicyType = Policies_XP1.PolicyType WHERE Policies_XP1.RequiresDarkAge = 1",
        "SectionId": "GOVERNMENTS",
        "SortIndex": 11,
        "SortIndexColumn": null,
        "TextKeyPrefixColumn": null,
        "TooltipColumn": "Tooltip"
    },
    {
        "NameColumn": "Name",
        "PageGroupIdColumn": "PageGroupId",
        "PageIdColumn": "PageId",
        "PageLayoutIdColumn": "PageLayoutId",
        "RowId": 34,
        "SQL": "SELECT Policies.PolicyType as PageId, \"GOLDEN_POLICIES\" as PageGroupId, \"Policy\" as PageLayoutId, Name, null as Tooltip FROM Policies LEFT OUTER JOIN Policies_XP1 on Policies.PolicyType = Policies_XP1.PolicyType WHERE Policies_XP1.RequiresGoldenAge = 1",
        "SectionId": "GOVERNMENTS",
        "SortIndex": 10,
        "SortIndexColumn": null,
        "TextKeyPrefixColumn": null,
        "TooltipColumn": "Tooltip"
    },
    {
        "NameColumn": "Name",
        "PageGroupIdColumn": "PageGroupId",
        "PageIdColumn": "PageId",
        "PageLayoutIdColumn": "PageLayoutId",
        "RowId": 35,
        "SQL": "SELECT UnitType as PageId, FormationClass as PageGroupId, \"Unit\" as PageLayoutId, Name, null as Tooltip FROM Units u WHERE NOT EXISTS (SELECT UnitType From HeroClasses where UnitType = u.UnitType) AND TraitType is null or TraitType <> \"TRAIT_BARBARIAN\"",
        "SectionId": "UNITS",
        "SortIndex": 10,
        "SortIndexColumn": null,
        "TextKeyPrefixColumn": null,
        "TooltipColumn": "Tooltip"
    },
    {
        "NameColumn": "Name",
        "PageGroupIdColumn": "PageGroupId",
        "PageIdColumn": "PageId",
        "PageLayoutIdColumn": "PageLayoutId",
        "RowId": 36,
        "SQL": "SELECT Units.UnitType as PageId, \"Heroes\" as PageGroupId, \"HeroUnit\" as PageLayoutId, Units.Name, HeroClasses.HeroClassType as HeroClass, null as Tooltip FROM Units INNER JOIN HeroClasses ON Units.UnitType=HeroClasses.UnitType WHERE Units.TraitType is null or Units.TraitType <> \"TRAIT_BARBARIAN\"",
        "SectionId": "UNITS",
        "SortIndex": 10,
        "SortIndexColumn": null,
        "TextKeyPrefixColumn": null,
        "TooltipColumn": "Tooltip"
    }
]