[
    {
        "PageLayoutId": "FrontPage",
        "ScriptTemplate": "FrontPage"
    },
    {
        "PageLayoutId": "Simple",
        "ScriptTemplate": "Simple"
    },
    {
        "PageLayoutId": "Basic",
        "ScriptTemplate": "Simple"
    },
    {
        "PageLayoutId": "Civilization",
        "ScriptTemplate": "Civilization"
    },
    {
        "PageLayoutId": "Leader",
        "ScriptTemplate": "Leader"
    },
    {
        "PageLayoutId": "CityState",
        "ScriptTemplate": "CityState"
    },
    {
        "PageLayoutId": "District",
        "ScriptTemplate": "District"
    },
    {
        "PageLayoutId": "Building",
        "ScriptTemplate": "Building"
    },
    {
        "PageLayoutId": "Unit",
        "ScriptTemplate": "Unit"
    },
    {
        "PageLayoutId": "Technology",
        "ScriptTemplate": "Technology"
    },
    {
        "PageLayoutId": "Civic",
        "ScriptTemplate": "Civic"
    },
    {
        "PageLayoutId": "Government",
        "ScriptTemplate": "Government"
    },
    {
        "PageLayoutId": "Policy",
        "ScriptTemplate": "Policy"
    },
    {
        "PageLayoutId": "Improvement",
        "ScriptTemplate": "Improvement"
    },
    {
        "PageLayoutId": "Route",
        "ScriptTemplate": "Route"
    },
    {
        "PageLayoutId": "Religion",
        "ScriptTemplate": "Religion"
    },
    {
        "PageLayoutId": "Belief",
        "ScriptTemplate": "Belief"
    },
    {
        "PageLayoutId": "Wonder",
        "ScriptTemplate": "Wonder"
    },
    {
        "PageLayoutId": "Project",
        "ScriptTemplate": "Project"
    },
    {
        "PageLayoutId": "Terrain",
        "ScriptTemplate": "Terrain"
    },
    {
        "PageLayoutId": "Feature",
        "ScriptTemplate": "Feature"
    },
    {
        "PageLayoutId": "Resource",
        "ScriptTemplate": "Resource"
    },
    {
        "PageLayoutId": "GreatPerson",
        "ScriptTemplate": "GreatPerson"
    },
    {
        "PageLayoutId": "UnitPromotion",
        "ScriptTemplate": "UnitPromotion"
    },
    {
        "PageLayoutId": "Governor",
        "ScriptTemplate": "Governor"
    },
    {
        "PageLayoutId": "GovernorPromotion",
        "ScriptTemplate": "GovernorPromotion"
    },
    {
        "PageLayoutId": "HistoricMoment",
        "ScriptTemplate": "HistoricMoment"
    },
    {
        "PageLayoutId": "EnvironmentalEffects",
        "ScriptTemplate": "Simple"
    },
    {
        "PageLayoutId": "WorldCongress",
        "ScriptTemplate": "Simple"
    },
    {
        "PageLayoutId": "BarbarianClans",
        "ScriptTemplate": "Simple"
    },
    {
        "PageLayoutId": "BarbarianClanType",
        "ScriptTemplate": "Simple"
    },
    {
        "PageLayoutId": "TreeRandomizer",
        "ScriptTemplate": "Simple"
    },
    {
        "PageLayoutId": "MegaDisasters",
        "ScriptTemplate": "Simple"
    },
    {
        "PageLayoutId": "DramaticAges",
        "ScriptTemplate": "Simple"
    },
    {
        "PageLayoutId": "Monopolies_Corporations",
        "ScriptTemplate": "Simple"
    },
    {
        "PageLayoutId": "SecretSocieties",
        "ScriptTemplate": "Simple"
    },
    {
        "PageLayoutId": "Heroes",
        "ScriptTemplate": "Simple"
    },
    {
        "PageLayoutId": "HeroUnit",
        "ScriptTemplate": "HeroUnit"
    },
    {
        "PageLayoutId": "Zombies",
        "ScriptTemplate": "Simple"
    }
]