[
    {
        "CivicType": "CIVIC_GLOBAL_WARMING_MITIGATION",
        "HiddenUntilPrereqComplete": 1,
        "RandomPrereqs": 1
    },
    {
        "CivicType": "CIVIC_SMART_POWER_DOCTRINE",
        "HiddenUntilPrereqComplete": 1,
        "RandomPrereqs": 1
    },
    {
        "CivicType": "CIVIC_INFORMATION_WARFARE",
        "HiddenUntilPrereqComplete": 1,
        "RandomPrereqs": 1
    },
    {
        "CivicType": "CIVIC_EXODUS_IMPERATIVE",
        "HiddenUntilPrereqComplete": 1,
        "RandomPrereqs": 1
    },
    {
        "CivicType": "CIVIC_CULTURAL_HEGEMONY",
        "HiddenUntilPrereqComplete": 1,
        "RandomPrereqs": 1
    },
    {
        "CivicType": "CIVIC_CRAFTSMANSHIP",
        "HiddenUntilPrereqComplete": 1,
        "RandomPrereqs": 1
    },
    {
        "CivicType": "CIVIC_FOREIGN_TRADE",
        "HiddenUntilPrereqComplete": 1,
        "RandomPrereqs": 1
    },
    {
        "CivicType": "CIVIC_MILITARY_TRADITION",
        "HiddenUntilPrereqComplete": 1,
        "RandomPrereqs": 1
    },
    {
        "CivicType": "CIVIC_STATE_WORKFORCE",
        "HiddenUntilPrereqComplete": 1,
        "RandomPrereqs": 1
    },
    {
        "CivicType": "CIVIC_EARLY_EMPIRE",
        "HiddenUntilPrereqComplete": 1,
        "RandomPrereqs": 1
    },
    {
        "CivicType": "CIVIC_MYSTICISM",
        "HiddenUntilPrereqComplete": 1,
        "RandomPrereqs": 1
    },
    {
        "CivicType": "CIVIC_GAMES_RECREATION",
        "HiddenUntilPrereqComplete": 1,
        "RandomPrereqs": 1
    },
    {
        "CivicType": "CIVIC_POLITICAL_PHILOSOPHY",
        "HiddenUntilPrereqComplete": 1,
        "RandomPrereqs": 1
    },
    {
        "CivicType": "CIVIC_DRAMA_POETRY",
        "HiddenUntilPrereqComplete": 1,
        "RandomPrereqs": 1
    },
    {
        "CivicType": "CIVIC_MILITARY_TRAINING",
        "HiddenUntilPrereqComplete": 1,
        "RandomPrereqs": 1
    },
    {
        "CivicType": "CIVIC_DEFENSIVE_TACTICS",
        "HiddenUntilPrereqComplete": 1,
        "RandomPrereqs": 1
    },
    {
        "CivicType": "CIVIC_RECORDED_HISTORY",
        "HiddenUntilPrereqComplete": 1,
        "RandomPrereqs": 1
    },
    {
        "CivicType": "CIVIC_THEOLOGY",
        "HiddenUntilPrereqComplete": 1,
        "RandomPrereqs": 1
    },
    {
        "CivicType": "CIVIC_NAVAL_TRADITION",
        "HiddenUntilPrereqComplete": 1,
        "RandomPrereqs": 1
    },
    {
        "CivicType": "CIVIC_FEUDALISM",
        "HiddenUntilPrereqComplete": 1,
        "RandomPrereqs": 1
    },
    {
        "CivicType": "CIVIC_CIVIL_SERVICE",
        "HiddenUntilPrereqComplete": 1,
        "RandomPrereqs": 1
    },
    {
        "CivicType": "CIVIC_MERCENARIES",
        "HiddenUntilPrereqComplete": 1,
        "RandomPrereqs": 1
    },
    {
        "CivicType": "CIVIC_MEDIEVAL_FAIRES",
        "HiddenUntilPrereqComplete": 1,
        "RandomPrereqs": 1
    },
    {
        "CivicType": "CIVIC_GUILDS",
        "HiddenUntilPrereqComplete": 1,
        "RandomPrereqs": 1
    },
    {
        "CivicType": "CIVIC_DIVINE_RIGHT",
        "HiddenUntilPrereqComplete": 1,
        "RandomPrereqs": 1
    },
    {
        "CivicType": "CIVIC_EXPLORATION",
        "HiddenUntilPrereqComplete": 1,
        "RandomPrereqs": 1
    },
    {
        "CivicType": "CIVIC_HUMANISM",
        "HiddenUntilPrereqComplete": 1,
        "RandomPrereqs": 1
    },
    {
        "CivicType": "CIVIC_DIPLOMATIC_SERVICE",
        "HiddenUntilPrereqComplete": 1,
        "RandomPrereqs": 1
    },
    {
        "CivicType": "CIVIC_REFORMED_CHURCH",
        "HiddenUntilPrereqComplete": 1,
        "RandomPrereqs": 1
    },
    {
        "CivicType": "CIVIC_MERCANTILISM",
        "HiddenUntilPrereqComplete": 1,
        "RandomPrereqs": 1
    },
    {
        "CivicType": "CIVIC_THE_ENLIGHTENMENT",
        "HiddenUntilPrereqComplete": 1,
        "RandomPrereqs": 1
    },
    {
        "CivicType": "CIVIC_COLONIALISM",
        "HiddenUntilPrereqComplete": 1,
        "RandomPrereqs": 1
    },
    {
        "CivicType": "CIVIC_CIVIL_ENGINEERING",
        "HiddenUntilPrereqComplete": 1,
        "RandomPrereqs": 1
    },
    {
        "CivicType": "CIVIC_NATIONALISM",
        "HiddenUntilPrereqComplete": 1,
        "RandomPrereqs": 1
    },
    {
        "CivicType": "CIVIC_OPERA_BALLET",
        "HiddenUntilPrereqComplete": 1,
        "RandomPrereqs": 1
    },
    {
        "CivicType": "CIVIC_NATURAL_HISTORY",
        "HiddenUntilPrereqComplete": 1,
        "RandomPrereqs": 1
    },
    {
        "CivicType": "CIVIC_SCORCHED_EARTH",
        "HiddenUntilPrereqComplete": 1,
        "RandomPrereqs": 1
    },
    {
        "CivicType": "CIVIC_URBANIZATION",
        "HiddenUntilPrereqComplete": 1,
        "RandomPrereqs": 1
    },
    {
        "CivicType": "CIVIC_CONSERVATION",
        "HiddenUntilPrereqComplete": 1,
        "RandomPrereqs": 1
    },
    {
        "CivicType": "CIVIC_CAPITALISM",
        "HiddenUntilPrereqComplete": 1,
        "RandomPrereqs": 1
    },
    {
        "CivicType": "CIVIC_NUCLEAR_PROGRAM",
        "HiddenUntilPrereqComplete": 1,
        "RandomPrereqs": 1
    },
    {
        "CivicType": "CIVIC_MASS_MEDIA",
        "HiddenUntilPrereqComplete": 1,
        "RandomPrereqs": 1
    },
    {
        "CivicType": "CIVIC_MOBILIZATION",
        "HiddenUntilPrereqComplete": 1,
        "RandomPrereqs": 1
    },
    {
        "CivicType": "CIVIC_IDEOLOGY",
        "HiddenUntilPrereqComplete": 1,
        "RandomPrereqs": 1
    },
    {
        "CivicType": "CIVIC_SUFFRAGE",
        "HiddenUntilPrereqComplete": 1,
        "RandomPrereqs": 1
    },
    {
        "CivicType": "CIVIC_TOTALITARIANISM",
        "HiddenUntilPrereqComplete": 1,
        "RandomPrereqs": 1
    },
    {
        "CivicType": "CIVIC_CLASS_STRUGGLE",
        "HiddenUntilPrereqComplete": 1,
        "RandomPrereqs": 1
    },
    {
        "CivicType": "CIVIC_COLD_WAR",
        "HiddenUntilPrereqComplete": 1,
        "RandomPrereqs": 1
    },
    {
        "CivicType": "CIVIC_PROFESSIONAL_SPORTS",
        "HiddenUntilPrereqComplete": 1,
        "RandomPrereqs": 1
    },
    {
        "CivicType": "CIVIC_CULTURAL_HERITAGE",
        "HiddenUntilPrereqComplete": 1,
        "RandomPrereqs": 1
    },
    {
        "CivicType": "CIVIC_RAPID_DEPLOYMENT",
        "HiddenUntilPrereqComplete": 1,
        "RandomPrereqs": 1
    },
    {
        "CivicType": "CIVIC_SPACE_RACE",
        "HiddenUntilPrereqComplete": 1,
        "RandomPrereqs": 1
    },
    {
        "CivicType": "CIVIC_GLOBALIZATION",
        "HiddenUntilPrereqComplete": 1,
        "RandomPrereqs": 1
    },
    {
        "CivicType": "CIVIC_SOCIAL_MEDIA",
        "HiddenUntilPrereqComplete": 1,
        "RandomPrereqs": 1
    },
    {
        "CivicType": "CIVIC_FUTURE_CIVIC",
        "HiddenUntilPrereqComplete": 1,
        "RandomPrereqs": 1
    },
    {
        "CivicType": "CIVIC_ENVIRONMENTALISM",
        "HiddenUntilPrereqComplete": 1,
        "RandomPrereqs": 1
    },
    {
        "CivicType": "CIVIC_CORPORATE_LIBERTARIANISM",
        "HiddenUntilPrereqComplete": 1,
        "RandomPrereqs": 1
    },
    {
        "CivicType": "CIVIC_DIGITAL_DEMOCRACY",
        "HiddenUntilPrereqComplete": 1,
        "RandomPrereqs": 1
    },
    {
        "CivicType": "CIVIC_SYNTHETIC_TECHNOCRACY",
        "HiddenUntilPrereqComplete": 1,
        "RandomPrereqs": 1
    },
    {
        "CivicType": "CIVIC_NEAR_FUTURE_GOVERNANCE",
        "HiddenUntilPrereqComplete": 1,
        "RandomPrereqs": 1
    }
]