[
    {
        "Alpha": null,
        "Blue": null,
        "Color": "210,210,210,255",
        "Green": null,
        "Red": null,
        "Type": "COLOR_RMT_NOTHING"
    },
    {
        "Alpha": null,
        "Blue": null,
        "Color": "20,250,60,255",
        "Green": null,
        "Red": null,
        "Type": "COLOR_RMT_RES"
    },
    {
        "Alpha": null,
        "Blue": null,
        "Color": "250,30,30,255",
        "Green": null,
        "Red": null,
        "Type": "COLOR_RMT_NOT_PASS"
    },
    {
        "Alpha": null,
        "Blue": null,
        "Color": "255,30,30,255",
        "Green": null,
        "Red": null,
        "Type": "COLOR_RMT_CITY_OWND"
    },
    {
        "Alpha": null,
        "Blue": null,
        "Color": "255,170,0,255",
        "Green": null,
        "Red": null,
        "Type": "COLOR_RMT_IN_CITY_RNG"
    },
    {
        "Alpha": null,
        "Blue": null,
        "Color": "250,220,0,255",
        "Green": null,
        "Red": null,
        "Type": "COLOR_RMT_RES_IN_RNG"
    },
    {
        "Alpha": null,
        "Blue": null,
        "Color": "220,0,0,255",
        "Green": null,
        "Red": null,
        "Type": "COLOR_RMT_RES_OWND"
    },
    {
        "Alpha": null,
        "Blue": null,
        "Color": "0,220,140,255",
        "Green": null,
        "Red": null,
        "Type": "COLOR_RMT_RES_WATER"
    },
    {
        "Alpha": null,
        "Blue": null,
        "Color": "150,200,255,255",
        "Green": null,
        "Red": null,
        "Type": "COLOR_RMT_WATER"
    },
    {
        "Alpha": null,
        "Blue": null,
        "Color": "220,60,240,255",
        "Green": null,
        "Red": null,
        "Type": "COLOR_RMT_CITY_CNTR"
    }
]