[
    {
        "CommemorationType": "COMMEMORATION_SCIENTIFIC",
        "ModifierId": "COMMEMORATION_SCIENTIFIC_GA_BOOSTS"
    },
    {
        "CommemorationType": "COMMEMORATION_SCIENTIFIC",
        "ModifierId": "COMMEMORATION_SCIENTIFIC_GA_HARBOR"
    },
    {
        "CommemorationType": "COMMEMORATION_SCIENTIFIC",
        "ModifierId": "COMMEMORATION_SCIENTIFIC_GA_COMMERCIAL_HUB"
    },
    {
        "CommemorationType": "COMMEMORATION_CULTURAL",
        "ModifierId": "COMMEMORATION_CULTURAL_GA_BOOSTS"
    },
    {
        "CommemorationType": "COMMEMORATION_CULTURAL",
        "ModifierId": "COMMEMORATION_CULTURAL_DISTRICTCULTURE"
    },
    {
        "CommemorationType": "COMMEMORATION_INFRASTRUCTURE",
        "ModifierId": "COMMEMORATION_INFRASTRUCTURE_GA_PURCHASE_CIVILIAN"
    },
    {
        "CommemorationType": "COMMEMORATION_INFRASTRUCTURE",
        "ModifierId": "COMMEMORATION_INFRASTRUCTURE_GA_MOVEMENT"
    },
    {
        "CommemorationType": "COMMEMORATION_INFRASTRUCTURE",
        "ModifierId": "COMMEMORATION_INFRASTRUCTURE_BUILDER_DISCOUNT_MODIFIER"
    },
    {
        "CommemorationType": "COMMEMORATION_INFRASTRUCTURE",
        "ModifierId": "COMMEMORATION_INFRASTRUCTURE_SETTLER_DISCOUNT_MODIFIER"
    },
    {
        "CommemorationType": "COMMEMORATION_RELIGIOUS",
        "ModifierId": "COMMEMORATION_RELIGIOUS_GA_CHARGES"
    },
    {
        "CommemorationType": "COMMEMORATION_RELIGIOUS",
        "ModifierId": "COMMEMORATION_RELIGIOUS_GA_MOVEMENT"
    },
    {
        "CommemorationType": "COMMEMORATION_RELIGIOUS",
        "ModifierId": "COMMEMORATION_RELIGIOUS_GA_GREAT_PROPHET_POINTS"
    },
    {
        "CommemorationType": "COMMEMORATION_EXPLORATION",
        "ModifierId": "COMMEMORATION_EXPLORATION_GA_SEA_MOVEMENT"
    },
    {
        "CommemorationType": "COMMEMORATION_EXPLORATION",
        "ModifierId": "COMMEMORATION_EXPLORATION_GA_EMBARKED_MOVEMENT"
    },
    {
        "CommemorationType": "COMMEMORATION_EXPLORATION",
        "ModifierId": "COMMEMORATION_EXPLORATION_GA_NEW_CITY_POPULATION"
    },
    {
        "CommemorationType": "COMMEMORATION_EXPLORATION",
        "ModifierId": "COMMEMORATION_EXPLORATION_GA_FOREIGNIDENTITY"
    },
    {
        "CommemorationType": "COMMEMORATION_ECONOMIC",
        "ModifierId": "COMMEMORATION_ECONOMIC_GA_TRADE_ROUTE_YIELDS"
    },
    {
        "CommemorationType": "COMMEMORATION_ECONOMIC",
        "ModifierId": "COMMEMORATION_ECONOMIC_GA_PLUNDER_IMMUNITY_MODIFIER"
    },
    {
        "CommemorationType": "COMMEMORATION_INDUSTRIAL",
        "ModifierId": "COMMEMORATION_INDUSTRIAL_GA_INDUSTRIALINFORMATION"
    },
    {
        "CommemorationType": "COMMEMORATION_INDUSTRIAL",
        "ModifierId": "COMMEMORATION_INUDSTRIAL_GA_CAMPUS"
    },
    {
        "CommemorationType": "COMMEMORATION_MILITARY",
        "ModifierId": "COMMEMORATION_MILITARY_GA_PRODUCTION"
    },
    {
        "CommemorationType": "COMMEMORATION_TOURISM",
        "ModifierId": "COMMEMORATION_TOURISM_GA_NATIONAL_PARKS"
    },
    {
        "CommemorationType": "COMMEMORATION_TOURISM",
        "ModifierId": "COMMEMORATION_TOURISM_GA_WONDERS"
    },
    {
        "CommemorationType": "COMMEMORATION_AERONAUTICAL",
        "ModifierId": "COMMEMORATION_AERONAUTICAL_GA_SATELLITES"
    },
    {
        "CommemorationType": "COMMEMORATION_AERONAUTICAL",
        "ModifierId": "COMMEMORATION_AERONAUTICAL_GA_NUCLEAR_FUSION"
    },
    {
        "CommemorationType": "COMMEMORATION_AERONAUTICAL",
        "ModifierId": "COMMEMORATION_AERONAUTICAL_GA_NANOTECHNOLOGY"
    },
    {
        "CommemorationType": "COMMEMORATION_AERONAUTICAL",
        "ModifierId": "COMMEMORATION_AERONAUTICAL_GA_SMART_MATERIALS"
    },
    {
        "CommemorationType": "COMMEMORATION_AERONAUTICAL",
        "ModifierId": "COMMEMORATION_AERONAUTICAL_GA_PREDICTIVE_SYSTEMS"
    },
    {
        "CommemorationType": "COMMEMORATION_AERONAUTICAL",
        "ModifierId": "COMMEMORATION_AERONAUTICAL_GA_OFFWORLD_MISSION"
    },
    {
        "CommemorationType": "COMMEMORATION_AERONAUTICAL",
        "ModifierId": "COMMEMORATION_AERONAUTICAL_GA_AIR"
    },
    {
        "CommemorationType": "COMMEMORATION_AERONAUTICAL",
        "ModifierId": "COMMEMORATION_AERONAUTICAL_GA_ALUMINUM"
    },
    {
        "CommemorationType": "COMMEMORATION_ESPIONAGE",
        "ModifierId": "COMMEMORATION_ESPIONAGE_GA_ESTABLISH"
    },
    {
        "CommemorationType": "COMMEMORATION_ESPIONAGE",
        "ModifierId": "COMMEMORATION_ESPIONAGE_GA_REDUCTION"
    },
    {
        "CommemorationType": "COMMEMORATION_SCIENTIFIC",
        "ModifierId": "COMMEMORATION_SCIENTIFIC_QUEST"
    },
    {
        "CommemorationType": "COMMEMORATION_SCIENTIFIC",
        "ModifierId": "COMMEMORATION_SCIENTIFIC_BUILDING_QUEST"
    },
    {
        "CommemorationType": "COMMEMORATION_CULTURAL",
        "ModifierId": "COMMEMORATION_CULTURAL_QUEST"
    },
    {
        "CommemorationType": "COMMEMORATION_CULTURAL",
        "ModifierId": "COMMEMORATION_CULTURAL_BUILDING_QUEST"
    },
    {
        "CommemorationType": "COMMEMORATION_INFRASTRUCTURE",
        "ModifierId": "COMMEMORATION_INFRASTRUCTURE_QUEST"
    },
    {
        "CommemorationType": "COMMEMORATION_RELIGIOUS",
        "ModifierId": "COMMEMORATION_RELIGIOUS_QUEST"
    },
    {
        "CommemorationType": "COMMEMORATION_EXPLORATION",
        "ModifierId": "COMMEMORATION_EXPLORATION_CONTINENT_QUEST"
    },
    {
        "CommemorationType": "COMMEMORATION_EXPLORATION",
        "ModifierId": "COMMEMORATION_EXPLORATION_NATURAL_WONDER_QUEST"
    },
    {
        "CommemorationType": "COMMEMORATION_EXPLORATION",
        "ModifierId": "COMMEMORATION_EXPLORATION_NAVAL_UNIT_QUEST"
    },
    {
        "CommemorationType": "COMMEMORATION_ECONOMIC",
        "ModifierId": "COMMEMORATION_ECONOMIC_QUEST"
    },
    {
        "CommemorationType": "COMMEMORATION_INDUSTRIAL",
        "ModifierId": "COMMEMORATION_INDUSTRIAL_QUEST"
    },
    {
        "CommemorationType": "COMMEMORATION_MILITARY",
        "ModifierId": "COMMEMORATION_MILITARY_QUEST_CORPS"
    },
    {
        "CommemorationType": "COMMEMORATION_MILITARY",
        "ModifierId": "COMMEMORATION_MILITARY_QUEST_ARMY"
    },
    {
        "CommemorationType": "COMMEMORATION_TOURISM",
        "ModifierId": "COMMEMORATION_TOURISM_QUEST"
    },
    {
        "CommemorationType": "COMMEMORATION_AERONAUTICAL",
        "ModifierId": "COMMEMORATION_AERONAUTICAL_BUILDING_QUEST"
    },
    {
        "CommemorationType": "COMMEMORATION_AERONAUTICAL",
        "ModifierId": "COMMEMORATION_AERONAUTICAL_GREAT_PERSON_QUEST"
    },
    {
        "CommemorationType": "COMMEMORATION_ESPIONAGE",
        "ModifierId": "COMMEMORATION_ESPIONAGE_QUEST"
    },
    {
        "CommemorationType": "COMMEMORATION_AUTOMATON",
        "ModifierId": "COMMEMORATION_AUTOMATON_GA_FREE_GDR"
    },
    {
        "CommemorationType": "COMMEMORATION_AUTOMATON",
        "ModifierId": "COMMEMORATION_AUTOMATON_GA_FREE_URANIUM"
    },
    {
        "CommemorationType": "COMMEMORATION_AUTOMATON",
        "ModifierId": "COMMEMORATION_AUTOMATON_GA_URANIUM_MINES"
    },
    {
        "CommemorationType": "COMMEMORATION_AUTOMATON",
        "ModifierId": "COMMEMORATION_AUTOMATON_QUEST"
    }
]