[
    {
        "DiscussionType": "WC_EMERGENCY_WORLD_FAIR",
        "PseudoYieldType": "PSEUDOYIELD_GPP_GENERAL",
        "ResolutionType": null,
        "Value": 300,
        "YieldType": null
    },
    {
        "DiscussionType": "WC_EMERGENCY_WORLD_FAIR",
        "PseudoYieldType": "PSEUDOYIELD_GPP_ADMIRAL",
        "ResolutionType": null,
        "Value": 300,
        "YieldType": null
    },
    {
        "DiscussionType": "WC_EMERGENCY_WORLD_FAIR",
        "PseudoYieldType": "PSEUDOYIELD_GPP_ENGINEER",
        "ResolutionType": null,
        "Value": 300,
        "YieldType": null
    },
    {
        "DiscussionType": "WC_EMERGENCY_WORLD_FAIR",
        "PseudoYieldType": "PSEUDOYIELD_GPP_MERCHANT",
        "ResolutionType": null,
        "Value": 300,
        "YieldType": null
    },
    {
        "DiscussionType": "WC_EMERGENCY_WORLD_FAIR",
        "PseudoYieldType": "PSEUDOYIELD_GPP_SCIENTIST",
        "ResolutionType": null,
        "Value": 300,
        "YieldType": null
    },
    {
        "DiscussionType": "WC_EMERGENCY_WORLD_FAIR",
        "PseudoYieldType": "PSEUDOYIELD_GPP_WRITER",
        "ResolutionType": null,
        "Value": 300,
        "YieldType": null
    },
    {
        "DiscussionType": "WC_EMERGENCY_WORLD_FAIR",
        "PseudoYieldType": "PSEUDOYIELD_GPP_ARTIST",
        "ResolutionType": null,
        "Value": 300,
        "YieldType": null
    },
    {
        "DiscussionType": "WC_EMERGENCY_WORLD_FAIR",
        "PseudoYieldType": "PSEUDOYIELD_GPP_MUSICIAN",
        "ResolutionType": null,
        "Value": 300,
        "YieldType": null
    }
]