[
    {
        "ContinentType": "CONTINENT_AFRICA",
        "Description": "LOC_CONTINENT_AFRICA_DESCRIPTION"
    },
    {
        "ContinentType": "CONTINENT_AMASIA",
        "Description": "LOC_CONTINENT_AMASIA_DESCRIPTION"
    },
    {
        "ContinentType": "CONTINENT_AMERICA",
        "Description": "LOC_CONTINENT_AMERICA_DESCRIPTION"
    },
    {
        "ContinentType": "CONTINENT_ANTARCTICA",
        "Description": "LOC_CONTINENT_ANTARCTICA_DESCRIPTION"
    },
    {
        "ContinentType": "CONTINENT_ARCTICA",
        "Description": "LOC_CONTINENT_ARCTICA_DESCRIPTION"
    },
    {
        "ContinentType": "CONTINENT_ASIA",
        "Description": "LOC_CONTINENT_ASIA_DESCRIPTION"
    },
    {
        "ContinentType": "CONTINENT_ASIAMERICA",
        "Description": "LOC_CONTINENT_ASIAMERICA_DESCRIPTION"
    },
    {
        "ContinentType": "CONTINENT_ATLANTICA",
        "Description": "LOC_CONTINENT_ATLANTICA_DESCRIPTION"
    },
    {
        "ContinentType": "CONTINENT_ATLANTIS",
        "Description": "LOC_CONTINENT_ATLANTIS_DESCRIPTION"
    },
    {
        "ContinentType": "CONTINENT_AUSTRALIA",
        "Description": "LOC_CONTINENT_AUSTRALIA_DESCRIPTION"
    },
    {
        "ContinentType": "CONTINENT_AVALONIA",
        "Description": "LOC_CONTINENT_AVALONIA_DESCRIPTION"
    },
    {
        "ContinentType": "CONTINENT_AZANIA",
        "Description": "LOC_CONTINENT_AZANIA_DESCRIPTION"
    },
    {
        "ContinentType": "CONTINENT_BALTICA",
        "Description": "LOC_CONTINENT_BALTICA_DESCRIPTION"
    },
    {
        "ContinentType": "CONTINENT_CIMMERIA",
        "Description": "LOC_CONTINENT_CIMMERIA_DESCRIPTION"
    },
    {
        "ContinentType": "CONTINENT_COLUMBIA",
        "Description": "LOC_CONTINENT_COLUMBIA_DESCRIPTION"
    },
    {
        "ContinentType": "CONTINENT_CONGO_CRATON",
        "Description": "LOC_CONTINENT_CONGO_CRATON_DESCRIPTION"
    },
    {
        "ContinentType": "CONTINENT_EURAMERICA",
        "Description": "LOC_CONTINENT_EURAMERICA_DESCRIPTION"
    },
    {
        "ContinentType": "CONTINENT_EUROPE",
        "Description": "LOC_CONTINENT_EUROPE_DESCRIPTION"
    },
    {
        "ContinentType": "CONTINENT_GONDWANA",
        "Description": "LOC_CONTINENT_GONDWANA_DESCRIPTION"
    },
    {
        "ContinentType": "CONTINENT_KALAHARIA",
        "Description": "LOC_CONTINENT_KALAHARIA_DESCRIPTION"
    },
    {
        "ContinentType": "CONTINENT_KAZAKHSTANIA",
        "Description": "LOC_CONTINENT_KAZAKHSTANIA_DESCRIPTION"
    },
    {
        "ContinentType": "CONTINENT_KERNORLAND",
        "Description": "LOC_CONTINENT_KERNORLAND_DESCRIPTION"
    },
    {
        "ContinentType": "CONTINENT_KUMARI_KANDAM",
        "Description": "LOC_CONTINENT_KUMARI_KANDAM_DESCRIPTION"
    },
    {
        "ContinentType": "CONTINENT_LAURASIA",
        "Description": "LOC_CONTINENT_LAURASIA_DESCRIPTION"
    },
    {
        "ContinentType": "CONTINENT_LAURENTIA",
        "Description": "LOC_CONTINENT_LAURENTIA_DESCRIPTION"
    },
    {
        "ContinentType": "CONTINENT_LEMURIA",
        "Description": "LOC_CONTINENT_LEMURIA_DESCRIPTION"
    },
    {
        "ContinentType": "CONTINENT_MU",
        "Description": "LOC_CONTINENT_MU_DESCRIPTION"
    },
    {
        "ContinentType": "CONTINENT_NENA",
        "Description": "LOC_CONTINENT_NENA_DESCRIPTION"
    },
    {
        "ContinentType": "CONTINENT_NORTH_AMERICA",
        "Description": "LOC_CONTINENT_NORTH_AMERICA_DESCRIPTION"
    },
    {
        "ContinentType": "CONTINENT_NOVOPANGAEA",
        "Description": "LOC_CONTINENT_NOVOPANGAEA_DESCRIPTION"
    },
    {
        "ContinentType": "CONTINENT_NUNA",
        "Description": "LOC_CONTINENT_NUNA_DESCRIPTION"
    },
    {
        "ContinentType": "CONTINENT_OCEANIA",
        "Description": "LOC_CONTINENT_OCEANIA_DESCRIPTION"
    },
    {
        "ContinentType": "CONTINENT_PANGAEA",
        "Description": "LOC_CONTINENT_PANGAEA_DESCRIPTION"
    },
    {
        "ContinentType": "CONTINENT_PANGAEA_ULTIMA",
        "Description": "LOC_CONTINENT_PANGAEA_ULTIMA_DESCRIPTION"
    },
    {
        "ContinentType": "CONTINENT_PANNOTIA",
        "Description": "LOC_CONTINENT_PANNOTIA_DESCRIPTION"
    },
    {
        "ContinentType": "CONTINENT_RODINIA",
        "Description": "LOC_CONTINENT_RODINIA_DESCRIPTION"
    },
    {
        "ContinentType": "CONTINENT_SIBERIA",
        "Description": "LOC_CONTINENT_SIBERIA_DESCRIPTION"
    },
    {
        "ContinentType": "CONTINENT_SOUTH_AMERICA",
        "Description": "LOC_CONTINENT_SOUTH_AMERICA_DESCRIPTION"
    },
    {
        "ContinentType": "CONTINENT_TERRA_AUSTRALIS",
        "Description": "LOC_CONTINENT_TERRA_AUSTRALIS_DESCRIPTION"
    },
    {
        "ContinentType": "CONTINENT_UR",
        "Description": "LOC_CONTINENT_UR_DESCRIPTION"
    },
    {
        "ContinentType": "CONTINENT_VAALBARA",
        "Description": "LOC_CONTINENT_VAALBARA_DESCRIPTION"
    },
    {
        "ContinentType": "CONTINENT_VENDIAN",
        "Description": "LOC_CONTINENT_VENDIAN_DESCRIPTION"
    },
    {
        "ContinentType": "CONTINENT_ZEALANDIA",
        "Description": "LOC_CONTINENT_ZEALANDIA_DESCRIPTION"
    }
]