[
    {
        "ID": 1,
        "NameType": "PREFIX_ALL",
        "TextKey": "LOC_CORPORATIONNAME_PREFIX_ACME"
    },
    {
        "ID": 2,
        "NameType": "PREFIX_ALL",
        "TextKey": "LOC_CORPORATIONNAME_PREFIX_NO_1"
    },
    {
        "ID": 3,
        "NameType": "PREFIX_ALL",
        "TextKey": "LOC_CORPORATIONNAME_PREFIX_BEST_LUCKY"
    },
    {
        "ID": 4,
        "NameType": "PREFIX_ALL",
        "TextKey": "LOC_CORPORATIONNAME_PREFIX_UNCLE_DENNIS"
    },
    {
        "ID": 5,
        "NameType": "PREFIX_ALL",
        "TextKey": "LOC_CORPORATIONNAME_PREFIX_PARAGON_NEXT"
    },
    {
        "ID": 6,
        "NameType": "PREFIX_ALL",
        "TextKey": "LOC_CORPORATIONNAME_PREFIX_HUNAHPU_AND_XBALANQUE"
    },
    {
        "ID": 7,
        "NameType": "PREFIX_ALL",
        "TextKey": "LOC_CORPORATIONNAME_PREFIX_CONSOLIDATED_TRUST"
    },
    {
        "ID": 8,
        "NameType": "PREFIX_ALL",
        "TextKey": "LOC_CORPORATIONNAME_PREFIX_UNITY_NEXT"
    },
    {
        "ID": 9,
        "NameType": "PREFIX_ALL",
        "TextKey": "LOC_CORPORATIONNAME_PREFIX_MAMAS_FAVORITE"
    },
    {
        "ID": 10,
        "NameType": "PREFIX_ALL",
        "TextKey": "LOC_CORPORATIONNAME_PREFIX_ATLAS"
    },
    {
        "ID": 11,
        "NameType": "PREFIX_ALL",
        "TextKey": "LOC_CORPORATIONNAME_PREFIX_GOLDEN_MILL"
    },
    {
        "ID": 12,
        "NameType": "PREFIX_ALL",
        "TextKey": "LOC_CORPORATIONNAME_PREFIX_WORLDWIDE"
    },
    {
        "ID": 13,
        "NameType": "PREFIX_ALL",
        "TextKey": "LOC_CORPORATIONNAME_PREFIX_PRINCE_FELDGES"
    },
    {
        "ID": 14,
        "NameType": "PREFIX_ALL",
        "TextKey": "LOC_CORPORATIONNAME_PREFIX_STRENGERS_OWN"
    },
    {
        "ID": 15,
        "NameType": "PREFIX_ALL",
        "TextKey": "LOC_CORPORATIONNAME_PREFIX_SIDS_CHOICE"
    },
    {
        "ID": 16,
        "NameType": "PREFIX_ALL",
        "TextKey": "LOC_CORPORATIONNAME_PREFIX_NEW_WORLD"
    },
    {
        "ID": 17,
        "NameType": "PREFIX_ALL",
        "TextKey": "LOC_CORPORATIONNAME_PREFIX_CLASSIC"
    },
    {
        "ID": 18,
        "NameType": "PREFIX_ALL",
        "TextKey": "LOC_CORPORATIONNAME_PREFIX_GRAYHEAD"
    },
    {
        "ID": 19,
        "NameType": "PREFIX_ALL",
        "TextKey": "LOC_CORPORATIONNAME_PREFIX_EDS_DISCOUNT"
    },
    {
        "ID": 20,
        "NameType": "PREFIX_ALL",
        "TextKey": "LOC_CORPORATIONNAME_PREFIX_MADAME_LUXORS_SELECT"
    },
    {
        "ID": 21,
        "NameType": "PREFIX_ALL",
        "TextKey": "LOC_CORPORATIONNAME_PREFIX_KING"
    },
    {
        "ID": 22,
        "NameType": "PREFIX_ALL",
        "TextKey": "LOC_CORPORATIONNAME_PREFIX_ELEPHANT"
    },
    {
        "ID": 23,
        "NameType": "PREFIX_ALL",
        "TextKey": "LOC_CORPORATIONNAME_PREFIX_ROYAL_SELECT"
    },
    {
        "ID": 24,
        "NameType": "PREFIX_ALL",
        "TextKey": "LOC_CORPORATIONNAME_PREFIX_KAPITAL"
    },
    {
        "ID": 25,
        "NameType": "PREFIX_ALL",
        "TextKey": "LOC_CORPORATIONNAME_PREFIX_MCM"
    },
    {
        "ID": 26,
        "NameType": "PREFIX_ALL",
        "TextKey": "LOC_CORPORATIONNAME_PREFIX_IMPERIAL"
    },
    {
        "ID": 27,
        "NameType": "PREFIX_ALL",
        "TextKey": "LOC_CORPORATIONNAME_PREFIX_MONOCORP"
    },
    {
        "ID": 28,
        "NameType": "PREFIX_ALL",
        "TextKey": "LOC_CORPORATIONNAME_PREFIX_DYNASIM"
    },
    {
        "ID": 29,
        "NameType": "PREFIX_ALL",
        "TextKey": "LOC_CORPORATIONNAME_PREFIX_SYNTHETIC"
    },
    {
        "ID": 30,
        "NameType": "PREFIX_ALL",
        "TextKey": "LOC_CORPORATIONNAME_PREFIX_COLLOIDAL"
    },
    {
        "ID": 31,
        "NameType": "PREFIX_ALL",
        "TextKey": "LOC_CORPORATIONNAME_PREFIX_CONGRUENT"
    },
    {
        "ID": 32,
        "NameType": "PREFIX_ALL",
        "TextKey": "LOC_CORPORATIONNAME_PREFIX_RETICULATED"
    },
    {
        "ID": 33,
        "NameType": "PREFIX_ALL",
        "TextKey": "LOC_CORPORATIONNAME_PREFIX_CROWN_PRODUCTS"
    },
    {
        "ID": 34,
        "NameType": "PREFIX_ALL",
        "TextKey": "LOC_CORPORATIONNAME_PREFIX_NEW_LAND"
    },
    {
        "ID": 35,
        "NameType": "PREFIX_ALL",
        "TextKey": "LOC_CORPORATIONNAME_PREFIX_DIVINE"
    },
    {
        "ID": 36,
        "NameType": "PREFIX_ALL",
        "TextKey": "LOC_CORPORATIONNAME_PREFIX_CIVTECH"
    },
    {
        "ID": 37,
        "NameType": "PREFIX_ALL",
        "TextKey": "LOC_CORPORATIONNAME_PREFIX_AZIMUTH"
    },
    {
        "ID": 38,
        "NameType": "PREFIX_ALL",
        "TextKey": "LOC_CORPORATIONNAME_PREFIX_ICHIBAN"
    },
    {
        "ID": 39,
        "NameType": "PREFIX_ALL",
        "TextKey": "LOC_CORPORATIONNAME_PREFIX_KAEONA"
    },
    {
        "ID": 40,
        "NameType": "PREFIX_ALL",
        "TextKey": "LOC_CORPORATIONNAME_PREFIX_NEW_DAWN"
    },
    {
        "ID": 41,
        "NameType": "PREFIX_ALL",
        "TextKey": "LOC_CORPORATIONNAME_PREFIX_RED_SUN"
    },
    {
        "ID": 42,
        "NameType": "PREFIX_ALL",
        "TextKey": "LOC_CORPORATIONNAME_PREFIX_TOMORROW_TECH"
    },
    {
        "ID": 43,
        "NameType": "PREFIX_ALL",
        "TextKey": "LOC_CORPORATIONNAME_PREFIX_MINERVA"
    },
    {
        "ID": 44,
        "NameType": "PREFIX_ALL",
        "TextKey": "LOC_CORPORATIONNAME_PREFIX_HERMES"
    },
    {
        "ID": 45,
        "NameType": "PREFIX_ALL",
        "TextKey": "LOC_CORPORATIONNAME_PREFIX_SANGUINE"
    },
    {
        "ID": 46,
        "NameType": "PREFIX_ALL",
        "TextKey": "LOC_CORPORATIONNAME_PREFIX_VOIDTECH"
    },
    {
        "ID": 47,
        "NameType": "PREFIX_ALL",
        "TextKey": "LOC_CORPORATIONNAME_PREFIX_RORSARCH"
    },
    {
        "ID": 48,
        "NameType": "PREFIX_ALL",
        "TextKey": "LOC_CORPORATIONNAME_PREFIX_KARATANI"
    },
    {
        "ID": 49,
        "NameType": "PREFIX_ALL",
        "TextKey": "LOC_CORPORATIONNAME_PREFIX_PURE_LAND"
    },
    {
        "ID": 50,
        "NameType": "PREFIX_ALL",
        "TextKey": "LOC_CORPORATIONNAME_PREFIX_ARCADIA"
    },
    {
        "ID": 51,
        "NameType": "PREFIX_ALL",
        "TextKey": "LOC_CORPORATIONNAME_PREFIX_SAVANNAPHUMI"
    },
    {
        "ID": 52,
        "NameType": "PREFIX_ALL",
        "TextKey": "LOC_CORPORATIONNAME_PREFIX_TRUTRUST"
    },
    {
        "ID": 53,
        "NameType": "SUFFIX_ALL",
        "TextKey": "LOC_CORPORATIONNAME_SUFFIX_INCORPORATED"
    },
    {
        "ID": 54,
        "NameType": "SUFFIX_ALL",
        "TextKey": "LOC_CORPORATIONNAME_SUFFIX_CONGLOMERATED"
    },
    {
        "ID": 55,
        "NameType": "SUFFIX_ALL",
        "TextKey": "LOC_CORPORATIONNAME_SUFFIX_UNITED"
    },
    {
        "ID": 56,
        "NameType": "SUFFIX_ALL",
        "TextKey": "LOC_CORPORATIONNAME_SUFFIX_DIVISION"
    },
    {
        "ID": 57,
        "NameType": "SUFFIX_ALL",
        "TextKey": "LOC_CORPORATIONNAME_SUFFIX_SYNDICATE"
    },
    {
        "ID": 58,
        "NameType": "SUFFIX_ALL",
        "TextKey": "LOC_CORPORATIONNAME_SUFFIX_LIMITED"
    },
    {
        "ID": 59,
        "NameType": "SUFFIX_ALL",
        "TextKey": "LOC_CORPORATIONNAME_SUFFIX_UNLIMITED"
    },
    {
        "ID": 60,
        "NameType": "SUFFIX_ALL",
        "TextKey": "LOC_CORPORATIONNAME_SUFFIX_FAMILY"
    },
    {
        "ID": 61,
        "NameType": "SUFFIX_ALL",
        "TextKey": "LOC_CORPORATIONNAME_SUFFIX_HYPERCORPORATION"
    },
    {
        "ID": 62,
        "NameType": "SUFFIX_ALL",
        "TextKey": "LOC_CORPORATIONNAME_SUFFIX_CORPORATION"
    },
    {
        "ID": 63,
        "NameType": "SUFFIX_ALL",
        "TextKey": "LOC_CORPORATIONNAME_SUFFIX_MEGACORP"
    },
    {
        "ID": 64,
        "NameType": "SUFFIX_ALL",
        "TextKey": "LOC_CORPORATIONNAME_SUFFIX_TRADING_COMPANY"
    },
    {
        "ID": 65,
        "NameType": "SUFFIX_ALL",
        "TextKey": "LOC_CORPORATIONNAME_SUFFIX_COMPANY"
    },
    {
        "ID": 66,
        "NameType": "SUFFIX_ALL",
        "TextKey": "LOC_CORPORATIONNAME_SUFFIX_MERCHANTILE"
    },
    {
        "ID": 67,
        "NameType": "SUFFIX_ALL",
        "TextKey": "LOC_CORPORATIONNAME_SUFFIX_MERCHANT_CORPORATION"
    },
    {
        "ID": 68,
        "NameType": "SUFFIX_ALL",
        "TextKey": "LOC_CORPORATIONNAME_SUFFIX_ASSIMILATED"
    },
    {
        "ID": 69,
        "NameType": "SUFFIX_ALL",
        "TextKey": "LOC_CORPORATIONNAME_SUFFIX_COMBINE"
    },
    {
        "ID": 70,
        "NameType": "SUFFIX_ALL",
        "TextKey": "LOC_CORPORATIONNAME_SUFFIX_ZAIBATSU"
    },
    {
        "ID": 71,
        "NameType": "SUFFIX_ALL",
        "TextKey": "LOC_CORPORATIONNAME_SUFFIX_TONG"
    },
    {
        "ID": 72,
        "NameType": "SUFFIX_ALL",
        "TextKey": "LOC_CORPORATIONNAME_SUFFIX_CHAEBOL"
    },
    {
        "ID": 73,
        "NameType": "SUFFIX_ALL",
        "TextKey": "LOC_CORPORATIONNAME_SUFFIX_PRODUCTIONS"
    },
    {
        "ID": 74,
        "NameType": "SUFFIX_ALL",
        "TextKey": "LOC_CORPORATIONNAME_SUFFIX_QUALITY_GOODS"
    },
    {
        "ID": 75,
        "NameType": "SUFFIX_ALL",
        "TextKey": "LOC_CORPORATIONNAME_SUFFIX_HEAVY_INDUSTRIES"
    },
    {
        "ID": 76,
        "NameType": "SUFFIX_ALL",
        "TextKey": "LOC_CORPORATIONNAME_SUFFIX_LIMITED_LIABILITY_COMPANY"
    },
    {
        "ID": 77,
        "NameType": "SUFFIX_ALL",
        "TextKey": "LOC_CORPORATIONNAME_SUFFIX_KOMBINAT"
    }
]