[
    {
        "DataId": 0,
        "TypeName": "UnitTypesList"
    },
    {
        "DataId": 1,
        "TypeName": "TechTypeList"
    },
    {
        "DataId": 2,
        "TypeName": "BuildingTypesList"
    },
    {
        "DataId": 3,
        "TypeName": "int"
    },
    {
        "DataId": 4,
        "TypeName": "bool"
    },
    {
        "DataId": 5,
        "TypeName": "Map Point"
    },
    {
        "DataId": 6,
        "TypeName": "string"
    },
    {
        "DataId": 7,
        "TypeName": "ImprovementList"
    },
    {
        "DataId": 8,
        "TypeName": "ID List"
    },
    {
        "DataId": 9,
        "TypeName": "float"
    },
    {
        "DataId": 10,
        "TypeName": "DistrictList"
    },
    {
        "DataId": 11,
        "TypeName": "CivicsList"
    }
]