[
    {
        "AllowDurationTrade": 1,
        "DealItemType": "DEAL_ITEM_GOLD",
        "Description": "LOC_DEAL_ITEM_GOLD_DESCRIPTION",
        "Name": "LOC_DEAL_ITEM_GOLD_NAME"
    },
    {
        "AllowDurationTrade": 1,
        "DealItemType": "DEAL_ITEM_RESOURCES",
        "Description": "LOC_DEAL_ITEM_RESOURCES_DESCRIPTION",
        "Name": "LOC_DEAL_ITEM_RESOURCES_NAME"
    },
    {
        "AllowDurationTrade": 1,
        "DealItemType": "DEAL_ITEM_CITIES",
        "Description": "LOC_DEAL_ITEM_CITIES_DESCRIPTION",
        "Name": "LOC_DEAL_ITEM_CITIES_NAME"
    },
    {
        "AllowDurationTrade": 1,
        "DealItemType": "DEAL_ITEM_UNITS",
        "Description": "LOC_DEAL_ITEM_UNITS_DESCRIPTION",
        "Name": "LOC_DEAL_ITEM_UNITS_NAME"
    },
    {
        "AllowDurationTrade": 1,
        "DealItemType": "DEAL_ITEM_AGREEMENTS",
        "Description": "LOC_DEAL_ITEM_AGREEMENTS_DESCRIPTION",
        "Name": "LOC_DEAL_ITEM_AGREEMENTS_NAME"
    },
    {
        "AllowDurationTrade": 1,
        "DealItemType": "DEAL_ITEM_TECHNOLOGY",
        "Description": "LOC_DEAL_ITEM_TECHNOLOGY_DESCRIPTION",
        "Name": "LOC_DEAL_ITEM_TECHNOLOGY_NAME"
    },
    {
        "AllowDurationTrade": 1,
        "DealItemType": "DEAL_ITEM_GREATWORK",
        "Description": "LOC_DEAL_ITEM_GREATWORK_DESCRIPTION",
        "Name": "LOC_DEAL_ITEM_GREATWORK_NAME"
    },
    {
        "AllowDurationTrade": 1,
        "DealItemType": "DEAL_ITEM_CAPTIVE",
        "Description": "LOC_DEAL_ITEM_CAPTIVE_DESCRIPTION",
        "Name": "LOC_DEAL_ITEM_CAPTIVE_NAME"
    }
]