[
    {
        "DifficultyType": "DIFFICULTY_SETTLER",
        "Name": "LOC_DIFFICULTY_SETTLER_NAME"
    },
    {
        "DifficultyType": "DIFFICULTY_CHIEFTAIN",
        "Name": "LOC_DIFFICULTY_CHIEFTAIN_NAME"
    },
    {
        "DifficultyType": "DIFFICULTY_WARLORD",
        "Name": "LOC_DIFFICULTY_WARLORD_NAME"
    },
    {
        "DifficultyType": "DIFFICULTY_PRINCE",
        "Name": "LOC_DIFFICULTY_PRINCE_NAME"
    },
    {
        "DifficultyType": "DIFFICULTY_KING",
        "Name": "LOC_DIFFICULTY_KING_NAME"
    },
    {
        "DifficultyType": "DIFFICULTY_EMPEROR",
        "Name": "LOC_DIFFICULTY_EMPEROR_NAME"
    },
    {
        "DifficultyType": "DIFFICULTY_IMMORTAL",
        "Name": "LOC_DIFFICULTY_IMMORTAL_NAME"
    },
    {
        "DifficultyType": "DIFFICULTY_DEITY",
        "Name": "LOC_DIFFICULTY_DEITY_NAME"
    }
]