[
    {
        "DiplomaticActionType": "DIPLOACTION_KEEP_PROMISE_DONT_SPY",
        "FavorCost": 30,
        "GrievanceCost": 0,
        "GrievancesForRefusal": 25,
        "GrievancesPerIncursion": 25,
        "PromiseType": "PROMISE_DONT_SPY_ON_ME",
        "RequiredPromise": null
    },
    {
        "DiplomaticActionType": "DIPLOACTION_KEEP_PROMISE_DONT_CONVERT",
        "FavorCost": 30,
        "GrievanceCost": 0,
        "GrievancesForRefusal": 25,
        "GrievancesPerIncursion": 25,
        "PromiseType": "PROMISE_DONT_CONVERT_MY_CITIES",
        "RequiredPromise": null
    },
    {
        "DiplomaticActionType": "DIPLOACTION_KEEP_PROMISE_DONT_DIG_ARTIFACTS",
        "FavorCost": 30,
        "GrievanceCost": 0,
        "GrievancesForRefusal": 25,
        "GrievancesPerIncursion": 25,
        "PromiseType": "PROMISE_DONT_DIG_UP_MY_ARTIFACTS",
        "RequiredPromise": null
    },
    {
        "DiplomaticActionType": "DIPLOACTION_KEEP_PROMISE_DONT_SETTLE_TOO_NEAR",
        "FavorCost": 30,
        "GrievanceCost": 0,
        "GrievancesForRefusal": 25,
        "GrievancesPerIncursion": 25,
        "PromiseType": "PROMISE_DONT_SETTLE_NEAR_ME",
        "RequiredPromise": null
    }
]