[
    {
        "Agreement": 0,
        "CaptureWarmongerPercent": 0,
        "CivilopediaKey": "DIPLO_8",
        "Cost": 50,
        "DenouncementTurnsRequired": -1,
        "Description": "LOC_DIPLOACTION_RESIDENT_EMBASSY_DESCRIPTION",
        "DiplomaticActionType": "DIPLOACTION_RESIDENT_EMBASSY",
        "Duration": 30,
        "InitiatorObsoleteCivic": null,
        "InitiatorPrereqCivic": "CIVIC_DIPLOMATIC_SERVICE",
        "InitiatorPrereqTech": null,
        "Name": "LOC_DIPLOACTION_RESIDENT_EMBASSY_NAME",
        "NoCurrentDOF": 0,
        "NoCurrentDefensivePact": 0,
        "NoCurrentDelegation": 0,
        "NoCurrentDenunciation": 0,
        "NoCurrentEmbassy": 1,
        "NoCurrentOpenBorders": 0,
        "NoCurrentResearchAgreement": 0,
        "RazeWarmongerPercent": 0,
        "RequiresAdjacentEmpires": 0,
        "RequiresAlliance": 0,
        "RequiresArchaeologyIntrusion": 0,
        "RequiresCapitalPath": 0,
        "RequiresConvertedCity": 0,
        "RequiresEspionageIntrusion": 0,
        "RequiresLeadXEras": 0,
        "RequiresOccupiedCity": 0,
        "RequiresOccupiedFriendlyCity": 0,
        "RequiresTeamMembership": 0,
        "RequiresWarOnAlliedCityState": 0,
        "TargetPrereqCivic": null,
        "TargetPrereqTech": null,
        "UIGroup": null,
        "WarmongerPercent": 0
    },
    {
        "Agreement": 0,
        "CaptureWarmongerPercent": 0,
        "CivilopediaKey": "DIPLO_12",
        "Cost": 0,
        "DenouncementTurnsRequired": -1,
        "Description": "LOC_DIPLOACTION_DEMAND_TRIBUTE_DESCRIPTION",
        "DiplomaticActionType": "DIPLOACTION_DEMAND_TRIBUTE",
        "Duration": 30,
        "InitiatorObsoleteCivic": null,
        "InitiatorPrereqCivic": null,
        "InitiatorPrereqTech": null,
        "Name": "LOC_DIPLOACTION_DEMAND_TRIBUTE_NAME",
        "NoCurrentDOF": 0,
        "NoCurrentDefensivePact": 0,
        "NoCurrentDelegation": 0,
        "NoCurrentDenunciation": 0,
        "NoCurrentEmbassy": 0,
        "NoCurrentOpenBorders": 0,
        "NoCurrentResearchAgreement": 0,
        "RazeWarmongerPercent": 0,
        "RequiresAdjacentEmpires": 0,
        "RequiresAlliance": 0,
        "RequiresArchaeologyIntrusion": 0,
        "RequiresCapitalPath": 0,
        "RequiresConvertedCity": 0,
        "RequiresEspionageIntrusion": 0,
        "RequiresLeadXEras": 0,
        "RequiresOccupiedCity": 0,
        "RequiresOccupiedFriendlyCity": 0,
        "RequiresTeamMembership": 0,
        "RequiresWarOnAlliedCityState": 0,
        "TargetPrereqCivic": null,
        "TargetPrereqTech": null,
        "UIGroup": null,
        "WarmongerPercent": 0
    },
    {
        "Agreement": 1,
        "CaptureWarmongerPercent": 0,
        "CivilopediaKey": "DIPLO_9",
        "Cost": 0,
        "DenouncementTurnsRequired": -1,
        "Description": "LOC_DIPLOACTION_OPEN_BORDERS_DESCRIPTION",
        "DiplomaticActionType": "DIPLOACTION_OPEN_BORDERS",
        "Duration": 30,
        "InitiatorObsoleteCivic": null,
        "InitiatorPrereqCivic": "CIVIC_EARLY_EMPIRE",
        "InitiatorPrereqTech": null,
        "Name": "LOC_DIPLOACTION_OPEN_BORDERS_NAME",
        "NoCurrentDOF": 0,
        "NoCurrentDefensivePact": 0,
        "NoCurrentDelegation": 0,
        "NoCurrentDenunciation": 0,
        "NoCurrentEmbassy": 0,
        "NoCurrentOpenBorders": 1,
        "NoCurrentResearchAgreement": 0,
        "RazeWarmongerPercent": 0,
        "RequiresAdjacentEmpires": 0,
        "RequiresAlliance": 0,
        "RequiresArchaeologyIntrusion": 0,
        "RequiresCapitalPath": 0,
        "RequiresConvertedCity": 0,
        "RequiresEspionageIntrusion": 0,
        "RequiresLeadXEras": 0,
        "RequiresOccupiedCity": 0,
        "RequiresOccupiedFriendlyCity": 0,
        "RequiresTeamMembership": 0,
        "RequiresWarOnAlliedCityState": 0,
        "TargetPrereqCivic": null,
        "TargetPrereqTech": null,
        "UIGroup": null,
        "WarmongerPercent": 0
    },
    {
        "Agreement": 0,
        "CaptureWarmongerPercent": 0,
        "CivilopediaKey": null,
        "Cost": 0,
        "DenouncementTurnsRequired": -1,
        "Description": "LOC_DIPLOACTION_REQUEST_ASSISTANCE_DESCRIPTION",
        "DiplomaticActionType": "DIPLOACTION_REQUEST_ASSISTANCE",
        "Duration": 30,
        "InitiatorObsoleteCivic": null,
        "InitiatorPrereqCivic": null,
        "InitiatorPrereqTech": null,
        "Name": "LOC_DIPLOACTION_REQUEST_ASSISTANCE_NAME",
        "NoCurrentDOF": 0,
        "NoCurrentDefensivePact": 0,
        "NoCurrentDelegation": 0,
        "NoCurrentDenunciation": 0,
        "NoCurrentEmbassy": 0,
        "NoCurrentOpenBorders": 0,
        "NoCurrentResearchAgreement": 0,
        "RazeWarmongerPercent": 0,
        "RequiresAdjacentEmpires": 0,
        "RequiresAlliance": 0,
        "RequiresArchaeologyIntrusion": 0,
        "RequiresCapitalPath": 0,
        "RequiresConvertedCity": 0,
        "RequiresEspionageIntrusion": 0,
        "RequiresLeadXEras": 0,
        "RequiresOccupiedCity": 0,
        "RequiresOccupiedFriendlyCity": 0,
        "RequiresTeamMembership": 0,
        "RequiresWarOnAlliedCityState": 0,
        "TargetPrereqCivic": null,
        "TargetPrereqTech": null,
        "UIGroup": null,
        "WarmongerPercent": 0
    },
    {
        "Agreement": 0,
        "CaptureWarmongerPercent": 0,
        "CivilopediaKey": null,
        "Cost": 0,
        "DenouncementTurnsRequired": -1,
        "Description": "LOC_DIPLOACTION_DENOUNCE_DESCRIPTION",
        "DiplomaticActionType": "DIPLOACTION_DENOUNCE",
        "Duration": 30,
        "InitiatorObsoleteCivic": null,
        "InitiatorPrereqCivic": null,
        "InitiatorPrereqTech": null,
        "Name": "LOC_DIPLOACTION_DENOUNCE_NAME",
        "NoCurrentDOF": 0,
        "NoCurrentDefensivePact": 0,
        "NoCurrentDelegation": 0,
        "NoCurrentDenunciation": 1,
        "NoCurrentEmbassy": 0,
        "NoCurrentOpenBorders": 0,
        "NoCurrentResearchAgreement": 0,
        "RazeWarmongerPercent": 0,
        "RequiresAdjacentEmpires": 0,
        "RequiresAlliance": 0,
        "RequiresArchaeologyIntrusion": 0,
        "RequiresCapitalPath": 0,
        "RequiresConvertedCity": 0,
        "RequiresEspionageIntrusion": 0,
        "RequiresLeadXEras": 0,
        "RequiresOccupiedCity": 0,
        "RequiresOccupiedFriendlyCity": 0,
        "RequiresTeamMembership": 0,
        "RequiresWarOnAlliedCityState": 0,
        "TargetPrereqCivic": null,
        "TargetPrereqTech": null,
        "UIGroup": null,
        "WarmongerPercent": 0
    },
    {
        "Agreement": 1,
        "CaptureWarmongerPercent": 0,
        "CivilopediaKey": null,
        "Cost": 0,
        "DenouncementTurnsRequired": -1,
        "Description": "LOC_DIPLOACTION_MAKE_PEACE_DESCRIPTION",
        "DiplomaticActionType": "DIPLOACTION_MAKE_PEACE",
        "Duration": 10,
        "InitiatorObsoleteCivic": null,
        "InitiatorPrereqCivic": null,
        "InitiatorPrereqTech": null,
        "Name": "LOC_DIPLOACTION_MAKE_PEACE_NAME",
        "NoCurrentDOF": 0,
        "NoCurrentDefensivePact": 0,
        "NoCurrentDelegation": 0,
        "NoCurrentDenunciation": 0,
        "NoCurrentEmbassy": 0,
        "NoCurrentOpenBorders": 0,
        "NoCurrentResearchAgreement": 0,
        "RazeWarmongerPercent": 0,
        "RequiresAdjacentEmpires": 0,
        "RequiresAlliance": 0,
        "RequiresArchaeologyIntrusion": 0,
        "RequiresCapitalPath": 0,
        "RequiresConvertedCity": 0,
        "RequiresEspionageIntrusion": 0,
        "RequiresLeadXEras": 0,
        "RequiresOccupiedCity": 0,
        "RequiresOccupiedFriendlyCity": 0,
        "RequiresTeamMembership": 0,
        "RequiresWarOnAlliedCityState": 0,
        "TargetPrereqCivic": null,
        "TargetPrereqTech": null,
        "UIGroup": null,
        "WarmongerPercent": 0
    },
    {
        "Agreement": 0,
        "CaptureWarmongerPercent": 0,
        "CivilopediaKey": null,
        "Cost": 25,
        "DenouncementTurnsRequired": -1,
        "Description": "LOC_DIPLOACTION_DIPLOMATIC_DELEGATION_DESCRIPTION",
        "DiplomaticActionType": "DIPLOACTION_DIPLOMATIC_DELEGATION",
        "Duration": 30,
        "InitiatorObsoleteCivic": "CIVIC_DIPLOMATIC_SERVICE",
        "InitiatorPrereqCivic": null,
        "InitiatorPrereqTech": null,
        "Name": "LOC_DIPLOACTION_DIPLOMATIC_DELEGATION_NAME",
        "NoCurrentDOF": 0,
        "NoCurrentDefensivePact": 0,
        "NoCurrentDelegation": 1,
        "NoCurrentDenunciation": 0,
        "NoCurrentEmbassy": 0,
        "NoCurrentOpenBorders": 0,
        "NoCurrentResearchAgreement": 0,
        "RazeWarmongerPercent": 0,
        "RequiresAdjacentEmpires": 0,
        "RequiresAlliance": 0,
        "RequiresArchaeologyIntrusion": 0,
        "RequiresCapitalPath": 1,
        "RequiresConvertedCity": 0,
        "RequiresEspionageIntrusion": 0,
        "RequiresLeadXEras": 0,
        "RequiresOccupiedCity": 0,
        "RequiresOccupiedFriendlyCity": 0,
        "RequiresTeamMembership": 0,
        "RequiresWarOnAlliedCityState": 0,
        "TargetPrereqCivic": null,
        "TargetPrereqTech": null,
        "UIGroup": null,
        "WarmongerPercent": 0
    },
    {
        "Agreement": 1,
        "CaptureWarmongerPercent": 0,
        "CivilopediaKey": "DIPLO_12",
        "Cost": 0,
        "DenouncementTurnsRequired": -1,
        "Description": "LOC_DIPLOACTION_ALLIANCE_DESCRIPTION",
        "DiplomaticActionType": "DIPLOACTION_ALLIANCE",
        "Duration": 30,
        "InitiatorObsoleteCivic": null,
        "InitiatorPrereqCivic": "CIVIC_CIVIL_SERVICE",
        "InitiatorPrereqTech": null,
        "Name": "LOC_DIPLOACTION_ALLIANCE_NAME",
        "NoCurrentDOF": 0,
        "NoCurrentDefensivePact": 0,
        "NoCurrentDelegation": 0,
        "NoCurrentDenunciation": 0,
        "NoCurrentEmbassy": 0,
        "NoCurrentOpenBorders": 0,
        "NoCurrentResearchAgreement": 0,
        "RazeWarmongerPercent": 0,
        "RequiresAdjacentEmpires": 0,
        "RequiresAlliance": 0,
        "RequiresArchaeologyIntrusion": 0,
        "RequiresCapitalPath": 0,
        "RequiresConvertedCity": 0,
        "RequiresEspionageIntrusion": 0,
        "RequiresLeadXEras": 0,
        "RequiresOccupiedCity": 0,
        "RequiresOccupiedFriendlyCity": 0,
        "RequiresTeamMembership": 0,
        "RequiresWarOnAlliedCityState": 0,
        "TargetPrereqCivic": "CIVIC_CIVIL_SERVICE",
        "TargetPrereqTech": null,
        "UIGroup": null,
        "WarmongerPercent": 0
    },
    {
        "Agreement": 0,
        "CaptureWarmongerPercent": 0,
        "CivilopediaKey": null,
        "Cost": 0,
        "DenouncementTurnsRequired": -1,
        "Description": "LOC_DIPLOACTION_DECLARE_FRIENDSHIP_DESCRIPTION",
        "DiplomaticActionType": "DIPLOACTION_DECLARE_FRIENDSHIP",
        "Duration": 30,
        "InitiatorObsoleteCivic": null,
        "InitiatorPrereqCivic": null,
        "InitiatorPrereqTech": null,
        "Name": "LOC_DIPLOACTION_DECLARE_FRIENDSHIP_NAME",
        "NoCurrentDOF": 1,
        "NoCurrentDefensivePact": 0,
        "NoCurrentDelegation": 0,
        "NoCurrentDenunciation": 0,
        "NoCurrentEmbassy": 0,
        "NoCurrentOpenBorders": 0,
        "NoCurrentResearchAgreement": 0,
        "RazeWarmongerPercent": 0,
        "RequiresAdjacentEmpires": 0,
        "RequiresAlliance": 0,
        "RequiresArchaeologyIntrusion": 0,
        "RequiresCapitalPath": 0,
        "RequiresConvertedCity": 0,
        "RequiresEspionageIntrusion": 0,
        "RequiresLeadXEras": 0,
        "RequiresOccupiedCity": 0,
        "RequiresOccupiedFriendlyCity": 0,
        "RequiresTeamMembership": 0,
        "RequiresWarOnAlliedCityState": 0,
        "TargetPrereqCivic": null,
        "TargetPrereqTech": null,
        "UIGroup": null,
        "WarmongerPercent": 0
    },
    {
        "Agreement": 0,
        "CaptureWarmongerPercent": 0,
        "CivilopediaKey": null,
        "Cost": 0,
        "DenouncementTurnsRequired": -1,
        "Description": null,
        "DiplomaticActionType": "DIPLOACTION_GRANT_INFLUENCE_TOKEN",
        "Duration": 30,
        "InitiatorObsoleteCivic": null,
        "InitiatorPrereqCivic": null,
        "InitiatorPrereqTech": null,
        "Name": "LOC_DIPLOACTION_GRANT_INFLUENCE_TOKEN_NAME",
        "NoCurrentDOF": 0,
        "NoCurrentDefensivePact": 0,
        "NoCurrentDelegation": 0,
        "NoCurrentDenunciation": 0,
        "NoCurrentEmbassy": 0,
        "NoCurrentOpenBorders": 0,
        "NoCurrentResearchAgreement": 0,
        "RazeWarmongerPercent": 0,
        "RequiresAdjacentEmpires": 0,
        "RequiresAlliance": 0,
        "RequiresArchaeologyIntrusion": 0,
        "RequiresCapitalPath": 0,
        "RequiresConvertedCity": 0,
        "RequiresEspionageIntrusion": 0,
        "RequiresLeadXEras": 0,
        "RequiresOccupiedCity": 0,
        "RequiresOccupiedFriendlyCity": 0,
        "RequiresTeamMembership": 0,
        "RequiresWarOnAlliedCityState": 0,
        "TargetPrereqCivic": null,
        "TargetPrereqTech": null,
        "UIGroup": null,
        "WarmongerPercent": 0
    },
    {
        "Agreement": 0,
        "CaptureWarmongerPercent": 0,
        "CivilopediaKey": null,
        "Cost": 0,
        "DenouncementTurnsRequired": -1,
        "Description": null,
        "DiplomaticActionType": "DIPLOACTION_GIFT_UNIT",
        "Duration": 30,
        "InitiatorObsoleteCivic": null,
        "InitiatorPrereqCivic": null,
        "InitiatorPrereqTech": null,
        "Name": "LOC_DIPLOACTION_GIFT_UNIT_NAME",
        "NoCurrentDOF": 0,
        "NoCurrentDefensivePact": 0,
        "NoCurrentDelegation": 0,
        "NoCurrentDenunciation": 0,
        "NoCurrentEmbassy": 0,
        "NoCurrentOpenBorders": 0,
        "NoCurrentResearchAgreement": 0,
        "RazeWarmongerPercent": 0,
        "RequiresAdjacentEmpires": 0,
        "RequiresAlliance": 0,
        "RequiresArchaeologyIntrusion": 0,
        "RequiresCapitalPath": 0,
        "RequiresConvertedCity": 0,
        "RequiresEspionageIntrusion": 0,
        "RequiresLeadXEras": 0,
        "RequiresOccupiedCity": 0,
        "RequiresOccupiedFriendlyCity": 0,
        "RequiresTeamMembership": 0,
        "RequiresWarOnAlliedCityState": 0,
        "TargetPrereqCivic": null,
        "TargetPrereqTech": null,
        "UIGroup": null,
        "WarmongerPercent": 0
    },
    {
        "Agreement": 0,
        "CaptureWarmongerPercent": 0,
        "CivilopediaKey": null,
        "Cost": 0,
        "DenouncementTurnsRequired": -1,
        "Description": null,
        "DiplomaticActionType": "DIPLOACTION_MILITARY_REQUEST",
        "Duration": 30,
        "InitiatorObsoleteCivic": null,
        "InitiatorPrereqCivic": null,
        "InitiatorPrereqTech": null,
        "Name": "LOC_DIPLOACTION_MILITARY_REQUEST_NAME",
        "NoCurrentDOF": 0,
        "NoCurrentDefensivePact": 0,
        "NoCurrentDelegation": 0,
        "NoCurrentDenunciation": 0,
        "NoCurrentEmbassy": 0,
        "NoCurrentOpenBorders": 0,
        "NoCurrentResearchAgreement": 0,
        "RazeWarmongerPercent": 0,
        "RequiresAdjacentEmpires": 0,
        "RequiresAlliance": 0,
        "RequiresArchaeologyIntrusion": 0,
        "RequiresCapitalPath": 0,
        "RequiresConvertedCity": 0,
        "RequiresEspionageIntrusion": 0,
        "RequiresLeadXEras": 0,
        "RequiresOccupiedCity": 0,
        "RequiresOccupiedFriendlyCity": 0,
        "RequiresTeamMembership": 0,
        "RequiresWarOnAlliedCityState": 0,
        "TargetPrereqCivic": null,
        "TargetPrereqTech": null,
        "UIGroup": null,
        "WarmongerPercent": 0
    },
    {
        "Agreement": 0,
        "CaptureWarmongerPercent": 0,
        "CivilopediaKey": "DIPLO_3",
        "Cost": 0,
        "DenouncementTurnsRequired": -1,
        "Description": null,
        "DiplomaticActionType": "DIPLOACTION_DECLARE_WAR_MINOR_CIV",
        "Duration": 30,
        "InitiatorObsoleteCivic": null,
        "InitiatorPrereqCivic": null,
        "InitiatorPrereqTech": null,
        "Name": "LOC_DIPLOACTION_DECLARE_WAR_MINOR_CIV_NAME",
        "NoCurrentDOF": 0,
        "NoCurrentDefensivePact": 0,
        "NoCurrentDelegation": 0,
        "NoCurrentDenunciation": 0,
        "NoCurrentEmbassy": 0,
        "NoCurrentOpenBorders": 0,
        "NoCurrentResearchAgreement": 0,
        "RazeWarmongerPercent": 0,
        "RequiresAdjacentEmpires": 0,
        "RequiresAlliance": 0,
        "RequiresArchaeologyIntrusion": 0,
        "RequiresCapitalPath": 0,
        "RequiresConvertedCity": 0,
        "RequiresEspionageIntrusion": 0,
        "RequiresLeadXEras": 0,
        "RequiresOccupiedCity": 0,
        "RequiresOccupiedFriendlyCity": 0,
        "RequiresTeamMembership": 0,
        "RequiresWarOnAlliedCityState": 0,
        "TargetPrereqCivic": null,
        "TargetPrereqTech": null,
        "UIGroup": null,
        "WarmongerPercent": 0
    },
    {
        "Agreement": 0,
        "CaptureWarmongerPercent": 150,
        "CivilopediaKey": null,
        "Cost": 0,
        "DenouncementTurnsRequired": -1,
        "Description": "LOC_DIPLOACTION_DECLARE_SURPRISE_WAR_DESCRIPTION",
        "DiplomaticActionType": "DIPLOACTION_DECLARE_SURPRISE_WAR",
        "Duration": 30,
        "InitiatorObsoleteCivic": null,
        "InitiatorPrereqCivic": null,
        "InitiatorPrereqTech": null,
        "Name": "LOC_DIPLOACTION_DECLARE_SURPRISE_WAR_NAME",
        "NoCurrentDOF": 0,
        "NoCurrentDefensivePact": 0,
        "NoCurrentDelegation": 0,
        "NoCurrentDenunciation": 0,
        "NoCurrentEmbassy": 0,
        "NoCurrentOpenBorders": 0,
        "NoCurrentResearchAgreement": 0,
        "RazeWarmongerPercent": 450,
        "RequiresAdjacentEmpires": 0,
        "RequiresAlliance": 0,
        "RequiresArchaeologyIntrusion": 0,
        "RequiresCapitalPath": 0,
        "RequiresConvertedCity": 0,
        "RequiresEspionageIntrusion": 0,
        "RequiresLeadXEras": 0,
        "RequiresOccupiedCity": 0,
        "RequiresOccupiedFriendlyCity": 0,
        "RequiresTeamMembership": 0,
        "RequiresWarOnAlliedCityState": 0,
        "TargetPrereqCivic": null,
        "TargetPrereqTech": null,
        "UIGroup": null,
        "WarmongerPercent": 150
    },
    {
        "Agreement": 0,
        "CaptureWarmongerPercent": 100,
        "CivilopediaKey": "DIPLO_3",
        "Cost": 0,
        "DenouncementTurnsRequired": 5,
        "Description": "LOC_DIPLOACTION_DECLARE_FORMAL_WAR_DESCRIPTION",
        "DiplomaticActionType": "DIPLOACTION_DECLARE_FORMAL_WAR",
        "Duration": 30,
        "InitiatorObsoleteCivic": null,
        "InitiatorPrereqCivic": null,
        "InitiatorPrereqTech": null,
        "Name": "LOC_DIPLOACTION_DECLARE_FORMAL_WAR_NAME",
        "NoCurrentDOF": 0,
        "NoCurrentDefensivePact": 0,
        "NoCurrentDelegation": 0,
        "NoCurrentDenunciation": 0,
        "NoCurrentEmbassy": 0,
        "NoCurrentOpenBorders": 0,
        "NoCurrentResearchAgreement": 0,
        "RazeWarmongerPercent": 300,
        "RequiresAdjacentEmpires": 0,
        "RequiresAlliance": 0,
        "RequiresArchaeologyIntrusion": 0,
        "RequiresCapitalPath": 0,
        "RequiresConvertedCity": 0,
        "RequiresEspionageIntrusion": 0,
        "RequiresLeadXEras": 0,
        "RequiresOccupiedCity": 0,
        "RequiresOccupiedFriendlyCity": 0,
        "RequiresTeamMembership": 0,
        "RequiresWarOnAlliedCityState": 0,
        "TargetPrereqCivic": null,
        "TargetPrereqTech": null,
        "UIGroup": "FORMALWAR",
        "WarmongerPercent": 100
    },
    {
        "Agreement": 1,
        "CaptureWarmongerPercent": 100,
        "CivilopediaKey": "DIPLO_14",
        "Cost": 0,
        "DenouncementTurnsRequired": -1,
        "Description": "LOC_DIPLOACTION_JOINT_WAR_DESCRIPTION",
        "DiplomaticActionType": "DIPLOACTION_JOINT_WAR",
        "Duration": 30,
        "InitiatorObsoleteCivic": null,
        "InitiatorPrereqCivic": "CIVIC_FOREIGN_TRADE",
        "InitiatorPrereqTech": null,
        "Name": "LOC_DIPLOACTION_JOINT_WAR_NAME",
        "NoCurrentDOF": 0,
        "NoCurrentDefensivePact": 0,
        "NoCurrentDelegation": 0,
        "NoCurrentDenunciation": 0,
        "NoCurrentEmbassy": 0,
        "NoCurrentOpenBorders": 0,
        "NoCurrentResearchAgreement": 0,
        "RazeWarmongerPercent": 300,
        "RequiresAdjacentEmpires": 0,
        "RequiresAlliance": 0,
        "RequiresArchaeologyIntrusion": 0,
        "RequiresCapitalPath": 0,
        "RequiresConvertedCity": 0,
        "RequiresEspionageIntrusion": 0,
        "RequiresLeadXEras": 0,
        "RequiresOccupiedCity": 0,
        "RequiresOccupiedFriendlyCity": 0,
        "RequiresTeamMembership": 0,
        "RequiresWarOnAlliedCityState": 0,
        "TargetPrereqCivic": null,
        "TargetPrereqTech": null,
        "UIGroup": null,
        "WarmongerPercent": 100
    },
    {
        "Agreement": 0,
        "CaptureWarmongerPercent": 50,
        "CivilopediaKey": "DIPLO_3",
        "Cost": 0,
        "DenouncementTurnsRequired": 5,
        "Description": "LOC_DIPLOACTION_DECLARE_HOLY_WAR_DESCRIPTION",
        "DiplomaticActionType": "DIPLOACTION_DECLARE_HOLY_WAR",
        "Duration": 30,
        "InitiatorObsoleteCivic": null,
        "InitiatorPrereqCivic": "CIVIC_DIPLOMATIC_SERVICE",
        "InitiatorPrereqTech": null,
        "Name": "LOC_DIPLOACTION_DECLARE_HOLY_WAR_NAME",
        "NoCurrentDOF": 0,
        "NoCurrentDefensivePact": 0,
        "NoCurrentDelegation": 0,
        "NoCurrentDenunciation": 0,
        "NoCurrentEmbassy": 0,
        "NoCurrentOpenBorders": 0,
        "NoCurrentResearchAgreement": 0,
        "RazeWarmongerPercent": 50,
        "RequiresAdjacentEmpires": 0,
        "RequiresAlliance": 0,
        "RequiresArchaeologyIntrusion": 0,
        "RequiresCapitalPath": 0,
        "RequiresConvertedCity": 1,
        "RequiresEspionageIntrusion": 0,
        "RequiresLeadXEras": 0,
        "RequiresOccupiedCity": 0,
        "RequiresOccupiedFriendlyCity": 0,
        "RequiresTeamMembership": 0,
        "RequiresWarOnAlliedCityState": 0,
        "TargetPrereqCivic": null,
        "TargetPrereqTech": null,
        "UIGroup": "FORMALWAR",
        "WarmongerPercent": 50
    },
    {
        "Agreement": 0,
        "CaptureWarmongerPercent": 100,
        "CivilopediaKey": "DIPLO_3",
        "Cost": 0,
        "DenouncementTurnsRequired": 5,
        "Description": "LOC_DIPLOACTION_DECLARE_LIBERATION_WAR_DESCRIPTION",
        "DiplomaticActionType": "DIPLOACTION_DECLARE_LIBERATION_WAR",
        "Duration": 30,
        "InitiatorObsoleteCivic": null,
        "InitiatorPrereqCivic": "CIVIC_DIPLOMATIC_SERVICE",
        "InitiatorPrereqTech": null,
        "Name": "LOC_DIPLOACTION_DECLARE_LIBERATION_WAR_NAME",
        "NoCurrentDOF": 0,
        "NoCurrentDefensivePact": 0,
        "NoCurrentDelegation": 0,
        "NoCurrentDenunciation": 0,
        "NoCurrentEmbassy": 0,
        "NoCurrentOpenBorders": 0,
        "NoCurrentResearchAgreement": 0,
        "RazeWarmongerPercent": 600,
        "RequiresAdjacentEmpires": 0,
        "RequiresAlliance": 0,
        "RequiresArchaeologyIntrusion": 0,
        "RequiresCapitalPath": 0,
        "RequiresConvertedCity": 0,
        "RequiresEspionageIntrusion": 0,
        "RequiresLeadXEras": 0,
        "RequiresOccupiedCity": 0,
        "RequiresOccupiedFriendlyCity": 1,
        "RequiresTeamMembership": 0,
        "RequiresWarOnAlliedCityState": 0,
        "TargetPrereqCivic": null,
        "TargetPrereqTech": null,
        "UIGroup": "FORMALWAR",
        "WarmongerPercent": 0
    },
    {
        "Agreement": 0,
        "CaptureWarmongerPercent": 0,
        "CivilopediaKey": "DIPLO_3",
        "Cost": 0,
        "DenouncementTurnsRequired": 5,
        "Description": "LOC_DIPLOACTION_DECLARE_RECONQUEST_WAR_DESCRIPTION",
        "DiplomaticActionType": "DIPLOACTION_DECLARE_RECONQUEST_WAR",
        "Duration": 30,
        "InitiatorObsoleteCivic": null,
        "InitiatorPrereqCivic": "CIVIC_DEFENSIVE_TACTICS",
        "InitiatorPrereqTech": null,
        "Name": "LOC_DIPLOACTION_DECLARE_RECONQUEST_WAR_NAME",
        "NoCurrentDOF": 0,
        "NoCurrentDefensivePact": 0,
        "NoCurrentDelegation": 0,
        "NoCurrentDenunciation": 0,
        "NoCurrentEmbassy": 0,
        "NoCurrentOpenBorders": 0,
        "NoCurrentResearchAgreement": 0,
        "RazeWarmongerPercent": 0,
        "RequiresAdjacentEmpires": 0,
        "RequiresAlliance": 0,
        "RequiresArchaeologyIntrusion": 0,
        "RequiresCapitalPath": 0,
        "RequiresConvertedCity": 0,
        "RequiresEspionageIntrusion": 0,
        "RequiresLeadXEras": 0,
        "RequiresOccupiedCity": 1,
        "RequiresOccupiedFriendlyCity": 0,
        "RequiresTeamMembership": 0,
        "RequiresWarOnAlliedCityState": 0,
        "TargetPrereqCivic": null,
        "TargetPrereqTech": null,
        "UIGroup": "FORMALWAR",
        "WarmongerPercent": 0
    },
    {
        "Agreement": 0,
        "CaptureWarmongerPercent": 100,
        "CivilopediaKey": "DIPLO_3",
        "Cost": 0,
        "DenouncementTurnsRequired": 0,
        "Description": "LOC_DIPLOACTION_DECLARE_PROTECTORATE_WAR_DESCRIPTION",
        "DiplomaticActionType": "DIPLOACTION_DECLARE_PROTECTORATE_WAR",
        "Duration": 30,
        "InitiatorObsoleteCivic": null,
        "InitiatorPrereqCivic": "CIVIC_DEFENSIVE_TACTICS",
        "InitiatorPrereqTech": null,
        "Name": "LOC_DIPLOACTION_DECLARE_PROTECTORATE_WAR_NAME",
        "NoCurrentDOF": 0,
        "NoCurrentDefensivePact": 0,
        "NoCurrentDelegation": 0,
        "NoCurrentDenunciation": 0,
        "NoCurrentEmbassy": 0,
        "NoCurrentOpenBorders": 0,
        "NoCurrentResearchAgreement": 0,
        "RazeWarmongerPercent": 300,
        "RequiresAdjacentEmpires": 0,
        "RequiresAlliance": 0,
        "RequiresArchaeologyIntrusion": 0,
        "RequiresCapitalPath": 0,
        "RequiresConvertedCity": 0,
        "RequiresEspionageIntrusion": 0,
        "RequiresLeadXEras": 0,
        "RequiresOccupiedCity": 0,
        "RequiresOccupiedFriendlyCity": 0,
        "RequiresTeamMembership": 0,
        "RequiresWarOnAlliedCityState": 1,
        "TargetPrereqCivic": null,
        "TargetPrereqTech": null,
        "UIGroup": "FORMALWAR",
        "WarmongerPercent": 0
    },
    {
        "Agreement": 0,
        "CaptureWarmongerPercent": 50,
        "CivilopediaKey": "DIPLO_3",
        "Cost": 0,
        "DenouncementTurnsRequired": 5,
        "Description": "LOC_DIPLOACTION_DECLARE_COLONIAL_WAR_DESCRIPTION",
        "DiplomaticActionType": "DIPLOACTION_DECLARE_COLONIAL_WAR",
        "Duration": 30,
        "InitiatorObsoleteCivic": null,
        "InitiatorPrereqCivic": "CIVIC_NATIONALISM",
        "InitiatorPrereqTech": null,
        "Name": "LOC_DIPLOACTION_DECLARE_COLONIAL_WAR_NAME",
        "NoCurrentDOF": 0,
        "NoCurrentDefensivePact": 0,
        "NoCurrentDelegation": 0,
        "NoCurrentDenunciation": 0,
        "NoCurrentEmbassy": 0,
        "NoCurrentOpenBorders": 0,
        "NoCurrentResearchAgreement": 0,
        "RazeWarmongerPercent": 300,
        "RequiresAdjacentEmpires": 0,
        "RequiresAlliance": 0,
        "RequiresArchaeologyIntrusion": 0,
        "RequiresCapitalPath": 0,
        "RequiresConvertedCity": 0,
        "RequiresEspionageIntrusion": 0,
        "RequiresLeadXEras": 2,
        "RequiresOccupiedCity": 0,
        "RequiresOccupiedFriendlyCity": 0,
        "RequiresTeamMembership": 0,
        "RequiresWarOnAlliedCityState": 0,
        "TargetPrereqCivic": null,
        "TargetPrereqTech": null,
        "UIGroup": "FORMALWAR",
        "WarmongerPercent": 50
    },
    {
        "Agreement": 0,
        "CaptureWarmongerPercent": 75,
        "CivilopediaKey": "DIPLO_3",
        "Cost": 0,
        "DenouncementTurnsRequired": 5,
        "Description": "LOC_DIPLOACTION_DECLARE_TERRITORIAL_WAR_DESCRIPTION",
        "DiplomaticActionType": "DIPLOACTION_DECLARE_TERRITORIAL_WAR",
        "Duration": 30,
        "InitiatorObsoleteCivic": null,
        "InitiatorPrereqCivic": "CIVIC_MOBILIZATION",
        "InitiatorPrereqTech": null,
        "Name": "LOC_DIPLOACTION_DECLARE_TERRITORIAL_WAR_NAME",
        "NoCurrentDOF": 0,
        "NoCurrentDefensivePact": 0,
        "NoCurrentDelegation": 0,
        "NoCurrentDenunciation": 0,
        "NoCurrentEmbassy": 0,
        "NoCurrentOpenBorders": 0,
        "NoCurrentResearchAgreement": 0,
        "RazeWarmongerPercent": 150,
        "RequiresAdjacentEmpires": 1,
        "RequiresAlliance": 0,
        "RequiresArchaeologyIntrusion": 0,
        "RequiresCapitalPath": 0,
        "RequiresConvertedCity": 0,
        "RequiresEspionageIntrusion": 0,
        "RequiresLeadXEras": 0,
        "RequiresOccupiedCity": 0,
        "RequiresOccupiedFriendlyCity": 0,
        "RequiresTeamMembership": 0,
        "RequiresWarOnAlliedCityState": 0,
        "TargetPrereqCivic": null,
        "TargetPrereqTech": null,
        "UIGroup": "FORMALWAR",
        "WarmongerPercent": 75
    },
    {
        "Agreement": 0,
        "CaptureWarmongerPercent": 0,
        "CivilopediaKey": null,
        "Cost": 0,
        "DenouncementTurnsRequired": -1,
        "Description": "LOC_DIPLOACTION_PROPOSE_TRADE_DESCRIPTION",
        "DiplomaticActionType": "DIPLOACTION_PROPOSE_TRADE",
        "Duration": 30,
        "InitiatorObsoleteCivic": null,
        "InitiatorPrereqCivic": null,
        "InitiatorPrereqTech": null,
        "Name": "LOC_DIPLOACTION_PROPOSE_TRADE_NAME",
        "NoCurrentDOF": 0,
        "NoCurrentDefensivePact": 0,
        "NoCurrentDelegation": 0,
        "NoCurrentDenunciation": 0,
        "NoCurrentEmbassy": 0,
        "NoCurrentOpenBorders": 0,
        "NoCurrentResearchAgreement": 0,
        "RazeWarmongerPercent": 0,
        "RequiresAdjacentEmpires": 0,
        "RequiresAlliance": 0,
        "RequiresArchaeologyIntrusion": 0,
        "RequiresCapitalPath": 0,
        "RequiresConvertedCity": 0,
        "RequiresEspionageIntrusion": 0,
        "RequiresLeadXEras": 0,
        "RequiresOccupiedCity": 0,
        "RequiresOccupiedFriendlyCity": 0,
        "RequiresTeamMembership": 0,
        "RequiresWarOnAlliedCityState": 0,
        "TargetPrereqCivic": null,
        "TargetPrereqTech": null,
        "UIGroup": null,
        "WarmongerPercent": 0
    },
    {
        "Agreement": 0,
        "CaptureWarmongerPercent": 0,
        "CivilopediaKey": null,
        "Cost": 0,
        "DenouncementTurnsRequired": -1,
        "Description": null,
        "DiplomaticActionType": "DIPLOACTION_KEEP_PROMISE_DONT_SPY",
        "Duration": 30,
        "InitiatorObsoleteCivic": null,
        "InitiatorPrereqCivic": null,
        "InitiatorPrereqTech": null,
        "Name": "LOC_DIPLOACTION_KEEP_PROMISE_DONT_SPY_NAME",
        "NoCurrentDOF": 0,
        "NoCurrentDefensivePact": 0,
        "NoCurrentDelegation": 0,
        "NoCurrentDenunciation": 0,
        "NoCurrentEmbassy": 0,
        "NoCurrentOpenBorders": 0,
        "NoCurrentResearchAgreement": 0,
        "RazeWarmongerPercent": 0,
        "RequiresAdjacentEmpires": 0,
        "RequiresAlliance": 0,
        "RequiresArchaeologyIntrusion": 0,
        "RequiresCapitalPath": 0,
        "RequiresConvertedCity": 0,
        "RequiresEspionageIntrusion": 0,
        "RequiresLeadXEras": 0,
        "RequiresOccupiedCity": 0,
        "RequiresOccupiedFriendlyCity": 0,
        "RequiresTeamMembership": 0,
        "RequiresWarOnAlliedCityState": 0,
        "TargetPrereqCivic": null,
        "TargetPrereqTech": null,
        "UIGroup": "DISCUSS",
        "WarmongerPercent": 0
    },
    {
        "Agreement": 0,
        "CaptureWarmongerPercent": 0,
        "CivilopediaKey": null,
        "Cost": 0,
        "DenouncementTurnsRequired": -1,
        "Description": null,
        "DiplomaticActionType": "DIPLOACTION_KEEP_PROMISE_DONT_CONVERT",
        "Duration": 30,
        "InitiatorObsoleteCivic": null,
        "InitiatorPrereqCivic": null,
        "InitiatorPrereqTech": null,
        "Name": "LOC_DIPLOACTION_KEEP_PROMISE_DONT_CONVERT_NAME",
        "NoCurrentDOF": 0,
        "NoCurrentDefensivePact": 0,
        "NoCurrentDelegation": 0,
        "NoCurrentDenunciation": 0,
        "NoCurrentEmbassy": 0,
        "NoCurrentOpenBorders": 0,
        "NoCurrentResearchAgreement": 0,
        "RazeWarmongerPercent": 0,
        "RequiresAdjacentEmpires": 0,
        "RequiresAlliance": 0,
        "RequiresArchaeologyIntrusion": 0,
        "RequiresCapitalPath": 0,
        "RequiresConvertedCity": 0,
        "RequiresEspionageIntrusion": 0,
        "RequiresLeadXEras": 0,
        "RequiresOccupiedCity": 0,
        "RequiresOccupiedFriendlyCity": 0,
        "RequiresTeamMembership": 0,
        "RequiresWarOnAlliedCityState": 0,
        "TargetPrereqCivic": null,
        "TargetPrereqTech": null,
        "UIGroup": "DISCUSS",
        "WarmongerPercent": 0
    },
    {
        "Agreement": 0,
        "CaptureWarmongerPercent": 0,
        "CivilopediaKey": null,
        "Cost": 0,
        "DenouncementTurnsRequired": -1,
        "Description": null,
        "DiplomaticActionType": "DIPLOACTION_KEEP_PROMISE_DONT_DIG_ARTIFACTS",
        "Duration": 30,
        "InitiatorObsoleteCivic": null,
        "InitiatorPrereqCivic": null,
        "InitiatorPrereqTech": null,
        "Name": "LOC_DIPLOACTION_KEEP_PROMISE_DONT_DIG_ARTIFACTS_NAME",
        "NoCurrentDOF": 0,
        "NoCurrentDefensivePact": 0,
        "NoCurrentDelegation": 0,
        "NoCurrentDenunciation": 0,
        "NoCurrentEmbassy": 0,
        "NoCurrentOpenBorders": 0,
        "NoCurrentResearchAgreement": 0,
        "RazeWarmongerPercent": 0,
        "RequiresAdjacentEmpires": 0,
        "RequiresAlliance": 0,
        "RequiresArchaeologyIntrusion": 0,
        "RequiresCapitalPath": 0,
        "RequiresConvertedCity": 0,
        "RequiresEspionageIntrusion": 0,
        "RequiresLeadXEras": 0,
        "RequiresOccupiedCity": 0,
        "RequiresOccupiedFriendlyCity": 0,
        "RequiresTeamMembership": 0,
        "RequiresWarOnAlliedCityState": 0,
        "TargetPrereqCivic": null,
        "TargetPrereqTech": null,
        "UIGroup": "DISCUSS",
        "WarmongerPercent": 0
    },
    {
        "Agreement": 0,
        "CaptureWarmongerPercent": 0,
        "CivilopediaKey": null,
        "Cost": 0,
        "DenouncementTurnsRequired": -1,
        "Description": null,
        "DiplomaticActionType": "DIPLOACTION_KEEP_PROMISE_DONT_SETTLE_TOO_NEAR",
        "Duration": 30,
        "InitiatorObsoleteCivic": null,
        "InitiatorPrereqCivic": null,
        "InitiatorPrereqTech": null,
        "Name": "LOC_DIPLOACTION_KEEP_PROMISE_DONT_SETTLE_TOO_NEAR_NAME",
        "NoCurrentDOF": 0,
        "NoCurrentDefensivePact": 0,
        "NoCurrentDelegation": 0,
        "NoCurrentDenunciation": 0,
        "NoCurrentEmbassy": 0,
        "NoCurrentOpenBorders": 0,
        "NoCurrentResearchAgreement": 0,
        "RazeWarmongerPercent": 0,
        "RequiresAdjacentEmpires": 0,
        "RequiresAlliance": 0,
        "RequiresArchaeologyIntrusion": 0,
        "RequiresCapitalPath": 0,
        "RequiresConvertedCity": 0,
        "RequiresEspionageIntrusion": 0,
        "RequiresLeadXEras": 0,
        "RequiresOccupiedCity": 0,
        "RequiresOccupiedFriendlyCity": 0,
        "RequiresTeamMembership": 0,
        "RequiresWarOnAlliedCityState": 0,
        "TargetPrereqCivic": null,
        "TargetPrereqTech": null,
        "UIGroup": "DISCUSS",
        "WarmongerPercent": 0
    },
    {
        "Agreement": 0,
        "CaptureWarmongerPercent": 0,
        "CivilopediaKey": null,
        "Cost": 0,
        "DenouncementTurnsRequired": -1,
        "Description": "LOC_DIPLOACTION_PROPOSE_PEACE_DEAL_DESCRIPTION",
        "DiplomaticActionType": "DIPLOACTION_PROPOSE_PEACE_DEAL",
        "Duration": 30,
        "InitiatorObsoleteCivic": null,
        "InitiatorPrereqCivic": null,
        "InitiatorPrereqTech": null,
        "Name": "LOC_DIPLOACTION_PROPOSE_PEACE_DEAL",
        "NoCurrentDOF": 0,
        "NoCurrentDefensivePact": 0,
        "NoCurrentDelegation": 0,
        "NoCurrentDenunciation": 0,
        "NoCurrentEmbassy": 0,
        "NoCurrentOpenBorders": 0,
        "NoCurrentResearchAgreement": 0,
        "RazeWarmongerPercent": 0,
        "RequiresAdjacentEmpires": 0,
        "RequiresAlliance": 0,
        "RequiresArchaeologyIntrusion": 0,
        "RequiresCapitalPath": 0,
        "RequiresConvertedCity": 0,
        "RequiresEspionageIntrusion": 0,
        "RequiresLeadXEras": 0,
        "RequiresOccupiedCity": 0,
        "RequiresOccupiedFriendlyCity": 0,
        "RequiresTeamMembership": 0,
        "RequiresWarOnAlliedCityState": 0,
        "TargetPrereqCivic": null,
        "TargetPrereqTech": null,
        "UIGroup": null,
        "WarmongerPercent": 0
    },
    {
        "Agreement": 0,
        "CaptureWarmongerPercent": 0,
        "CivilopediaKey": null,
        "Cost": 0,
        "DenouncementTurnsRequired": -1,
        "Description": null,
        "DiplomaticActionType": "DIPLOACTION_VIEW_TRADE",
        "Duration": 30,
        "InitiatorObsoleteCivic": null,
        "InitiatorPrereqCivic": null,
        "InitiatorPrereqTech": null,
        "Name": "LOC_DIPLOACTION_VIEW_TRADE_NAME",
        "NoCurrentDOF": 0,
        "NoCurrentDefensivePact": 0,
        "NoCurrentDelegation": 0,
        "NoCurrentDenunciation": 0,
        "NoCurrentEmbassy": 0,
        "NoCurrentOpenBorders": 0,
        "NoCurrentResearchAgreement": 0,
        "RazeWarmongerPercent": 0,
        "RequiresAdjacentEmpires": 0,
        "RequiresAlliance": 0,
        "RequiresArchaeologyIntrusion": 0,
        "RequiresCapitalPath": 0,
        "RequiresConvertedCity": 0,
        "RequiresEspionageIntrusion": 0,
        "RequiresLeadXEras": 0,
        "RequiresOccupiedCity": 0,
        "RequiresOccupiedFriendlyCity": 0,
        "RequiresTeamMembership": 0,
        "RequiresWarOnAlliedCityState": 0,
        "TargetPrereqCivic": null,
        "TargetPrereqTech": null,
        "UIGroup": null,
        "WarmongerPercent": 0
    },
    {
        "Agreement": 0,
        "CaptureWarmongerPercent": 0,
        "CivilopediaKey": null,
        "Cost": 0,
        "DenouncementTurnsRequired": -1,
        "Description": null,
        "DiplomaticActionType": "DIPLOACTION_VIEW_DEMAND_TRIBUTE",
        "Duration": 30,
        "InitiatorObsoleteCivic": null,
        "InitiatorPrereqCivic": null,
        "InitiatorPrereqTech": null,
        "Name": "LOC_DIPLOACTION_VIEW_DEMAND_TRIBUTE_NAME",
        "NoCurrentDOF": 0,
        "NoCurrentDefensivePact": 0,
        "NoCurrentDelegation": 0,
        "NoCurrentDenunciation": 0,
        "NoCurrentEmbassy": 0,
        "NoCurrentOpenBorders": 0,
        "NoCurrentResearchAgreement": 0,
        "RazeWarmongerPercent": 0,
        "RequiresAdjacentEmpires": 0,
        "RequiresAlliance": 0,
        "RequiresArchaeologyIntrusion": 0,
        "RequiresCapitalPath": 0,
        "RequiresConvertedCity": 0,
        "RequiresEspionageIntrusion": 0,
        "RequiresLeadXEras": 0,
        "RequiresOccupiedCity": 0,
        "RequiresOccupiedFriendlyCity": 0,
        "RequiresTeamMembership": 0,
        "RequiresWarOnAlliedCityState": 0,
        "TargetPrereqCivic": null,
        "TargetPrereqTech": null,
        "UIGroup": null,
        "WarmongerPercent": 0
    },
    {
        "Agreement": 0,
        "CaptureWarmongerPercent": 0,
        "CivilopediaKey": null,
        "Cost": 0,
        "DenouncementTurnsRequired": -1,
        "Description": null,
        "DiplomaticActionType": "DIPLOACTION_USE_NUCLEAR_WEAPON",
        "Duration": 30,
        "InitiatorObsoleteCivic": null,
        "InitiatorPrereqCivic": null,
        "InitiatorPrereqTech": null,
        "Name": "LOC_DIPLOACTION_USE_NUCLEAR_WEAPON",
        "NoCurrentDOF": 0,
        "NoCurrentDefensivePact": 0,
        "NoCurrentDelegation": 0,
        "NoCurrentDenunciation": 0,
        "NoCurrentEmbassy": 0,
        "NoCurrentOpenBorders": 0,
        "NoCurrentResearchAgreement": 0,
        "RazeWarmongerPercent": 0,
        "RequiresAdjacentEmpires": 0,
        "RequiresAlliance": 0,
        "RequiresArchaeologyIntrusion": 0,
        "RequiresCapitalPath": 0,
        "RequiresConvertedCity": 0,
        "RequiresEspionageIntrusion": 0,
        "RequiresLeadXEras": 0,
        "RequiresOccupiedCity": 0,
        "RequiresOccupiedFriendlyCity": 0,
        "RequiresTeamMembership": 0,
        "RequiresWarOnAlliedCityState": 0,
        "TargetPrereqCivic": null,
        "TargetPrereqTech": null,
        "UIGroup": null,
        "WarmongerPercent": 0
    },
    {
        "Agreement": 0,
        "CaptureWarmongerPercent": 0,
        "CivilopediaKey": null,
        "Cost": 0,
        "DenouncementTurnsRequired": -1,
        "Description": null,
        "DiplomaticActionType": "DIPLOACTION_LIBERATE_CITY",
        "Duration": 30,
        "InitiatorObsoleteCivic": null,
        "InitiatorPrereqCivic": null,
        "InitiatorPrereqTech": null,
        "Name": "LOC_DIPLOACTION_LIBERATE_CITY",
        "NoCurrentDOF": 0,
        "NoCurrentDefensivePact": 0,
        "NoCurrentDelegation": 0,
        "NoCurrentDenunciation": 0,
        "NoCurrentEmbassy": 0,
        "NoCurrentOpenBorders": 0,
        "NoCurrentResearchAgreement": 0,
        "RazeWarmongerPercent": 0,
        "RequiresAdjacentEmpires": 0,
        "RequiresAlliance": 0,
        "RequiresArchaeologyIntrusion": 0,
        "RequiresCapitalPath": 0,
        "RequiresConvertedCity": 0,
        "RequiresEspionageIntrusion": 0,
        "RequiresLeadXEras": 0,
        "RequiresOccupiedCity": 0,
        "RequiresOccupiedFriendlyCity": 0,
        "RequiresTeamMembership": 0,
        "RequiresWarOnAlliedCityState": 0,
        "TargetPrereqCivic": null,
        "TargetPrereqTech": null,
        "UIGroup": null,
        "WarmongerPercent": 0
    },
    {
        "Agreement": 0,
        "CaptureWarmongerPercent": 0,
        "CivilopediaKey": "DIPLO_3",
        "Cost": 0,
        "DenouncementTurnsRequired": -1,
        "Description": "LOC_DIPLOMACY_ALLIANCES_TT",
        "DiplomaticActionType": "DIPLOACTION_ALLIANCE_RESEARCH",
        "Duration": 30,
        "InitiatorObsoleteCivic": null,
        "InitiatorPrereqCivic": "CIVIC_CIVIL_SERVICE",
        "InitiatorPrereqTech": null,
        "Name": null,
        "NoCurrentDOF": 0,
        "NoCurrentDefensivePact": 0,
        "NoCurrentDelegation": 0,
        "NoCurrentDenunciation": 0,
        "NoCurrentEmbassy": 0,
        "NoCurrentOpenBorders": 0,
        "NoCurrentResearchAgreement": 0,
        "RazeWarmongerPercent": 0,
        "RequiresAdjacentEmpires": 0,
        "RequiresAlliance": 0,
        "RequiresArchaeologyIntrusion": 0,
        "RequiresCapitalPath": 0,
        "RequiresConvertedCity": 0,
        "RequiresEspionageIntrusion": 0,
        "RequiresLeadXEras": 0,
        "RequiresOccupiedCity": 0,
        "RequiresOccupiedFriendlyCity": 0,
        "RequiresTeamMembership": 0,
        "RequiresWarOnAlliedCityState": 0,
        "TargetPrereqCivic": "CIVIC_CIVIL_SERVICE",
        "TargetPrereqTech": null,
        "UIGroup": "ALLIANCES",
        "WarmongerPercent": 0
    },
    {
        "Agreement": 0,
        "CaptureWarmongerPercent": 0,
        "CivilopediaKey": "DIPLO_3",
        "Cost": 0,
        "DenouncementTurnsRequired": -1,
        "Description": "LOC_DIPLOMACY_ALLIANCES_TT",
        "DiplomaticActionType": "DIPLOACTION_ALLIANCE_MILITARY",
        "Duration": 30,
        "InitiatorObsoleteCivic": null,
        "InitiatorPrereqCivic": "CIVIC_CIVIL_SERVICE",
        "InitiatorPrereqTech": null,
        "Name": null,
        "NoCurrentDOF": 0,
        "NoCurrentDefensivePact": 0,
        "NoCurrentDelegation": 0,
        "NoCurrentDenunciation": 0,
        "NoCurrentEmbassy": 0,
        "NoCurrentOpenBorders": 0,
        "NoCurrentResearchAgreement": 0,
        "RazeWarmongerPercent": 0,
        "RequiresAdjacentEmpires": 0,
        "RequiresAlliance": 0,
        "RequiresArchaeologyIntrusion": 0,
        "RequiresCapitalPath": 0,
        "RequiresConvertedCity": 0,
        "RequiresEspionageIntrusion": 0,
        "RequiresLeadXEras": 0,
        "RequiresOccupiedCity": 0,
        "RequiresOccupiedFriendlyCity": 0,
        "RequiresTeamMembership": 0,
        "RequiresWarOnAlliedCityState": 0,
        "TargetPrereqCivic": "CIVIC_CIVIL_SERVICE",
        "TargetPrereqTech": null,
        "UIGroup": "ALLIANCES",
        "WarmongerPercent": 0
    },
    {
        "Agreement": 0,
        "CaptureWarmongerPercent": 0,
        "CivilopediaKey": "DIPLO_3",
        "Cost": 0,
        "DenouncementTurnsRequired": -1,
        "Description": "LOC_DIPLOMACY_ALLIANCES_TT",
        "DiplomaticActionType": "DIPLOACTION_ALLIANCE_ECONOMIC",
        "Duration": 30,
        "InitiatorObsoleteCivic": null,
        "InitiatorPrereqCivic": "CIVIC_CIVIL_SERVICE",
        "InitiatorPrereqTech": null,
        "Name": null,
        "NoCurrentDOF": 0,
        "NoCurrentDefensivePact": 0,
        "NoCurrentDelegation": 0,
        "NoCurrentDenunciation": 0,
        "NoCurrentEmbassy": 0,
        "NoCurrentOpenBorders": 0,
        "NoCurrentResearchAgreement": 0,
        "RazeWarmongerPercent": 0,
        "RequiresAdjacentEmpires": 0,
        "RequiresAlliance": 0,
        "RequiresArchaeologyIntrusion": 0,
        "RequiresCapitalPath": 0,
        "RequiresConvertedCity": 0,
        "RequiresEspionageIntrusion": 0,
        "RequiresLeadXEras": 0,
        "RequiresOccupiedCity": 0,
        "RequiresOccupiedFriendlyCity": 0,
        "RequiresTeamMembership": 0,
        "RequiresWarOnAlliedCityState": 0,
        "TargetPrereqCivic": "CIVIC_CIVIL_SERVICE",
        "TargetPrereqTech": null,
        "UIGroup": "ALLIANCES",
        "WarmongerPercent": 0
    },
    {
        "Agreement": 0,
        "CaptureWarmongerPercent": 0,
        "CivilopediaKey": "DIPLO_3",
        "Cost": 0,
        "DenouncementTurnsRequired": -1,
        "Description": "LOC_DIPLOMACY_ALLIANCES_TT",
        "DiplomaticActionType": "DIPLOACTION_ALLIANCE_CULTURAL",
        "Duration": 30,
        "InitiatorObsoleteCivic": null,
        "InitiatorPrereqCivic": "CIVIC_CIVIL_SERVICE",
        "InitiatorPrereqTech": null,
        "Name": null,
        "NoCurrentDOF": 0,
        "NoCurrentDefensivePact": 0,
        "NoCurrentDelegation": 0,
        "NoCurrentDenunciation": 0,
        "NoCurrentEmbassy": 0,
        "NoCurrentOpenBorders": 0,
        "NoCurrentResearchAgreement": 0,
        "RazeWarmongerPercent": 0,
        "RequiresAdjacentEmpires": 0,
        "RequiresAlliance": 0,
        "RequiresArchaeologyIntrusion": 0,
        "RequiresCapitalPath": 0,
        "RequiresConvertedCity": 0,
        "RequiresEspionageIntrusion": 0,
        "RequiresLeadXEras": 0,
        "RequiresOccupiedCity": 0,
        "RequiresOccupiedFriendlyCity": 0,
        "RequiresTeamMembership": 0,
        "RequiresWarOnAlliedCityState": 0,
        "TargetPrereqCivic": "CIVIC_CIVIL_SERVICE",
        "TargetPrereqTech": null,
        "UIGroup": "ALLIANCES",
        "WarmongerPercent": 0
    },
    {
        "Agreement": 0,
        "CaptureWarmongerPercent": 0,
        "CivilopediaKey": "DIPLO_3",
        "Cost": 0,
        "DenouncementTurnsRequired": -1,
        "Description": "LOC_DIPLOMACY_ALLIANCES_TT",
        "DiplomaticActionType": "DIPLOACTION_ALLIANCE_RELIGIOUS",
        "Duration": 30,
        "InitiatorObsoleteCivic": null,
        "InitiatorPrereqCivic": "CIVIC_CIVIL_SERVICE",
        "InitiatorPrereqTech": null,
        "Name": null,
        "NoCurrentDOF": 0,
        "NoCurrentDefensivePact": 0,
        "NoCurrentDelegation": 0,
        "NoCurrentDenunciation": 0,
        "NoCurrentEmbassy": 0,
        "NoCurrentOpenBorders": 0,
        "NoCurrentResearchAgreement": 0,
        "RazeWarmongerPercent": 0,
        "RequiresAdjacentEmpires": 0,
        "RequiresAlliance": 0,
        "RequiresArchaeologyIntrusion": 0,
        "RequiresCapitalPath": 0,
        "RequiresConvertedCity": 0,
        "RequiresEspionageIntrusion": 0,
        "RequiresLeadXEras": 0,
        "RequiresOccupiedCity": 0,
        "RequiresOccupiedFriendlyCity": 0,
        "RequiresTeamMembership": 0,
        "RequiresWarOnAlliedCityState": 0,
        "TargetPrereqCivic": "CIVIC_CIVIL_SERVICE",
        "TargetPrereqTech": null,
        "UIGroup": "ALLIANCES",
        "WarmongerPercent": 0
    },
    {
        "Agreement": 0,
        "CaptureWarmongerPercent": 0,
        "CivilopediaKey": "DIPLO_3",
        "Cost": 0,
        "DenouncementTurnsRequired": -1,
        "Description": "LOC_DIPLOMACY_RENEW_ALLIANCE_TT",
        "DiplomaticActionType": "DIPLOACTION_RENEW_ALLIANCE",
        "Duration": 30,
        "InitiatorObsoleteCivic": null,
        "InitiatorPrereqCivic": "CIVIC_CIVIL_SERVICE",
        "InitiatorPrereqTech": null,
        "Name": null,
        "NoCurrentDOF": 0,
        "NoCurrentDefensivePact": 0,
        "NoCurrentDelegation": 0,
        "NoCurrentDenunciation": 0,
        "NoCurrentEmbassy": 0,
        "NoCurrentOpenBorders": 0,
        "NoCurrentResearchAgreement": 0,
        "RazeWarmongerPercent": 0,
        "RequiresAdjacentEmpires": 0,
        "RequiresAlliance": 1,
        "RequiresArchaeologyIntrusion": 0,
        "RequiresCapitalPath": 0,
        "RequiresConvertedCity": 0,
        "RequiresEspionageIntrusion": 0,
        "RequiresLeadXEras": 0,
        "RequiresOccupiedCity": 0,
        "RequiresOccupiedFriendlyCity": 0,
        "RequiresTeamMembership": 0,
        "RequiresWarOnAlliedCityState": 0,
        "TargetPrereqCivic": "CIVIC_CIVIL_SERVICE",
        "TargetPrereqTech": null,
        "UIGroup": null,
        "WarmongerPercent": 0
    },
    {
        "Agreement": 0,
        "CaptureWarmongerPercent": 50,
        "CivilopediaKey": "DIPLO_3",
        "Cost": 0,
        "DenouncementTurnsRequired": 5,
        "Description": "LOC_DIPLOACTION_DECLARE_WAR_OF_RETRIBUTION_DESCRIPTION",
        "DiplomaticActionType": "DIPLOACTION_DECLARE_WAR_OF_RETRIBUTION",
        "Duration": 30,
        "InitiatorObsoleteCivic": null,
        "InitiatorPrereqCivic": "CIVIC_EARLY_EMPIRE",
        "InitiatorPrereqTech": null,
        "Name": "LOC_DIPLOACTION_DECLARE_WAR_OF_RETRIBUTION_NAME",
        "NoCurrentDOF": 0,
        "NoCurrentDefensivePact": 0,
        "NoCurrentDelegation": 0,
        "NoCurrentDenunciation": 0,
        "NoCurrentEmbassy": 0,
        "NoCurrentOpenBorders": 0,
        "NoCurrentResearchAgreement": 0,
        "RazeWarmongerPercent": 200,
        "RequiresAdjacentEmpires": 0,
        "RequiresAlliance": 0,
        "RequiresArchaeologyIntrusion": 0,
        "RequiresCapitalPath": 0,
        "RequiresConvertedCity": 0,
        "RequiresEspionageIntrusion": 0,
        "RequiresLeadXEras": 0,
        "RequiresOccupiedCity": 0,
        "RequiresOccupiedFriendlyCity": 0,
        "RequiresTeamMembership": 0,
        "RequiresWarOnAlliedCityState": 0,
        "TargetPrereqCivic": null,
        "TargetPrereqTech": null,
        "UIGroup": "FORMALWAR",
        "WarmongerPercent": 50
    },
    {
        "Agreement": 0,
        "CaptureWarmongerPercent": 50,
        "CivilopediaKey": "DIPLO_3",
        "Cost": 0,
        "DenouncementTurnsRequired": 5,
        "Description": "LOC_DIPLOACTION_DECLARE_IDEOLOGICAL_WAR_DESCRIPTION",
        "DiplomaticActionType": "DIPLOACTION_DECLARE_IDEOLOGICAL_WAR",
        "Duration": 30,
        "InitiatorObsoleteCivic": null,
        "InitiatorPrereqCivic": "CIVIC_IDEOLOGY",
        "InitiatorPrereqTech": null,
        "Name": "LOC_DIPLOACTION_DECLARE_IDEOLOGICAL_WAR_NAME",
        "NoCurrentDOF": 0,
        "NoCurrentDefensivePact": 0,
        "NoCurrentDelegation": 0,
        "NoCurrentDenunciation": 0,
        "NoCurrentEmbassy": 0,
        "NoCurrentOpenBorders": 0,
        "NoCurrentResearchAgreement": 0,
        "RazeWarmongerPercent": 150,
        "RequiresAdjacentEmpires": 0,
        "RequiresAlliance": 0,
        "RequiresArchaeologyIntrusion": 0,
        "RequiresCapitalPath": 0,
        "RequiresConvertedCity": 0,
        "RequiresEspionageIntrusion": 0,
        "RequiresLeadXEras": 0,
        "RequiresOccupiedCity": 0,
        "RequiresOccupiedFriendlyCity": 0,
        "RequiresTeamMembership": 0,
        "RequiresWarOnAlliedCityState": 0,
        "TargetPrereqCivic": null,
        "TargetPrereqTech": null,
        "UIGroup": "FORMALWAR",
        "WarmongerPercent": 50
    },
    {
        "Agreement": 1,
        "CaptureWarmongerPercent": 100,
        "CivilopediaKey": "DIPLO_14",
        "Cost": 0,
        "DenouncementTurnsRequired": -1,
        "Description": "LOC_DIPLOACTION_THIRD_PARTY_WAR_DESCRIPTION",
        "DiplomaticActionType": "DIPLOACTION_THIRD_PARTY_WAR",
        "Duration": 30,
        "InitiatorObsoleteCivic": null,
        "InitiatorPrereqCivic": "CIVIC_FOREIGN_TRADE",
        "InitiatorPrereqTech": null,
        "Name": "LOC_DIPLOACTION_THIRD_PARTY_WAR_NAME",
        "NoCurrentDOF": 0,
        "NoCurrentDefensivePact": 0,
        "NoCurrentDelegation": 0,
        "NoCurrentDenunciation": 0,
        "NoCurrentEmbassy": 0,
        "NoCurrentOpenBorders": 0,
        "NoCurrentResearchAgreement": 0,
        "RazeWarmongerPercent": 300,
        "RequiresAdjacentEmpires": 0,
        "RequiresAlliance": 0,
        "RequiresArchaeologyIntrusion": 0,
        "RequiresCapitalPath": 0,
        "RequiresConvertedCity": 0,
        "RequiresEspionageIntrusion": 0,
        "RequiresLeadXEras": 0,
        "RequiresOccupiedCity": 0,
        "RequiresOccupiedFriendlyCity": 0,
        "RequiresTeamMembership": 0,
        "RequiresWarOnAlliedCityState": 0,
        "TargetPrereqCivic": null,
        "TargetPrereqTech": null,
        "UIGroup": null,
        "WarmongerPercent": 100
    }
]