[
    {
        "ActionDescription": "LOC_VIZSOURCE_ACTION_TECH",
        "Ally": 0,
        "Delegate": 0,
        "Description": "LOC_VIZSOURCE_TECH",
        "FromCitizen": 0,
        "GossipString": "LOC_GOSSIP_SOURCE_TECH",
        "GreatPersonIndividualType": null,
        "LevelRequired": 0,
        "PrereqTech": "TECH_PRINTING",
        "Spy": 0,
        "Trader": 0,
        "TraitType": null,
        "VisibilitySourceType": "SOURCE_TECH"
    },
    {
        "ActionDescription": "LOC_VIZSOURCE_ACTION_TRADER",
        "Ally": 0,
        "Delegate": 0,
        "Description": "LOC_VIZSOURCE_TRADER",
        "FromCitizen": 1,
        "GossipString": "LOC_GOSSIP_SOURCE_TRADER",
        "GreatPersonIndividualType": null,
        "LevelRequired": 0,
        "PrereqTech": null,
        "Spy": 0,
        "Trader": 1,
        "TraitType": null,
        "VisibilitySourceType": "SOURCE_TRADER"
    },
    {
        "ActionDescription": "LOC_VIZSOURCE_ACTION_DELEGATE",
        "Ally": 0,
        "Delegate": 1,
        "Description": "LOC_VIZSOURCE_DELEGATE",
        "FromCitizen": 1,
        "GossipString": "LOC_GOSSIP_SOURCE_DELEGATE",
        "GreatPersonIndividualType": null,
        "LevelRequired": 0,
        "PrereqTech": null,
        "Spy": 0,
        "Trader": 0,
        "TraitType": null,
        "VisibilitySourceType": "SOURCE_DELEGATE"
    },
    {
        "ActionDescription": "LOC_VIZSOURCE_ACTION_TRAIT",
        "Ally": 0,
        "Delegate": 0,
        "Description": "LOC_VIZSOURCE_TRAIT",
        "FromCitizen": 1,
        "GossipString": "LOC_GOSSIP_SOURCE_TRAIT",
        "GreatPersonIndividualType": null,
        "LevelRequired": 0,
        "PrereqTech": null,
        "Spy": 0,
        "Trader": 0,
        "TraitType": "FLYING_SQUADRON_TRAIT",
        "VisibilitySourceType": "SOURCE_TRAIT"
    },
    {
        "ActionDescription": "LOC_VIZSOURCE_ACTION_ALLY",
        "Ally": 1,
        "Delegate": 0,
        "Description": "LOC_VIZSOURCE_ALLY",
        "FromCitizen": 0,
        "GossipString": "LOC_GOSSIP_SOURCE_ALLY",
        "GreatPersonIndividualType": null,
        "LevelRequired": 0,
        "PrereqTech": null,
        "Spy": 0,
        "Trader": 0,
        "TraitType": null,
        "VisibilitySourceType": "SOURCE_ALLY"
    },
    {
        "ActionDescription": "LOC_VIZSOURCE_ACTION_SPY",
        "Ally": 0,
        "Delegate": 0,
        "Description": "LOC_VIZSOURCE_SPY",
        "FromCitizen": 1,
        "GossipString": "LOC_GOSSIP_SOURCE_SPY",
        "GreatPersonIndividualType": null,
        "LevelRequired": 0,
        "PrereqTech": null,
        "Spy": 1,
        "Trader": 0,
        "TraitType": null,
        "VisibilitySourceType": "SOURCE_SPY"
    },
    {
        "ActionDescription": "LOC_VIZSOURCE_ACTION_TRADING_POST_TRAIT",
        "Ally": 0,
        "Delegate": 0,
        "Description": "LOC_VIZSOURCE_TRADING_POST_TRAIT",
        "FromCitizen": 0,
        "GossipString": "LOC_GOSSIP_SOURCE_VENDOR",
        "GreatPersonIndividualType": null,
        "LevelRequired": 0,
        "PrereqTech": null,
        "Spy": 0,
        "Trader": 0,
        "TraitType": null,
        "VisibilitySourceType": "SOURCE_TRADING_POST_TRAIT"
    },
    {
        "ActionDescription": "LOC_VIZSOURCE_ACTION_HIGHLEVEL_SPY",
        "Ally": 0,
        "Delegate": 0,
        "Description": "LOC_VIZSOURCE_HIGHLEVEL_SPY",
        "FromCitizen": 1,
        "GossipString": "LOC_GOSSIP_SOURCE_HIGHLEVEL_SPY",
        "GreatPersonIndividualType": null,
        "LevelRequired": 3,
        "PrereqTech": null,
        "Spy": 1,
        "Trader": 0,
        "TraitType": null,
        "VisibilitySourceType": "SOURCE_HIGHLEVEL_SPY"
    },
    {
        "ActionDescription": "LOC_VIZSOURCE_ACTION_GREAT_PERSON_JOURNALISM",
        "Ally": 0,
        "Delegate": 0,
        "Description": "LOC_VIZSOURCE_GREAT_PERSON_JOURNALISM",
        "FromCitizen": 1,
        "GossipString": "LOC_GOSSIP_SOURCE_GREAT_PERSON_JOURNALISM",
        "GreatPersonIndividualType": "GREAT_PERSON_INDIVIDUAL_MARY_KATHERINE_GODDARD",
        "LevelRequired": 0,
        "PrereqTech": null,
        "Spy": 0,
        "Trader": 0,
        "TraitType": null,
        "VisibilitySourceType": "SOURCE_GREAT_PERSON_JOURNALISM"
    }
]