[
    {
        "DistrictType": "DISTRICT_CAMPUS",
        "YieldChangeId": "Mountains_Science1"
    },
    {
        "DistrictType": "DISTRICT_CAMPUS",
        "YieldChangeId": "Mountains_Science2"
    },
    {
        "DistrictType": "DISTRICT_CAMPUS",
        "YieldChangeId": "Mountains_Science3"
    },
    {
        "DistrictType": "DISTRICT_CAMPUS",
        "YieldChangeId": "Mountains_Science4"
    },
    {
        "DistrictType": "DISTRICT_CAMPUS",
        "YieldChangeId": "Mountains_Science5"
    },
    {
        "DistrictType": "DISTRICT_CAMPUS",
        "YieldChangeId": "Jungle_Science"
    },
    {
        "DistrictType": "DISTRICT_CAMPUS",
        "YieldChangeId": "District_Science"
    },
    {
        "DistrictType": "DISTRICT_HOLY_SITE",
        "YieldChangeId": "NaturalWonder_Faith"
    },
    {
        "DistrictType": "DISTRICT_HOLY_SITE",
        "YieldChangeId": "Mountain_Faith1"
    },
    {
        "DistrictType": "DISTRICT_HOLY_SITE",
        "YieldChangeId": "Mountain_Faith2"
    },
    {
        "DistrictType": "DISTRICT_HOLY_SITE",
        "YieldChangeId": "Mountain_Faith3"
    },
    {
        "DistrictType": "DISTRICT_HOLY_SITE",
        "YieldChangeId": "Mountain_Faith4"
    },
    {
        "DistrictType": "DISTRICT_HOLY_SITE",
        "YieldChangeId": "Mountain_Faith5"
    },
    {
        "DistrictType": "DISTRICT_HOLY_SITE",
        "YieldChangeId": "Forest_Faith"
    },
    {
        "DistrictType": "DISTRICT_HOLY_SITE",
        "YieldChangeId": "District_Faith"
    },
    {
        "DistrictType": "DISTRICT_COMMERCIAL_HUB",
        "YieldChangeId": "River_Gold"
    },
    {
        "DistrictType": "DISTRICT_COMMERCIAL_HUB",
        "YieldChangeId": "Harbor_Gold"
    },
    {
        "DistrictType": "DISTRICT_COMMERCIAL_HUB",
        "YieldChangeId": "RoyalDock_Gold"
    },
    {
        "DistrictType": "DISTRICT_COMMERCIAL_HUB",
        "YieldChangeId": "District_Gold"
    },
    {
        "DistrictType": "DISTRICT_HARBOR",
        "YieldChangeId": "SeaResource_Gold"
    },
    {
        "DistrictType": "DISTRICT_HARBOR",
        "YieldChangeId": "District_Gold"
    },
    {
        "DistrictType": "DISTRICT_HARBOR",
        "YieldChangeId": "Harbor_City_Gold"
    },
    {
        "DistrictType": "DISTRICT_THEATER",
        "YieldChangeId": "Wonder_Culture"
    },
    {
        "DistrictType": "DISTRICT_THEATER",
        "YieldChangeId": "District_Culture"
    },
    {
        "DistrictType": "DISTRICT_INDUSTRIAL_ZONE",
        "YieldChangeId": "Quarry_Production"
    },
    {
        "DistrictType": "DISTRICT_INDUSTRIAL_ZONE",
        "YieldChangeId": "District_Production"
    },
    {
        "DistrictType": "DISTRICT_ACROPOLIS",
        "YieldChangeId": "Wonder_Culture"
    },
    {
        "DistrictType": "DISTRICT_ACROPOLIS",
        "YieldChangeId": "District_Culture_Standard"
    },
    {
        "DistrictType": "DISTRICT_ACROPOLIS",
        "YieldChangeId": "District_Culture_City_Center"
    },
    {
        "DistrictType": "DISTRICT_HANSA",
        "YieldChangeId": "Commerical_Hub_Production"
    },
    {
        "DistrictType": "DISTRICT_HANSA",
        "YieldChangeId": "District_Production"
    },
    {
        "DistrictType": "DISTRICT_HANSA",
        "YieldChangeId": "Resource_Production"
    },
    {
        "DistrictType": "DISTRICT_LAVRA",
        "YieldChangeId": "NaturalWonder_Faith"
    },
    {
        "DistrictType": "DISTRICT_LAVRA",
        "YieldChangeId": "Mountain_Faith1"
    },
    {
        "DistrictType": "DISTRICT_LAVRA",
        "YieldChangeId": "Mountain_Faith2"
    },
    {
        "DistrictType": "DISTRICT_LAVRA",
        "YieldChangeId": "Mountain_Faith3"
    },
    {
        "DistrictType": "DISTRICT_LAVRA",
        "YieldChangeId": "Mountain_Faith4"
    },
    {
        "DistrictType": "DISTRICT_LAVRA",
        "YieldChangeId": "Mountain_Faith5"
    },
    {
        "DistrictType": "DISTRICT_LAVRA",
        "YieldChangeId": "Forest_Faith"
    },
    {
        "DistrictType": "DISTRICT_LAVRA",
        "YieldChangeId": "District_Faith"
    },
    {
        "DistrictType": "DISTRICT_ROYAL_NAVY_DOCKYARD",
        "YieldChangeId": "SeaResource_Gold"
    },
    {
        "DistrictType": "DISTRICT_ROYAL_NAVY_DOCKYARD",
        "YieldChangeId": "District_Gold"
    },
    {
        "DistrictType": "DISTRICT_ROYAL_NAVY_DOCKYARD",
        "YieldChangeId": "RoyalDock_City_Gold"
    },
    {
        "DistrictType": "DISTRICT_CAMPUS",
        "YieldChangeId": "GBR_Science"
    },
    {
        "DistrictType": "DISTRICT_SEOWON",
        "YieldChangeId": "BaseDistrict_Science"
    },
    {
        "DistrictType": "DISTRICT_SEOWON",
        "YieldChangeId": "NegativeDistrict_Science"
    },
    {
        "DistrictType": "DISTRICT_SEOWON",
        "YieldChangeId": "Government_Science"
    },
    {
        "DistrictType": "DISTRICT_THEATER",
        "YieldChangeId": "Government_Culture"
    },
    {
        "DistrictType": "DISTRICT_ACROPOLIS",
        "YieldChangeId": "Government_Culture"
    },
    {
        "DistrictType": "DISTRICT_HOLY_SITE",
        "YieldChangeId": "Government_Faith"
    },
    {
        "DistrictType": "DISTRICT_LAVRA",
        "YieldChangeId": "Government_Faith"
    },
    {
        "DistrictType": "DISTRICT_COMMERCIAL_HUB",
        "YieldChangeId": "Government_Gold"
    },
    {
        "DistrictType": "DISTRICT_HARBOR",
        "YieldChangeId": "Government_Gold"
    },
    {
        "DistrictType": "DISTRICT_ROYAL_NAVY_DOCKYARD",
        "YieldChangeId": "Government_Gold"
    },
    {
        "DistrictType": "DISTRICT_INDUSTRIAL_ZONE",
        "YieldChangeId": "Government_Production"
    },
    {
        "DistrictType": "DISTRICT_HANSA",
        "YieldChangeId": "Government_Production"
    },
    {
        "DistrictType": "DISTRICT_CAMPUS",
        "YieldChangeId": "Government_Science"
    },
    {
        "DistrictType": "DISTRICT_CAMPUS",
        "YieldChangeId": "Geothermal_Science"
    },
    {
        "DistrictType": "DISTRICT_CAMPUS",
        "YieldChangeId": "Reef_Science"
    },
    {
        "DistrictType": "DISTRICT_INDUSTRIAL_ZONE",
        "YieldChangeId": "Minel_HalfProduction"
    },
    {
        "DistrictType": "DISTRICT_INDUSTRIAL_ZONE",
        "YieldChangeId": "LumberMill_HalfProduction"
    },
    {
        "DistrictType": "DISTRICT_INDUSTRIAL_ZONE",
        "YieldChangeId": "Aqueduct_Production"
    },
    {
        "DistrictType": "DISTRICT_INDUSTRIAL_ZONE",
        "YieldChangeId": "Bath_Production"
    },
    {
        "DistrictType": "DISTRICT_INDUSTRIAL_ZONE",
        "YieldChangeId": "Canal_Production"
    },
    {
        "DistrictType": "DISTRICT_INDUSTRIAL_ZONE",
        "YieldChangeId": "Dam_Production"
    },
    {
        "DistrictType": "DISTRICT_INDUSTRIAL_ZONE",
        "YieldChangeId": "Strategic_Production"
    },
    {
        "DistrictType": "DISTRICT_HANSA",
        "YieldChangeId": "Aqueduct_Production"
    },
    {
        "DistrictType": "DISTRICT_HANSA",
        "YieldChangeId": "Canal_Production"
    },
    {
        "DistrictType": "DISTRICT_HANSA",
        "YieldChangeId": "Dam_Production"
    },
    {
        "DistrictType": "DISTRICT_THEATER",
        "YieldChangeId": "EntertainmentComplex_Culture"
    },
    {
        "DistrictType": "DISTRICT_THEATER",
        "YieldChangeId": "WaterPark_Culture"
    },
    {
        "DistrictType": "DISTRICT_THEATER",
        "YieldChangeId": "StreetCarnival_Culture"
    },
    {
        "DistrictType": "DISTRICT_THEATER",
        "YieldChangeId": "Copacabana_Culture"
    },
    {
        "DistrictType": "DISTRICT_ACROPOLIS",
        "YieldChangeId": "EntertainmentComplex_Culture"
    },
    {
        "DistrictType": "DISTRICT_ACROPOLIS",
        "YieldChangeId": "WaterPark_Culture"
    },
    {
        "DistrictType": "DISTRICT_THEATER",
        "YieldChangeId": "Pamukkale_Culture"
    },
    {
        "DistrictType": "DISTRICT_ACROPOLIS",
        "YieldChangeId": "Pamukkale_Culture"
    },
    {
        "DistrictType": "DISTRICT_HOLY_SITE",
        "YieldChangeId": "Pamukkale_Faith"
    },
    {
        "DistrictType": "DISTRICT_LAVRA",
        "YieldChangeId": "Pamukkale_Faith"
    },
    {
        "DistrictType": "DISTRICT_COMMERCIAL_HUB",
        "YieldChangeId": "Pamukkale_Gold"
    },
    {
        "DistrictType": "DISTRICT_SUGUBA",
        "YieldChangeId": "Pamukkale_Gold"
    },
    {
        "DistrictType": "DISTRICT_CAMPUS",
        "YieldChangeId": "Pamukkale_Science"
    },
    {
        "DistrictType": "DISTRICT_COMMERCIAL_HUB",
        "YieldChangeId": "Cothon_Gold"
    },
    {
        "DistrictType": "DISTRICT_COTHON",
        "YieldChangeId": "SeaResource_Gold"
    },
    {
        "DistrictType": "DISTRICT_COTHON",
        "YieldChangeId": "District_Gold"
    },
    {
        "DistrictType": "DISTRICT_COTHON",
        "YieldChangeId": "Harbor_City_Gold"
    },
    {
        "DistrictType": "DISTRICT_COTHON",
        "YieldChangeId": "Government_Gold"
    },
    {
        "DistrictType": "DISTRICT_SUGUBA",
        "YieldChangeId": "River_Gold"
    },
    {
        "DistrictType": "DISTRICT_SUGUBA",
        "YieldChangeId": "Holy_Site_Gold"
    },
    {
        "DistrictType": "DISTRICT_SUGUBA",
        "YieldChangeId": "Lavra_Gold"
    },
    {
        "DistrictType": "DISTRICT_SUGUBA",
        "YieldChangeId": "District_Gold"
    },
    {
        "DistrictType": "DISTRICT_SUGUBA",
        "YieldChangeId": "Government_Gold"
    },
    {
        "DistrictType": "DISTRICT_OBSERVATORY",
        "YieldChangeId": "District_Science"
    },
    {
        "DistrictType": "DISTRICT_OBSERVATORY",
        "YieldChangeId": "Plantation_Science"
    },
    {
        "DistrictType": "DISTRICT_OBSERVATORY",
        "YieldChangeId": "Farm_Science"
    },
    {
        "DistrictType": "DISTRICT_OBSERVATORY",
        "YieldChangeId": "GBR_Science"
    },
    {
        "DistrictType": "DISTRICT_OBSERVATORY",
        "YieldChangeId": "Government_Science"
    },
    {
        "DistrictType": "DISTRICT_OBSERVATORY",
        "YieldChangeId": "Pamukkale_Science"
    },
    {
        "DistrictType": "DISTRICT_OPPIDUM",
        "YieldChangeId": "Quarry_Production2"
    },
    {
        "DistrictType": "DISTRICT_OPPIDUM",
        "YieldChangeId": "Strategic_Production2"
    },
    {
        "DistrictType": "DISTRICT_OPPIDUM",
        "YieldChangeId": "Government_Production"
    },
    {
        "DistrictType": "DISTRICT_THEATER",
        "YieldChangeId": "Hippodrome_Culture"
    },
    {
        "DistrictType": "DISTRICT_OPPIDUM",
        "YieldChangeId": "LeyLine_Production"
    },
    {
        "DistrictType": "DISTRICT_THANH",
        "YieldChangeId": "District_Culture_Major"
    },
    {
        "DistrictType": "DISTRICT_SUGUBA",
        "YieldChangeId": "LeyLine_Gold"
    },
    {
        "DistrictType": "DISTRICT_COTHON",
        "YieldChangeId": "LeyLine_Gold"
    },
    {
        "DistrictType": "DISTRICT_THEATER",
        "YieldChangeId": "LeyLine_Culture"
    },
    {
        "DistrictType": "DISTRICT_ACROPOLIS",
        "YieldChangeId": "LeyLine_Culture"
    },
    {
        "DistrictType": "DISTRICT_HOLY_SITE",
        "YieldChangeId": "LeyLine_Faith"
    },
    {
        "DistrictType": "DISTRICT_LAVRA",
        "YieldChangeId": "LeyLine_Faith"
    },
    {
        "DistrictType": "DISTRICT_COMMERCIAL_HUB",
        "YieldChangeId": "LeyLine_Gold"
    },
    {
        "DistrictType": "DISTRICT_HARBOR",
        "YieldChangeId": "LeyLine_Gold"
    },
    {
        "DistrictType": "DISTRICT_ROYAL_NAVY_DOCKYARD",
        "YieldChangeId": "LeyLine_Gold"
    },
    {
        "DistrictType": "DISTRICT_INDUSTRIAL_ZONE",
        "YieldChangeId": "LeyLine_Production"
    },
    {
        "DistrictType": "DISTRICT_HANSA",
        "YieldChangeId": "LeyLine_Production"
    },
    {
        "DistrictType": "DISTRICT_CAMPUS",
        "YieldChangeId": "LeyLine_Science"
    },
    {
        "DistrictType": "DISTRICT_OBSERVATORY",
        "YieldChangeId": "LeyLine_Science"
    }
]