[
    {
        "DistrictType": "DISTRICT_MBANZA",
        "FeatureType": "FEATURE_JUNGLE"
    },
    {
        "DistrictType": "DISTRICT_MBANZA",
        "FeatureType": "FEATURE_FOREST"
    },
    {
        "DistrictType": "DISTRICT_DAM",
        "FeatureType": "FEATURE_FLOODPLAINS"
    },
    {
        "DistrictType": "DISTRICT_DAM",
        "FeatureType": "FEATURE_FLOODPLAINS_GRASSLAND"
    },
    {
        "DistrictType": "DISTRICT_DAM",
        "FeatureType": "FEATURE_FLOODPLAINS_PLAINS"
    }
]