[
    {
        "DistrictType": "DISTRICT_CANAL",
        "PercentProductionPerCharge": 20,
        "UnitType": "UNIT_MILITARY_ENGINEER"
    },
    {
        "DistrictType": "DISTRICT_DAM",
        "PercentProductionPerCharge": 20,
        "UnitType": "UNIT_MILITARY_ENGINEER"
    },
    {
        "DistrictType": "DISTRICT_AQUEDUCT",
        "PercentProductionPerCharge": 20,
        "UnitType": "UNIT_MILITARY_ENGINEER"
    },
    {
        "DistrictType": "DISTRICT_BATH",
        "PercentProductionPerCharge": 20,
        "UnitType": "UNIT_MILITARY_ENGINEER"
    }
]