[
    {
        "DistrictType": "DISTRICT_ENCAMPMENT",
        "GreatPersonClassType": "GREAT_PERSON_CLASS_GENERAL",
        "PointsPerTurn": 1
    },
    {
        "DistrictType": "DISTRICT_HARBOR",
        "GreatPersonClassType": "GREAT_PERSON_CLASS_ADMIRAL",
        "PointsPerTurn": 1
    },
    {
        "DistrictType": "DISTRICT_INDUSTRIAL_ZONE",
        "GreatPersonClassType": "GREAT_PERSON_CLASS_ENGINEER",
        "PointsPerTurn": 1
    },
    {
        "DistrictType": "DISTRICT_COMMERCIAL_HUB",
        "GreatPersonClassType": "GREAT_PERSON_CLASS_MERCHANT",
        "PointsPerTurn": 1
    },
    {
        "DistrictType": "DISTRICT_HOLY_SITE",
        "GreatPersonClassType": "GREAT_PERSON_CLASS_PROPHET",
        "PointsPerTurn": 1
    },
    {
        "DistrictType": "DISTRICT_CAMPUS",
        "GreatPersonClassType": "GREAT_PERSON_CLASS_SCIENTIST",
        "PointsPerTurn": 1
    },
    {
        "DistrictType": "DISTRICT_THEATER",
        "GreatPersonClassType": "GREAT_PERSON_CLASS_WRITER",
        "PointsPerTurn": 1
    },
    {
        "DistrictType": "DISTRICT_THEATER",
        "GreatPersonClassType": "GREAT_PERSON_CLASS_ARTIST",
        "PointsPerTurn": 1
    },
    {
        "DistrictType": "DISTRICT_THEATER",
        "GreatPersonClassType": "GREAT_PERSON_CLASS_MUSICIAN",
        "PointsPerTurn": 1
    },
    {
        "DistrictType": "DISTRICT_ACROPOLIS",
        "GreatPersonClassType": "GREAT_PERSON_CLASS_WRITER",
        "PointsPerTurn": 1
    },
    {
        "DistrictType": "DISTRICT_ACROPOLIS",
        "GreatPersonClassType": "GREAT_PERSON_CLASS_ARTIST",
        "PointsPerTurn": 1
    },
    {
        "DistrictType": "DISTRICT_ACROPOLIS",
        "GreatPersonClassType": "GREAT_PERSON_CLASS_MUSICIAN",
        "PointsPerTurn": 1
    },
    {
        "DistrictType": "DISTRICT_HANSA",
        "GreatPersonClassType": "GREAT_PERSON_CLASS_ENGINEER",
        "PointsPerTurn": 1
    },
    {
        "DistrictType": "DISTRICT_LAVRA",
        "GreatPersonClassType": "GREAT_PERSON_CLASS_PROPHET",
        "PointsPerTurn": 2
    },
    {
        "DistrictType": "DISTRICT_ROYAL_NAVY_DOCKYARD",
        "GreatPersonClassType": "GREAT_PERSON_CLASS_ADMIRAL",
        "PointsPerTurn": 2
    },
    {
        "DistrictType": "DISTRICT_IKANDA",
        "GreatPersonClassType": "GREAT_PERSON_CLASS_GENERAL",
        "PointsPerTurn": 1
    },
    {
        "DistrictType": "DISTRICT_SEOWON",
        "GreatPersonClassType": "GREAT_PERSON_CLASS_SCIENTIST",
        "PointsPerTurn": 1
    },
    {
        "DistrictType": "DISTRICT_COTHON",
        "GreatPersonClassType": "GREAT_PERSON_CLASS_ADMIRAL",
        "PointsPerTurn": 1
    },
    {
        "DistrictType": "DISTRICT_SUGUBA",
        "GreatPersonClassType": "GREAT_PERSON_CLASS_MERCHANT",
        "PointsPerTurn": 1
    },
    {
        "DistrictType": "DISTRICT_OBSERVATORY",
        "GreatPersonClassType": "GREAT_PERSON_CLASS_SCIENTIST",
        "PointsPerTurn": 1
    },
    {
        "DistrictType": "DISTRICT_OPPIDUM",
        "GreatPersonClassType": "GREAT_PERSON_CLASS_ENGINEER",
        "PointsPerTurn": 1
    }
]