[
    {
        "DistrictType": "DISTRICT_ACROPOLIS",
        "ModifierId": "CIVIC_AWARD_ONE_INFLUENCE_TOKEN"
    },
    {
        "DistrictType": "DISTRICT_ROYAL_NAVY_DOCKYARD",
        "ModifierId": "ROYAL_NAVY_DOCKYARD_GRANT_MOVEMENT_BONUS"
    },
    {
        "DistrictType": "DISTRICT_ROYAL_NAVY_DOCKYARD",
        "ModifierId": "ROYAL_NAVY_DOCKYARD_GOLD_FROM_FOREIGN_CONTINENT"
    },
    {
        "DistrictType": "DISTRICT_MBANZA",
        "ModifierId": "MBANZA_FOOD"
    },
    {
        "DistrictType": "DISTRICT_MBANZA",
        "ModifierId": "MBANZA_GOLD"
    },
    {
        "DistrictType": "DISTRICT_IKANDA",
        "ModifierId": "IKANDA_TRAINED_CORPS_ARMY_DISCOUNT"
    },
    {
        "DistrictType": "DISTRICT_ROYAL_NAVY_DOCKYARD",
        "ModifierId": "ROYAL_NAVY_DOCKYARD_IDENTITY_PER_TURN_MODIFIER"
    },
    {
        "DistrictType": "DISTRICT_GOVERNMENT",
        "ModifierId": "GOVERNMENT_IDENTITY_PER_TURN_MODIFIER"
    },
    {
        "DistrictType": "DISTRICT_AQUEDUCT",
        "ModifierId": "AQUEDUCT_ADDAMENITIES"
    },
    {
        "DistrictType": "DISTRICT_BATH",
        "ModifierId": "BATH_ADDAMENITIES"
    },
    {
        "DistrictType": "DISTRICT_COTHON",
        "ModifierId": "COTHON_HEALFRIENDLY"
    },
    {
        "DistrictType": "DISTRICT_COTHON",
        "ModifierId": "COTHON_NAVAL_UNIT_PRODUCTION"
    },
    {
        "DistrictType": "DISTRICT_COTHON",
        "ModifierId": "COTHON_SETTLER_PRODUCTION"
    },
    {
        "DistrictType": "DISTRICT_SUGUBA",
        "ModifierId": "SUGUBA_CHEAPER_BUILDING_PURCHASE"
    },
    {
        "DistrictType": "DISTRICT_SUGUBA",
        "ModifierId": "SUGUBA_CHEAPER_DISTRICT_PURCHASE"
    },
    {
        "DistrictType": "DISTRICT_SUGUBA",
        "ModifierId": "SUGUBA_CHEAPER_UNIT_PURCHASE"
    },
    {
        "DistrictType": "DISTRICT_OPPIDUM",
        "ModifierId": "OPPIDUM_GRANT_TECH_APPRENTICESHIP"
    },
    {
        "DistrictType": "DISTRICT_THANH",
        "ModifierId": "THANH_TOURISM_CULTURE"
    },
    {
        "DistrictType": "DISTRICT_DIPLOMATIC_QUARTER",
        "ModifierId": "DIPLOMATIC_QUARTER_ESPIONAGE_BONUS"
    },
    {
        "DistrictType": "DISTRICT_DIPLOMATIC_QUARTER",
        "ModifierId": "DIPLOMATIC_QUARTER_AWARD_ONE_INFLUENCE_TOKEN"
    },
    {
        "DistrictType": "DISTRICT_DIPLOMATIC_QUARTER",
        "ModifierId": "DIPLOMATIC_QUARTER_DELEGATION_FAVOR"
    },
    {
        "DistrictType": "DISTRICT_DIPLOMATIC_QUARTER",
        "ModifierId": "DIPLOMATIC_QUARTER_EMBASSY_FAVOR"
    }
]