[
    {
        "Advisor": null,
        "AdvisorCounsel": null,
        "AdvisorCounselImportance": 1,
        "CheckTriggerTurnCount": 5,
        "ID": 0,
        "MinimumNumTurnsExecuted": 5,
        "NoMinorCivs": 0,
        "Permanent": 0,
        "TechObsolete": null,
        "TechPrereq": null,
        "Type": "AICITYSTRATEGY_SMALL_CITY",
        "WeightThreshold": 0
    },
    {
        "Advisor": null,
        "AdvisorCounsel": null,
        "AdvisorCounselImportance": 1,
        "CheckTriggerTurnCount": 5,
        "ID": 1,
        "MinimumNumTurnsExecuted": 5,
        "NoMinorCivs": 0,
        "Permanent": 0,
        "TechObsolete": null,
        "TechPrereq": null,
        "Type": "AICITYSTRATEGY_MEDIUM_CITY",
        "WeightThreshold": 0
    },
    {
        "Advisor": null,
        "AdvisorCounsel": null,
        "AdvisorCounselImportance": 1,
        "CheckTriggerTurnCount": 5,
        "ID": 2,
        "MinimumNumTurnsExecuted": 5,
        "NoMinorCivs": 0,
        "Permanent": 0,
        "TechObsolete": null,
        "TechPrereq": null,
        "Type": "AICITYSTRATEGY_LARGE_CITY",
        "WeightThreshold": 0
    },
    {
        "Advisor": null,
        "AdvisorCounsel": "TXT_KEY_AICITYSTRATEGY_LANDLOCKED",
        "AdvisorCounselImportance": 1,
        "CheckTriggerTurnCount": null,
        "ID": 3,
        "MinimumNumTurnsExecuted": null,
        "NoMinorCivs": 0,
        "Permanent": 1,
        "TechObsolete": null,
        "TechPrereq": null,
        "Type": "AICITYSTRATEGY_LANDLOCKED",
        "WeightThreshold": 0
    },
    {
        "Advisor": "ECONOMIC",
        "AdvisorCounsel": "TXT_KEY_AICITYSTRATEGY_NEED_TILE_IMPROVERS",
        "AdvisorCounselImportance": 2,
        "CheckTriggerTurnCount": 2,
        "ID": 4,
        "MinimumNumTurnsExecuted": 2,
        "NoMinorCivs": 0,
        "Permanent": 0,
        "TechObsolete": null,
        "TechPrereq": null,
        "Type": "AICITYSTRATEGY_NEED_TILE_IMPROVERS",
        "WeightThreshold": 67
    },
    {
        "Advisor": "ECONOMIC",
        "AdvisorCounsel": "TXT_KEY_AICITYSTRATEGY_WANT_TILE_IMPROVERS",
        "AdvisorCounselImportance": 1,
        "CheckTriggerTurnCount": 2,
        "ID": 5,
        "MinimumNumTurnsExecuted": 2,
        "NoMinorCivs": 0,
        "Permanent": 0,
        "TechObsolete": null,
        "TechPrereq": null,
        "Type": "AICITYSTRATEGY_WANT_TILE_IMPROVERS",
        "WeightThreshold": 40
    },
    {
        "Advisor": "ECONOMIC",
        "AdvisorCounsel": "TXT_KEY_AICITYSTRATEGY_ENOUGH_TILE_IMPROVERS",
        "AdvisorCounselImportance": 1,
        "CheckTriggerTurnCount": 5,
        "ID": 6,
        "MinimumNumTurnsExecuted": 10,
        "NoMinorCivs": 0,
        "Permanent": 0,
        "TechObsolete": null,
        "TechPrereq": null,
        "Type": "AICITYSTRATEGY_ENOUGH_TILE_IMPROVERS",
        "WeightThreshold": 125
    },
    {
        "Advisor": "ECONOMIC",
        "AdvisorCounsel": "TXT_KEY_AICITYSTRATEGY_NEED_NAVAL_GROWTH",
        "AdvisorCounselImportance": 1,
        "CheckTriggerTurnCount": 5,
        "ID": 7,
        "MinimumNumTurnsExecuted": 5,
        "NoMinorCivs": 0,
        "Permanent": 0,
        "TechObsolete": null,
        "TechPrereq": null,
        "Type": "AICITYSTRATEGY_NEED_NAVAL_GROWTH",
        "WeightThreshold": 40
    },
    {
        "Advisor": "ECONOMIC",
        "AdvisorCounsel": "TXT_KEY_AICITYSTRATEGY_NEED_NAVAL_TILE_IMPROVEMENT",
        "AdvisorCounselImportance": 1,
        "CheckTriggerTurnCount": 1,
        "ID": 8,
        "MinimumNumTurnsExecuted": 2,
        "NoMinorCivs": 0,
        "Permanent": 0,
        "TechObsolete": null,
        "TechPrereq": null,
        "Type": "AICITYSTRATEGY_NEED_NAVAL_TILE_IMPROVEMENT",
        "WeightThreshold": 0
    },
    {
        "Advisor": null,
        "AdvisorCounsel": "TXT_KEY_AICITYSTRATEGY_ENOUGH_NAVAL_TILE_IMPROVEMENT",
        "AdvisorCounselImportance": 1,
        "CheckTriggerTurnCount": 1,
        "ID": 9,
        "MinimumNumTurnsExecuted": 2,
        "NoMinorCivs": 0,
        "Permanent": 0,
        "TechObsolete": null,
        "TechPrereq": null,
        "Type": "AICITYSTRATEGY_ENOUGH_NAVAL_TILE_IMPROVEMENT",
        "WeightThreshold": 0
    },
    {
        "Advisor": "ECONOMIC",
        "AdvisorCounsel": "TXT_KEY_AICITYSTRATEGY_NEED_IMPROVEMENT_FOOD",
        "AdvisorCounselImportance": 2,
        "CheckTriggerTurnCount": 2,
        "ID": 10,
        "MinimumNumTurnsExecuted": 2,
        "NoMinorCivs": 0,
        "Permanent": 0,
        "TechObsolete": null,
        "TechPrereq": null,
        "Type": "AICITYSTRATEGY_NEED_IMPROVEMENT_FOOD",
        "WeightThreshold": 0
    },
    {
        "Advisor": "ECONOMIC",
        "AdvisorCounsel": "TXT_KEY_AICITYSTRATEGY_NEED_IMPROVEMENT_PRODUCTION",
        "AdvisorCounselImportance": 2,
        "CheckTriggerTurnCount": 2,
        "ID": 11,
        "MinimumNumTurnsExecuted": 2,
        "NoMinorCivs": 0,
        "Permanent": 0,
        "TechObsolete": null,
        "TechPrereq": null,
        "Type": "AICITYSTRATEGY_NEED_IMPROVEMENT_PRODUCTION",
        "WeightThreshold": 0
    },
    {
        "Advisor": "MILITARY",
        "AdvisorCounsel": "TXT_KEY_AICITYSTRATEGY_HAVE_TRAINING_FACILITY",
        "AdvisorCounselImportance": 1,
        "CheckTriggerTurnCount": null,
        "ID": 12,
        "MinimumNumTurnsExecuted": null,
        "NoMinorCivs": 0,
        "Permanent": 1,
        "TechObsolete": null,
        "TechPrereq": null,
        "Type": "AICITYSTRATEGY_HAVE_TRAINING_FACILITY",
        "WeightThreshold": 0
    },
    {
        "Advisor": "ECONOMIC",
        "AdvisorCounsel": "TXT_KEY_AICITYSTRATEGY_CAPITAL_NEED_SETTLER",
        "AdvisorCounselImportance": 1,
        "CheckTriggerTurnCount": 2,
        "ID": 13,
        "MinimumNumTurnsExecuted": 4,
        "NoMinorCivs": 1,
        "Permanent": 0,
        "TechObsolete": null,
        "TechPrereq": null,
        "Type": "AICITYSTRATEGY_CAPITAL_NEED_SETTLER",
        "WeightThreshold": 130
    },
    {
        "Advisor": "MILITARY",
        "AdvisorCounsel": "TXT_KEY_AICITYSTRATEGY_CAPITAL_UNDER_THREAT",
        "AdvisorCounselImportance": 1,
        "CheckTriggerTurnCount": 2,
        "ID": 14,
        "MinimumNumTurnsExecuted": 2,
        "NoMinorCivs": 1,
        "Permanent": 0,
        "TechObsolete": null,
        "TechPrereq": null,
        "Type": "AICITYSTRATEGY_CAPITAL_UNDER_THREAT",
        "WeightThreshold": 0
    },
    {
        "Advisor": null,
        "AdvisorCounsel": null,
        "AdvisorCounselImportance": 1,
        "CheckTriggerTurnCount": 2,
        "ID": 15,
        "MinimumNumTurnsExecuted": 2,
        "NoMinorCivs": 0,
        "Permanent": 0,
        "TechObsolete": null,
        "TechPrereq": null,
        "Type": "AICITYSTRATEGY_FIRST_CULTURE_BUILDING",
        "WeightThreshold": 0
    },
    {
        "Advisor": null,
        "AdvisorCounsel": null,
        "AdvisorCounselImportance": 1,
        "CheckTriggerTurnCount": 2,
        "ID": 16,
        "MinimumNumTurnsExecuted": 2,
        "NoMinorCivs": 0,
        "Permanent": 0,
        "TechObsolete": null,
        "TechPrereq": null,
        "Type": "AICITYSTRATEGY_FIRST_CULTURE_BUILDING_EMERGENCY",
        "WeightThreshold": 0
    },
    {
        "Advisor": "MILITARY",
        "AdvisorCounsel": "TXT_KEY_AICITYSTRATEGY_UNDER_BLOCKADE",
        "AdvisorCounselImportance": 3,
        "CheckTriggerTurnCount": 2,
        "ID": 17,
        "MinimumNumTurnsExecuted": 2,
        "NoMinorCivs": 0,
        "Permanent": 0,
        "TechObsolete": null,
        "TechPrereq": null,
        "Type": "AICITYSTRATEGY_UNDER_BLOCKADE",
        "WeightThreshold": 0
    },
    {
        "Advisor": null,
        "AdvisorCounsel": null,
        "AdvisorCounselImportance": 1,
        "CheckTriggerTurnCount": 1,
        "ID": 18,
        "MinimumNumTurnsExecuted": 1,
        "NoMinorCivs": 0,
        "Permanent": 0,
        "TechObsolete": null,
        "TechPrereq": null,
        "Type": "AICITYSTRATEGY_IS_PUPPET",
        "WeightThreshold": 0
    },
    {
        "Advisor": null,
        "AdvisorCounsel": null,
        "AdvisorCounselImportance": 1,
        "CheckTriggerTurnCount": 5,
        "ID": 19,
        "MinimumNumTurnsExecuted": 5,
        "NoMinorCivs": 1,
        "Permanent": 0,
        "TechObsolete": null,
        "TechPrereq": null,
        "Type": "AICITYSTRATEGY_MEDIUM_CITY_HIGH_DIFFICULTY",
        "WeightThreshold": 0
    },
    {
        "Advisor": null,
        "AdvisorCounsel": null,
        "AdvisorCounselImportance": 1,
        "CheckTriggerTurnCount": 5,
        "ID": 20,
        "MinimumNumTurnsExecuted": 5,
        "NoMinorCivs": 1,
        "Permanent": 0,
        "TechObsolete": null,
        "TechPrereq": null,
        "Type": "AICITYSTRATEGY_ORIGINAL_CAPITAL",
        "WeightThreshold": 0
    },
    {
        "Advisor": null,
        "AdvisorCounsel": null,
        "AdvisorCounselImportance": 1,
        "CheckTriggerTurnCount": 2,
        "ID": 21,
        "MinimumNumTurnsExecuted": 2,
        "NoMinorCivs": 0,
        "Permanent": 0,
        "TechObsolete": null,
        "TechPrereq": "TECH_WRITING",
        "Type": "AICITYSTRATEGY_FIRST_SCIENCE_BUILDING",
        "WeightThreshold": 0
    },
    {
        "Advisor": null,
        "AdvisorCounsel": null,
        "AdvisorCounselImportance": 1,
        "CheckTriggerTurnCount": 2,
        "ID": 22,
        "MinimumNumTurnsExecuted": 2,
        "NoMinorCivs": 0,
        "Permanent": 0,
        "TechObsolete": null,
        "TechPrereq": "TECH_CURRENCY",
        "Type": "AICITYSTRATEGY_FIRST_GOLD_BUILDING",
        "WeightThreshold": 0
    },
    {
        "Advisor": null,
        "AdvisorCounsel": null,
        "AdvisorCounselImportance": 1,
        "CheckTriggerTurnCount": 2,
        "ID": 23,
        "MinimumNumTurnsExecuted": 2,
        "NoMinorCivs": 1,
        "Permanent": 0,
        "TechObsolete": null,
        "TechPrereq": "TECH_POTTERY",
        "Type": "AICITYSTRATEGY_FIRST_FAITH_BUILDING",
        "WeightThreshold": 0
    },
    {
        "Advisor": null,
        "AdvisorCounsel": null,
        "AdvisorCounselImportance": 1,
        "CheckTriggerTurnCount": 2,
        "ID": 24,
        "MinimumNumTurnsExecuted": 2,
        "NoMinorCivs": 0,
        "Permanent": 0,
        "TechObsolete": null,
        "TechPrereq": "TECH_THE_WHEEL",
        "Type": "AICITYSTRATEGY_FIRST_PRODUCTION_BUILDING",
        "WeightThreshold": 0
    },
    {
        "Advisor": null,
        "AdvisorCounsel": null,
        "AdvisorCounselImportance": 1,
        "CheckTriggerTurnCount": 2,
        "ID": 25,
        "MinimumNumTurnsExecuted": 2,
        "NoMinorCivs": 0,
        "Permanent": 0,
        "TechObsolete": null,
        "TechPrereq": null,
        "Type": "AICITYSTRATEGY_RIVER_CITY",
        "WeightThreshold": 0
    },
    {
        "Advisor": null,
        "AdvisorCounsel": null,
        "AdvisorCounselImportance": 1,
        "CheckTriggerTurnCount": 2,
        "ID": 26,
        "MinimumNumTurnsExecuted": 2,
        "NoMinorCivs": 0,
        "Permanent": 0,
        "TechObsolete": null,
        "TechPrereq": null,
        "Type": "AICITYSTRATEGY_MOUNTAIN_CITY",
        "WeightThreshold": 0
    },
    {
        "Advisor": null,
        "AdvisorCounsel": null,
        "AdvisorCounselImportance": 1,
        "CheckTriggerTurnCount": 2,
        "ID": 27,
        "MinimumNumTurnsExecuted": 2,
        "NoMinorCivs": 0,
        "Permanent": 0,
        "TechObsolete": null,
        "TechPrereq": null,
        "Type": "AICITYSTRATEGY_FOREST_CITY",
        "WeightThreshold": 0
    },
    {
        "Advisor": null,
        "AdvisorCounsel": null,
        "AdvisorCounselImportance": 1,
        "CheckTriggerTurnCount": 2,
        "ID": 28,
        "MinimumNumTurnsExecuted": 2,
        "NoMinorCivs": 0,
        "Permanent": 0,
        "TechObsolete": null,
        "TechPrereq": null,
        "Type": "AICITYSTRATEGY_HILL_CITY",
        "WeightThreshold": 0
    },
    {
        "Advisor": null,
        "AdvisorCounsel": null,
        "AdvisorCounselImportance": 1,
        "CheckTriggerTurnCount": 2,
        "ID": 29,
        "MinimumNumTurnsExecuted": 2,
        "NoMinorCivs": 0,
        "Permanent": 0,
        "TechObsolete": null,
        "TechPrereq": null,
        "Type": "AICITYSTRATEGY_JUNGLE_CITY",
        "WeightThreshold": 0
    },
    {
        "Advisor": null,
        "AdvisorCounsel": null,
        "AdvisorCounselImportance": 1,
        "CheckTriggerTurnCount": 2,
        "ID": 30,
        "MinimumNumTurnsExecuted": 2,
        "NoMinorCivs": 0,
        "Permanent": 0,
        "TechObsolete": null,
        "TechPrereq": null,
        "Type": "AICITYSTRATEGY_COAST_CITY",
        "WeightThreshold": 0
    },
    {
        "Advisor": "ECONOMIC",
        "AdvisorCounsel": "TXT_KEY_AICITYSTRATEGY_SMALL_CITY",
        "AdvisorCounselImportance": 1,
        "CheckTriggerTurnCount": 5,
        "ID": 31,
        "MinimumNumTurnsExecuted": 5,
        "NoMinorCivs": 0,
        "Permanent": 0,
        "TechObsolete": null,
        "TechPrereq": null,
        "Type": "AICITYSTRATEGY_TINY_CITY",
        "WeightThreshold": 0
    },
    {
        "Advisor": null,
        "AdvisorCounsel": null,
        "AdvisorCounselImportance": 1,
        "CheckTriggerTurnCount": 2,
        "ID": 32,
        "MinimumNumTurnsExecuted": 5,
        "NoMinorCivs": 1,
        "Permanent": 0,
        "TechObsolete": null,
        "TechPrereq": null,
        "Type": "AICITYSTRATEGY_MANY_TECHS_STOLEN",
        "WeightThreshold": 0
    },
    {
        "Advisor": null,
        "AdvisorCounsel": null,
        "AdvisorCounselImportance": 1,
        "CheckTriggerTurnCount": 5,
        "ID": 33,
        "MinimumNumTurnsExecuted": 10,
        "NoMinorCivs": 1,
        "Permanent": 0,
        "TechObsolete": null,
        "TechPrereq": null,
        "Type": "AICITYSTRATEGY_KEY_SCIENCE_CITY",
        "WeightThreshold": 0
    },
    {
        "Advisor": null,
        "AdvisorCounsel": null,
        "AdvisorCounselImportance": 1,
        "CheckTriggerTurnCount": 5,
        "ID": 34,
        "MinimumNumTurnsExecuted": 10,
        "NoMinorCivs": 1,
        "Permanent": 0,
        "TechObsolete": null,
        "TechPrereq": null,
        "Type": "AICITYSTRATEGY_GOOD_GP_CITY",
        "WeightThreshold": 0
    },
    {
        "Advisor": null,
        "AdvisorCounsel": null,
        "AdvisorCounselImportance": 1,
        "CheckTriggerTurnCount": 1,
        "ID": 35,
        "MinimumNumTurnsExecuted": 1,
        "NoMinorCivs": 1,
        "Permanent": 0,
        "TechObsolete": null,
        "TechPrereq": null,
        "Type": "AICITYSTRATEGY_NEED_INTERNATIONAL_LAND_TRADE_ROUTE",
        "WeightThreshold": 0
    },
    {
        "Advisor": null,
        "AdvisorCounsel": null,
        "AdvisorCounselImportance": 1,
        "CheckTriggerTurnCount": 1,
        "ID": 36,
        "MinimumNumTurnsExecuted": 1,
        "NoMinorCivs": 1,
        "Permanent": 0,
        "TechObsolete": null,
        "TechPrereq": null,
        "Type": "AICITYSTRATEGY_NO_NEED_INTERNATIONAL_LAND_TRADE_ROUTE",
        "WeightThreshold": 0
    },
    {
        "Advisor": null,
        "AdvisorCounsel": null,
        "AdvisorCounselImportance": 1,
        "CheckTriggerTurnCount": 1,
        "ID": 37,
        "MinimumNumTurnsExecuted": 1,
        "NoMinorCivs": 1,
        "Permanent": 0,
        "TechObsolete": null,
        "TechPrereq": null,
        "Type": "AICITYSTRATEGY_NEED_INTERNATIONAL_SEA_TRADE_ROUTE",
        "WeightThreshold": 0
    },
    {
        "Advisor": null,
        "AdvisorCounsel": null,
        "AdvisorCounselImportance": 1,
        "CheckTriggerTurnCount": 1,
        "ID": 38,
        "MinimumNumTurnsExecuted": 1,
        "NoMinorCivs": 1,
        "Permanent": 0,
        "TechObsolete": null,
        "TechPrereq": null,
        "Type": "AICITYSTRATEGY_NO_NEED_INTERNATIONAL_SEA_TRADE_ROUTE",
        "WeightThreshold": 0
    },
    {
        "Advisor": null,
        "AdvisorCounsel": null,
        "AdvisorCounselImportance": 1,
        "CheckTriggerTurnCount": 1,
        "ID": 39,
        "MinimumNumTurnsExecuted": 1,
        "NoMinorCivs": 1,
        "Permanent": 0,
        "TechObsolete": null,
        "TechPrereq": null,
        "Type": "AICITYSTRATEGY_INTERNATIONAL_TRADE_DESTINATION",
        "WeightThreshold": 0
    },
    {
        "Advisor": null,
        "AdvisorCounsel": null,
        "AdvisorCounselImportance": 1,
        "CheckTriggerTurnCount": 1,
        "ID": 40,
        "MinimumNumTurnsExecuted": 1,
        "NoMinorCivs": 1,
        "Permanent": 0,
        "TechObsolete": null,
        "TechPrereq": null,
        "Type": "AICITYSTRATEGY_INTERNATIONAL_TRADE_ORIGIN",
        "WeightThreshold": 0
    },
    {
        "Advisor": null,
        "AdvisorCounsel": null,
        "AdvisorCounselImportance": 1,
        "CheckTriggerTurnCount": 1,
        "ID": 41,
        "MinimumNumTurnsExecuted": 1,
        "NoMinorCivs": 1,
        "Permanent": 0,
        "TechObsolete": null,
        "TechPrereq": "TECH_DRAMA",
        "Type": "AICITYSTRATEGY_NEED_CULTURE_BUILDING",
        "WeightThreshold": 0
    },
    {
        "Advisor": null,
        "AdvisorCounsel": null,
        "AdvisorCounselImportance": 1,
        "CheckTriggerTurnCount": 1,
        "ID": 42,
        "MinimumNumTurnsExecuted": 1,
        "NoMinorCivs": 1,
        "Permanent": 0,
        "TechObsolete": null,
        "TechPrereq": "TECH_DRAMA",
        "Type": "AICITYSTRATEGY_NEED_TOURISM_BUILDING",
        "WeightThreshold": 0
    },
    {
        "Advisor": null,
        "AdvisorCounsel": null,
        "AdvisorCounselImportance": 1,
        "CheckTriggerTurnCount": 1,
        "ID": 43,
        "MinimumNumTurnsExecuted": 1,
        "NoMinorCivs": 1,
        "Permanent": 0,
        "TechObsolete": null,
        "TechPrereq": "TECH_RADAR",
        "Type": "AICITYSTRATEGY_GOOD_AIRLIFT_CITY",
        "WeightThreshold": 0
    }
]