[
    {
        "Advisor": "FOREIGN",
        "AdvisorCounsel": "TXT_KEY_ECONOMICAISTRATEGY_NEED_RECON",
        "AdvisorCounselImportance": 2,
        "CheckTriggerTurnCount": 1,
        "FirstTurnExecuted": 5,
        "ID": 0,
        "MinimumNumTurnsExecuted": 1,
        "NoMinorCivs": 1,
        "TechObsolete": null,
        "TechPrereq": null,
        "Type": "ECONOMICAISTRATEGY_NEED_RECON",
        "WeightThreshold": 0
    },
    {
        "Advisor": "ECONOMIC",
        "AdvisorCounsel": "TXT_KEY_ECONOMICAISTRATEGY_ENOUGH_RECON",
        "AdvisorCounselImportance": 2,
        "CheckTriggerTurnCount": 1,
        "FirstTurnExecuted": 5,
        "ID": 1,
        "MinimumNumTurnsExecuted": 1,
        "NoMinorCivs": 1,
        "TechObsolete": null,
        "TechPrereq": null,
        "Type": "ECONOMICAISTRATEGY_ENOUGH_RECON",
        "WeightThreshold": 0
    },
    {
        "Advisor": "FOREIGN",
        "AdvisorCounsel": "TXT_KEY_ECONOMICAISTRATEGY_NEED_RECON_SEA",
        "AdvisorCounselImportance": 2,
        "CheckTriggerTurnCount": 1,
        "FirstTurnExecuted": 5,
        "ID": 2,
        "MinimumNumTurnsExecuted": 1,
        "NoMinorCivs": 1,
        "TechObsolete": null,
        "TechPrereq": null,
        "Type": "ECONOMICAISTRATEGY_NEED_RECON_SEA",
        "WeightThreshold": 0
    },
    {
        "Advisor": "ECONOMIC",
        "AdvisorCounsel": "TXT_KEY_ECONOMICAISTRATEGY_ENOUGH_RECON",
        "AdvisorCounselImportance": 2,
        "CheckTriggerTurnCount": 1,
        "FirstTurnExecuted": 5,
        "ID": 3,
        "MinimumNumTurnsExecuted": 1,
        "NoMinorCivs": 1,
        "TechObsolete": null,
        "TechPrereq": null,
        "Type": "ECONOMICAISTRATEGY_ENOUGH_RECON_SEA",
        "WeightThreshold": 0
    },
    {
        "Advisor": "ECONOMIC",
        "AdvisorCounsel": "TXT_KEY_ECONOMICAISTRATEGY_EARLY_EXPANSION",
        "AdvisorCounselImportance": 2,
        "CheckTriggerTurnCount": 5,
        "FirstTurnExecuted": 0,
        "ID": 4,
        "MinimumNumTurnsExecuted": 10,
        "NoMinorCivs": 1,
        "TechObsolete": null,
        "TechPrereq": null,
        "Type": "ECONOMICAISTRATEGY_EARLY_EXPANSION",
        "WeightThreshold": 3
    },
    {
        "Advisor": "ECONOMIC",
        "AdvisorCounsel": "TXT_KEY_ECONOMICAISTRATEGY_ENOUGH_EXPANSION",
        "AdvisorCounselImportance": 2,
        "CheckTriggerTurnCount": 1,
        "FirstTurnExecuted": 0,
        "ID": 5,
        "MinimumNumTurnsExecuted": 1,
        "NoMinorCivs": 1,
        "TechObsolete": null,
        "TechPrereq": null,
        "Type": "ECONOMICAISTRATEGY_ENOUGH_EXPANSION",
        "WeightThreshold": 1
    },
    {
        "Advisor": "ECONOMIC",
        "AdvisorCounsel": "TXT_KEY_ECONOMICAISTRATEGY_NEED_HAPPINESS",
        "AdvisorCounselImportance": 2,
        "CheckTriggerTurnCount": 1,
        "FirstTurnExecuted": 0,
        "ID": 6,
        "MinimumNumTurnsExecuted": 1,
        "NoMinorCivs": 0,
        "TechObsolete": null,
        "TechPrereq": null,
        "Type": "ECONOMICAISTRATEGY_NEED_HAPPINESS",
        "WeightThreshold": 2
    },
    {
        "Advisor": "ECONOMIC",
        "AdvisorCounsel": "TXT_KEY_ECONOMICAISTRATEGY_NEED_HAPPINESS_CRITICAL",
        "AdvisorCounselImportance": 3,
        "CheckTriggerTurnCount": 1,
        "FirstTurnExecuted": 0,
        "ID": 7,
        "MinimumNumTurnsExecuted": 1,
        "NoMinorCivs": 0,
        "TechObsolete": null,
        "TechPrereq": null,
        "Type": "ECONOMICAISTRATEGY_NEED_HAPPINESS_CRITICAL",
        "WeightThreshold": -3
    },
    {
        "Advisor": "ECONOMIC",
        "AdvisorCounsel": "TXT_KEY_ECONOMICAISTRATEGY_CITIES_NEED_NAVAL_GROWTH",
        "AdvisorCounselImportance": 2,
        "CheckTriggerTurnCount": 5,
        "FirstTurnExecuted": 0,
        "ID": 8,
        "MinimumNumTurnsExecuted": 15,
        "NoMinorCivs": 0,
        "TechObsolete": null,
        "TechPrereq": null,
        "Type": "ECONOMICAISTRATEGY_CITIES_NEED_NAVAL_GROWTH",
        "WeightThreshold": 25
    },
    {
        "Advisor": "ECONOMIC",
        "AdvisorCounsel": "TXT_KEY_ECONOMICAISTRATEGY_CITIES_NEED_NAVAL_TILE_IMPROVEMENT",
        "AdvisorCounselImportance": 2,
        "CheckTriggerTurnCount": 1,
        "FirstTurnExecuted": 0,
        "ID": 9,
        "MinimumNumTurnsExecuted": 5,
        "NoMinorCivs": 0,
        "TechObsolete": null,
        "TechPrereq": null,
        "Type": "ECONOMICAISTRATEGY_CITIES_NEED_NAVAL_TILE_IMPROVEMENT",
        "WeightThreshold": 25
    },
    {
        "Advisor": "ECONOMIC",
        "AdvisorCounsel": "TXT_KEY_ECONOMICAISTRATEGY_FOUND_CITY",
        "AdvisorCounselImportance": 2,
        "CheckTriggerTurnCount": 1,
        "FirstTurnExecuted": 0,
        "ID": 10,
        "MinimumNumTurnsExecuted": 1,
        "NoMinorCivs": 1,
        "TechObsolete": null,
        "TechPrereq": null,
        "Type": "ECONOMICAISTRATEGY_FOUND_CITY",
        "WeightThreshold": 10
    },
    {
        "Advisor": null,
        "AdvisorCounsel": null,
        "AdvisorCounselImportance": 1,
        "CheckTriggerTurnCount": 1,
        "FirstTurnExecuted": 0,
        "ID": 11,
        "MinimumNumTurnsExecuted": 1,
        "NoMinorCivs": 0,
        "TechObsolete": null,
        "TechPrereq": null,
        "Type": "ECONOMICAISTRATEGY_TRADE_WITH_CITY_STATE",
        "WeightThreshold": 10
    },
    {
        "Advisor": "ECONOMIC",
        "AdvisorCounsel": "TXT_KEY_ECONOMICAISTRATEGY_NEED_IMPROVEMENT_FOOD",
        "AdvisorCounselImportance": 2,
        "CheckTriggerTurnCount": 1,
        "FirstTurnExecuted": 20,
        "ID": 12,
        "MinimumNumTurnsExecuted": 1,
        "NoMinorCivs": 0,
        "TechObsolete": null,
        "TechPrereq": null,
        "Type": "ECONOMICAISTRATEGY_NEED_IMPROVEMENT_FOOD",
        "WeightThreshold": 10
    },
    {
        "Advisor": "ECONOMIC",
        "AdvisorCounsel": "TXT_KEY_ECONOMICAISTRATEGY_NEED_IMPROVEMENT_PRODUCTION",
        "AdvisorCounselImportance": 2,
        "CheckTriggerTurnCount": 1,
        "FirstTurnExecuted": 20,
        "ID": 13,
        "MinimumNumTurnsExecuted": 1,
        "NoMinorCivs": 0,
        "TechObsolete": null,
        "TechPrereq": null,
        "Type": "ECONOMICAISTRATEGY_NEED_IMPROVEMENT_PRODUCTION",
        "WeightThreshold": 10
    },
    {
        "Advisor": null,
        "AdvisorCounsel": null,
        "AdvisorCounselImportance": 1,
        "CheckTriggerTurnCount": 1,
        "FirstTurnExecuted": 0,
        "ID": 14,
        "MinimumNumTurnsExecuted": 10,
        "NoMinorCivs": 0,
        "TechObsolete": null,
        "TechPrereq": null,
        "Type": "ECONOMICAISTRATEGY_ONE_OR_FEWER_COASTAL_CITIES",
        "WeightThreshold": 10
    },
    {
        "Advisor": "ECONOMIC",
        "AdvisorCounsel": "TXT_KEY_ECONOMICAISTRATEGY_LOSING_MONEY",
        "AdvisorCounselImportance": 2,
        "CheckTriggerTurnCount": 5,
        "FirstTurnExecuted": 20,
        "ID": 15,
        "MinimumNumTurnsExecuted": 5,
        "NoMinorCivs": 0,
        "TechObsolete": null,
        "TechPrereq": null,
        "Type": "ECONOMICAISTRATEGY_LOSING_MONEY",
        "WeightThreshold": 2
    },
    {
        "Advisor": "ECONOMIC",
        "AdvisorCounsel": "TXT_KEY_ECONOMICAISTRATEGY_HALT_GROWTH_BUILDINGS",
        "AdvisorCounselImportance": 2,
        "CheckTriggerTurnCount": 1,
        "FirstTurnExecuted": 20,
        "ID": 16,
        "MinimumNumTurnsExecuted": 1,
        "NoMinorCivs": 1,
        "TechObsolete": null,
        "TechPrereq": null,
        "Type": "ECONOMICAISTRATEGY_HALT_GROWTH_BUILDINGS",
        "WeightThreshold": 0
    },
    {
        "Advisor": "ECONOMIC",
        "AdvisorCounsel": "TXT_KEY_ECONOMICAISTRATEGY_TOO_MANY_UNITS",
        "AdvisorCounselImportance": 2,
        "CheckTriggerTurnCount": 1,
        "FirstTurnExecuted": 20,
        "ID": 17,
        "MinimumNumTurnsExecuted": 1,
        "NoMinorCivs": 0,
        "TechObsolete": null,
        "TechPrereq": null,
        "Type": "ECONOMICAISTRATEGY_TOO_MANY_UNITS",
        "WeightThreshold": 0
    },
    {
        "Advisor": "SCIENCE",
        "AdvisorCounsel": "TXT_KEY_ECONOMICAISTRATEGY_ISLAND_START",
        "AdvisorCounselImportance": 50,
        "CheckTriggerTurnCount": 1,
        "FirstTurnExecuted": 0,
        "ID": 18,
        "MinimumNumTurnsExecuted": 50,
        "NoMinorCivs": 0,
        "TechObsolete": null,
        "TechPrereq": null,
        "Type": "ECONOMICAISTRATEGY_ISLAND_START",
        "WeightThreshold": 200
    },
    {
        "Advisor": null,
        "AdvisorCounsel": null,
        "AdvisorCounselImportance": 1,
        "CheckTriggerTurnCount": 10,
        "FirstTurnExecuted": 0,
        "ID": 19,
        "MinimumNumTurnsExecuted": 25,
        "NoMinorCivs": 1,
        "TechObsolete": null,
        "TechPrereq": "TECH_OPTICS",
        "Type": "ECONOMICAISTRATEGY_EXPAND_TO_OTHER_CONTINENTS",
        "WeightThreshold": 50
    },
    {
        "Advisor": null,
        "AdvisorCounsel": null,
        "AdvisorCounselImportance": 1,
        "CheckTriggerTurnCount": 10,
        "FirstTurnExecuted": 0,
        "ID": 20,
        "MinimumNumTurnsExecuted": 25,
        "NoMinorCivs": 1,
        "TechObsolete": null,
        "TechPrereq": "TECH_OPTICS",
        "Type": "ECONOMICAISTRATEGY_REALLY_EXPAND_TO_OTHER_CONTINENTS",
        "WeightThreshold": 100
    },
    {
        "Advisor": null,
        "AdvisorCounsel": null,
        "AdvisorCounselImportance": 1,
        "CheckTriggerTurnCount": 10,
        "FirstTurnExecuted": 25,
        "ID": 21,
        "MinimumNumTurnsExecuted": 25,
        "NoMinorCivs": 1,
        "TechObsolete": null,
        "TechPrereq": null,
        "Type": "ECONOMICAISTRATEGY_EXPAND_LIKE_CRAZY",
        "WeightThreshold": 10
    },
    {
        "Advisor": null,
        "AdvisorCounsel": null,
        "AdvisorCounselImportance": 1,
        "CheckTriggerTurnCount": 10,
        "FirstTurnExecuted": 25,
        "ID": 22,
        "MinimumNumTurnsExecuted": 25,
        "NoMinorCivs": 1,
        "TechObsolete": null,
        "TechPrereq": null,
        "Type": "ECONOMICAISTRATEGY_GROW_LIKE_CRAZY",
        "WeightThreshold": 10
    },
    {
        "Advisor": null,
        "AdvisorCounsel": null,
        "AdvisorCounselImportance": 1,
        "CheckTriggerTurnCount": 1,
        "FirstTurnExecuted": 75,
        "ID": 23,
        "MinimumNumTurnsExecuted": 25,
        "NoMinorCivs": 1,
        "TechObsolete": null,
        "TechPrereq": null,
        "Type": "ECONOMICAISTRATEGY_GS_CULTURE",
        "WeightThreshold": 0
    },
    {
        "Advisor": null,
        "AdvisorCounsel": null,
        "AdvisorCounselImportance": 1,
        "CheckTriggerTurnCount": 1,
        "FirstTurnExecuted": 75,
        "ID": 24,
        "MinimumNumTurnsExecuted": 25,
        "NoMinorCivs": 1,
        "TechObsolete": null,
        "TechPrereq": null,
        "Type": "ECONOMICAISTRATEGY_GS_CONQUEST",
        "WeightThreshold": 0
    },
    {
        "Advisor": null,
        "AdvisorCounsel": null,
        "AdvisorCounselImportance": 1,
        "CheckTriggerTurnCount": 1,
        "FirstTurnExecuted": 75,
        "ID": 25,
        "MinimumNumTurnsExecuted": 25,
        "NoMinorCivs": 1,
        "TechObsolete": null,
        "TechPrereq": null,
        "Type": "ECONOMICAISTRATEGY_GS_DIPLOMACY",
        "WeightThreshold": 0
    },
    {
        "Advisor": null,
        "AdvisorCounsel": null,
        "AdvisorCounselImportance": 1,
        "CheckTriggerTurnCount": 1,
        "FirstTurnExecuted": 75,
        "ID": 26,
        "MinimumNumTurnsExecuted": 25,
        "NoMinorCivs": 1,
        "TechObsolete": null,
        "TechPrereq": null,
        "Type": "ECONOMICAISTRATEGY_GS_SPACESHIP",
        "WeightThreshold": 0
    },
    {
        "Advisor": null,
        "AdvisorCounsel": null,
        "AdvisorCounselImportance": 1,
        "CheckTriggerTurnCount": 1,
        "FirstTurnExecuted": 100,
        "ID": 27,
        "MinimumNumTurnsExecuted": 1,
        "NoMinorCivs": 1,
        "TechObsolete": null,
        "TechPrereq": null,
        "Type": "ECONOMICAISTRATEGY_GS_SPACESHIP_HOMESTRETCH",
        "WeightThreshold": 0
    },
    {
        "Advisor": null,
        "AdvisorCounsel": null,
        "AdvisorCounselImportance": 1,
        "CheckTriggerTurnCount": 1,
        "FirstTurnExecuted": 50,
        "ID": 28,
        "MinimumNumTurnsExecuted": 1,
        "NoMinorCivs": 1,
        "TechObsolete": null,
        "TechPrereq": null,
        "Type": "ECONOMICAISTRATEGY_REALLY_NEED_RECON_SEA",
        "WeightThreshold": 0
    },
    {
        "Advisor": null,
        "AdvisorCounsel": null,
        "AdvisorCounselImportance": 1,
        "CheckTriggerTurnCount": 1,
        "FirstTurnExecuted": 50,
        "ID": 29,
        "MinimumNumTurnsExecuted": 1,
        "NoMinorCivs": 0,
        "TechObsolete": null,
        "TechPrereq": null,
        "Type": "ECONOMICAISTRATEGY_MOSTLY_ON_THE_COAST",
        "WeightThreshold": 0
    },
    {
        "Advisor": null,
        "AdvisorCounsel": null,
        "AdvisorCounselImportance": 1,
        "CheckTriggerTurnCount": 1,
        "FirstTurnExecuted": 1,
        "ID": 30,
        "MinimumNumTurnsExecuted": 10,
        "NoMinorCivs": 1,
        "TechObsolete": null,
        "TechPrereq": null,
        "Type": "ECONOMICAISTRATEGY_NAVAL_MAP",
        "WeightThreshold": 0
    },
    {
        "Advisor": null,
        "AdvisorCounsel": null,
        "AdvisorCounselImportance": 1,
        "CheckTriggerTurnCount": 1,
        "FirstTurnExecuted": 1,
        "ID": 31,
        "MinimumNumTurnsExecuted": 10,
        "NoMinorCivs": 1,
        "TechObsolete": null,
        "TechPrereq": null,
        "Type": "ECONOMICAISTRATEGY_OFFSHORE_EXPANSION_MAP",
        "WeightThreshold": 0
    },
    {
        "Advisor": null,
        "AdvisorCounsel": null,
        "AdvisorCounselImportance": 1,
        "CheckTriggerTurnCount": 10,
        "FirstTurnExecuted": 50,
        "ID": 32,
        "MinimumNumTurnsExecuted": 50,
        "NoMinorCivs": 1,
        "TechObsolete": "TECH_INDUSTRIALIZATION",
        "TechPrereq": "TECH_POTTERY",
        "Type": "ECONOMICAISTRATEGY_DEVELOPING_RELIGION",
        "WeightThreshold": 0
    },
    {
        "Advisor": null,
        "AdvisorCounsel": null,
        "AdvisorCounselImportance": 1,
        "CheckTriggerTurnCount": 10,
        "FirstTurnExecuted": 5,
        "ID": 33,
        "MinimumNumTurnsExecuted": 25,
        "NoMinorCivs": 1,
        "TechObsolete": null,
        "TechPrereq": null,
        "Type": "ECONOMICAISTRATEGY_TECH_LEADER",
        "WeightThreshold": 0
    },
    {
        "Advisor": null,
        "AdvisorCounsel": null,
        "AdvisorCounselImportance": 1,
        "CheckTriggerTurnCount": 1,
        "FirstTurnExecuted": 10,
        "ID": 34,
        "MinimumNumTurnsExecuted": 1,
        "NoMinorCivs": 1,
        "TechObsolete": null,
        "TechPrereq": null,
        "Type": "ECONOMICAISTRATEGY_NEED_ARCHAEOLOGISTS",
        "WeightThreshold": 0
    },
    {
        "Advisor": null,
        "AdvisorCounsel": null,
        "AdvisorCounselImportance": 1,
        "CheckTriggerTurnCount": 1,
        "FirstTurnExecuted": 10,
        "ID": 35,
        "MinimumNumTurnsExecuted": 1,
        "NoMinorCivs": 1,
        "TechObsolete": null,
        "TechPrereq": null,
        "Type": "ECONOMICAISTRATEGY_ENOUGH_ARCHAEOLOGISTS",
        "WeightThreshold": 0
    },
    {
        "Advisor": null,
        "AdvisorCounsel": null,
        "AdvisorCounselImportance": 1,
        "CheckTriggerTurnCount": 1,
        "FirstTurnExecuted": 10,
        "ID": 36,
        "MinimumNumTurnsExecuted": 1,
        "NoMinorCivs": 1,
        "TechObsolete": null,
        "TechPrereq": null,
        "Type": "ECONOMICAISTRATEGY_NEED_MUSEUMS",
        "WeightThreshold": 0
    },
    {
        "Advisor": null,
        "AdvisorCounsel": null,
        "AdvisorCounselImportance": 1,
        "CheckTriggerTurnCount": 1,
        "FirstTurnExecuted": 10,
        "ID": 37,
        "MinimumNumTurnsExecuted": 1,
        "NoMinorCivs": 1,
        "TechObsolete": null,
        "TechPrereq": null,
        "Type": "ECONOMICAISTRATEGY_NEED_GUILDS",
        "WeightThreshold": 0
    },
    {
        "Advisor": null,
        "AdvisorCounsel": null,
        "AdvisorCounselImportance": 1,
        "CheckTriggerTurnCount": 1,
        "FirstTurnExecuted": 0,
        "ID": 38,
        "MinimumNumTurnsExecuted": 1,
        "NoMinorCivs": 1,
        "TechObsolete": null,
        "TechPrereq": null,
        "Type": "ECONOMICAISTRATEGY_CONCERT_TOUR",
        "WeightThreshold": 10
    },
    {
        "Advisor": null,
        "AdvisorCounsel": null,
        "AdvisorCounselImportance": 1,
        "CheckTriggerTurnCount": 1,
        "FirstTurnExecuted": 0,
        "ID": 39,
        "MinimumNumTurnsExecuted": 1,
        "NoMinorCivs": 1,
        "TechObsolete": null,
        "TechPrereq": null,
        "Type": "ECONOMICAISTRATEGY_STARTED_PIETY",
        "WeightThreshold": 0
    }
]