[
    {
        "AIGrandStrategyType": "AIGRANDSTRATEGY_CONQUEST",
        "Flavor": 2,
        "FlavorType": "FLAVOR_OFFENSE"
    },
    {
        "AIGrandStrategyType": "AIGRANDSTRATEGY_CONQUEST",
        "Flavor": 1,
        "FlavorType": "FLAVOR_EXPANSION"
    },
    {
        "AIGrandStrategyType": "AIGRANDSTRATEGY_CONQUEST",
        "Flavor": 1,
        "FlavorType": "FLAVOR_PRODUCTION"
    },
    {
        "AIGrandStrategyType": "AIGRANDSTRATEGY_CONQUEST",
        "Flavor": 1,
        "FlavorType": "FLAVOR_MILITARY_TRAINING"
    },
    {
        "AIGrandStrategyType": "AIGRANDSTRATEGY_CONQUEST",
        "Flavor": 1,
        "FlavorType": "FLAVOR_AIR"
    },
    {
        "AIGrandStrategyType": "AIGRANDSTRATEGY_CONQUEST",
        "Flavor": 1,
        "FlavorType": "FLAVOR_NUKE"
    },
    {
        "AIGrandStrategyType": "AIGRANDSTRATEGY_CULTURE",
        "Flavor": 2,
        "FlavorType": "FLAVOR_CULTURE"
    },
    {
        "AIGrandStrategyType": "AIGRANDSTRATEGY_CULTURE",
        "Flavor": -2,
        "FlavorType": "FLAVOR_EXPANSION"
    },
    {
        "AIGrandStrategyType": "AIGRANDSTRATEGY_CULTURE",
        "Flavor": 2,
        "FlavorType": "FLAVOR_GROWTH"
    },
    {
        "AIGrandStrategyType": "AIGRANDSTRATEGY_CULTURE",
        "Flavor": 1,
        "FlavorType": "FLAVOR_DIPLOMACY"
    },
    {
        "AIGrandStrategyType": "AIGRANDSTRATEGY_CULTURE",
        "Flavor": 1,
        "FlavorType": "FLAVOR_GOLD"
    },
    {
        "AIGrandStrategyType": "AIGRANDSTRATEGY_CULTURE",
        "Flavor": 1,
        "FlavorType": "FLAVOR_RELIGION"
    },
    {
        "AIGrandStrategyType": "AIGRANDSTRATEGY_CULTURE",
        "Flavor": -2,
        "FlavorType": "FLAVOR_SPACESHIP"
    },
    {
        "AIGrandStrategyType": "AIGRANDSTRATEGY_CULTURE",
        "Flavor": 1,
        "FlavorType": "FLAVOR_GREAT_PEOPLE"
    },
    {
        "AIGrandStrategyType": "AIGRANDSTRATEGY_CULTURE",
        "Flavor": 2,
        "FlavorType": "FLAVOR_WONDER"
    },
    {
        "AIGrandStrategyType": "AIGRANDSTRATEGY_CULTURE",
        "Flavor": 1,
        "FlavorType": "FLAVOR_DEFENSE"
    },
    {
        "AIGrandStrategyType": "AIGRANDSTRATEGY_UNITED_NATIONS",
        "Flavor": 3,
        "FlavorType": "FLAVOR_DIPLOMACY"
    },
    {
        "AIGrandStrategyType": "AIGRANDSTRATEGY_UNITED_NATIONS",
        "Flavor": 1,
        "FlavorType": "FLAVOR_NAVAL_RECON"
    },
    {
        "AIGrandStrategyType": "AIGRANDSTRATEGY_UNITED_NATIONS",
        "Flavor": 2,
        "FlavorType": "FLAVOR_GOLD"
    },
    {
        "AIGrandStrategyType": "AIGRANDSTRATEGY_UNITED_NATIONS",
        "Flavor": -1,
        "FlavorType": "FLAVOR_NUKE"
    },
    {
        "AIGrandStrategyType": "AIGRANDSTRATEGY_SPACESHIP",
        "Flavor": 2,
        "FlavorType": "FLAVOR_SPACESHIP"
    },
    {
        "AIGrandStrategyType": "AIGRANDSTRATEGY_SPACESHIP",
        "Flavor": 1,
        "FlavorType": "FLAVOR_EXPANSION"
    },
    {
        "AIGrandStrategyType": "AIGRANDSTRATEGY_SPACESHIP",
        "Flavor": 2,
        "FlavorType": "FLAVOR_SCIENCE"
    },
    {
        "AIGrandStrategyType": "AIGRANDSTRATEGY_SPACESHIP",
        "Flavor": 1,
        "FlavorType": "FLAVOR_PRODUCTION"
    },
    {
        "AIGrandStrategyType": "AIGRANDSTRATEGY_SPACESHIP",
        "Flavor": -5,
        "FlavorType": "FLAVOR_RELIGION"
    }
]