[
    {
        "Advisor": null,
        "AdvisorCounsel": null,
        "AdvisorCounselImportance": 1,
        "CheckTriggerTurnCount": 2,
        "FirstTurnExecuted": 25,
        "ID": 0,
        "MinimumNumTurnsExecuted": 2,
        "NoMinorCivs": 0,
        "OnlyMinorCivs": 0,
        "TechObsolete": null,
        "TechPrereq": null,
        "Type": "MILITARYAISTRATEGY_NEED_RANGED",
        "UpdateCitySpecializations": 0,
        "WeightThreshold": 0
    },
    {
        "Advisor": "ECONOMIC",
        "AdvisorCounsel": "TXT_KEY_MILITARYAISTRATEGY_ENOUGH_MILITARY_UNITS",
        "AdvisorCounselImportance": 1,
        "CheckTriggerTurnCount": 2,
        "FirstTurnExecuted": 25,
        "ID": 1,
        "MinimumNumTurnsExecuted": 2,
        "NoMinorCivs": 1,
        "OnlyMinorCivs": 0,
        "TechObsolete": null,
        "TechPrereq": null,
        "Type": "MILITARYAISTRATEGY_ENOUGH_MILITARY_UNITS",
        "UpdateCitySpecializations": 0,
        "WeightThreshold": 0
    },
    {
        "Advisor": "MILITARY",
        "AdvisorCounsel": "TXT_KEY_MILITARYAISTRATEGY_EMPIRE_DEFENSE",
        "AdvisorCounselImportance": 1,
        "CheckTriggerTurnCount": 2,
        "FirstTurnExecuted": 25,
        "ID": 2,
        "MinimumNumTurnsExecuted": 5,
        "NoMinorCivs": 1,
        "OnlyMinorCivs": 0,
        "TechObsolete": null,
        "TechPrereq": null,
        "Type": "MILITARYAISTRATEGY_EMPIRE_DEFENSE",
        "UpdateCitySpecializations": 1,
        "WeightThreshold": 0
    },
    {
        "Advisor": "MILITARY",
        "AdvisorCounsel": "TXT_KEY_MILITARYAISTRATEGY_EMPIRE_DEFENSE_CRITICAL",
        "AdvisorCounselImportance": 3,
        "CheckTriggerTurnCount": 2,
        "FirstTurnExecuted": 30,
        "ID": 3,
        "MinimumNumTurnsExecuted": 5,
        "NoMinorCivs": 0,
        "OnlyMinorCivs": 0,
        "TechObsolete": null,
        "TechPrereq": null,
        "Type": "MILITARYAISTRATEGY_EMPIRE_DEFENSE_CRITICAL",
        "UpdateCitySpecializations": 1,
        "WeightThreshold": 0
    },
    {
        "Advisor": null,
        "AdvisorCounsel": null,
        "AdvisorCounselImportance": 1,
        "CheckTriggerTurnCount": 2,
        "FirstTurnExecuted": 50,
        "ID": 4,
        "MinimumNumTurnsExecuted": 2,
        "NoMinorCivs": 1,
        "OnlyMinorCivs": 0,
        "TechObsolete": null,
        "TechPrereq": null,
        "Type": "MILITARYAISTRATEGY_ENOUGH_NAVAL_UNITS",
        "UpdateCitySpecializations": 0,
        "WeightThreshold": 0
    },
    {
        "Advisor": null,
        "AdvisorCounsel": null,
        "AdvisorCounselImportance": 1,
        "CheckTriggerTurnCount": 2,
        "FirstTurnExecuted": 50,
        "ID": 5,
        "MinimumNumTurnsExecuted": 2,
        "NoMinorCivs": 1,
        "OnlyMinorCivs": 0,
        "TechObsolete": null,
        "TechPrereq": null,
        "Type": "MILITARYAISTRATEGY_NEED_NAVAL_UNITS",
        "UpdateCitySpecializations": 0,
        "WeightThreshold": 0
    },
    {
        "Advisor": null,
        "AdvisorCounsel": null,
        "AdvisorCounselImportance": 1,
        "CheckTriggerTurnCount": 2,
        "FirstTurnExecuted": 50,
        "ID": 6,
        "MinimumNumTurnsExecuted": 2,
        "NoMinorCivs": 1,
        "OnlyMinorCivs": 0,
        "TechObsolete": null,
        "TechPrereq": null,
        "Type": "MILITARYAISTRATEGY_NEED_NAVAL_UNITS_CRITICAL",
        "UpdateCitySpecializations": 1,
        "WeightThreshold": 0
    },
    {
        "Advisor": "MILITARY",
        "AdvisorCounsel": "TXT_KEY_MILITARYAISTRATEGY_AT_WAR",
        "AdvisorCounselImportance": 1,
        "CheckTriggerTurnCount": 1,
        "FirstTurnExecuted": 0,
        "ID": 7,
        "MinimumNumTurnsExecuted": 5,
        "NoMinorCivs": 1,
        "OnlyMinorCivs": 0,
        "TechObsolete": null,
        "TechPrereq": null,
        "Type": "MILITARYAISTRATEGY_AT_WAR",
        "UpdateCitySpecializations": 1,
        "WeightThreshold": 0
    },
    {
        "Advisor": null,
        "AdvisorCounsel": null,
        "AdvisorCounselImportance": 1,
        "CheckTriggerTurnCount": 5,
        "FirstTurnExecuted": 0,
        "ID": 8,
        "MinimumNumTurnsExecuted": 15,
        "NoMinorCivs": 1,
        "OnlyMinorCivs": 0,
        "TechObsolete": null,
        "TechPrereq": null,
        "Type": "MILITARYAISTRATEGY_WAR_MOBILIZATION",
        "UpdateCitySpecializations": 1,
        "WeightThreshold": 100
    },
    {
        "Advisor": null,
        "AdvisorCounsel": null,
        "AdvisorCounselImportance": 1,
        "CheckTriggerTurnCount": 5,
        "FirstTurnExecuted": 0,
        "ID": 9,
        "MinimumNumTurnsExecuted": 0,
        "NoMinorCivs": 1,
        "OnlyMinorCivs": 0,
        "TechObsolete": "TECH_ARCHERY",
        "TechPrereq": null,
        "Type": "MILITARYAISTRATEGY_NEED_RANGED_EARLY",
        "UpdateCitySpecializations": 1,
        "WeightThreshold": 0
    },
    {
        "Advisor": null,
        "AdvisorCounsel": null,
        "AdvisorCounselImportance": 1,
        "CheckTriggerTurnCount": 2,
        "FirstTurnExecuted": 25,
        "ID": 10,
        "MinimumNumTurnsExecuted": 2,
        "NoMinorCivs": 0,
        "OnlyMinorCivs": 0,
        "TechObsolete": null,
        "TechPrereq": null,
        "Type": "MILITARYAISTRATEGY_ENOUGH_RANGED",
        "UpdateCitySpecializations": 0,
        "WeightThreshold": 0
    },
    {
        "Advisor": null,
        "AdvisorCounsel": null,
        "AdvisorCounselImportance": 1,
        "CheckTriggerTurnCount": 50,
        "FirstTurnExecuted": 0,
        "ID": 11,
        "MinimumNumTurnsExecuted": 50,
        "NoMinorCivs": 0,
        "OnlyMinorCivs": 1,
        "TechObsolete": null,
        "TechPrereq": null,
        "Type": "MILITARYAISTRATEGY_MINOR_CIV_GENERAL_DEFENSE",
        "UpdateCitySpecializations": 0,
        "WeightThreshold": 0
    },
    {
        "Advisor": null,
        "AdvisorCounsel": null,
        "AdvisorCounselImportance": 1,
        "CheckTriggerTurnCount": 5,
        "FirstTurnExecuted": 0,
        "ID": 12,
        "MinimumNumTurnsExecuted": 5,
        "NoMinorCivs": 0,
        "OnlyMinorCivs": 1,
        "TechObsolete": null,
        "TechPrereq": null,
        "Type": "MILITARYAISTRATEGY_MINOR_CIV_THREAT_ELEVATED",
        "UpdateCitySpecializations": 0,
        "WeightThreshold": 0
    },
    {
        "Advisor": null,
        "AdvisorCounsel": null,
        "AdvisorCounselImportance": 1,
        "CheckTriggerTurnCount": 5,
        "FirstTurnExecuted": 0,
        "ID": 13,
        "MinimumNumTurnsExecuted": 5,
        "NoMinorCivs": 0,
        "OnlyMinorCivs": 1,
        "TechObsolete": null,
        "TechPrereq": null,
        "Type": "MILITARYAISTRATEGY_MINOR_CIV_THREAT_CRITICAL",
        "UpdateCitySpecializations": 0,
        "WeightThreshold": 0
    },
    {
        "Advisor": "MILITARY",
        "AdvisorCounsel": "TXT_KEY_MILITARYAISTRATEGY_ERADICATE_BARBARIANS",
        "AdvisorCounselImportance": 1,
        "CheckTriggerTurnCount": 5,
        "FirstTurnExecuted": 20,
        "ID": 14,
        "MinimumNumTurnsExecuted": 10,
        "NoMinorCivs": 1,
        "OnlyMinorCivs": 0,
        "TechObsolete": null,
        "TechPrereq": null,
        "Type": "MILITARYAISTRATEGY_ERADICATE_BARBARIANS",
        "UpdateCitySpecializations": 0,
        "WeightThreshold": 200
    },
    {
        "Advisor": "MILITARY",
        "AdvisorCounsel": "TXT_KEY_MILITARYAISTRATEGY_WINNING_WARS",
        "AdvisorCounselImportance": 1,
        "CheckTriggerTurnCount": 2,
        "FirstTurnExecuted": 0,
        "ID": 15,
        "MinimumNumTurnsExecuted": 2,
        "NoMinorCivs": 1,
        "OnlyMinorCivs": 0,
        "TechObsolete": null,
        "TechPrereq": null,
        "Type": "MILITARYAISTRATEGY_WINNING_WARS",
        "UpdateCitySpecializations": 0,
        "WeightThreshold": 0
    },
    {
        "Advisor": "FOREIGN",
        "AdvisorCounsel": "TXT_KEY_MILITARYAISTRATEGY_LOSING_WARS",
        "AdvisorCounselImportance": 1,
        "CheckTriggerTurnCount": 2,
        "FirstTurnExecuted": 0,
        "ID": 16,
        "MinimumNumTurnsExecuted": 2,
        "NoMinorCivs": 1,
        "OnlyMinorCivs": 0,
        "TechObsolete": null,
        "TechPrereq": null,
        "Type": "MILITARYAISTRATEGY_LOSING_WARS",
        "UpdateCitySpecializations": 0,
        "WeightThreshold": 0
    },
    {
        "Advisor": null,
        "AdvisorCounsel": null,
        "AdvisorCounselImportance": 1,
        "CheckTriggerTurnCount": 2,
        "FirstTurnExecuted": 25,
        "ID": 17,
        "MinimumNumTurnsExecuted": 2,
        "NoMinorCivs": 0,
        "OnlyMinorCivs": 0,
        "TechObsolete": null,
        "TechPrereq": null,
        "Type": "MILITARYAISTRATEGY_NEED_MOBILE",
        "UpdateCitySpecializations": 0,
        "WeightThreshold": 0
    },
    {
        "Advisor": null,
        "AdvisorCounsel": null,
        "AdvisorCounselImportance": 1,
        "CheckTriggerTurnCount": 2,
        "FirstTurnExecuted": 25,
        "ID": 18,
        "MinimumNumTurnsExecuted": 2,
        "NoMinorCivs": 0,
        "OnlyMinorCivs": 0,
        "TechObsolete": null,
        "TechPrereq": null,
        "Type": "MILITARYAISTRATEGY_ENOUGH_MOBILE",
        "UpdateCitySpecializations": 0,
        "WeightThreshold": 0
    },
    {
        "Advisor": null,
        "AdvisorCounsel": null,
        "AdvisorCounselImportance": 1,
        "CheckTriggerTurnCount": 2,
        "FirstTurnExecuted": 25,
        "ID": 19,
        "MinimumNumTurnsExecuted": 2,
        "NoMinorCivs": 1,
        "OnlyMinorCivs": 0,
        "TechObsolete": null,
        "TechPrereq": "TECH_FLIGHT",
        "Type": "MILITARYAISTRATEGY_NEED_AIR",
        "UpdateCitySpecializations": 0,
        "WeightThreshold": 0
    },
    {
        "Advisor": null,
        "AdvisorCounsel": null,
        "AdvisorCounselImportance": 1,
        "CheckTriggerTurnCount": 2,
        "FirstTurnExecuted": 25,
        "ID": 20,
        "MinimumNumTurnsExecuted": 2,
        "NoMinorCivs": 1,
        "OnlyMinorCivs": 0,
        "TechObsolete": null,
        "TechPrereq": "TECH_ATOMIC_THEORY",
        "Type": "MILITARYAISTRATEGY_NEED_NUKE",
        "UpdateCitySpecializations": 0,
        "WeightThreshold": 0
    },
    {
        "Advisor": null,
        "AdvisorCounsel": null,
        "AdvisorCounselImportance": 1,
        "CheckTriggerTurnCount": 2,
        "FirstTurnExecuted": 25,
        "ID": 21,
        "MinimumNumTurnsExecuted": 2,
        "NoMinorCivs": 1,
        "OnlyMinorCivs": 0,
        "TechObsolete": null,
        "TechPrereq": "TECH_FLIGHT",
        "Type": "MILITARYAISTRATEGY_ENOUGH_AIR",
        "UpdateCitySpecializations": 0,
        "WeightThreshold": 0
    },
    {
        "Advisor": null,
        "AdvisorCounsel": null,
        "AdvisorCounselImportance": 1,
        "CheckTriggerTurnCount": 2,
        "FirstTurnExecuted": 25,
        "ID": 22,
        "MinimumNumTurnsExecuted": 2,
        "NoMinorCivs": 0,
        "OnlyMinorCivs": 0,
        "TechObsolete": null,
        "TechPrereq": "TECH_RADIO",
        "Type": "MILITARYAISTRATEGY_NEED_ANTIAIR",
        "UpdateCitySpecializations": 0,
        "WeightThreshold": 0
    },
    {
        "Advisor": null,
        "AdvisorCounsel": null,
        "AdvisorCounselImportance": 1,
        "CheckTriggerTurnCount": 2,
        "FirstTurnExecuted": 25,
        "ID": 23,
        "MinimumNumTurnsExecuted": 2,
        "NoMinorCivs": 0,
        "OnlyMinorCivs": 0,
        "TechObsolete": null,
        "TechPrereq": "TECH_RADIO",
        "Type": "MILITARYAISTRATEGY_ENOUGH_ANTIAIR",
        "UpdateCitySpecializations": 0,
        "WeightThreshold": 0
    },
    {
        "Advisor": null,
        "AdvisorCounsel": null,
        "AdvisorCounselImportance": 1,
        "CheckTriggerTurnCount": 2,
        "FirstTurnExecuted": 0,
        "ID": 24,
        "MinimumNumTurnsExecuted": 2,
        "NoMinorCivs": 0,
        "OnlyMinorCivs": 0,
        "TechObsolete": null,
        "TechPrereq": "TECH_FLIGHT",
        "Type": "MILITARYAISTRATEGY_NEED_AIR_CARRIER",
        "UpdateCitySpecializations": 0,
        "WeightThreshold": 0
    }
]