[
    {
        "FriendlyName": "None",
        "LandmarkType": "Improvement",
        "Type": "ART_DEF_IMPROVEMENT_NONE"
    },
    {
        "FriendlyName": "Barbarian Camp",
        "LandmarkType": "Improvement",
        "Type": "ART_DEF_IMPROVEMENT_BARBARIAN_CAMP"
    },
    {
        "FriendlyName": "Camp",
        "LandmarkType": "Improvement",
        "Type": "ART_DEF_IMPROVEMENT_CAMP"
    },
    {
        "FriendlyName": "City Ruins",
        "LandmarkType": "Improvement",
        "Type": "ART_DEF_IMPROVEMENT_CITY_RUINS"
    },
    {
        "FriendlyName": "Farm",
        "LandmarkType": "Improvement",
        "Type": "ART_DEF_IMPROVEMENT_FARM"
    },
    {
        "FriendlyName": "Fishing Boats",
        "LandmarkType": "Improvement",
        "Type": "ART_DEF_IMPROVEMENT_FISHING_BOATS"
    },
    {
        "FriendlyName": "Fort",
        "LandmarkType": "Improvement",
        "Type": "ART_DEF_IMPROVEMENT_FORT"
    },
    {
        "FriendlyName": "Goody Hut",
        "LandmarkType": "Improvement",
        "Type": "ART_DEF_IMPROVEMENT_GOODY_HUT"
    },
    {
        "FriendlyName": "Lumbermill",
        "LandmarkType": "Improvement",
        "Type": "ART_DEF_IMPROVEMENT_LUMBERMILL"
    },
    {
        "FriendlyName": "Mine",
        "LandmarkType": "Improvement",
        "Type": "ART_DEF_IMPROVEMENT_MINE"
    },
    {
        "FriendlyName": "Quarry",
        "LandmarkType": "Improvement",
        "Type": "ART_DEF_IMPROVEMENT_QUARRY"
    },
    {
        "FriendlyName": "Offshore Platform",
        "LandmarkType": "Improvement",
        "Type": "ART_DEF_IMPROVEMENT_OFFSHORE_PLATFORM"
    },
    {
        "FriendlyName": "Pasture",
        "LandmarkType": "Improvement",
        "Type": "ART_DEF_IMPROVEMENT_PASTURE"
    },
    {
        "FriendlyName": "Plantation",
        "LandmarkType": "Improvement",
        "Type": "ART_DEF_IMPROVEMENT_PLANTATION"
    },
    {
        "FriendlyName": "School",
        "LandmarkType": "Improvement",
        "Type": "ART_DEF_IMPROVEMENT_SCHOOL"
    },
    {
        "FriendlyName": "Trading Post 1",
        "LandmarkType": "Improvement",
        "Type": "ART_DEF_IMPROVEMENT_TRADING_POST1"
    },
    {
        "FriendlyName": "Trading Post 2",
        "LandmarkType": "Improvement",
        "Type": "ART_DEF_IMPROVEMENT_TRADING_POST2"
    },
    {
        "FriendlyName": "Trading Post 3",
        "LandmarkType": "Improvement",
        "Type": "ART_DEF_IMPROVEMENT_TRADING_POST3"
    },
    {
        "FriendlyName": "Trading Post 4",
        "LandmarkType": "Improvement",
        "Type": "ART_DEF_IMPROVEMENT_TRADING_POST4"
    },
    {
        "FriendlyName": "Well",
        "LandmarkType": "Improvement",
        "Type": "ART_DEF_IMPROVEMENT_WELL"
    },
    {
        "FriendlyName": "Monolith Asia",
        "LandmarkType": "Improvement",
        "Type": "ART_DEF_IMPROVEMENT_MONOLITH_ASIA"
    },
    {
        "FriendlyName": "Monolith America",
        "LandmarkType": "Improvement",
        "Type": "ART_DEF_IMPROVEMENT_MONOLITH_AMER"
    },
    {
        "FriendlyName": "Monolith Africa",
        "LandmarkType": "Improvement",
        "Type": "ART_DEF_IMPROVEMENT_MONOLITH_AFRI"
    },
    {
        "FriendlyName": "Monolith Europe",
        "LandmarkType": "Improvement",
        "Type": "ART_DEF_IMPROVEMENT_MONOLITH_EURO"
    },
    {
        "FriendlyName": "Academy",
        "LandmarkType": "Improvement",
        "Type": "ART_DEF_IMPROVEMENT_ACADEMY"
    },
    {
        "FriendlyName": "Citadel",
        "LandmarkType": "Improvement",
        "Type": "ART_DEF_IMPROVEMENT_CITADEL"
    },
    {
        "FriendlyName": "Manufactory",
        "LandmarkType": "Improvement",
        "Type": "ART_DEF_IMPROVEMENT_MANUFACTORY"
    },
    {
        "FriendlyName": "Customs House",
        "LandmarkType": "Improvement",
        "Type": "ART_DEF_IMPROVEMENT_CUSTOMS_HOUSE"
    },
    {
        "FriendlyName": "None",
        "LandmarkType": "Resource",
        "Type": "ART_DEF_RESOURCE_NONE"
    },
    {
        "FriendlyName": "All",
        "LandmarkType": "Resource",
        "Type": "ART_DEF_RESOURCE_ALL"
    },
    {
        "FriendlyName": "Aluminum",
        "LandmarkType": "Resource",
        "Type": "ART_DEF_RESOURCE_ALUMINUM"
    },
    {
        "FriendlyName": "Aluminum Heavy",
        "LandmarkType": "Resource",
        "Type": "ART_DEF_RESOURCE_ALUMINUM_HEAVY"
    },
    {
        "FriendlyName": "Banana",
        "LandmarkType": "Resource",
        "Type": "ART_DEF_RESOURCE_BANANA"
    },
    {
        "FriendlyName": "Coal",
        "LandmarkType": "Resource",
        "Type": "ART_DEF_RESOURCE_COAL"
    },
    {
        "FriendlyName": "Coal Heavy",
        "LandmarkType": "Resource",
        "Type": "ART_DEF_RESOURCE_COAL_HEAVY"
    },
    {
        "FriendlyName": "Coal Marsh",
        "LandmarkType": "Resource",
        "Type": "ART_DEF_RESOURCE_COAL_MARSH"
    },
    {
        "FriendlyName": "Coal Heavy Marsh",
        "LandmarkType": "Resource",
        "Type": "ART_DEF_RESOURCE_COAL_HEAVY_MARSH"
    },
    {
        "FriendlyName": "Cotton",
        "LandmarkType": "Resource",
        "Type": "ART_DEF_RESOURCE_COTTON"
    },
    {
        "FriendlyName": "Cow",
        "LandmarkType": "Resource",
        "Type": "ART_DEF_RESOURCE_COW"
    },
    {
        "FriendlyName": "Sheep",
        "LandmarkType": "Resource",
        "Type": "ART_DEF_RESOURCE_SHEEP"
    },
    {
        "FriendlyName": "Deer",
        "LandmarkType": "Resource",
        "Type": "ART_DEF_RESOURCE_DEER"
    },
    {
        "FriendlyName": "Dye",
        "LandmarkType": "Resource",
        "Type": "ART_DEF_RESOURCE_DYE"
    },
    {
        "FriendlyName": "Fish",
        "LandmarkType": "Resource",
        "Type": "ART_DEF_RESOURCE_FISH"
    },
    {
        "FriendlyName": "Furs",
        "LandmarkType": "Resource",
        "Type": "ART_DEF_RESOURCE_FURS"
    },
    {
        "FriendlyName": "Furs Hill",
        "LandmarkType": "Resource",
        "Type": "ART_DEF_RESOURCE_FURS_HILL"
    },
    {
        "FriendlyName": "Gems",
        "LandmarkType": "Resource",
        "Type": "ART_DEF_RESOURCE_GEMS"
    },
    {
        "FriendlyName": "Gold",
        "LandmarkType": "Resource",
        "Type": "ART_DEF_RESOURCE_GOLD"
    },
    {
        "FriendlyName": "Silver",
        "LandmarkType": "Resource",
        "Type": "ART_DEF_RESOURCE_SILVER"
    },
    {
        "FriendlyName": "Horse",
        "LandmarkType": "Resource",
        "Type": "ART_DEF_RESOURCE_HORSE"
    },
    {
        "FriendlyName": "Super Horse",
        "LandmarkType": "Resource",
        "Type": "ART_DEF_RESOURCE_SUPERHORSE"
    },
    {
        "FriendlyName": "Iron",
        "LandmarkType": "Resource",
        "Type": "ART_DEF_RESOURCE_IRON"
    },
    {
        "FriendlyName": "Iron Heavy",
        "LandmarkType": "Resource",
        "Type": "ART_DEF_RESOURCE_IRON_HEAVY"
    },
    {
        "FriendlyName": "Iron Marsh",
        "LandmarkType": "Resource",
        "Type": "ART_DEF_RESOURCE_IRON_MARSH"
    },
    {
        "FriendlyName": "Iron Heavy Marsh",
        "LandmarkType": "Resource",
        "Type": "ART_DEF_RESOURCE_IRON_HEAVY_MARSH"
    },
    {
        "FriendlyName": "Incense",
        "LandmarkType": "Resource",
        "Type": "ART_DEF_RESOURCE_INCENSE"
    },
    {
        "FriendlyName": "Ivory",
        "LandmarkType": "Resource",
        "Type": "ART_DEF_RESOURCE_IVORY"
    },
    {
        "FriendlyName": "Marble",
        "LandmarkType": "Resource",
        "Type": "ART_DEF_RESOURCE_MARBLE"
    },
    {
        "FriendlyName": "Oil",
        "LandmarkType": "Resource",
        "Type": "ART_DEF_RESOURCE_OIL"
    },
    {
        "FriendlyName": "Oil Heavy",
        "LandmarkType": "Resource",
        "Type": "ART_DEF_RESOURCE_OIL_HEAVY"
    },
    {
        "FriendlyName": "Oil Water",
        "LandmarkType": "Resource",
        "Type": "ART_DEF_RESOURCE_OIL_WATER"
    },
    {
        "FriendlyName": "Oil Heavy Water",
        "LandmarkType": "Resource",
        "Type": "ART_DEF_RESOURCE_OIL_HEAVY_WATER"
    },
    {
        "FriendlyName": "Pearls",
        "LandmarkType": "Resource",
        "Type": "ART_DEF_RESOURCE_PEARLS"
    },
    {
        "FriendlyName": "Silk",
        "LandmarkType": "Resource",
        "Type": "ART_DEF_RESOURCE_SILK"
    },
    {
        "FriendlyName": "Spice",
        "LandmarkType": "Resource",
        "Type": "ART_DEF_RESOURCE_SPICE"
    },
    {
        "FriendlyName": "Sugar",
        "LandmarkType": "Resource",
        "Type": "ART_DEF_RESOURCE_SUGAR"
    },
    {
        "FriendlyName": "Uranium",
        "LandmarkType": "Resource",
        "Type": "ART_DEF_RESOURCE_URANIUM"
    },
    {
        "FriendlyName": "Uranium Heavy",
        "LandmarkType": "Resource",
        "Type": "ART_DEF_RESOURCE_URANIUM_HEAVY"
    },
    {
        "FriendlyName": "Uranium Marsh",
        "LandmarkType": "Resource",
        "Type": "ART_DEF_RESOURCE_URANIUM_MARSH"
    },
    {
        "FriendlyName": "Uranium Heavy Marsh",
        "LandmarkType": "Resource",
        "Type": "ART_DEF_RESOURCE_URANIUM_HEAVY_MARSH"
    },
    {
        "FriendlyName": "Whale",
        "LandmarkType": "Resource",
        "Type": "ART_DEF_RESOURCE_WHALE"
    },
    {
        "FriendlyName": "Wheat",
        "LandmarkType": "Resource",
        "Type": "ART_DEF_RESOURCE_WHEAT"
    },
    {
        "FriendlyName": "Wine",
        "LandmarkType": "Resource",
        "Type": "ART_DEF_RESOURCE_WINE"
    },
    {
        "FriendlyName": "Crater",
        "LandmarkType": "Resource",
        "Type": "ART_DEF_FEATURE_CRATER"
    },
    {
        "FriendlyName": "Everest",
        "LandmarkType": "Resource",
        "Type": "ART_DEF_FEATURE_EVEREST"
    },
    {
        "FriendlyName": "Fallout",
        "LandmarkType": "Resource",
        "Type": "ART_DEF_FEATURE_FALLOUT"
    },
    {
        "FriendlyName": "Fuji",
        "LandmarkType": "Resource",
        "Type": "ART_DEF_FEATURE_FUJI"
    },
    {
        "FriendlyName": "Fuji",
        "LandmarkType": "Resource",
        "Type": "ART_DEF_FEATURE_GEYSER"
    },
    {
        "FriendlyName": "Ice",
        "LandmarkType": "Resource",
        "Type": "ART_DEF_FEATURE_ICE"
    },
    {
        "FriendlyName": "Mesa",
        "LandmarkType": "Resource",
        "Type": "ART_DEF_FEATURE_MESA"
    },
    {
        "FriendlyName": "Oasis",
        "LandmarkType": "Resource",
        "Type": "ART_DEF_FEATURE_OASIS"
    },
    {
        "FriendlyName": "Reef",
        "LandmarkType": "Resource",
        "Type": "ART_DEF_FEATURE_REEF"
    },
    {
        "FriendlyName": "Titicaca",
        "LandmarkType": "Resource",
        "Type": "ART_DEF_FEATURE_TITICACA"
    },
    {
        "FriendlyName": "Volcano",
        "LandmarkType": "Resource",
        "Type": "ART_DEF_FEATURE_VOLCANO"
    },
    {
        "FriendlyName": "Snapshot",
        "LandmarkType": "LayoutHandler",
        "Type": "SNAPSHOT"
    },
    {
        "FriendlyName": "Farm",
        "LandmarkType": "LayoutHandler",
        "Type": "FARM"
    },
    {
        "FriendlyName": "Pasture",
        "LandmarkType": "LayoutHandler",
        "Type": "PASTURE"
    },
    {
        "FriendlyName": "Spring",
        "LandmarkType": "LayoutHandler",
        "Type": "SPRING"
    },
    {
        "FriendlyName": "Animated",
        "LandmarkType": "LayoutHandler",
        "Type": "ANIMATED"
    },
    {
        "FriendlyName": "Animated-Random",
        "LandmarkType": "LayoutHandler",
        "Type": "ANIMATED_ROTATED"
    },
    {
        "FriendlyName": "Random",
        "LandmarkType": "LayoutHandler",
        "Type": "RANDOM"
    },
    {
        "FriendlyName": "Terrace Farm",
        "LandmarkType": "Improvement",
        "Type": "ART_DEF_IMPROVEMENT_TERRACE_FARM"
    },
    {
        "FriendlyName": "Moai Statues",
        "LandmarkType": "Improvement",
        "Type": "ART_DEF_IMPROVEMENT_MOAI_STATUES"
    },
    {
        "FriendlyName": "Hadrians Wall 1",
        "LandmarkType": "Improvement",
        "Type": "ART_DEF_FEATURE_HADRIANS_WALL_1"
    },
    {
        "FriendlyName": "Hadrians Wall 2",
        "LandmarkType": "Improvement",
        "Type": "ART_DEF_FEATURE_HADRIANS_WALL_2"
    },
    {
        "FriendlyName": "Hadrians Wall 3",
        "LandmarkType": "Improvement",
        "Type": "ART_DEF_FEATURE_HADRIANS_WALL_3"
    },
    {
        "FriendlyName": "Motte and Bailey",
        "LandmarkType": "Improvement",
        "Type": "ART_DEF_IMPROVEMENT_MOTTE_BAILEY"
    },
    {
        "FriendlyName": "Wajo",
        "LandmarkType": "Improvement",
        "Type": "ART_DEF_IMPROVEMENT_WAJO"
    },
    {
        "FriendlyName": "Tipis",
        "LandmarkType": "Improvement",
        "Type": "ART_DEF_IMPROVEMENT_TIPIS"
    },
    {
        "FriendlyName": "Polder",
        "LandmarkType": "Improvement",
        "Type": "ART_DEF_IMPROVEMENT_POLDER"
    },
    {
        "FriendlyName": "Terrace Farm",
        "LandmarkType": "Improvement",
        "Type": "ART_DEF_IMPROVEMENT_TERRACE_FARM"
    },
    {
        "FriendlyName": "Polder",
        "LandmarkType": "Improvement",
        "Type": "ART_DEF_IMPROVEMENT_POLDER"
    },
    {
        "FriendlyName": "Polder",
        "LandmarkType": "Improvement",
        "Type": "ART_DEF_IMPROVEMENT_HOLY_SITE"
    },
    {
        "FriendlyName": "Salt",
        "LandmarkType": "Resource",
        "Type": "ART_DEF_RESOURCE_SALT"
    },
    {
        "FriendlyName": "Crab",
        "LandmarkType": "Resource",
        "Type": "ART_DEF_RESOURCE_CRAB"
    },
    {
        "FriendlyName": "Copper",
        "LandmarkType": "Resource",
        "Type": "ART_DEF_RESOURCE_COPPER"
    },
    {
        "FriendlyName": "Truffles",
        "LandmarkType": "Resource",
        "Type": "ART_DEF_RESOURCE_TRUFFLES"
    },
    {
        "FriendlyName": "Citrus",
        "LandmarkType": "Resource",
        "Type": "ART_DEF_RESOURCE_CITRUS"
    },
    {
        "FriendlyName": "Oasis",
        "LandmarkType": "Resource",
        "Type": "ART_DEF_FEATURE_ULURU"
    },
    {
        "FriendlyName": "Reef",
        "LandmarkType": "Resource",
        "Type": "ART_DEF_FEATURE_MT_KAILASH"
    },
    {
        "FriendlyName": "Titicaca",
        "LandmarkType": "Resource",
        "Type": "ART_DEF_FEATURE_MT_SINAI"
    },
    {
        "FriendlyName": "Volcano",
        "LandmarkType": "Resource",
        "Type": "ART_DEF_FEATURE_SRI_PADA"
    },
    {
        "FriendlyName": "HolySite",
        "LandmarkType": "Improvement",
        "Type": "ART_DEF_IMPROVEMENT_HOLY_SITE"
    },
    {
        "FriendlyName": "Salt",
        "LandmarkType": "Resource",
        "Type": "ART_DEF_RESOURCE_SALT"
    },
    {
        "FriendlyName": "Crab",
        "LandmarkType": "Resource",
        "Type": "ART_DEF_RESOURCE_CRAB"
    },
    {
        "FriendlyName": "Copper",
        "LandmarkType": "Resource",
        "Type": "ART_DEF_RESOURCE_COPPER"
    },
    {
        "FriendlyName": "Truffles",
        "LandmarkType": "Resource",
        "Type": "ART_DEF_RESOURCE_TRUFFLES"
    },
    {
        "FriendlyName": "Citrus",
        "LandmarkType": "Resource",
        "Type": "ART_DEF_RESOURCE_CITRUS"
    },
    {
        "FriendlyName": "Oasis",
        "LandmarkType": "Resource",
        "Type": "ART_DEF_FEATURE_ULURU"
    },
    {
        "FriendlyName": "Reef",
        "LandmarkType": "Resource",
        "Type": "ART_DEF_FEATURE_MT_KAILASH"
    },
    {
        "FriendlyName": "Titicaca",
        "LandmarkType": "Resource",
        "Type": "ART_DEF_FEATURE_MT_SINAI"
    },
    {
        "FriendlyName": "Volcano",
        "LandmarkType": "Resource",
        "Type": "ART_DEF_FEATURE_SRI_PADA"
    },
    {
        "FriendlyName": "Bridge",
        "LandmarkType": "Improvement",
        "Type": "ART_DEF_IMPROVEMENT_PONTOON_BRIDGE"
    },
    {
        "FriendlyName": "ArcheologicalDig",
        "LandmarkType": "Improvement",
        "Type": "ART_DEF_IMPROVEMENT_ARCHAEOLOGICAL_DIG"
    },
    {
        "FriendlyName": "BrazilwoodCamp",
        "LandmarkType": "Improvement",
        "Type": "ART_DEF_IMPROVEMENT_BRAZILWOOD_CAMP"
    },
    {
        "FriendlyName": "Kasbah",
        "LandmarkType": "Improvement",
        "Type": "ART_DEF_IMPROVEMENT_KASBAH"
    },
    {
        "FriendlyName": "Feitoria",
        "LandmarkType": "Improvement",
        "Type": "ART_DEF_IMPROVEMENT_FEITORIA"
    },
    {
        "FriendlyName": "Chateau",
        "LandmarkType": "Improvement",
        "Type": "ART_DEF_IMPROVEMENT_CHATEAU"
    },
    {
        "FriendlyName": "Ford",
        "LandmarkType": "Resource",
        "Type": "ART_DEF_FEATURE_FORD"
    },
    {
        "FriendlyName": "Kilimanjaro",
        "LandmarkType": "Resource",
        "Type": "ART_DEF_FEATURE_KILIMANJARO"
    },
    {
        "FriendlyName": "Mines",
        "LandmarkType": "Resource",
        "Type": "ART_DEF_FEATURE_SOLOMONS_MINES"
    },
    {
        "FriendlyName": "Lake",
        "LandmarkType": "Resource",
        "Type": "ART_DEF_FEATURE_LAKE_VICTORIA"
    },
    {
        "FriendlyName": "Falls",
        "LandmarkType": "Resource",
        "Type": "ART_DEF_FEATURE_VICTORIA_FALLS"
    },
    {
        "FriendlyName": "Artifacts",
        "LandmarkType": "Resource",
        "Type": "ART_DEF_RESOURCE_ARTIFACTS"
    },
    {
        "FriendlyName": "HiddenArtifacts",
        "LandmarkType": "Resource",
        "Type": "ART_DEF_RESOURCE_HIDDEN_ARTIFACTS"
    },
    {
        "FriendlyName": "Terrace Farm",
        "LandmarkType": "Improvement",
        "Type": "ART_DEF_IMPROVEMENT_TERRACE_FARM"
    },
    {
        "FriendlyName": "Fountain Youth",
        "LandmarkType": "Resource",
        "Type": "ART_DEF_FEATURE_FOUNTAIN_YOUTH"
    },
    {
        "FriendlyName": "El Dorado",
        "LandmarkType": "Resource",
        "Type": "ART_DEF_FEATURE_EL_DORADO"
    },
    {
        "FriendlyName": "Potosi",
        "LandmarkType": "Resource",
        "Type": "ART_DEF_FEATURE_POTOSI"
    },
    {
        "FriendlyName": "Atoll",
        "LandmarkType": "Resource",
        "Type": "ART_DEF_FEATURE_ATOLL"
    },
    {
        "FriendlyName": "Stone",
        "LandmarkType": "Resource",
        "Type": "ART_DEF_RESOURCE_STONE"
    },
    {
        "FriendlyName": "Cocoa",
        "LandmarkType": "Resource",
        "Type": "ART_DEF_RESOURCE_COCOA"
    },
    {
        "FriendlyName": "Bison",
        "LandmarkType": "Resource",
        "Type": "ART_DEF_RESOURCE_BISON"
    }
]