[
    {
        "Description": "TXT_KEY_ATTITUDE_FURIOUS",
        "ID": 0,
        "Type": "ATTITUDE_FURIOUS"
    },
    {
        "Description": "TXT_KEY_ATTITUDE_ANNOYED",
        "ID": 1,
        "Type": "ATTITUDE_ANNOYED"
    },
    {
        "Description": "TXT_KEY_ATTITUDE_CAUTIOUS",
        "ID": 2,
        "Type": "ATTITUDE_CAUTIOUS"
    },
    {
        "Description": "TXT_KEY_ATTITUDE_PLEASED",
        "ID": 3,
        "Type": "ATTITUDE_PLEASED"
    },
    {
        "Description": "TXT_KEY_ATTITUDE_FRIENDLY",
        "ID": 4,
        "Type": "ATTITUDE_FRIENDLY"
    }
]