[
    {
        "AltDown": 0,
        "AltDownAlt": 0,
        "Automate": "AUTOMATE_BUILD",
        "Command": "COMMAND_AUTOMATE",
        "ConfirmCommand": 0,
        "CtrlDown": 0,
        "CtrlDownAlt": 0,
        "Description": "TXT_KEY_ACTION_AUTOMATE_BUILD",
        "DisabledHelp": null,
        "Help": "TXT_KEY_ACTION_AUTOMATE_BUILD_HELP",
        "HotKey": "KB_A",
        "HotKeyAlt": null,
        "HotKeyPriority": 0,
        "HotKeyPriorityAlt": 0,
        "ID": 0,
        "IconAtlas": "UNIT_ACTION_ATLAS",
        "IconIndex": 6,
        "OrderPriority": 1,
        "ShiftDown": 0,
        "ShiftDownAlt": 0,
        "Type": "AUTOMATE_BUILD",
        "Visible": 1
    },
    {
        "AltDown": 0,
        "AltDownAlt": 0,
        "Automate": "AUTOMATE_EXPLORE",
        "Command": "COMMAND_AUTOMATE",
        "ConfirmCommand": 0,
        "CtrlDown": 0,
        "CtrlDownAlt": 0,
        "Description": "TXT_KEY_ACTION_AUTOMATE_EXPLORE",
        "DisabledHelp": "TXT_KEY_ACTION_AUTOMATE_EXPLORE_DISABLED_HELP",
        "Help": "TXT_KEY_ACTION_AUTOMATE_EXPLORE_HELP",
        "HotKey": "KB_E",
        "HotKeyAlt": null,
        "HotKeyPriority": 0,
        "HotKeyPriorityAlt": 0,
        "ID": 1,
        "IconAtlas": "UNIT_ACTION_ATLAS",
        "IconIndex": 43,
        "OrderPriority": 1,
        "ShiftDown": 0,
        "ShiftDownAlt": 0,
        "Type": "AUTOMATE_EXPLORE",
        "Visible": 1
    }
]