[
    {
        "BeliefType": "BELIEF_CATHEDRALS",
        "BuildingClassType": "BUILDINGCLASS_CATHEDRAL"
    },
    {
        "BeliefType": "BELIEF_MOSQUES",
        "BuildingClassType": "BUILDINGCLASS_MOSQUE"
    },
    {
        "BeliefType": "BELIEF_PAGODAS",
        "BuildingClassType": "BUILDINGCLASS_PAGODA"
    },
    {
        "BeliefType": "BELIEF_MONASTERIES",
        "BuildingClassType": "BUILDINGCLASS_MONASTERY"
    },
    {
        "BeliefType": "BELIEF_JESUIT_EDUCATION",
        "BuildingClassType": "BUILDINGCLASS_UNIVERSITY"
    },
    {
        "BeliefType": "BELIEF_JESUIT_EDUCATION",
        "BuildingClassType": "BUILDINGCLASS_PUBLIC_SCHOOL"
    },
    {
        "BeliefType": "BELIEF_JESUIT_EDUCATION",
        "BuildingClassType": "BUILDINGCLASS_LABORATORY"
    }
]