[
    {
        "BeliefType": "BELIEF_HOLY_WARRIORS",
        "EraType": "ERA_ANCIENT"
    },
    {
        "BeliefType": "BELIEF_HOLY_WARRIORS",
        "EraType": "ERA_CLASSICAL"
    },
    {
        "BeliefType": "BELIEF_HOLY_WARRIORS",
        "EraType": "ERA_MEDIEVAL"
    },
    {
        "BeliefType": "BELIEF_HOLY_WARRIORS",
        "EraType": "ERA_RENAISSANCE"
    },
    {
        "BeliefType": "BELIEF_RELIGIOUS_FERVOR",
        "EraType": "ERA_INDUSTRIAL"
    },
    {
        "BeliefType": "BELIEF_RELIGIOUS_FERVOR",
        "EraType": "ERA_MODERN"
    },
    {
        "BeliefType": "BELIEF_RELIGIOUS_FERVOR",
        "EraType": "ERA_POSTMODERN"
    },
    {
        "BeliefType": "BELIEF_RELIGIOUS_FERVOR",
        "EraType": "ERA_FUTURE"
    }
]