[
    {
        "BuildingType": "BUILDING_BRANDENBURG_GATE",
        "NumUnits": 1,
        "UnitType": "UNIT_GREAT_GENERAL"
    },
    {
        "BuildingType": "BUILDING_PORCELAIN_TOWER",
        "NumUnits": 1,
        "UnitType": "UNIT_SCIENTIST"
    },
    {
        "BuildingType": "BUILDING_LOUVRE",
        "NumUnits": 1,
        "UnitType": "UNIT_ARTIST"
    },
    {
        "BuildingType": "BUILDING_PYRAMID",
        "NumUnits": 2,
        "UnitType": "UNIT_WORKER"
    },
    {
        "BuildingType": "BUILDING_HAGIA_SOPHIA",
        "NumUnits": 1,
        "UnitType": "UNIT_PROPHET"
    },
    {
        "BuildingType": "BUILDING_COLOSSUS",
        "NumUnits": 1,
        "UnitType": "UNIT_CARGO_SHIP"
    },
    {
        "BuildingType": "BUILDING_HUBBLE",
        "NumUnits": 2,
        "UnitType": "UNIT_SCIENTIST"
    },
    {
        "BuildingType": "BUILDING_PETRA",
        "NumUnits": 1,
        "UnitType": "UNIT_CARAVAN"
    },
    {
        "BuildingType": "BUILDING_UFFIZI",
        "NumUnits": 1,
        "UnitType": "UNIT_ARTIST"
    },
    {
        "BuildingType": "BUILDING_GLOBE_THEATER",
        "NumUnits": 1,
        "UnitType": "UNIT_WRITER"
    },
    {
        "BuildingType": "BUILDING_BROADWAY",
        "NumUnits": 1,
        "UnitType": "UNIT_MUSICIAN"
    },
    {
        "BuildingType": "BUILDING_BOROBUDUR",
        "NumUnits": 3,
        "UnitType": "UNIT_MISSIONARY"
    }
]