[
    {
        "BuildingClassType": "BUILDINGCLASS_BARRACKS",
        "BuildingType": "BUILDING_HEROIC_EPIC",
        "NumBuildingNeeded": -1
    },
    {
        "BuildingClassType": "BUILDINGCLASS_MONUMENT",
        "BuildingType": "BUILDING_NATIONAL_EPIC",
        "NumBuildingNeeded": -1
    },
    {
        "BuildingClassType": "BUILDINGCLASS_COLOSSEUM",
        "BuildingType": "BUILDING_CIRCUS_MAXIMUS",
        "NumBuildingNeeded": -1
    },
    {
        "BuildingClassType": "BUILDINGCLASS_MARKET",
        "BuildingType": "BUILDING_NATIONAL_TREASURY",
        "NumBuildingNeeded": -1
    },
    {
        "BuildingClassType": "BUILDINGCLASS_LIBRARY",
        "BuildingType": "BUILDING_NATIONAL_COLLEGE",
        "NumBuildingNeeded": -1
    },
    {
        "BuildingClassType": "BUILDINGCLASS_WORKSHOP",
        "BuildingType": "BUILDING_IRONWORKS",
        "NumBuildingNeeded": -1
    },
    {
        "BuildingClassType": "BUILDINGCLASS_UNIVERSITY",
        "BuildingType": "BUILDING_OXFORD_UNIVERSITY",
        "NumBuildingNeeded": -1
    },
    {
        "BuildingClassType": "BUILDINGCLASS_OPERA_HOUSE",
        "BuildingType": "BUILDING_HERMITAGE",
        "NumBuildingNeeded": -1
    },
    {
        "BuildingClassType": "BUILDINGCLASS_POLICE_STATION",
        "BuildingType": "BUILDING_INTELLIGENCE_AGENCY",
        "NumBuildingNeeded": -1
    },
    {
        "BuildingClassType": "BUILDINGCLASS_TEMPLE",
        "BuildingType": "BUILDING_GRAND_TEMPLE",
        "NumBuildingNeeded": -1
    },
    {
        "BuildingClassType": "BUILDINGCLASS_HOTEL",
        "BuildingType": "BUILDING_TOURIST_CENTER",
        "NumBuildingNeeded": -1
    }
]