[
    {
        "BuildingType": "BUILDING_STABLE",
        "ResourceType": "RESOURCE_HORSE"
    },
    {
        "BuildingType": "BUILDING_STABLE",
        "ResourceType": "RESOURCE_SHEEP"
    },
    {
        "BuildingType": "BUILDING_STABLE",
        "ResourceType": "RESOURCE_COW"
    },
    {
        "BuildingType": "BUILDING_MINT",
        "ResourceType": "RESOURCE_GOLD"
    },
    {
        "BuildingType": "BUILDING_MINT",
        "ResourceType": "RESOURCE_SILVER"
    },
    {
        "BuildingType": "BUILDING_CIRCUS",
        "ResourceType": "RESOURCE_HORSE"
    },
    {
        "BuildingType": "BUILDING_CIRCUS",
        "ResourceType": "RESOURCE_IVORY"
    },
    {
        "BuildingType": "BUILDING_STONE_WORKS",
        "ResourceType": "RESOURCE_MARBLE"
    },
    {
        "BuildingType": "BUILDING_STONE_WORKS",
        "ResourceType": "RESOURCE_STONE"
    },
    {
        "BuildingType": "BUILDING_DUCAL_STABLE",
        "ResourceType": "RESOURCE_HORSE"
    },
    {
        "BuildingType": "BUILDING_DUCAL_STABLE",
        "ResourceType": "RESOURCE_SHEEP"
    },
    {
        "BuildingType": "BUILDING_DUCAL_STABLE",
        "ResourceType": "RESOURCE_COW"
    }
]