[
    {
        "DefaultBuilding": "BUILDING_COURTHOUSE",
        "Description": "TXT_KEY_BUILDING_COURTHOUSE",
        "ExtraPlayerInstances": 0,
        "ID": 0,
        "MaxGlobalInstances": -1,
        "MaxPlayerInstances": -1,
        "MaxTeamInstances": -1,
        "Monument": 0,
        "NoLimit": 0,
        "Type": "BUILDINGCLASS_COURTHOUSE"
    },
    {
        "DefaultBuilding": "BUILDING_SEAPORT",
        "Description": "TXT_KEY_BUILDING_SEAPORT",
        "ExtraPlayerInstances": 0,
        "ID": 1,
        "MaxGlobalInstances": -1,
        "MaxPlayerInstances": -1,
        "MaxTeamInstances": -1,
        "Monument": 0,
        "NoLimit": 0,
        "Type": "BUILDINGCLASS_SEAPORT"
    },
    {
        "DefaultBuilding": "BUILDING_STABLE",
        "Description": "TXT_KEY_BUILDING_STABLE",
        "ExtraPlayerInstances": 0,
        "ID": 2,
        "MaxGlobalInstances": -1,
        "MaxPlayerInstances": -1,
        "MaxTeamInstances": -1,
        "Monument": 0,
        "NoLimit": 0,
        "Type": "BUILDINGCLASS_STABLE"
    },
    {
        "DefaultBuilding": "BUILDING_WATERMILL",
        "Description": "TXT_KEY_BUILDING_WATERMILL",
        "ExtraPlayerInstances": 0,
        "ID": 3,
        "MaxGlobalInstances": -1,
        "MaxPlayerInstances": -1,
        "MaxTeamInstances": -1,
        "Monument": 0,
        "NoLimit": 0,
        "Type": "BUILDINGCLASS_WATERMILL"
    },
    {
        "DefaultBuilding": "BUILDING_CIRCUS",
        "Description": "TXT_KEY_BUILDING_CIRCUS",
        "ExtraPlayerInstances": 0,
        "ID": 4,
        "MaxGlobalInstances": -1,
        "MaxPlayerInstances": -1,
        "MaxTeamInstances": -1,
        "Monument": 0,
        "NoLimit": 0,
        "Type": "BUILDINGCLASS_CIRCUS"
    },
    {
        "DefaultBuilding": "BUILDING_FORGE",
        "Description": "TXT_KEY_BUILDING_FORGE",
        "ExtraPlayerInstances": 0,
        "ID": 5,
        "MaxGlobalInstances": -1,
        "MaxPlayerInstances": -1,
        "MaxTeamInstances": -1,
        "Monument": 0,
        "NoLimit": 0,
        "Type": "BUILDINGCLASS_FORGE"
    },
    {
        "DefaultBuilding": "BUILDING_WINDMILL",
        "Description": "TXT_KEY_BUILDING_WINDMILL",
        "ExtraPlayerInstances": 0,
        "ID": 6,
        "MaxGlobalInstances": -1,
        "MaxPlayerInstances": -1,
        "MaxTeamInstances": -1,
        "Monument": 0,
        "NoLimit": 0,
        "Type": "BUILDINGCLASS_WINDMILL"
    },
    {
        "DefaultBuilding": "BUILDING_HYDRO_PLANT",
        "Description": "TXT_KEY_BUILDING_HYDRO_PLANT",
        "ExtraPlayerInstances": 0,
        "ID": 7,
        "MaxGlobalInstances": -1,
        "MaxPlayerInstances": -1,
        "MaxTeamInstances": -1,
        "Monument": 0,
        "NoLimit": 0,
        "Type": "BUILDINGCLASS_HYDRO_PLANT"
    },
    {
        "DefaultBuilding": "BUILDING_SOLAR_PLANT",
        "Description": "TXT_KEY_BUILDING_SOLAR_PLANT",
        "ExtraPlayerInstances": 0,
        "ID": 8,
        "MaxGlobalInstances": -1,
        "MaxPlayerInstances": -1,
        "MaxTeamInstances": -1,
        "Monument": 0,
        "NoLimit": 0,
        "Type": "BUILDINGCLASS_SOLAR_PLANT"
    },
    {
        "DefaultBuilding": "BUILDING_MINT",
        "Description": "TXT_KEY_BUILDING_MINT",
        "ExtraPlayerInstances": 0,
        "ID": 9,
        "MaxGlobalInstances": -1,
        "MaxPlayerInstances": -1,
        "MaxTeamInstances": -1,
        "Monument": 0,
        "NoLimit": 0,
        "Type": "BUILDINGCLASS_MINT"
    },
    {
        "DefaultBuilding": "BUILDING_OBSERVATORY",
        "Description": "TXT_KEY_BUILDING_OBSERVATORY",
        "ExtraPlayerInstances": 0,
        "ID": 10,
        "MaxGlobalInstances": -1,
        "MaxPlayerInstances": -1,
        "MaxTeamInstances": -1,
        "Monument": 0,
        "NoLimit": 0,
        "Type": "BUILDINGCLASS_OBSERVATORY"
    },
    {
        "DefaultBuilding": "BUILDING_MONASTERY",
        "Description": "TXT_KEY_BUILDING_MONASTERY",
        "ExtraPlayerInstances": 0,
        "ID": 11,
        "MaxGlobalInstances": -1,
        "MaxPlayerInstances": -1,
        "MaxTeamInstances": -1,
        "Monument": 0,
        "NoLimit": 0,
        "Type": "BUILDINGCLASS_MONASTERY"
    },
    {
        "DefaultBuilding": "BUILDING_GARDEN",
        "Description": "TXT_KEY_BUILDING_GARDEN",
        "ExtraPlayerInstances": 0,
        "ID": 12,
        "MaxGlobalInstances": -1,
        "MaxPlayerInstances": -1,
        "MaxTeamInstances": -1,
        "Monument": 0,
        "NoLimit": 0,
        "Type": "BUILDINGCLASS_GARDEN"
    },
    {
        "DefaultBuilding": "BUILDING_LIGHTHOUSE",
        "Description": "TXT_KEY_BUILDING_LIGHTHOUSE",
        "ExtraPlayerInstances": 0,
        "ID": 13,
        "MaxGlobalInstances": -1,
        "MaxPlayerInstances": -1,
        "MaxTeamInstances": -1,
        "Monument": 0,
        "NoLimit": 0,
        "Type": "BUILDINGCLASS_LIGHTHOUSE"
    },
    {
        "DefaultBuilding": "BUILDING_HARBOR",
        "Description": "TXT_KEY_BUILDING_HARBOR",
        "ExtraPlayerInstances": 0,
        "ID": 14,
        "MaxGlobalInstances": -1,
        "MaxPlayerInstances": -1,
        "MaxTeamInstances": -1,
        "Monument": 0,
        "NoLimit": 0,
        "Type": "BUILDINGCLASS_HARBOR"
    },
    {
        "DefaultBuilding": "BUILDING_COLOSSEUM",
        "Description": "TXT_KEY_BUILDING_COLOSSEUM",
        "ExtraPlayerInstances": 0,
        "ID": 15,
        "MaxGlobalInstances": -1,
        "MaxPlayerInstances": -1,
        "MaxTeamInstances": -1,
        "Monument": 0,
        "NoLimit": 0,
        "Type": "BUILDINGCLASS_COLOSSEUM"
    },
    {
        "DefaultBuilding": "BUILDING_THEATRE",
        "Description": "TXT_KEY_BUILDING_THEATRE",
        "ExtraPlayerInstances": 0,
        "ID": 16,
        "MaxGlobalInstances": -1,
        "MaxPlayerInstances": -1,
        "MaxTeamInstances": -1,
        "Monument": 0,
        "NoLimit": 0,
        "Type": "BUILDINGCLASS_THEATRE"
    },
    {
        "DefaultBuilding": "BUILDING_STADIUM",
        "Description": "TXT_KEY_BUILDING_STADIUM",
        "ExtraPlayerInstances": 0,
        "ID": 17,
        "MaxGlobalInstances": -1,
        "MaxPlayerInstances": -1,
        "MaxTeamInstances": -1,
        "Monument": 0,
        "NoLimit": 0,
        "Type": "BUILDINGCLASS_STADIUM"
    },
    {
        "DefaultBuilding": "BUILDING_MONUMENT",
        "Description": "TXT_KEY_BUILDING_MONUMENT",
        "ExtraPlayerInstances": 0,
        "ID": 18,
        "MaxGlobalInstances": -1,
        "MaxPlayerInstances": -1,
        "MaxTeamInstances": -1,
        "Monument": 0,
        "NoLimit": 0,
        "Type": "BUILDINGCLASS_MONUMENT"
    },
    {
        "DefaultBuilding": "BUILDING_AMPHITHEATER",
        "Description": "TXT_KEY_BUILDING_AMPHITHEATER",
        "ExtraPlayerInstances": 0,
        "ID": 19,
        "MaxGlobalInstances": -1,
        "MaxPlayerInstances": -1,
        "MaxTeamInstances": -1,
        "Monument": 0,
        "NoLimit": 0,
        "Type": "BUILDINGCLASS_AMPHITHEATER"
    },
    {
        "DefaultBuilding": "BUILDING_OPERA_HOUSE",
        "Description": "TXT_KEY_BUILDING_OPERA_HOUSE",
        "ExtraPlayerInstances": 0,
        "ID": 20,
        "MaxGlobalInstances": -1,
        "MaxPlayerInstances": -1,
        "MaxTeamInstances": -1,
        "Monument": 0,
        "NoLimit": 0,
        "Type": "BUILDINGCLASS_OPERA_HOUSE"
    },
    {
        "DefaultBuilding": "BUILDING_MUSEUM",
        "Description": "TXT_KEY_BUILDING_MUSEUM",
        "ExtraPlayerInstances": 0,
        "ID": 21,
        "MaxGlobalInstances": -1,
        "MaxPlayerInstances": -1,
        "MaxTeamInstances": -1,
        "Monument": 0,
        "NoLimit": 0,
        "Type": "BUILDINGCLASS_MUSEUM"
    },
    {
        "DefaultBuilding": "BUILDING_BROADCAST_TOWER",
        "Description": "TXT_KEY_BUILDING_BROADCAST_TOWER",
        "ExtraPlayerInstances": 0,
        "ID": 22,
        "MaxGlobalInstances": -1,
        "MaxPlayerInstances": -1,
        "MaxTeamInstances": -1,
        "Monument": 0,
        "NoLimit": 0,
        "Type": "BUILDINGCLASS_BROADCAST_TOWER"
    },
    {
        "DefaultBuilding": "BUILDING_SHRINE",
        "Description": "TXT_KEY_BUILDING_SHRINE",
        "ExtraPlayerInstances": 0,
        "ID": 23,
        "MaxGlobalInstances": -1,
        "MaxPlayerInstances": -1,
        "MaxTeamInstances": -1,
        "Monument": 0,
        "NoLimit": 0,
        "Type": "BUILDINGCLASS_SHRINE"
    },
    {
        "DefaultBuilding": "BUILDING_TEMPLE",
        "Description": "TXT_KEY_BUILDING_TEMPLE",
        "ExtraPlayerInstances": 0,
        "ID": 24,
        "MaxGlobalInstances": -1,
        "MaxPlayerInstances": -1,
        "MaxTeamInstances": -1,
        "Monument": 0,
        "NoLimit": 0,
        "Type": "BUILDINGCLASS_TEMPLE"
    },
    {
        "DefaultBuilding": "BUILDING_BARRACKS",
        "Description": "TXT_KEY_BUILDING_BARRACKS",
        "ExtraPlayerInstances": 0,
        "ID": 25,
        "MaxGlobalInstances": -1,
        "MaxPlayerInstances": -1,
        "MaxTeamInstances": -1,
        "Monument": 0,
        "NoLimit": 0,
        "Type": "BUILDINGCLASS_BARRACKS"
    },
    {
        "DefaultBuilding": "BUILDING_ARMORY",
        "Description": "TXT_KEY_BUILDING_ARMORY",
        "ExtraPlayerInstances": 0,
        "ID": 26,
        "MaxGlobalInstances": -1,
        "MaxPlayerInstances": -1,
        "MaxTeamInstances": -1,
        "Monument": 0,
        "NoLimit": 0,
        "Type": "BUILDINGCLASS_ARMORY"
    },
    {
        "DefaultBuilding": "BUILDING_MILITARY_ACADEMY",
        "Description": "TXT_KEY_BUILDING_MILITARY_ACADEMY",
        "ExtraPlayerInstances": 0,
        "ID": 27,
        "MaxGlobalInstances": -1,
        "MaxPlayerInstances": -1,
        "MaxTeamInstances": -1,
        "Monument": 0,
        "NoLimit": 0,
        "Type": "BUILDINGCLASS_MILITARY_ACADEMY"
    },
    {
        "DefaultBuilding": "BUILDING_ARSENAL",
        "Description": "TXT_KEY_BUILDING_ARSENAL",
        "ExtraPlayerInstances": 0,
        "ID": 28,
        "MaxGlobalInstances": -1,
        "MaxPlayerInstances": -1,
        "MaxTeamInstances": -1,
        "Monument": 0,
        "NoLimit": 0,
        "Type": "BUILDINGCLASS_ARSENAL"
    },
    {
        "DefaultBuilding": "BUILDING_WALLS",
        "Description": "TXT_KEY_BUILDING_WALLS",
        "ExtraPlayerInstances": 0,
        "ID": 29,
        "MaxGlobalInstances": -1,
        "MaxPlayerInstances": -1,
        "MaxTeamInstances": -1,
        "Monument": 0,
        "NoLimit": 0,
        "Type": "BUILDINGCLASS_WALLS"
    },
    {
        "DefaultBuilding": "BUILDING_CASTLE",
        "Description": "TXT_KEY_BUILDING_CASTLE",
        "ExtraPlayerInstances": 0,
        "ID": 30,
        "MaxGlobalInstances": -1,
        "MaxPlayerInstances": -1,
        "MaxTeamInstances": -1,
        "Monument": 0,
        "NoLimit": 0,
        "Type": "BUILDINGCLASS_CASTLE"
    },
    {
        "DefaultBuilding": "BUILDING_MILITARY_BASE",
        "Description": "TXT_KEY_BUILDING_MILITARY_BASE",
        "ExtraPlayerInstances": 0,
        "ID": 31,
        "MaxGlobalInstances": -1,
        "MaxPlayerInstances": -1,
        "MaxTeamInstances": -1,
        "Monument": 0,
        "NoLimit": 0,
        "Type": "BUILDINGCLASS_MILITARY_BASE"
    },
    {
        "DefaultBuilding": "BUILDING_GRANARY",
        "Description": "TXT_KEY_BUILDING_GRANARY",
        "ExtraPlayerInstances": 0,
        "ID": 32,
        "MaxGlobalInstances": -1,
        "MaxPlayerInstances": -1,
        "MaxTeamInstances": -1,
        "Monument": 0,
        "NoLimit": 0,
        "Type": "BUILDINGCLASS_GRANARY"
    },
    {
        "DefaultBuilding": "BUILDING_HOSPITAL",
        "Description": "TXT_KEY_BUILDING_HOSPITAL",
        "ExtraPlayerInstances": 0,
        "ID": 33,
        "MaxGlobalInstances": -1,
        "MaxPlayerInstances": -1,
        "MaxTeamInstances": -1,
        "Monument": 0,
        "NoLimit": 0,
        "Type": "BUILDINGCLASS_HOSPITAL"
    },
    {
        "DefaultBuilding": "BUILDING_MEDICAL_LAB",
        "Description": "TXT_KEY_BUILDING_MEDICAL_LAB",
        "ExtraPlayerInstances": 0,
        "ID": 34,
        "MaxGlobalInstances": -1,
        "MaxPlayerInstances": -1,
        "MaxTeamInstances": -1,
        "Monument": 0,
        "NoLimit": 0,
        "Type": "BUILDINGCLASS_MEDICAL_LAB"
    },
    {
        "DefaultBuilding": "BUILDING_WORKSHOP",
        "Description": "TXT_KEY_BUILDING_WORKSHOP",
        "ExtraPlayerInstances": 0,
        "ID": 35,
        "MaxGlobalInstances": -1,
        "MaxPlayerInstances": -1,
        "MaxTeamInstances": -1,
        "Monument": 0,
        "NoLimit": 0,
        "Type": "BUILDINGCLASS_WORKSHOP"
    },
    {
        "DefaultBuilding": "BUILDING_FACTORY",
        "Description": "TXT_KEY_BUILDING_FACTORY",
        "ExtraPlayerInstances": 0,
        "ID": 36,
        "MaxGlobalInstances": -1,
        "MaxPlayerInstances": -1,
        "MaxTeamInstances": -1,
        "Monument": 0,
        "NoLimit": 0,
        "Type": "BUILDINGCLASS_FACTORY"
    },
    {
        "DefaultBuilding": "BUILDING_NUCLEAR_PLANT",
        "Description": "TXT_KEY_BUILDING_NUCLEAR_PLANT",
        "ExtraPlayerInstances": 0,
        "ID": 37,
        "MaxGlobalInstances": -1,
        "MaxPlayerInstances": -1,
        "MaxTeamInstances": -1,
        "Monument": 0,
        "NoLimit": 0,
        "Type": "BUILDINGCLASS_NUCLEAR_PLANT"
    },
    {
        "DefaultBuilding": "BUILDING_SPACESHIP_FACTORY",
        "Description": "TXT_KEY_BUILDING_SPACESHIP_FACTORY",
        "ExtraPlayerInstances": 0,
        "ID": 38,
        "MaxGlobalInstances": -1,
        "MaxPlayerInstances": -1,
        "MaxTeamInstances": -1,
        "Monument": 0,
        "NoLimit": 0,
        "Type": "BUILDINGCLASS_SPACESHIP_FACTORY"
    },
    {
        "DefaultBuilding": "BUILDING_MARKET",
        "Description": "TXT_KEY_BUILDING_MARKET",
        "ExtraPlayerInstances": 0,
        "ID": 39,
        "MaxGlobalInstances": -1,
        "MaxPlayerInstances": -1,
        "MaxTeamInstances": -1,
        "Monument": 0,
        "NoLimit": 0,
        "Type": "BUILDINGCLASS_MARKET"
    },
    {
        "DefaultBuilding": "BUILDING_BANK",
        "Description": "TXT_KEY_BUILDING_BANK",
        "ExtraPlayerInstances": 0,
        "ID": 40,
        "MaxGlobalInstances": -1,
        "MaxPlayerInstances": -1,
        "MaxTeamInstances": -1,
        "Monument": 0,
        "NoLimit": 0,
        "Type": "BUILDINGCLASS_BANK"
    },
    {
        "DefaultBuilding": "BUILDING_STOCK_EXCHANGE",
        "Description": "TXT_KEY_BUILDING_STOCK_EXCHANGE",
        "ExtraPlayerInstances": 0,
        "ID": 41,
        "MaxGlobalInstances": -1,
        "MaxPlayerInstances": -1,
        "MaxTeamInstances": -1,
        "Monument": 0,
        "NoLimit": 0,
        "Type": "BUILDINGCLASS_STOCK_EXCHANGE"
    },
    {
        "DefaultBuilding": "BUILDING_LIBRARY",
        "Description": "TXT_KEY_BUILDING_LIBRARY",
        "ExtraPlayerInstances": 0,
        "ID": 42,
        "MaxGlobalInstances": -1,
        "MaxPlayerInstances": -1,
        "MaxTeamInstances": -1,
        "Monument": 0,
        "NoLimit": 0,
        "Type": "BUILDINGCLASS_LIBRARY"
    },
    {
        "DefaultBuilding": "BUILDING_UNIVERSITY",
        "Description": "TXT_KEY_BUILDING_UNIVERSITY",
        "ExtraPlayerInstances": 0,
        "ID": 43,
        "MaxGlobalInstances": -1,
        "MaxPlayerInstances": -1,
        "MaxTeamInstances": -1,
        "Monument": 0,
        "NoLimit": 0,
        "Type": "BUILDINGCLASS_UNIVERSITY"
    },
    {
        "DefaultBuilding": "BUILDING_PUBLIC_SCHOOL",
        "Description": "TXT_KEY_BUILDING_PUBLIC_SCHOOL",
        "ExtraPlayerInstances": 0,
        "ID": 44,
        "MaxGlobalInstances": -1,
        "MaxPlayerInstances": -1,
        "MaxTeamInstances": -1,
        "Monument": 0,
        "NoLimit": 0,
        "Type": "BUILDINGCLASS_PUBLIC_SCHOOL"
    },
    {
        "DefaultBuilding": "BUILDING_LABORATORY",
        "Description": "TXT_KEY_BUILDING_LABORATORY",
        "ExtraPlayerInstances": 0,
        "ID": 45,
        "MaxGlobalInstances": -1,
        "MaxPlayerInstances": -1,
        "MaxTeamInstances": -1,
        "Monument": 0,
        "NoLimit": 0,
        "Type": "BUILDINGCLASS_LABORATORY"
    },
    {
        "DefaultBuilding": "BUILDING_PALACE",
        "Description": "TXT_KEY_BUILDING_PALACE",
        "ExtraPlayerInstances": 0,
        "ID": 46,
        "MaxGlobalInstances": -1,
        "MaxPlayerInstances": 1,
        "MaxTeamInstances": -1,
        "Monument": 0,
        "NoLimit": 0,
        "Type": "BUILDINGCLASS_PALACE"
    },
    {
        "DefaultBuilding": "BUILDING_HEROIC_EPIC",
        "Description": "TXT_KEY_BUILDING_HEROIC_EPIC",
        "ExtraPlayerInstances": 0,
        "ID": 47,
        "MaxGlobalInstances": -1,
        "MaxPlayerInstances": 1,
        "MaxTeamInstances": -1,
        "Monument": 0,
        "NoLimit": 0,
        "Type": "BUILDINGCLASS_HEROIC_EPIC"
    },
    {
        "DefaultBuilding": "BUILDING_NATIONAL_EPIC",
        "Description": "TXT_KEY_BUILDING_NATIONAL_EPIC",
        "ExtraPlayerInstances": 0,
        "ID": 48,
        "MaxGlobalInstances": -1,
        "MaxPlayerInstances": 1,
        "MaxTeamInstances": -1,
        "Monument": 0,
        "NoLimit": 0,
        "Type": "BUILDINGCLASS_NATIONAL_EPIC"
    },
    {
        "DefaultBuilding": "BUILDING_CIRCUS_MAXIMUS",
        "Description": "TXT_KEY_BUILDING_CIRCUS_MAXIMUS",
        "ExtraPlayerInstances": 0,
        "ID": 49,
        "MaxGlobalInstances": -1,
        "MaxPlayerInstances": 1,
        "MaxTeamInstances": -1,
        "Monument": 0,
        "NoLimit": 0,
        "Type": "BUILDINGCLASS_CIRCUS_MAXIMUS"
    },
    {
        "DefaultBuilding": "BUILDING_NATIONAL_TREASURY",
        "Description": "TXT_KEY_BUILDING_NATIONAL_TREASURY",
        "ExtraPlayerInstances": 0,
        "ID": 50,
        "MaxGlobalInstances": -1,
        "MaxPlayerInstances": 1,
        "MaxTeamInstances": -1,
        "Monument": 0,
        "NoLimit": 0,
        "Type": "BUILDINGCLASS_NATIONAL_TREASURY"
    },
    {
        "DefaultBuilding": "BUILDING_NATIONAL_COLLEGE",
        "Description": "TXT_KEY_BUILDING_NATIONAL_COLLEGE",
        "ExtraPlayerInstances": 0,
        "ID": 51,
        "MaxGlobalInstances": -1,
        "MaxPlayerInstances": 1,
        "MaxTeamInstances": -1,
        "Monument": 0,
        "NoLimit": 0,
        "Type": "BUILDINGCLASS_NATIONAL_COLLEGE"
    },
    {
        "DefaultBuilding": "BUILDING_IRONWORKS",
        "Description": "TXT_KEY_BUILDING_IRONWORKS",
        "ExtraPlayerInstances": 0,
        "ID": 52,
        "MaxGlobalInstances": -1,
        "MaxPlayerInstances": 1,
        "MaxTeamInstances": -1,
        "Monument": 0,
        "NoLimit": 0,
        "Type": "BUILDINGCLASS_IRONWORKS"
    },
    {
        "DefaultBuilding": "BUILDING_OXFORD_UNIVERSITY",
        "Description": "TXT_KEY_BUILDING_OXFORD_UNIVERSITY",
        "ExtraPlayerInstances": 0,
        "ID": 53,
        "MaxGlobalInstances": -1,
        "MaxPlayerInstances": 1,
        "MaxTeamInstances": -1,
        "Monument": 0,
        "NoLimit": 0,
        "Type": "BUILDINGCLASS_OXFORD_UNIVERSITY"
    },
    {
        "DefaultBuilding": "BUILDING_HERMITAGE",
        "Description": "TXT_KEY_BUILDING_HERMITAGE",
        "ExtraPlayerInstances": 0,
        "ID": 54,
        "MaxGlobalInstances": -1,
        "MaxPlayerInstances": 1,
        "MaxTeamInstances": -1,
        "Monument": 0,
        "NoLimit": 0,
        "Type": "BUILDINGCLASS_HERMITAGE"
    },
    {
        "DefaultBuilding": "BUILDING_PYRAMID",
        "Description": "TXT_KEY_BUILDING_PYRAMID",
        "ExtraPlayerInstances": 0,
        "ID": 55,
        "MaxGlobalInstances": 1,
        "MaxPlayerInstances": -1,
        "MaxTeamInstances": -1,
        "Monument": 0,
        "NoLimit": 0,
        "Type": "BUILDINGCLASS_PYRAMID"
    },
    {
        "DefaultBuilding": "BUILDING_GREAT_LIBRARY",
        "Description": "TXT_KEY_BUILDING_GREAT_LIBRARY",
        "ExtraPlayerInstances": 0,
        "ID": 56,
        "MaxGlobalInstances": 1,
        "MaxPlayerInstances": -1,
        "MaxTeamInstances": -1,
        "Monument": 0,
        "NoLimit": 0,
        "Type": "BUILDINGCLASS_GREAT_LIBRARY"
    },
    {
        "DefaultBuilding": "BUILDING_STONEHENGE",
        "Description": "TXT_KEY_BUILDING_STONEHENGE",
        "ExtraPlayerInstances": 0,
        "ID": 57,
        "MaxGlobalInstances": 1,
        "MaxPlayerInstances": -1,
        "MaxTeamInstances": -1,
        "Monument": 0,
        "NoLimit": 0,
        "Type": "BUILDINGCLASS_STONEHENGE"
    },
    {
        "DefaultBuilding": "BUILDING_HANGING_GARDEN",
        "Description": "TXT_KEY_BUILDING_HANGING_GARDEN",
        "ExtraPlayerInstances": 0,
        "ID": 58,
        "MaxGlobalInstances": 1,
        "MaxPlayerInstances": -1,
        "MaxTeamInstances": -1,
        "Monument": 0,
        "NoLimit": 0,
        "Type": "BUILDINGCLASS_HANGING_GARDEN"
    },
    {
        "DefaultBuilding": "BUILDING_COLOSSUS",
        "Description": "TXT_KEY_BUILDING_COLOSSUS",
        "ExtraPlayerInstances": 0,
        "ID": 59,
        "MaxGlobalInstances": 1,
        "MaxPlayerInstances": -1,
        "MaxTeamInstances": -1,
        "Monument": 0,
        "NoLimit": 0,
        "Type": "BUILDINGCLASS_COLOSSUS"
    },
    {
        "DefaultBuilding": "BUILDING_GREAT_LIGHTHOUSE",
        "Description": "TXT_KEY_BUILDING_GREAT_LIGHTHOUSE",
        "ExtraPlayerInstances": 0,
        "ID": 60,
        "MaxGlobalInstances": 1,
        "MaxPlayerInstances": -1,
        "MaxTeamInstances": -1,
        "Monument": 0,
        "NoLimit": 0,
        "Type": "BUILDINGCLASS_GREAT_LIGHTHOUSE"
    },
    {
        "DefaultBuilding": "BUILDING_ORACLE",
        "Description": "TXT_KEY_BUILDING_ORACLE",
        "ExtraPlayerInstances": 0,
        "ID": 61,
        "MaxGlobalInstances": 1,
        "MaxPlayerInstances": -1,
        "MaxTeamInstances": -1,
        "Monument": 0,
        "NoLimit": 0,
        "Type": "BUILDINGCLASS_ORACLE"
    },
    {
        "DefaultBuilding": "BUILDING_GREAT_WALL",
        "Description": "TXT_KEY_BUILDING_GREAT_WALL",
        "ExtraPlayerInstances": 0,
        "ID": 62,
        "MaxGlobalInstances": 1,
        "MaxPlayerInstances": -1,
        "MaxTeamInstances": -1,
        "Monument": 0,
        "NoLimit": 0,
        "Type": "BUILDINGCLASS_GREAT_WALL"
    },
    {
        "DefaultBuilding": "BUILDING_HAGIA_SOPHIA",
        "Description": "TXT_KEY_BUILDING_HAGIA_SOPHIA",
        "ExtraPlayerInstances": 0,
        "ID": 63,
        "MaxGlobalInstances": 1,
        "MaxPlayerInstances": -1,
        "MaxTeamInstances": -1,
        "Monument": 0,
        "NoLimit": 0,
        "Type": "BUILDINGCLASS_HAGIA_SOPHIA"
    },
    {
        "DefaultBuilding": "BUILDING_ANGKOR_WAT",
        "Description": "TXT_KEY_BUILDING_ANGKOR_WAT",
        "ExtraPlayerInstances": 0,
        "ID": 64,
        "MaxGlobalInstances": 1,
        "MaxPlayerInstances": -1,
        "MaxTeamInstances": -1,
        "Monument": 0,
        "NoLimit": 0,
        "Type": "BUILDINGCLASS_ANGKOR_WAT"
    },
    {
        "DefaultBuilding": "BUILDING_NOTRE_DAME",
        "Description": "TXT_KEY_BUILDING_NOTRE_DAME",
        "ExtraPlayerInstances": 0,
        "ID": 65,
        "MaxGlobalInstances": 1,
        "MaxPlayerInstances": -1,
        "MaxTeamInstances": -1,
        "Monument": 0,
        "NoLimit": 0,
        "Type": "BUILDINGCLASS_NOTRE_DAME"
    },
    {
        "DefaultBuilding": "BUILDING_MACHU_PICHU",
        "Description": "TXT_KEY_BUILDING_MACHU_PICHU",
        "ExtraPlayerInstances": 0,
        "ID": 66,
        "MaxGlobalInstances": 1,
        "MaxPlayerInstances": -1,
        "MaxTeamInstances": -1,
        "Monument": 0,
        "NoLimit": 0,
        "Type": "BUILDINGCLASS_MACHU_PICHU"
    },
    {
        "DefaultBuilding": "BUILDING_CHICHEN_ITZA",
        "Description": "TXT_KEY_BUILDING_CHICHEN_ITZA",
        "ExtraPlayerInstances": 0,
        "ID": 67,
        "MaxGlobalInstances": 1,
        "MaxPlayerInstances": -1,
        "MaxTeamInstances": -1,
        "Monument": 0,
        "NoLimit": 0,
        "Type": "BUILDINGCLASS_CHICHEN_ITZA"
    },
    {
        "DefaultBuilding": "BUILDING_KREMLIN",
        "Description": "TXT_KEY_BUILDING_KREMLIN",
        "ExtraPlayerInstances": 0,
        "ID": 68,
        "MaxGlobalInstances": 1,
        "MaxPlayerInstances": -1,
        "MaxTeamInstances": -1,
        "Monument": 0,
        "NoLimit": 0,
        "Type": "BUILDINGCLASS_KREMLIN"
    },
    {
        "DefaultBuilding": "BUILDING_FORBIDDEN_PALACE",
        "Description": "TXT_KEY_BUILDING_FORBIDDEN_PALACE",
        "ExtraPlayerInstances": 0,
        "ID": 69,
        "MaxGlobalInstances": 1,
        "MaxPlayerInstances": -1,
        "MaxTeamInstances": -1,
        "Monument": 0,
        "NoLimit": 0,
        "Type": "BUILDINGCLASS_FORBIDDEN_PALACE"
    },
    {
        "DefaultBuilding": "BUILDING_SISTINE_CHAPEL",
        "Description": "TXT_KEY_BUILDING_SISTINE_CHAPEL",
        "ExtraPlayerInstances": 0,
        "ID": 70,
        "MaxGlobalInstances": 1,
        "MaxPlayerInstances": -1,
        "MaxTeamInstances": -1,
        "Monument": 0,
        "NoLimit": 0,
        "Type": "BUILDINGCLASS_SISTINE_CHAPEL"
    },
    {
        "DefaultBuilding": "BUILDING_HIMEJI_CASTLE",
        "Description": "TXT_KEY_BUILDING_HIMEJI_CASTLE",
        "ExtraPlayerInstances": 0,
        "ID": 71,
        "MaxGlobalInstances": 1,
        "MaxPlayerInstances": -1,
        "MaxTeamInstances": -1,
        "Monument": 0,
        "NoLimit": 0,
        "Type": "BUILDINGCLASS_HIMEJI_CASTLE"
    },
    {
        "DefaultBuilding": "BUILDING_PORCELAIN_TOWER",
        "Description": "TXT_KEY_BUILDING_PORCELAIN_TOWER",
        "ExtraPlayerInstances": 0,
        "ID": 72,
        "MaxGlobalInstances": 1,
        "MaxPlayerInstances": -1,
        "MaxTeamInstances": -1,
        "Monument": 0,
        "NoLimit": 0,
        "Type": "BUILDINGCLASS_PORCELAIN_TOWER"
    },
    {
        "DefaultBuilding": "BUILDING_TAJ_MAHAL",
        "Description": "TXT_KEY_BUILDING_TAJ_MAHAL",
        "ExtraPlayerInstances": 0,
        "ID": 73,
        "MaxGlobalInstances": 1,
        "MaxPlayerInstances": -1,
        "MaxTeamInstances": -1,
        "Monument": 0,
        "NoLimit": 0,
        "Type": "BUILDINGCLASS_TAJ_MAHAL"
    },
    {
        "DefaultBuilding": "BUILDING_BIG_BEN",
        "Description": "TXT_KEY_BUILDING_BIG_BEN",
        "ExtraPlayerInstances": 0,
        "ID": 74,
        "MaxGlobalInstances": 1,
        "MaxPlayerInstances": -1,
        "MaxTeamInstances": -1,
        "Monument": 0,
        "NoLimit": 0,
        "Type": "BUILDINGCLASS_BIG_BEN"
    },
    {
        "DefaultBuilding": "BUILDING_BRANDENBURG_GATE",
        "Description": "TXT_KEY_BUILDING_BRANDENBURG_GATE",
        "ExtraPlayerInstances": 0,
        "ID": 75,
        "MaxGlobalInstances": 1,
        "MaxPlayerInstances": -1,
        "MaxTeamInstances": -1,
        "Monument": 0,
        "NoLimit": 0,
        "Type": "BUILDINGCLASS_BRANDENBURG_GATE"
    },
    {
        "DefaultBuilding": "BUILDING_LOUVRE",
        "Description": "TXT_KEY_BUILDING_LOUVRE",
        "ExtraPlayerInstances": 0,
        "ID": 76,
        "MaxGlobalInstances": 1,
        "MaxPlayerInstances": -1,
        "MaxTeamInstances": -1,
        "Monument": 0,
        "NoLimit": 0,
        "Type": "BUILDINGCLASS_LOUVRE"
    },
    {
        "DefaultBuilding": "BUILDING_EIFFEL_TOWER",
        "Description": "TXT_KEY_BUILDING_EIFFEL_TOWER",
        "ExtraPlayerInstances": 0,
        "ID": 77,
        "MaxGlobalInstances": 1,
        "MaxPlayerInstances": -1,
        "MaxTeamInstances": -1,
        "Monument": 0,
        "NoLimit": 0,
        "Type": "BUILDINGCLASS_EIFFEL_TOWER"
    },
    {
        "DefaultBuilding": "BUILDING_STATUE_OF_LIBERTY",
        "Description": "TXT_KEY_BUILDING_STATUE_OF_LIBERTY",
        "ExtraPlayerInstances": 0,
        "ID": 78,
        "MaxGlobalInstances": 1,
        "MaxPlayerInstances": -1,
        "MaxTeamInstances": -1,
        "Monument": 0,
        "NoLimit": 0,
        "Type": "BUILDINGCLASS_STATUE_OF_LIBERTY"
    },
    {
        "DefaultBuilding": "BUILDING_CRISTO_REDENTOR",
        "Description": "TXT_KEY_BUILDING_CRISTO_REDENTOR",
        "ExtraPlayerInstances": 0,
        "ID": 79,
        "MaxGlobalInstances": 1,
        "MaxPlayerInstances": -1,
        "MaxTeamInstances": -1,
        "Monument": 0,
        "NoLimit": 0,
        "Type": "BUILDINGCLASS_CRISTO_REDENTOR"
    },
    {
        "DefaultBuilding": "BUILDING_PENTAGON",
        "Description": "TXT_KEY_BUILDING_PENTAGON",
        "ExtraPlayerInstances": 0,
        "ID": 80,
        "MaxGlobalInstances": 1,
        "MaxPlayerInstances": -1,
        "MaxTeamInstances": -1,
        "Monument": 0,
        "NoLimit": 0,
        "Type": "BUILDINGCLASS_PENTAGON"
    },
    {
        "DefaultBuilding": "BUILDING_SYDNEY_OPERA_HOUSE",
        "Description": "TXT_KEY_BUILDING_SYDNEY_OPERA_HOUSE",
        "ExtraPlayerInstances": 0,
        "ID": 82,
        "MaxGlobalInstances": 1,
        "MaxPlayerInstances": -1,
        "MaxTeamInstances": -1,
        "Monument": 0,
        "NoLimit": 0,
        "Type": "BUILDINGCLASS_SYDNEY_OPERA_HOUSE"
    },
    {
        "DefaultBuilding": "BUILDING_AQUEDUCT",
        "Description": "TXT_KEY_BUILDING_AQUEDUCT",
        "ExtraPlayerInstances": 0,
        "ID": 83,
        "MaxGlobalInstances": -1,
        "MaxPlayerInstances": -1,
        "MaxTeamInstances": -1,
        "Monument": 0,
        "NoLimit": 0,
        "Type": "BUILDINGCLASS_AQUEDUCT"
    },
    {
        "DefaultBuilding": "BUILDING_STONE_WORKS",
        "Description": "TXT_KEY_BUILDING_STONE_WORKS",
        "ExtraPlayerInstances": 0,
        "ID": 84,
        "MaxGlobalInstances": -1,
        "MaxPlayerInstances": -1,
        "MaxTeamInstances": -1,
        "Monument": 0,
        "NoLimit": 0,
        "Type": "BUILDINGCLASS_STONE_WORKS"
    },
    {
        "DefaultBuilding": "BUILDING_STATUE_ZEUS",
        "Description": "TXT_KEY_BUILDING_STATUE_ZEUS",
        "ExtraPlayerInstances": 0,
        "ID": 85,
        "MaxGlobalInstances": 1,
        "MaxPlayerInstances": -1,
        "MaxTeamInstances": -1,
        "Monument": 0,
        "NoLimit": 0,
        "Type": "BUILDINGCLASS_STATUE_ZEUS"
    },
    {
        "DefaultBuilding": "BUILDING_TEMPLE_ARTEMIS",
        "Description": "TXT_KEY_BUILDING_TEMPLE_ARTEMIS",
        "ExtraPlayerInstances": 0,
        "ID": 86,
        "MaxGlobalInstances": 1,
        "MaxPlayerInstances": -1,
        "MaxTeamInstances": -1,
        "Monument": 0,
        "NoLimit": 0,
        "Type": "BUILDINGCLASS_TEMPLE_ARTEMIS"
    },
    {
        "DefaultBuilding": "BUILDING_MAUSOLEUM_HALICARNASSUS",
        "Description": "TXT_KEY_BUILDING_MAUSOLEUM_HALICARNASSUS",
        "ExtraPlayerInstances": 0,
        "ID": 87,
        "MaxGlobalInstances": 1,
        "MaxPlayerInstances": -1,
        "MaxTeamInstances": -1,
        "Monument": 0,
        "NoLimit": 0,
        "Type": "BUILDINGCLASS_MAUSOLEUM_HALICARNASSUS"
    },
    {
        "DefaultBuilding": "BUILDING_CATHEDRAL",
        "Description": "TXT_KEY_BUILDING_CATHEDRAL",
        "ExtraPlayerInstances": 0,
        "ID": 106,
        "MaxGlobalInstances": -1,
        "MaxPlayerInstances": -1,
        "MaxTeamInstances": -1,
        "Monument": 0,
        "NoLimit": 0,
        "Type": "BUILDINGCLASS_CATHEDRAL"
    },
    {
        "DefaultBuilding": "BUILDING_MOSQUE",
        "Description": "TXT_KEY_BUILDING_MOSQUE",
        "ExtraPlayerInstances": 0,
        "ID": 107,
        "MaxGlobalInstances": -1,
        "MaxPlayerInstances": -1,
        "MaxTeamInstances": -1,
        "Monument": 0,
        "NoLimit": 0,
        "Type": "BUILDINGCLASS_MOSQUE"
    },
    {
        "DefaultBuilding": "BUILDING_PAGODA",
        "Description": "TXT_KEY_BUILDING_PAGODA",
        "ExtraPlayerInstances": 0,
        "ID": 108,
        "MaxGlobalInstances": -1,
        "MaxPlayerInstances": -1,
        "MaxTeamInstances": -1,
        "Monument": 0,
        "NoLimit": 0,
        "Type": "BUILDINGCLASS_PAGODA"
    },
    {
        "DefaultBuilding": "BUILDING_RECYCLING_CENTER",
        "Description": "TXT_KEY_BUILDING_RECYCLING_CENTER",
        "ExtraPlayerInstances": 0,
        "ID": 109,
        "MaxGlobalInstances": -1,
        "MaxPlayerInstances": 5,
        "MaxTeamInstances": -1,
        "Monument": 0,
        "NoLimit": 0,
        "Type": "BUILDINGCLASS_RECYCLING_CENTER"
    },
    {
        "DefaultBuilding": "BUILDING_BOMB_SHELTER",
        "Description": "TXT_KEY_BUILDING_BOMB_SHELTER",
        "ExtraPlayerInstances": 0,
        "ID": 110,
        "MaxGlobalInstances": -1,
        "MaxPlayerInstances": -1,
        "MaxTeamInstances": -1,
        "Monument": 0,
        "NoLimit": 0,
        "Type": "BUILDINGCLASS_BOMB_SHELTER"
    },
    {
        "DefaultBuilding": "BUILDING_CONSTABLE",
        "Description": "TXT_KEY_BUILDING_CONSTABLE",
        "ExtraPlayerInstances": 0,
        "ID": 111,
        "MaxGlobalInstances": -1,
        "MaxPlayerInstances": -1,
        "MaxTeamInstances": -1,
        "Monument": 0,
        "NoLimit": 0,
        "Type": "BUILDINGCLASS_CONSTABLE"
    },
    {
        "DefaultBuilding": "BUILDING_POLICE_STATION",
        "Description": "TXT_KEY_BUILDING_POLICE_STATION",
        "ExtraPlayerInstances": 0,
        "ID": 112,
        "MaxGlobalInstances": -1,
        "MaxPlayerInstances": -1,
        "MaxTeamInstances": -1,
        "Monument": 0,
        "NoLimit": 0,
        "Type": "BUILDINGCLASS_POLICE_STATION"
    },
    {
        "DefaultBuilding": "BUILDING_INTELLIGENCE_AGENCY",
        "Description": "TXT_KEY_BUILDING_INTELLIGENCE_AGENCY",
        "ExtraPlayerInstances": 0,
        "ID": 113,
        "MaxGlobalInstances": -1,
        "MaxPlayerInstances": 1,
        "MaxTeamInstances": -1,
        "Monument": 0,
        "NoLimit": 0,
        "Type": "BUILDINGCLASS_INTELLIGENCE_AGENCY"
    },
    {
        "DefaultBuilding": "BUILDING_GRAND_TEMPLE",
        "Description": "TXT_KEY_BUILDING_GRAND_TEMPLE",
        "ExtraPlayerInstances": 0,
        "ID": 114,
        "MaxGlobalInstances": -1,
        "MaxPlayerInstances": 1,
        "MaxTeamInstances": -1,
        "Monument": 0,
        "NoLimit": 0,
        "Type": "BUILDINGCLASS_GRAND_TEMPLE"
    },
    {
        "DefaultBuilding": "BUILDING_ALHAMBRA",
        "Description": "TXT_KEY_BUILDING_ALHAMBRA",
        "ExtraPlayerInstances": 0,
        "ID": 115,
        "MaxGlobalInstances": 1,
        "MaxPlayerInstances": -1,
        "MaxTeamInstances": -1,
        "Monument": 0,
        "NoLimit": 0,
        "Type": "BUILDINGCLASS_ALHAMBRA"
    },
    {
        "DefaultBuilding": "BUILDING_CN_TOWER",
        "Description": "TXT_KEY_BUILDING_CN_TOWER",
        "ExtraPlayerInstances": 0,
        "ID": 116,
        "MaxGlobalInstances": 1,
        "MaxPlayerInstances": -1,
        "MaxTeamInstances": -1,
        "Monument": 0,
        "NoLimit": 0,
        "Type": "BUILDINGCLASS_CN_TOWER"
    },
    {
        "DefaultBuilding": "BUILDING_HUBBLE",
        "Description": "TXT_KEY_BUILDING_HUBBLE",
        "ExtraPlayerInstances": 0,
        "ID": 117,
        "MaxGlobalInstances": 1,
        "MaxPlayerInstances": -1,
        "MaxTeamInstances": -1,
        "Monument": 0,
        "NoLimit": 0,
        "Type": "BUILDINGCLASS_HUBBLE"
    },
    {
        "DefaultBuilding": "BUILDING_LEANING_TOWER",
        "Description": "TXT_KEY_BUILDING_LEANING_TOWER",
        "ExtraPlayerInstances": 0,
        "ID": 118,
        "MaxGlobalInstances": 1,
        "MaxPlayerInstances": -1,
        "MaxTeamInstances": -1,
        "Monument": 0,
        "NoLimit": 0,
        "Type": "BUILDINGCLASS_LEANING_TOWER"
    },
    {
        "DefaultBuilding": "BUILDING_MOSQUE_OF_DJENNE",
        "Description": "TXT_KEY_BUILDING_MOSQUE_OF_DJENNE",
        "ExtraPlayerInstances": 0,
        "ID": 119,
        "MaxGlobalInstances": 1,
        "MaxPlayerInstances": -1,
        "MaxTeamInstances": -1,
        "Monument": 0,
        "NoLimit": 0,
        "Type": "BUILDINGCLASS_MOSQUE_OF_DJENNE"
    },
    {
        "DefaultBuilding": "BUILDING_NEUSCHWANSTEIN",
        "Description": "TXT_KEY_BUILDING_NEUSCHWANSTEIN",
        "ExtraPlayerInstances": 0,
        "ID": 120,
        "MaxGlobalInstances": 1,
        "MaxPlayerInstances": -1,
        "MaxTeamInstances": -1,
        "Monument": 0,
        "NoLimit": 0,
        "Type": "BUILDINGCLASS_NEUSCHWANSTEIN"
    },
    {
        "DefaultBuilding": "BUILDING_PETRA",
        "Description": "TXT_KEY_BUILDING_PETRA",
        "ExtraPlayerInstances": 0,
        "ID": 121,
        "MaxGlobalInstances": 1,
        "MaxPlayerInstances": -1,
        "MaxTeamInstances": -1,
        "Monument": 0,
        "NoLimit": 0,
        "Type": "BUILDINGCLASS_PETRA"
    },
    {
        "DefaultBuilding": "BUILDING_TERRACOTTA_ARMY",
        "Description": "TXT_KEY_BUILDING_TERRACOTTA_ARMY",
        "ExtraPlayerInstances": 0,
        "ID": 122,
        "MaxGlobalInstances": 1,
        "MaxPlayerInstances": -1,
        "MaxTeamInstances": -1,
        "Monument": 0,
        "NoLimit": 0,
        "Type": "BUILDINGCLASS_TERRACOTTA_ARMY"
    },
    {
        "DefaultBuilding": "BUILDING_GREAT_FIREWALL",
        "Description": "TXT_KEY_BUILDING_GREAT_FIREWALL",
        "ExtraPlayerInstances": 0,
        "ID": 123,
        "MaxGlobalInstances": 1,
        "MaxPlayerInstances": -1,
        "MaxTeamInstances": -1,
        "Monument": 0,
        "NoLimit": 0,
        "Type": "BUILDINGCLASS_GREAT_FIREWALL"
    },
    {
        "DefaultBuilding": "BUILDING_TOURIST_CENTER",
        "Description": "TXT_KEY_BUILDING_TOURIST_CENTER",
        "ExtraPlayerInstances": 0,
        "ID": 124,
        "MaxGlobalInstances": -1,
        "MaxPlayerInstances": 1,
        "MaxTeamInstances": -1,
        "Monument": 0,
        "NoLimit": 0,
        "Type": "BUILDINGCLASS_TOURIST_CENTER"
    },
    {
        "DefaultBuilding": "BUILDING_WRITERS_GUILD",
        "Description": "TXT_KEY_BUILDING_WRITERS_GUILD",
        "ExtraPlayerInstances": 0,
        "ID": 125,
        "MaxGlobalInstances": -1,
        "MaxPlayerInstances": 1,
        "MaxTeamInstances": -1,
        "Monument": 0,
        "NoLimit": 0,
        "Type": "BUILDINGCLASS_WRITERS_GUILD"
    },
    {
        "DefaultBuilding": "BUILDING_ARTISTS_GUILD",
        "Description": "TXT_KEY_BUILDING_ARTISTS_GUILD",
        "ExtraPlayerInstances": 0,
        "ID": 126,
        "MaxGlobalInstances": -1,
        "MaxPlayerInstances": 1,
        "MaxTeamInstances": -1,
        "Monument": 0,
        "NoLimit": 0,
        "Type": "BUILDINGCLASS_ARTISTS_GUILD"
    },
    {
        "DefaultBuilding": "BUILDING_MUSICIANS_GUILD",
        "Description": "TXT_KEY_BUILDING_MUSICIANS_GUILD",
        "ExtraPlayerInstances": 0,
        "ID": 127,
        "MaxGlobalInstances": -1,
        "MaxPlayerInstances": 1,
        "MaxTeamInstances": -1,
        "Monument": 0,
        "NoLimit": 0,
        "Type": "BUILDINGCLASS_MUSICIANS_GUILD"
    },
    {
        "DefaultBuilding": "BUILDING_HOTEL",
        "Description": "TXT_KEY_BUILDING_HOTEL",
        "ExtraPlayerInstances": 0,
        "ID": 128,
        "MaxGlobalInstances": -1,
        "MaxPlayerInstances": -1,
        "MaxTeamInstances": -1,
        "Monument": 0,
        "NoLimit": 0,
        "Type": "BUILDINGCLASS_HOTEL"
    },
    {
        "DefaultBuilding": "BUILDING_CARAVANSARY",
        "Description": "TXT_KEY_BUILDING_CARAVANSARY",
        "ExtraPlayerInstances": 0,
        "ID": 129,
        "MaxGlobalInstances": -1,
        "MaxPlayerInstances": -1,
        "MaxTeamInstances": -1,
        "Monument": 0,
        "NoLimit": 0,
        "Type": "BUILDINGCLASS_CARAVANSARY"
    },
    {
        "DefaultBuilding": "BUILDING_AIRPORT",
        "Description": "TXT_KEY_BUILDING_AIRPORT",
        "ExtraPlayerInstances": 0,
        "ID": 130,
        "MaxGlobalInstances": -1,
        "MaxPlayerInstances": -1,
        "MaxTeamInstances": -1,
        "Monument": 0,
        "NoLimit": 0,
        "Type": "BUILDINGCLASS_AIRPORT"
    },
    {
        "DefaultBuilding": "BUILDING_UFFIZI",
        "Description": "TXT_KEY_BUILDING_UFFIZI",
        "ExtraPlayerInstances": 0,
        "ID": 131,
        "MaxGlobalInstances": 1,
        "MaxPlayerInstances": -1,
        "MaxTeamInstances": -1,
        "Monument": 0,
        "NoLimit": 0,
        "Type": "BUILDINGCLASS_UFFIZI"
    },
    {
        "DefaultBuilding": "BUILDING_GLOBE_THEATER",
        "Description": "TXT_KEY_BUILDING_GLOBE_THEATER",
        "ExtraPlayerInstances": 0,
        "ID": 132,
        "MaxGlobalInstances": 1,
        "MaxPlayerInstances": -1,
        "MaxTeamInstances": -1,
        "Monument": 0,
        "NoLimit": 0,
        "Type": "BUILDINGCLASS_GLOBE_THEATER"
    },
    {
        "DefaultBuilding": "BUILDING_BROADWAY",
        "Description": "TXT_KEY_BUILDING_BROADWAY",
        "ExtraPlayerInstances": 0,
        "ID": 133,
        "MaxGlobalInstances": 1,
        "MaxPlayerInstances": -1,
        "MaxTeamInstances": -1,
        "Monument": 0,
        "NoLimit": 0,
        "Type": "BUILDINGCLASS_BROADWAY"
    },
    {
        "DefaultBuilding": "BUILDING_RED_FORT",
        "Description": "TXT_KEY_BUILDING_RED_FORT",
        "ExtraPlayerInstances": 0,
        "ID": 134,
        "MaxGlobalInstances": 1,
        "MaxPlayerInstances": -1,
        "MaxTeamInstances": -1,
        "Monument": 0,
        "NoLimit": 0,
        "Type": "BUILDINGCLASS_RED_FORT"
    },
    {
        "DefaultBuilding": "BUILDING_PRORA_RESORT",
        "Description": "TXT_KEY_BUILDING_PRORA_RESORT",
        "ExtraPlayerInstances": 0,
        "ID": 135,
        "MaxGlobalInstances": 1,
        "MaxPlayerInstances": -1,
        "MaxTeamInstances": -1,
        "Monument": 0,
        "NoLimit": 0,
        "Type": "BUILDINGCLASS_PRORA_RESORT"
    },
    {
        "DefaultBuilding": "BUILDING_BOROBUDUR",
        "Description": "TXT_KEY_BUILDING_BOROBUDUR",
        "ExtraPlayerInstances": 0,
        "ID": 136,
        "MaxGlobalInstances": 1,
        "MaxPlayerInstances": -1,
        "MaxTeamInstances": -1,
        "Monument": 0,
        "NoLimit": 0,
        "Type": "BUILDINGCLASS_BOROBUDUR"
    },
    {
        "DefaultBuilding": "BUILDING_PARTHENON",
        "Description": "TXT_KEY_PARTHENON",
        "ExtraPlayerInstances": 0,
        "ID": 137,
        "MaxGlobalInstances": 1,
        "MaxPlayerInstances": -1,
        "MaxTeamInstances": -1,
        "Monument": 0,
        "NoLimit": 0,
        "Type": "BUILDINGCLASS_PARTHENON"
    },
    {
        "DefaultBuilding": "BUILDING_INTERNATIONAL_SPACE_STATION",
        "Description": "TXT_KEY_BUILDING_INTERNATIONAL_SPACE_STATION",
        "ExtraPlayerInstances": 0,
        "ID": 138,
        "MaxGlobalInstances": 1,
        "MaxPlayerInstances": -1,
        "MaxTeamInstances": -1,
        "Monument": 0,
        "NoLimit": 0,
        "Type": "BUILDINGCLASS_INTERNATIONAL_SPACE_STATION"
    }
]