[
    {
        "BuildingType": "BUILDING_STATUE_OF_LIBERTY",
        "SpecialistType": "SPECIALIST_CITIZEN",
        "Yield": 1,
        "YieldType": "YIELD_PRODUCTION"
    },
    {
        "BuildingType": "BUILDING_STATUE_OF_LIBERTY",
        "SpecialistType": "SPECIALIST_ARTIST",
        "Yield": 1,
        "YieldType": "YIELD_PRODUCTION"
    },
    {
        "BuildingType": "BUILDING_STATUE_OF_LIBERTY",
        "SpecialistType": "SPECIALIST_SCIENTIST",
        "Yield": 1,
        "YieldType": "YIELD_PRODUCTION"
    },
    {
        "BuildingType": "BUILDING_STATUE_OF_LIBERTY",
        "SpecialistType": "SPECIALIST_MERCHANT",
        "Yield": 1,
        "YieldType": "YIELD_PRODUCTION"
    },
    {
        "BuildingType": "BUILDING_STATUE_OF_LIBERTY",
        "SpecialistType": "SPECIALIST_ENGINEER",
        "Yield": 1,
        "YieldType": "YIELD_PRODUCTION"
    },
    {
        "BuildingType": "BUILDING_STATUE_OF_LIBERTY",
        "SpecialistType": "SPECIALIST_WRITER",
        "Yield": 1,
        "YieldType": "YIELD_PRODUCTION"
    },
    {
        "BuildingType": "BUILDING_STATUE_OF_LIBERTY",
        "SpecialistType": "SPECIALIST_MUSICIAN",
        "Yield": 1,
        "YieldType": "YIELD_PRODUCTION"
    },
    {
        "BuildingType": "BUILDING_INTERNATIONAL_SPACE_STATION",
        "SpecialistType": "SPECIALIST_SCIENTIST",
        "Yield": 1,
        "YieldType": "YIELD_PRODUCTION"
    },
    {
        "BuildingType": "BUILDING_INTERNATIONAL_SPACE_STATION",
        "SpecialistType": "SPECIALIST_ENGINEER",
        "Yield": 1,
        "YieldType": "YIELD_SCIENCE"
    }
]