[
    {
        "BuildingClassType": "BUILDINGCLASS_BARRACKS",
        "BuildingType": "BUILDING_ARMORY"
    },
    {
        "BuildingClassType": "BUILDINGCLASS_ARMORY",
        "BuildingType": "BUILDING_MILITARY_ACADEMY"
    },
    {
        "BuildingClassType": "BUILDINGCLASS_CASTLE",
        "BuildingType": "BUILDING_ARSENAL"
    },
    {
        "BuildingClassType": "BUILDINGCLASS_WALLS",
        "BuildingType": "BUILDING_CASTLE"
    },
    {
        "BuildingClassType": "BUILDINGCLASS_WALLS",
        "BuildingType": "BUILDING_MUGHAL_FORT"
    },
    {
        "BuildingClassType": "BUILDINGCLASS_ARSENAL",
        "BuildingType": "BUILDING_MILITARY_BASE"
    },
    {
        "BuildingClassType": "BUILDINGCLASS_COLOSSEUM",
        "BuildingType": "BUILDING_THEATRE"
    },
    {
        "BuildingClassType": "BUILDINGCLASS_THEATRE",
        "BuildingType": "BUILDING_STADIUM"
    },
    {
        "BuildingClassType": "BUILDINGCLASS_HOSPITAL",
        "BuildingType": "BUILDING_MEDICAL_LAB"
    },
    {
        "BuildingClassType": "BUILDINGCLASS_WORKSHOP",
        "BuildingType": "BUILDING_FACTORY"
    },
    {
        "BuildingClassType": "BUILDINGCLASS_FACTORY",
        "BuildingType": "BUILDING_SOLAR_PLANT"
    },
    {
        "BuildingClassType": "BUILDINGCLASS_FACTORY",
        "BuildingType": "BUILDING_NUCLEAR_PLANT"
    },
    {
        "BuildingClassType": "BUILDINGCLASS_FACTORY",
        "BuildingType": "BUILDING_SPACESHIP_FACTORY"
    },
    {
        "BuildingClassType": "BUILDINGCLASS_MARKET",
        "BuildingType": "BUILDING_BANK"
    },
    {
        "BuildingClassType": "BUILDINGCLASS_BANK",
        "BuildingType": "BUILDING_STOCK_EXCHANGE"
    },
    {
        "BuildingClassType": "BUILDINGCLASS_MARKET",
        "BuildingType": "BUILDING_SATRAPS_COURT"
    },
    {
        "BuildingClassType": "BUILDINGCLASS_LIBRARY",
        "BuildingType": "BUILDING_UNIVERSITY"
    },
    {
        "BuildingClassType": "BUILDINGCLASS_LIBRARY",
        "BuildingType": "BUILDING_WAT"
    },
    {
        "BuildingClassType": "BUILDINGCLASS_UNIVERSITY",
        "BuildingType": "BUILDING_PUBLIC_SCHOOL"
    },
    {
        "BuildingClassType": "BUILDINGCLASS_PUBLIC_SCHOOL",
        "BuildingType": "BUILDING_LABORATORY"
    },
    {
        "BuildingClassType": "BUILDINGCLASS_SHRINE",
        "BuildingType": "BUILDING_TEMPLE"
    },
    {
        "BuildingClassType": "BUILDINGCLASS_SHRINE",
        "BuildingType": "BUILDING_MUD_PYRAMID_MOSQUE"
    },
    {
        "BuildingClassType": "BUILDINGCLASS_SHRINE",
        "BuildingType": "BUILDING_BURIAL_TOMB"
    },
    {
        "BuildingClassType": "BUILDINGCLASS_AMPHITHEATER",
        "BuildingType": "BUILDING_OPERA_HOUSE"
    },
    {
        "BuildingClassType": "BUILDINGCLASS_OPERA_HOUSE",
        "BuildingType": "BUILDING_MUSEUM"
    },
    {
        "BuildingClassType": "BUILDINGCLASS_MUSEUM",
        "BuildingType": "BUILDING_BROADCAST_TOWER"
    },
    {
        "BuildingClassType": "BUILDINGCLASS_OPERA_HOUSE",
        "BuildingType": "BUILDING_HERMITAGE"
    },
    {
        "BuildingClassType": "BUILDINGCLASS_BARRACKS",
        "BuildingType": "BUILDING_HEROIC_EPIC"
    },
    {
        "BuildingClassType": "BUILDINGCLASS_WORKSHOP",
        "BuildingType": "BUILDING_IRONWORKS"
    },
    {
        "BuildingClassType": "BUILDINGCLASS_MONUMENT",
        "BuildingType": "BUILDING_NATIONAL_EPIC"
    },
    {
        "BuildingClassType": "BUILDINGCLASS_COLOSSEUM",
        "BuildingType": "BUILDING_CIRCUS_MAXIMUS"
    },
    {
        "BuildingClassType": "BUILDINGCLASS_MARKET",
        "BuildingType": "BUILDING_NATIONAL_TREASURY"
    },
    {
        "BuildingClassType": "BUILDINGCLASS_LIBRARY",
        "BuildingType": "BUILDING_NATIONAL_COLLEGE"
    },
    {
        "BuildingClassType": "BUILDINGCLASS_UNIVERSITY",
        "BuildingType": "BUILDING_OXFORD_UNIVERSITY"
    },
    {
        "BuildingClassType": "BUILDINGCLASS_AQUEDUCT",
        "BuildingType": "BUILDING_HOSPITAL"
    },
    {
        "BuildingClassType": "BUILDINGCLASS_HARBOR",
        "BuildingType": "BUILDING_SEAPORT"
    },
    {
        "BuildingClassType": "BUILDINGCLASS_AMPHITHEATER",
        "BuildingType": "BUILDING_CEILIDH_HALL"
    },
    {
        "BuildingClassType": "BUILDINGCLASS_MONUMENT",
        "BuildingType": "BUILDING_AMPHITHEATER"
    },
    {
        "BuildingClassType": "BUILDINGCLASS_CONSTABLE",
        "BuildingType": "BUILDING_POLICE_STATION"
    },
    {
        "BuildingClassType": "BUILDINGCLASS_POLICE_STATION",
        "BuildingType": "BUILDING_INTELLIGENCE_AGENCY"
    },
    {
        "BuildingClassType": "BUILDINGCLASS_TEMPLE",
        "BuildingType": "BUILDING_GRAND_TEMPLE"
    },
    {
        "BuildingClassType": "BUILDINGCLASS_MARKET",
        "BuildingType": "BUILDING_HANSE"
    }
]