[
    {
        "AltDown": 0,
        "AltDownAlt": 0,
        "CanBeEmbarked": 0,
        "Cost": 0,
        "CostIncreasePerImprovement": 0,
        "CtrlDown": 0,
        "CtrlDownAlt": 1,
        "Description": "TXT_KEY_BUILD_ROAD",
        "DisabledHelp": null,
        "EntityEvent": "ENTITY_EVENT_SHOVEL",
        "Help": "TXT_KEY_BUILD_ROAD_HELP",
        "HotKey": "KB_R",
        "HotKeyAlt": null,
        "HotKeyPriority": 0,
        "HotKeyPriorityAlt": 0,
        "ID": 0,
        "IconAtlas": "UNIT_ACTION_ATLAS",
        "IconIndex": 24,
        "ImprovementType": null,
        "Kill": 0,
        "OrderPriority": 95,
        "PrereqTech": "TECH_THE_WHEEL",
        "Recommendation": "TXT_KEY_BUILD_ROAD_REC",
        "RemoveRoute": 0,
        "Repair": 0,
        "RouteType": "ROUTE_ROAD",
        "ShiftDown": 0,
        "ShiftDownAlt": 0,
        "ShowInPedia": 1,
        "ShowInTechTree": 1,
        "Time": 400,
        "Type": "BUILD_ROAD",
        "Water": 0
    },
    {
        "AltDown": 1,
        "AltDownAlt": 0,
        "CanBeEmbarked": 0,
        "Cost": 0,
        "CostIncreasePerImprovement": 0,
        "CtrlDown": 0,
        "CtrlDownAlt": 0,
        "Description": "TXT_KEY_BUILD_RAILROAD",
        "DisabledHelp": null,
        "EntityEvent": "ENTITY_EVENT_RAILROAD",
        "Help": "TXT_KEY_BUILD_RAILROAD_HELP",
        "HotKey": "KB_R",
        "HotKeyAlt": null,
        "HotKeyPriority": 0,
        "HotKeyPriorityAlt": 0,
        "ID": 1,
        "IconAtlas": "UNIT_ACTION_ATLAS",
        "IconIndex": 25,
        "ImprovementType": null,
        "Kill": 0,
        "OrderPriority": 95,
        "PrereqTech": "TECH_RAILROAD",
        "Recommendation": "TXT_KEY_BUILD_RAILROAD_REC",
        "RemoveRoute": 0,
        "Repair": 0,
        "RouteType": "ROUTE_RAILROAD",
        "ShiftDown": 0,
        "ShiftDownAlt": 0,
        "ShowInPedia": 1,
        "ShowInTechTree": 1,
        "Time": 400,
        "Type": "BUILD_RAILROAD",
        "Water": 0
    },
    {
        "AltDown": 0,
        "AltDownAlt": 0,
        "CanBeEmbarked": 0,
        "Cost": 0,
        "CostIncreasePerImprovement": 0,
        "CtrlDown": 0,
        "CtrlDownAlt": 0,
        "Description": "TXT_KEY_BUILD_FARM",
        "DisabledHelp": null,
        "EntityEvent": "ENTITY_EVENT_IRRIGATE",
        "Help": null,
        "HotKey": "KB_I",
        "HotKeyAlt": null,
        "HotKeyPriority": 0,
        "HotKeyPriorityAlt": 0,
        "ID": 2,
        "IconAtlas": "UNIT_ACTION_ATLAS",
        "IconIndex": 21,
        "ImprovementType": "IMPROVEMENT_FARM",
        "Kill": 0,
        "OrderPriority": 97,
        "PrereqTech": "TECH_AGRICULTURE",
        "Recommendation": null,
        "RemoveRoute": 0,
        "Repair": 0,
        "RouteType": null,
        "ShiftDown": 0,
        "ShiftDownAlt": 0,
        "ShowInPedia": 1,
        "ShowInTechTree": 1,
        "Time": 700,
        "Type": "BUILD_FARM",
        "Water": 0
    },
    {
        "AltDown": 0,
        "AltDownAlt": 0,
        "CanBeEmbarked": 0,
        "Cost": 0,
        "CostIncreasePerImprovement": 0,
        "CtrlDown": 0,
        "CtrlDownAlt": 0,
        "Description": "TXT_KEY_BUILD_MINE",
        "DisabledHelp": null,
        "EntityEvent": "ENTITY_EVENT_MINE",
        "Help": null,
        "HotKey": "KB_N",
        "HotKeyAlt": null,
        "HotKeyPriority": 0,
        "HotKeyPriorityAlt": 0,
        "ID": 3,
        "IconAtlas": "UNIT_ACTION_ATLAS",
        "IconIndex": 22,
        "ImprovementType": "IMPROVEMENT_MINE",
        "Kill": 0,
        "OrderPriority": 96,
        "PrereqTech": "TECH_MINING",
        "Recommendation": null,
        "RemoveRoute": 0,
        "Repair": 0,
        "RouteType": null,
        "ShiftDown": 0,
        "ShiftDownAlt": 0,
        "ShowInPedia": 1,
        "ShowInTechTree": 1,
        "Time": 700,
        "Type": "BUILD_MINE",
        "Water": 0
    },
    {
        "AltDown": 0,
        "AltDownAlt": 0,
        "CanBeEmbarked": 0,
        "Cost": 0,
        "CostIncreasePerImprovement": 0,
        "CtrlDown": 0,
        "CtrlDownAlt": 0,
        "Description": "TXT_KEY_BUILD_TRADING_POST",
        "DisabledHelp": null,
        "EntityEvent": "ENTITY_EVENT_BUILD",
        "Help": null,
        "HotKey": "KB_T",
        "HotKeyAlt": null,
        "HotKeyPriority": 0,
        "HotKeyPriorityAlt": 0,
        "ID": 4,
        "IconAtlas": "UNIT_ACTION_ATLAS",
        "IconIndex": 41,
        "ImprovementType": "IMPROVEMENT_TRADING_POST",
        "Kill": 0,
        "OrderPriority": 95,
        "PrereqTech": "TECH_GUILDS",
        "Recommendation": null,
        "RemoveRoute": 0,
        "Repair": 0,
        "RouteType": null,
        "ShiftDown": 0,
        "ShiftDownAlt": 0,
        "ShowInPedia": 1,
        "ShowInTechTree": 1,
        "Time": 700,
        "Type": "BUILD_TRADING_POST",
        "Water": 0
    },
    {
        "AltDown": 0,
        "AltDownAlt": 0,
        "CanBeEmbarked": 0,
        "Cost": 0,
        "CostIncreasePerImprovement": 0,
        "CtrlDown": 0,
        "CtrlDownAlt": 0,
        "Description": "TXT_KEY_BUILD_LUMBERMILL",
        "DisabledHelp": null,
        "EntityEvent": "ENTITY_EVENT_BUILD",
        "Help": null,
        "HotKey": "KB_L",
        "HotKeyAlt": null,
        "HotKeyPriority": 0,
        "HotKeyPriorityAlt": 0,
        "ID": 5,
        "IconAtlas": "UNIT_ACTION_ATLAS",
        "IconIndex": 28,
        "ImprovementType": "IMPROVEMENT_LUMBERMILL",
        "Kill": 0,
        "OrderPriority": 98,
        "PrereqTech": "TECH_CONSTRUCTION",
        "Recommendation": "TXT_KEY_BUILD_LUMBERMILL_REC",
        "RemoveRoute": 0,
        "Repair": 0,
        "RouteType": null,
        "ShiftDown": 0,
        "ShiftDownAlt": 0,
        "ShowInPedia": 1,
        "ShowInTechTree": 1,
        "Time": 700,
        "Type": "BUILD_LUMBERMILL",
        "Water": 0
    },
    {
        "AltDown": 0,
        "AltDownAlt": 0,
        "CanBeEmbarked": 0,
        "Cost": 0,
        "CostIncreasePerImprovement": 0,
        "CtrlDown": 0,
        "CtrlDownAlt": 0,
        "Description": "TXT_KEY_BUILD_PASTURE",
        "DisabledHelp": null,
        "EntityEvent": "ENTITY_EVENT_BUILD",
        "Help": null,
        "HotKey": "KB_P",
        "HotKeyAlt": null,
        "HotKeyPriority": 0,
        "HotKeyPriorityAlt": 0,
        "ID": 6,
        "IconAtlas": "UNIT_ACTION_ATLAS",
        "IconIndex": 29,
        "ImprovementType": "IMPROVEMENT_PASTURE",
        "Kill": 0,
        "OrderPriority": 98,
        "PrereqTech": "TECH_ANIMAL_HUSBANDRY",
        "Recommendation": null,
        "RemoveRoute": 0,
        "Repair": 0,
        "RouteType": null,
        "ShiftDown": 0,
        "ShiftDownAlt": 0,
        "ShowInPedia": 1,
        "ShowInTechTree": 1,
        "Time": 800,
        "Type": "BUILD_PASTURE",
        "Water": 0
    },
    {
        "AltDown": 0,
        "AltDownAlt": 0,
        "CanBeEmbarked": 0,
        "Cost": 0,
        "CostIncreasePerImprovement": 0,
        "CtrlDown": 0,
        "CtrlDownAlt": 0,
        "Description": "TXT_KEY_BUILD_CAMP",
        "DisabledHelp": null,
        "EntityEvent": "ENTITY_EVENT_BUILD",
        "Help": null,
        "HotKey": "KB_H",
        "HotKeyAlt": null,
        "HotKeyPriority": 0,
        "HotKeyPriorityAlt": 0,
        "ID": 7,
        "IconAtlas": "UNIT_ACTION_ATLAS",
        "IconIndex": 32,
        "ImprovementType": "IMPROVEMENT_CAMP",
        "Kill": 0,
        "OrderPriority": 98,
        "PrereqTech": "TECH_TRAPPING",
        "Recommendation": null,
        "RemoveRoute": 0,
        "Repair": 0,
        "RouteType": null,
        "ShiftDown": 0,
        "ShiftDownAlt": 0,
        "ShowInPedia": 1,
        "ShowInTechTree": 1,
        "Time": 700,
        "Type": "BUILD_CAMP",
        "Water": 0
    },
    {
        "AltDown": 0,
        "AltDownAlt": 0,
        "CanBeEmbarked": 0,
        "Cost": 0,
        "CostIncreasePerImprovement": 0,
        "CtrlDown": 0,
        "CtrlDownAlt": 0,
        "Description": "TXT_KEY_BUILD_PLANTATION",
        "DisabledHelp": null,
        "EntityEvent": "ENTITY_EVENT_IRRIGATE",
        "Help": null,
        "HotKey": "KB_P",
        "HotKeyAlt": null,
        "HotKeyPriority": 0,
        "HotKeyPriorityAlt": 0,
        "ID": 8,
        "IconAtlas": "UNIT_ACTION_ATLAS",
        "IconIndex": 27,
        "ImprovementType": "IMPROVEMENT_PLANTATION",
        "Kill": 0,
        "OrderPriority": 98,
        "PrereqTech": "TECH_CALENDAR",
        "Recommendation": null,
        "RemoveRoute": 0,
        "Repair": 0,
        "RouteType": null,
        "ShiftDown": 0,
        "ShiftDownAlt": 0,
        "ShowInPedia": 1,
        "ShowInTechTree": 1,
        "Time": 600,
        "Type": "BUILD_PLANTATION",
        "Water": 0
    },
    {
        "AltDown": 0,
        "AltDownAlt": 0,
        "CanBeEmbarked": 0,
        "Cost": 0,
        "CostIncreasePerImprovement": 0,
        "CtrlDown": 0,
        "CtrlDownAlt": 0,
        "Description": "TXT_KEY_BUILD_QUARRY",
        "DisabledHelp": null,
        "EntityEvent": "ENTITY_EVENT_MINE",
        "Help": null,
        "HotKey": "KB_Q",
        "HotKeyAlt": null,
        "HotKeyPriority": 0,
        "HotKeyPriorityAlt": 0,
        "ID": 9,
        "IconAtlas": "UNIT_ACTION_ATLAS",
        "IconIndex": 26,
        "ImprovementType": "IMPROVEMENT_QUARRY",
        "Kill": 0,
        "OrderPriority": 98,
        "PrereqTech": "TECH_MASONRY",
        "Recommendation": null,
        "RemoveRoute": 0,
        "Repair": 0,
        "RouteType": null,
        "ShiftDown": 0,
        "ShiftDownAlt": 0,
        "ShowInPedia": 1,
        "ShowInTechTree": 1,
        "Time": 800,
        "Type": "BUILD_QUARRY",
        "Water": 0
    },
    {
        "AltDown": 0,
        "AltDownAlt": 0,
        "CanBeEmbarked": 0,
        "Cost": 0,
        "CostIncreasePerImprovement": 0,
        "CtrlDown": 0,
        "CtrlDownAlt": 0,
        "Description": "TXT_KEY_BUILD_WELL",
        "DisabledHelp": null,
        "EntityEvent": "ENTITY_EVENT_BUILD",
        "Help": null,
        "HotKey": "KB_O",
        "HotKeyAlt": null,
        "HotKeyPriority": 0,
        "HotKeyPriorityAlt": 0,
        "ID": 10,
        "IconAtlas": "UNIT_ACTION_ATLAS",
        "IconIndex": 33,
        "ImprovementType": "IMPROVEMENT_WELL",
        "Kill": 0,
        "OrderPriority": 98,
        "PrereqTech": "TECH_BIOLOGY",
        "Recommendation": null,
        "RemoveRoute": 0,
        "Repair": 0,
        "RouteType": null,
        "ShiftDown": 0,
        "ShiftDownAlt": 0,
        "ShowInPedia": 1,
        "ShowInTechTree": 1,
        "Time": 900,
        "Type": "BUILD_WELL",
        "Water": 0
    },
    {
        "AltDown": 0,
        "AltDownAlt": 0,
        "CanBeEmbarked": 0,
        "Cost": 0,
        "CostIncreasePerImprovement": 0,
        "CtrlDown": 0,
        "CtrlDownAlt": 0,
        "Description": "TXT_KEY_BUILD_OFFSHORE_PLATFORM",
        "DisabledHelp": null,
        "EntityEvent": "ENTITY_EVENT_BUILD",
        "Help": "TXT_KEY_BUILD_CONSUMED_HELP",
        "HotKey": "KB_O",
        "HotKeyAlt": null,
        "HotKeyPriority": 0,
        "HotKeyPriorityAlt": 0,
        "ID": 11,
        "IconAtlas": "UNIT_ACTION_ATLAS",
        "IconIndex": 34,
        "ImprovementType": "IMPROVEMENT_OFFSHORE_PLATFORM",
        "Kill": 1,
        "OrderPriority": 98,
        "PrereqTech": "TECH_REFRIGERATION",
        "Recommendation": null,
        "RemoveRoute": 0,
        "Repair": 0,
        "RouteType": null,
        "ShiftDown": 0,
        "ShiftDownAlt": 0,
        "ShowInPedia": 1,
        "ShowInTechTree": 1,
        "Time": null,
        "Type": "BUILD_OFFSHORE_PLATFORM",
        "Water": 1
    },
    {
        "AltDown": 0,
        "AltDownAlt": 0,
        "CanBeEmbarked": 0,
        "Cost": 0,
        "CostIncreasePerImprovement": 0,
        "CtrlDown": 0,
        "CtrlDownAlt": 0,
        "Description": "TXT_KEY_BUILD_FISHING_BOATS",
        "DisabledHelp": null,
        "EntityEvent": "ENTITY_EVENT_BUILD",
        "Help": "TXT_KEY_BUILD_CONSUMED_HELP",
        "HotKey": "KB_F",
        "HotKeyAlt": null,
        "HotKeyPriority": 1,
        "HotKeyPriorityAlt": 0,
        "ID": 12,
        "IconAtlas": "UNIT_ACTION_ATLAS",
        "IconIndex": 35,
        "ImprovementType": "IMPROVEMENT_FISHING_BOATS",
        "Kill": 1,
        "OrderPriority": 98,
        "PrereqTech": "TECH_SAILING",
        "Recommendation": null,
        "RemoveRoute": 0,
        "Repair": 0,
        "RouteType": null,
        "ShiftDown": 0,
        "ShiftDownAlt": 0,
        "ShowInPedia": 1,
        "ShowInTechTree": 1,
        "Time": null,
        "Type": "BUILD_FISHING_BOATS",
        "Water": 1
    },
    {
        "AltDown": 0,
        "AltDownAlt": 0,
        "CanBeEmbarked": 0,
        "Cost": 0,
        "CostIncreasePerImprovement": 0,
        "CtrlDown": 1,
        "CtrlDownAlt": 0,
        "Description": "TXT_KEY_BUILD_FORT",
        "DisabledHelp": null,
        "EntityEvent": "ENTITY_EVENT_BUILD",
        "Help": "TXT_KEY_BUILD_FORT_HELP",
        "HotKey": "KB_F",
        "HotKeyAlt": null,
        "HotKeyPriority": 0,
        "HotKeyPriorityAlt": 0,
        "ID": 13,
        "IconAtlas": "UNIT_ACTION_ATLAS",
        "IconIndex": 30,
        "ImprovementType": "IMPROVEMENT_FORT",
        "Kill": 0,
        "OrderPriority": 1,
        "PrereqTech": "TECH_ENGINEERING",
        "Recommendation": "TXT_KEY_BUILD_FORT_REC",
        "RemoveRoute": 0,
        "Repair": 0,
        "RouteType": null,
        "ShiftDown": 0,
        "ShiftDownAlt": 0,
        "ShowInPedia": 1,
        "ShowInTechTree": 1,
        "Time": 800,
        "Type": "BUILD_FORT",
        "Water": 0
    },
    {
        "AltDown": 1,
        "AltDownAlt": 0,
        "CanBeEmbarked": 0,
        "Cost": 0,
        "CostIncreasePerImprovement": 0,
        "CtrlDown": 0,
        "CtrlDownAlt": 0,
        "Description": "TXT_KEY_BUILD_REMOVE_JUNGLE",
        "DisabledHelp": null,
        "EntityEvent": "ENTITY_EVENT_CHOP",
        "Help": "TXT_KEY_BUILD_REMOVE_FEATURE_HELP",
        "HotKey": "KB_C",
        "HotKeyAlt": null,
        "HotKeyPriority": 0,
        "HotKeyPriorityAlt": 0,
        "ID": 14,
        "IconAtlas": "UNIT_ACTION_ATLAS",
        "IconIndex": 31,
        "ImprovementType": null,
        "Kill": 0,
        "OrderPriority": 50,
        "PrereqTech": "TECH_BRONZE_WORKING",
        "Recommendation": "TXT_KEY_BUILD_REMOVE_FEATURE_HELP",
        "RemoveRoute": 0,
        "Repair": 0,
        "RouteType": null,
        "ShiftDown": 0,
        "ShiftDownAlt": 0,
        "ShowInPedia": 1,
        "ShowInTechTree": 1,
        "Time": null,
        "Type": "BUILD_REMOVE_JUNGLE",
        "Water": 0
    },
    {
        "AltDown": 1,
        "AltDownAlt": 0,
        "CanBeEmbarked": 0,
        "Cost": 0,
        "CostIncreasePerImprovement": 0,
        "CtrlDown": 0,
        "CtrlDownAlt": 0,
        "Description": "TXT_KEY_BUILD_REMOVE_FOREST",
        "DisabledHelp": null,
        "EntityEvent": "ENTITY_EVENT_CHOP",
        "Help": "TXT_KEY_BUILD_REMOVE_FEATURE_HELP",
        "HotKey": "KB_C",
        "HotKeyAlt": null,
        "HotKeyPriority": 0,
        "HotKeyPriorityAlt": 0,
        "ID": 15,
        "IconAtlas": "UNIT_ACTION_ATLAS",
        "IconIndex": 31,
        "ImprovementType": null,
        "Kill": 0,
        "OrderPriority": 50,
        "PrereqTech": "TECH_MINING",
        "Recommendation": "TXT_KEY_BUILD_REMOVE_FEATURE_HELP",
        "RemoveRoute": 0,
        "Repair": 0,
        "RouteType": null,
        "ShiftDown": 0,
        "ShiftDownAlt": 0,
        "ShowInPedia": 1,
        "ShowInTechTree": 1,
        "Time": null,
        "Type": "BUILD_REMOVE_FOREST",
        "Water": 0
    },
    {
        "AltDown": 1,
        "AltDownAlt": 0,
        "CanBeEmbarked": 0,
        "Cost": 0,
        "CostIncreasePerImprovement": 0,
        "CtrlDown": 0,
        "CtrlDownAlt": 0,
        "Description": "TXT_KEY_BUILD_REMOVE_MARSH",
        "DisabledHelp": null,
        "EntityEvent": "ENTITY_EVENT_CHOP",
        "Help": "TXT_KEY_BUILD_REMOVE_FEATURE_HELP",
        "HotKey": "KB_C",
        "HotKeyAlt": null,
        "HotKeyPriority": 0,
        "HotKeyPriorityAlt": 0,
        "ID": 16,
        "IconAtlas": "UNIT_ACTION_ATLAS",
        "IconIndex": 38,
        "ImprovementType": null,
        "Kill": 0,
        "OrderPriority": 50,
        "PrereqTech": "TECH_MASONRY",
        "Recommendation": "TXT_KEY_BUILD_REMOVE_FEATURE_HELP",
        "RemoveRoute": 0,
        "Repair": 0,
        "RouteType": null,
        "ShiftDown": 0,
        "ShiftDownAlt": 0,
        "ShowInPedia": 1,
        "ShowInTechTree": 1,
        "Time": null,
        "Type": "BUILD_REMOVE_MARSH",
        "Water": 0
    },
    {
        "AltDown": 0,
        "AltDownAlt": 0,
        "CanBeEmbarked": 0,
        "Cost": 0,
        "CostIncreasePerImprovement": 0,
        "CtrlDown": 0,
        "CtrlDownAlt": 0,
        "Description": "TXT_KEY_BUILD_SCRUB_FALLOUT",
        "DisabledHelp": null,
        "EntityEvent": "ENTITY_EVENT_IRRIGATE",
        "Help": "TXT_KEY_BUILD_SCRUB_FALLOUT_HELP",
        "HotKey": "KB_S",
        "HotKeyAlt": null,
        "HotKeyPriority": 1,
        "HotKeyPriorityAlt": 0,
        "ID": 17,
        "IconAtlas": "UNIT_ACTION_ATLAS",
        "IconIndex": 59,
        "ImprovementType": null,
        "Kill": 0,
        "OrderPriority": 99,
        "PrereqTech": null,
        "Recommendation": "TXT_KEY_BUILD_SCRUB_FALLOUT_HELP",
        "RemoveRoute": 0,
        "Repair": 0,
        "RouteType": null,
        "ShiftDown": 0,
        "ShiftDownAlt": 0,
        "ShowInPedia": 1,
        "ShowInTechTree": 1,
        "Time": null,
        "Type": "BUILD_SCRUB_FALLOUT",
        "Water": 0
    },
    {
        "AltDown": 0,
        "AltDownAlt": 0,
        "CanBeEmbarked": 0,
        "Cost": 0,
        "CostIncreasePerImprovement": 0,
        "CtrlDown": 1,
        "CtrlDownAlt": 0,
        "Description": "TXT_KEY_REPAIR_IMPROVEMENT",
        "DisabledHelp": null,
        "EntityEvent": "ENTITY_EVENT_BUILD",
        "Help": "TXT_KEY_REPAIR_IMPROVEMENT_HELP",
        "HotKey": "KB_P",
        "HotKeyAlt": null,
        "HotKeyPriority": 0,
        "HotKeyPriorityAlt": 0,
        "ID": 18,
        "IconAtlas": "UNIT_ACTION_ATLAS",
        "IconIndex": 36,
        "ImprovementType": null,
        "Kill": 0,
        "OrderPriority": 99,
        "PrereqTech": null,
        "Recommendation": "TXT_KEY_REPAIR_IMPROVEMENT_REC",
        "RemoveRoute": 0,
        "Repair": 1,
        "RouteType": null,
        "ShiftDown": 0,
        "ShiftDownAlt": 0,
        "ShowInPedia": 1,
        "ShowInTechTree": 1,
        "Time": 300,
        "Type": "BUILD_REPAIR",
        "Water": 0
    },
    {
        "AltDown": 1,
        "AltDownAlt": 0,
        "CanBeEmbarked": 0,
        "Cost": 0,
        "CostIncreasePerImprovement": 0,
        "CtrlDown": 1,
        "CtrlDownAlt": 0,
        "Description": "TXT_KEY_REMOVE_ROUTE",
        "DisabledHelp": null,
        "EntityEvent": "ENTITY_EVENT_BUILD",
        "Help": "TXT_KEY_REMOVE_ROUTE_HELP",
        "HotKey": "KB_R",
        "HotKeyAlt": null,
        "HotKeyPriority": 0,
        "HotKeyPriorityAlt": 0,
        "ID": 19,
        "IconAtlas": "UNIT_ACTION_ATLAS",
        "IconIndex": 42,
        "ImprovementType": null,
        "Kill": 0,
        "OrderPriority": 0,
        "PrereqTech": null,
        "Recommendation": "TXT_KEY_REMOVE_ROUTE_REC",
        "RemoveRoute": 1,
        "Repair": 0,
        "RouteType": null,
        "ShiftDown": 0,
        "ShiftDownAlt": 0,
        "ShowInPedia": 1,
        "ShowInTechTree": 1,
        "Time": 200,
        "Type": "BUILD_REMOVE_ROUTE",
        "Water": 0
    },
    {
        "AltDown": 0,
        "AltDownAlt": 0,
        "CanBeEmbarked": 0,
        "Cost": 0,
        "CostIncreasePerImprovement": 0,
        "CtrlDown": 0,
        "CtrlDownAlt": 0,
        "Description": "TXT_KEY_BUILD_LANDMARK",
        "DisabledHelp": null,
        "EntityEvent": "ENTITY_EVENT_MINE",
        "Help": "TXT_KEY_BUILD_LANDMARK_HELP",
        "HotKey": "KB_L",
        "HotKeyAlt": null,
        "HotKeyPriority": 0,
        "HotKeyPriorityAlt": 0,
        "ID": 20,
        "IconAtlas": "UNIT_ACTION_ATLAS",
        "IconIndex": 54,
        "ImprovementType": "IMPROVEMENT_LANDMARK",
        "Kill": 1,
        "OrderPriority": 96,
        "PrereqTech": null,
        "Recommendation": null,
        "RemoveRoute": 0,
        "Repair": 0,
        "RouteType": null,
        "ShiftDown": 0,
        "ShiftDownAlt": 0,
        "ShowInPedia": 1,
        "ShowInTechTree": 1,
        "Time": null,
        "Type": "BUILD_LANDMARK",
        "Water": 0
    },
    {
        "AltDown": 0,
        "AltDownAlt": 0,
        "CanBeEmbarked": 0,
        "Cost": 0,
        "CostIncreasePerImprovement": 0,
        "CtrlDown": 0,
        "CtrlDownAlt": 0,
        "Description": "TXT_KEY_BUILD_ACADEMY",
        "DisabledHelp": null,
        "EntityEvent": "ENTITY_EVENT_MINE",
        "Help": "TXT_KEY_BUILD_CONSUMED_HELP",
        "HotKey": "KB_A",
        "HotKeyAlt": null,
        "HotKeyPriority": 0,
        "HotKeyPriorityAlt": 0,
        "ID": 21,
        "IconAtlas": "UNIT_ACTION_ATLAS",
        "IconIndex": 23,
        "ImprovementType": "IMPROVEMENT_ACADEMY",
        "Kill": 1,
        "OrderPriority": 96,
        "PrereqTech": null,
        "Recommendation": null,
        "RemoveRoute": 0,
        "Repair": 0,
        "RouteType": null,
        "ShiftDown": 0,
        "ShiftDownAlt": 0,
        "ShowInPedia": 1,
        "ShowInTechTree": 1,
        "Time": null,
        "Type": "BUILD_ACADEMY",
        "Water": 0
    },
    {
        "AltDown": 0,
        "AltDownAlt": 0,
        "CanBeEmbarked": 0,
        "Cost": 0,
        "CostIncreasePerImprovement": 0,
        "CtrlDown": 0,
        "CtrlDownAlt": 0,
        "Description": "TXT_KEY_BUILD_CUSTOMS_HOUSE",
        "DisabledHelp": null,
        "EntityEvent": "ENTITY_EVENT_MINE",
        "Help": "TXT_KEY_BUILD_CONSUMED_HELP",
        "HotKey": "KB_H",
        "HotKeyAlt": null,
        "HotKeyPriority": 0,
        "HotKeyPriorityAlt": 0,
        "ID": 22,
        "IconAtlas": "UNIT_ACTION_ATLAS",
        "IconIndex": 57,
        "ImprovementType": "IMPROVEMENT_CUSTOMS_HOUSE",
        "Kill": 1,
        "OrderPriority": 96,
        "PrereqTech": null,
        "Recommendation": null,
        "RemoveRoute": 0,
        "Repair": 0,
        "RouteType": null,
        "ShiftDown": 0,
        "ShiftDownAlt": 0,
        "ShowInPedia": 1,
        "ShowInTechTree": 1,
        "Time": null,
        "Type": "BUILD_CUSTOMS_HOUSE",
        "Water": 0
    },
    {
        "AltDown": 0,
        "AltDownAlt": 0,
        "CanBeEmbarked": 0,
        "Cost": 0,
        "CostIncreasePerImprovement": 0,
        "CtrlDown": 0,
        "CtrlDownAlt": 0,
        "Description": "TXT_KEY_BUILD_MANUFACTORY",
        "DisabledHelp": null,
        "EntityEvent": "ENTITY_EVENT_MINE",
        "Help": "TXT_KEY_BUILD_CONSUMED_HELP",
        "HotKey": "KB_M",
        "HotKeyAlt": null,
        "HotKeyPriority": 0,
        "HotKeyPriorityAlt": 0,
        "ID": 23,
        "IconAtlas": "UNIT_ACTION_ATLAS",
        "IconIndex": 56,
        "ImprovementType": "IMPROVEMENT_MANUFACTORY",
        "Kill": 1,
        "OrderPriority": 96,
        "PrereqTech": null,
        "Recommendation": null,
        "RemoveRoute": 0,
        "Repair": 0,
        "RouteType": null,
        "ShiftDown": 0,
        "ShiftDownAlt": 0,
        "ShowInPedia": 1,
        "ShowInTechTree": 1,
        "Time": null,
        "Type": "BUILD_MANUFACTORY",
        "Water": 0
    },
    {
        "AltDown": 0,
        "AltDownAlt": 0,
        "CanBeEmbarked": 0,
        "Cost": 0,
        "CostIncreasePerImprovement": 0,
        "CtrlDown": 1,
        "CtrlDownAlt": 0,
        "Description": "TXT_KEY_BUILD_CITADEL",
        "DisabledHelp": null,
        "EntityEvent": "ENTITY_EVENT_BUILD",
        "Help": "TXT_KEY_BUILD_CITADEL_HELP",
        "HotKey": "KB_C",
        "HotKeyAlt": null,
        "HotKeyPriority": 0,
        "HotKeyPriorityAlt": 0,
        "ID": 24,
        "IconAtlas": "UNIT_ACTION_ATLAS",
        "IconIndex": 51,
        "ImprovementType": "IMPROVEMENT_CITADEL",
        "Kill": 1,
        "OrderPriority": 96,
        "PrereqTech": null,
        "Recommendation": "TXT_KEY_BUILD_FORT_REC",
        "RemoveRoute": 0,
        "Repair": 0,
        "RouteType": null,
        "ShiftDown": 0,
        "ShiftDownAlt": 0,
        "ShowInPedia": 1,
        "ShowInTechTree": 1,
        "Time": null,
        "Type": "BUILD_CITADEL",
        "Water": 0
    },
    {
        "AltDown": 0,
        "AltDownAlt": 0,
        "CanBeEmbarked": 0,
        "Cost": 0,
        "CostIncreasePerImprovement": 0,
        "CtrlDown": 0,
        "CtrlDownAlt": 0,
        "Description": "TXT_KEY_BUILD_TERRACE_FARM",
        "DisabledHelp": null,
        "EntityEvent": "ENTITY_EVENT_IRRIGATE",
        "Help": null,
        "HotKey": "KB_E",
        "HotKeyAlt": null,
        "HotKeyPriority": 0,
        "HotKeyPriorityAlt": 0,
        "ID": 25,
        "IconAtlas": "UNIT_ACTION_DLC02_ATLAS",
        "IconIndex": 0,
        "ImprovementType": "IMPROVEMENT_TERRACE_FARM",
        "Kill": 0,
        "OrderPriority": 97,
        "PrereqTech": "TECH_CONSTRUCTION",
        "Recommendation": "TXT_KEY_BUILD_FOOD_REC",
        "RemoveRoute": 0,
        "Repair": 0,
        "RouteType": null,
        "ShiftDown": 0,
        "ShiftDownAlt": 0,
        "ShowInPedia": 1,
        "ShowInTechTree": 1,
        "Time": 700,
        "Type": "BUILD_TERRACE_FARM",
        "Water": 0
    },
    {
        "AltDown": 0,
        "AltDownAlt": 0,
        "CanBeEmbarked": 0,
        "Cost": 0,
        "CostIncreasePerImprovement": 0,
        "CtrlDown": 0,
        "CtrlDownAlt": 0,
        "Description": "TXT_KEY_BUILD_MOAI",
        "DisabledHelp": null,
        "EntityEvent": "ENTITY_EVENT_BUILD",
        "Help": "TXT_KEY_BUILD_MOAI_HELP",
        "HotKey": "KB_O",
        "HotKeyAlt": null,
        "HotKeyPriority": 0,
        "HotKeyPriorityAlt": 0,
        "ID": 26,
        "IconAtlas": "UNIT_ACTION_DLC03_ATLAS",
        "IconIndex": 0,
        "ImprovementType": "IMPROVEMENT_MOAI",
        "Kill": 0,
        "OrderPriority": 97,
        "PrereqTech": "TECH_CONSTRUCTION",
        "Recommendation": "TXT_KEY_BUILD_MOAI_REC",
        "RemoveRoute": 0,
        "Repair": 0,
        "RouteType": null,
        "ShiftDown": 0,
        "ShiftDownAlt": 0,
        "ShowInPedia": 1,
        "ShowInTechTree": 1,
        "Time": 700,
        "Type": "BUILD_MOAI",
        "Water": 0
    },
    {
        "AltDown": 0,
        "AltDownAlt": 0,
        "CanBeEmbarked": 0,
        "Cost": 0,
        "CostIncreasePerImprovement": 0,
        "CtrlDown": 0,
        "CtrlDownAlt": 0,
        "Description": "TXT_KEY_BUILD_HOLY_SITE",
        "DisabledHelp": null,
        "EntityEvent": "ENTITY_EVENT_MINE",
        "Help": "TXT_KEY_BUILD_HOLY_SITE_HELP",
        "HotKey": "KB_L",
        "HotKeyAlt": null,
        "HotKeyPriority": 0,
        "HotKeyPriorityAlt": 0,
        "ID": 27,
        "IconAtlas": "EXPANSION_UNIT_ACTION_ATLAS",
        "IconIndex": 1,
        "ImprovementType": "IMPROVEMENT_HOLY_SITE",
        "Kill": 1,
        "OrderPriority": 96,
        "PrereqTech": null,
        "Recommendation": null,
        "RemoveRoute": 0,
        "Repair": 0,
        "RouteType": null,
        "ShiftDown": 0,
        "ShiftDownAlt": 0,
        "ShowInPedia": 1,
        "ShowInTechTree": 1,
        "Time": null,
        "Type": "BUILD_HOLY_SITE",
        "Water": 0
    },
    {
        "AltDown": 0,
        "AltDownAlt": 0,
        "CanBeEmbarked": 0,
        "Cost": 0,
        "CostIncreasePerImprovement": 0,
        "CtrlDown": 0,
        "CtrlDownAlt": 0,
        "Description": "TXT_KEY_BUILD_POLDER",
        "DisabledHelp": null,
        "EntityEvent": "ENTITY_EVENT_IRRIGATE",
        "Help": null,
        "HotKey": "KB_E",
        "HotKeyAlt": null,
        "HotKeyPriority": 0,
        "HotKeyPriorityAlt": 0,
        "ID": 28,
        "IconAtlas": "EXPANSION_UNIT_ACTION_ATLAS",
        "IconIndex": 0,
        "ImprovementType": "IMPROVEMENT_POLDER",
        "Kill": 0,
        "OrderPriority": 97,
        "PrereqTech": "TECH_GUILDS",
        "Recommendation": "TXT_KEY_BUILD_FOOD_REC",
        "RemoveRoute": 0,
        "Repair": 0,
        "RouteType": null,
        "ShiftDown": 0,
        "ShiftDownAlt": 0,
        "ShowInPedia": 1,
        "ShowInTechTree": 1,
        "Time": 700,
        "Type": "BUILD_POLDER",
        "Water": 0
    },
    {
        "AltDown": 0,
        "AltDownAlt": 0,
        "CanBeEmbarked": 0,
        "Cost": 0,
        "CostIncreasePerImprovement": 0,
        "CtrlDown": 1,
        "CtrlDownAlt": 0,
        "Description": "TXT_KEY_BUILD_ARCHAEOLOGY_DIG",
        "DisabledHelp": null,
        "EntityEvent": "ENTITY_EVENT_MINE",
        "Help": "TXT_KEY_BUILD_ARCHAEOLOGY_DIG_HELP",
        "HotKey": "KB_A",
        "HotKeyAlt": null,
        "HotKeyPriority": 0,
        "HotKeyPriorityAlt": 0,
        "ID": 29,
        "IconAtlas": "UNIT_ACTION_ATLAS_ARCHAEOLOGY",
        "IconIndex": 0,
        "ImprovementType": "IMPROVEMENT_ARCHAEOLOGICAL_DIG",
        "Kill": 0,
        "OrderPriority": 96,
        "PrereqTech": "TECH_ARCHAEOLOGY",
        "Recommendation": "TXT_KEY_BUILD_ARCHAEOLOGY_DIG_REC",
        "RemoveRoute": 0,
        "Repair": 0,
        "RouteType": null,
        "ShiftDown": 0,
        "ShiftDownAlt": 0,
        "ShowInPedia": 1,
        "ShowInTechTree": 1,
        "Time": 600,
        "Type": "BUILD_ARCHAEOLOGY_DIG",
        "Water": 0
    },
    {
        "AltDown": 0,
        "AltDownAlt": 0,
        "CanBeEmbarked": 0,
        "Cost": 0,
        "CostIncreasePerImprovement": 0,
        "CtrlDown": 0,
        "CtrlDownAlt": 0,
        "Description": "TXT_KEY_BUILD_BRAZILWOOD_CAMP",
        "DisabledHelp": null,
        "EntityEvent": "ENTITY_EVENT_BUILD",
        "Help": "TXT_KEY_BUILD_BRAZILWOOD_CAMP_HELP",
        "HotKey": "KB_B",
        "HotKeyAlt": null,
        "HotKeyPriority": 0,
        "HotKeyPriorityAlt": 0,
        "ID": 30,
        "IconAtlas": "UNIT_ACTION_ATLAS_EXP2",
        "IconIndex": 1,
        "ImprovementType": "IMPROVEMENT_BRAZILWOOD_CAMP",
        "Kill": 0,
        "OrderPriority": 98,
        "PrereqTech": "TECH_MACHINERY",
        "Recommendation": "TXT_KEY_BUILD_BRAZILWOOD_CAMP_REC",
        "RemoveRoute": 0,
        "Repair": 0,
        "RouteType": null,
        "ShiftDown": 0,
        "ShiftDownAlt": 0,
        "ShowInPedia": 1,
        "ShowInTechTree": 1,
        "Time": 700,
        "Type": "BUILD_BRAZILWOOD_CAMP",
        "Water": 0
    },
    {
        "AltDown": 0,
        "AltDownAlt": 0,
        "CanBeEmbarked": 0,
        "Cost": 0,
        "CostIncreasePerImprovement": 0,
        "CtrlDown": 0,
        "CtrlDownAlt": 0,
        "Description": "TXT_KEY_BUILD_KASBAH",
        "DisabledHelp": null,
        "EntityEvent": "ENTITY_EVENT_BUILD",
        "Help": "TXT_KEY_BUILD_KASBAH_HELP",
        "HotKey": "KB_K",
        "HotKeyAlt": null,
        "HotKeyPriority": 0,
        "HotKeyPriorityAlt": 0,
        "ID": 31,
        "IconAtlas": "UNIT_ACTION_ATLAS_EXP2",
        "IconIndex": 0,
        "ImprovementType": "IMPROVEMENT_KASBAH",
        "Kill": 0,
        "OrderPriority": 98,
        "PrereqTech": "TECH_CHIVALRY",
        "Recommendation": "TXT_KEY_BUILD_KASBAH_REC",
        "RemoveRoute": 0,
        "Repair": 0,
        "RouteType": null,
        "ShiftDown": 0,
        "ShiftDownAlt": 0,
        "ShowInPedia": 1,
        "ShowInTechTree": 1,
        "Time": 800,
        "Type": "BUILD_KASBAH",
        "Water": 0
    },
    {
        "AltDown": 0,
        "AltDownAlt": 0,
        "CanBeEmbarked": 0,
        "Cost": 0,
        "CostIncreasePerImprovement": 0,
        "CtrlDown": 0,
        "CtrlDownAlt": 0,
        "Description": "TXT_KEY_BUILD_FEITORIA",
        "DisabledHelp": null,
        "EntityEvent": "ENTITY_EVENT_BUILD",
        "Help": "TXT_KEY_BUILD_FEITORIA_HELP",
        "HotKey": "KB_Z",
        "HotKeyAlt": null,
        "HotKeyPriority": 0,
        "HotKeyPriorityAlt": 0,
        "ID": 32,
        "IconAtlas": "UNIT_ACTION_ATLAS_EXP2",
        "IconIndex": 2,
        "ImprovementType": "IMPROVEMENT_FEITORIA",
        "Kill": 0,
        "OrderPriority": 98,
        "PrereqTech": "TECH_NAVIGATION",
        "Recommendation": "TXT_KEY_BUILD_FEITORIA_REC",
        "RemoveRoute": 0,
        "Repair": 0,
        "RouteType": null,
        "ShiftDown": 0,
        "ShiftDownAlt": 0,
        "ShowInPedia": 1,
        "ShowInTechTree": 1,
        "Time": 800,
        "Type": "BUILD_FEITORIA",
        "Water": 0
    },
    {
        "AltDown": 0,
        "AltDownAlt": 0,
        "CanBeEmbarked": 0,
        "Cost": 0,
        "CostIncreasePerImprovement": 0,
        "CtrlDown": 0,
        "CtrlDownAlt": 0,
        "Description": "TXT_KEY_BUILD_CHATEAU",
        "DisabledHelp": null,
        "EntityEvent": "ENTITY_EVENT_BUILD",
        "Help": "TXT_KEY_BUILD_CHATEAU_HELP",
        "HotKey": "KB_Z",
        "HotKeyAlt": null,
        "HotKeyPriority": 0,
        "HotKeyPriorityAlt": 0,
        "ID": 33,
        "IconAtlas": "UNIT_ACTION_ATLAS_EXP2",
        "IconIndex": 3,
        "ImprovementType": "IMPROVEMENT_CHATEAU",
        "Kill": 0,
        "OrderPriority": 98,
        "PrereqTech": "TECH_CHIVALRY",
        "Recommendation": "TXT_KEY_BUILD_CHATEAU_REC",
        "RemoveRoute": 0,
        "Repair": 0,
        "RouteType": null,
        "ShiftDown": 0,
        "ShiftDownAlt": 0,
        "ShowInPedia": 1,
        "ShowInTechTree": 1,
        "Time": 800,
        "Type": "BUILD_CHATEAU",
        "Water": 0
    },
    {
        "AltDown": 0,
        "AltDownAlt": 0,
        "CanBeEmbarked": 0,
        "Cost": 0,
        "CostIncreasePerImprovement": 0,
        "CtrlDown": 0,
        "CtrlDownAlt": 0,
        "Description": "TXT_KEY_BUILD_FISHING_BOATS",
        "DisabledHelp": null,
        "EntityEvent": "ENTITY_EVENT_BUILD",
        "Help": null,
        "HotKey": "KB_F",
        "HotKeyAlt": null,
        "HotKeyPriority": 1,
        "HotKeyPriorityAlt": 0,
        "ID": 34,
        "IconAtlas": "UNIT_ACTION_ATLAS",
        "IconIndex": 35,
        "ImprovementType": "IMPROVEMENT_FISHING_BOATS",
        "Kill": 0,
        "OrderPriority": 98,
        "PrereqTech": "TECH_SAILING",
        "Recommendation": null,
        "RemoveRoute": 0,
        "Repair": 0,
        "RouteType": null,
        "ShiftDown": 0,
        "ShiftDownAlt": 0,
        "ShowInPedia": 0,
        "ShowInTechTree": 0,
        "Time": null,
        "Type": "BUILD_FISHING_BOATS_NO_KILL",
        "Water": 1
    }
]