[
    {
        "CivilizationType": "CIVILIZATION_EGYPT",
        "RegionType": "REGION_JUNGLE"
    },
    {
        "CivilizationType": "CIVILIZATION_EGYPT",
        "RegionType": "REGION_FOREST"
    },
    {
        "CivilizationType": "CIVILIZATION_SIAM",
        "RegionType": "REGION_FOREST"
    },
    {
        "CivilizationType": "CIVILIZATION_SONGHAI",
        "RegionType": "REGION_TUNDRA"
    },
    {
        "CivilizationType": "CIVILIZATION_ASSYRIA",
        "RegionType": "REGION_TUNDRA"
    },
    {
        "CivilizationType": "CIVILIZATION_BABYLON",
        "RegionType": "REGION_TUNDRA"
    },
    {
        "CivilizationType": "CIVILIZATION_HUNS",
        "RegionType": "REGION_FOREST"
    },
    {
        "CivilizationType": "CIVILIZATION_HUNS",
        "RegionType": "REGION_JUNGLE"
    },
    {
        "CivilizationType": "CIVILIZATION_ZULU",
        "RegionType": "REGION_JUNGLE"
    }
]