[
    {
        "CivilizationType": "CIVILIZATION_AMERICA",
        "Count": 1,
        "UnitAIType": "UNITAI_SETTLE",
        "UnitClassType": "UNITCLASS_SETTLER"
    },
    {
        "CivilizationType": "CIVILIZATION_ARABIA",
        "Count": 1,
        "UnitAIType": "UNITAI_SETTLE",
        "UnitClassType": "UNITCLASS_SETTLER"
    },
    {
        "CivilizationType": "CIVILIZATION_AZTEC",
        "Count": 1,
        "UnitAIType": "UNITAI_SETTLE",
        "UnitClassType": "UNITCLASS_SETTLER"
    },
    {
        "CivilizationType": "CIVILIZATION_CHINA",
        "Count": 1,
        "UnitAIType": "UNITAI_SETTLE",
        "UnitClassType": "UNITCLASS_SETTLER"
    },
    {
        "CivilizationType": "CIVILIZATION_EGYPT",
        "Count": 1,
        "UnitAIType": "UNITAI_SETTLE",
        "UnitClassType": "UNITCLASS_SETTLER"
    },
    {
        "CivilizationType": "CIVILIZATION_ENGLAND",
        "Count": 1,
        "UnitAIType": "UNITAI_SETTLE",
        "UnitClassType": "UNITCLASS_SETTLER"
    },
    {
        "CivilizationType": "CIVILIZATION_FRANCE",
        "Count": 1,
        "UnitAIType": "UNITAI_SETTLE",
        "UnitClassType": "UNITCLASS_SETTLER"
    },
    {
        "CivilizationType": "CIVILIZATION_GERMANY",
        "Count": 1,
        "UnitAIType": "UNITAI_SETTLE",
        "UnitClassType": "UNITCLASS_SETTLER"
    },
    {
        "CivilizationType": "CIVILIZATION_GREECE",
        "Count": 1,
        "UnitAIType": "UNITAI_SETTLE",
        "UnitClassType": "UNITCLASS_SETTLER"
    },
    {
        "CivilizationType": "CIVILIZATION_INDIA",
        "Count": 1,
        "UnitAIType": "UNITAI_SETTLE",
        "UnitClassType": "UNITCLASS_SETTLER"
    },
    {
        "CivilizationType": "CIVILIZATION_IROQUOIS",
        "Count": 1,
        "UnitAIType": "UNITAI_SETTLE",
        "UnitClassType": "UNITCLASS_SETTLER"
    },
    {
        "CivilizationType": "CIVILIZATION_JAPAN",
        "Count": 1,
        "UnitAIType": "UNITAI_SETTLE",
        "UnitClassType": "UNITCLASS_SETTLER"
    },
    {
        "CivilizationType": "CIVILIZATION_OTTOMAN",
        "Count": 1,
        "UnitAIType": "UNITAI_SETTLE",
        "UnitClassType": "UNITCLASS_SETTLER"
    },
    {
        "CivilizationType": "CIVILIZATION_PERSIA",
        "Count": 1,
        "UnitAIType": "UNITAI_SETTLE",
        "UnitClassType": "UNITCLASS_SETTLER"
    },
    {
        "CivilizationType": "CIVILIZATION_ROME",
        "Count": 1,
        "UnitAIType": "UNITAI_SETTLE",
        "UnitClassType": "UNITCLASS_SETTLER"
    },
    {
        "CivilizationType": "CIVILIZATION_RUSSIA",
        "Count": 1,
        "UnitAIType": "UNITAI_SETTLE",
        "UnitClassType": "UNITCLASS_SETTLER"
    },
    {
        "CivilizationType": "CIVILIZATION_SIAM",
        "Count": 1,
        "UnitAIType": "UNITAI_SETTLE",
        "UnitClassType": "UNITCLASS_SETTLER"
    },
    {
        "CivilizationType": "CIVILIZATION_SONGHAI",
        "Count": 1,
        "UnitAIType": "UNITAI_SETTLE",
        "UnitClassType": "UNITCLASS_SETTLER"
    },
    {
        "CivilizationType": "CIVILIZATION_MINOR",
        "Count": 1,
        "UnitAIType": "UNITAI_SETTLE",
        "UnitClassType": "UNITCLASS_SETTLER"
    },
    {
        "CivilizationType": "CIVILIZATION_MONGOL",
        "Count": 1,
        "UnitAIType": "UNITAI_SETTLE",
        "UnitClassType": "UNITCLASS_SETTLER"
    },
    {
        "CivilizationType": "CIVILIZATION_INCA",
        "Count": 1,
        "UnitAIType": "UNITAI_SETTLE",
        "UnitClassType": "UNITCLASS_SETTLER"
    },
    {
        "CivilizationType": "CIVILIZATION_POLYNESIA",
        "Count": 1,
        "UnitAIType": "UNITAI_SETTLE",
        "UnitClassType": "UNITCLASS_SETTLER"
    },
    {
        "CivilizationType": "CIVILIZATION_DENMARK",
        "Count": 1,
        "UnitAIType": "UNITAI_SETTLE",
        "UnitClassType": "UNITCLASS_SETTLER"
    },
    {
        "CivilizationType": "CIVILIZATION_KOREA",
        "Count": 1,
        "UnitAIType": "UNITAI_SETTLE",
        "UnitClassType": "UNITCLASS_SETTLER"
    },
    {
        "CivilizationType": "CIVILIZATION_BABYLON",
        "Count": 1,
        "UnitAIType": "UNITAI_SETTLE",
        "UnitClassType": "UNITCLASS_SETTLER"
    },
    {
        "CivilizationType": "CIVILIZATION_AUSTRIA",
        "Count": 1,
        "UnitAIType": "UNITAI_SETTLE",
        "UnitClassType": "UNITCLASS_SETTLER"
    },
    {
        "CivilizationType": "CIVILIZATION_BYZANTIUM",
        "Count": 1,
        "UnitAIType": "UNITAI_SETTLE",
        "UnitClassType": "UNITCLASS_SETTLER"
    },
    {
        "CivilizationType": "CIVILIZATION_CARTHAGE",
        "Count": 1,
        "UnitAIType": "UNITAI_SETTLE",
        "UnitClassType": "UNITCLASS_SETTLER"
    },
    {
        "CivilizationType": "CIVILIZATION_CELTS",
        "Count": 1,
        "UnitAIType": "UNITAI_SETTLE",
        "UnitClassType": "UNITCLASS_SETTLER"
    },
    {
        "CivilizationType": "CIVILIZATION_HUNS",
        "Count": 1,
        "UnitAIType": "UNITAI_SETTLE",
        "UnitClassType": "UNITCLASS_SETTLER"
    },
    {
        "CivilizationType": "CIVILIZATION_MAYA",
        "Count": 1,
        "UnitAIType": "UNITAI_SETTLE",
        "UnitClassType": "UNITCLASS_SETTLER"
    },
    {
        "CivilizationType": "CIVILIZATION_NETHERLANDS",
        "Count": 1,
        "UnitAIType": "UNITAI_SETTLE",
        "UnitClassType": "UNITCLASS_SETTLER"
    },
    {
        "CivilizationType": "CIVILIZATION_SWEDEN",
        "Count": 1,
        "UnitAIType": "UNITAI_SETTLE",
        "UnitClassType": "UNITCLASS_SETTLER"
    },
    {
        "CivilizationType": "CIVILIZATION_SPAIN",
        "Count": 1,
        "UnitAIType": "UNITAI_SETTLE",
        "UnitClassType": "UNITCLASS_SETTLER"
    },
    {
        "CivilizationType": "CIVILIZATION_ETHIOPIA",
        "Count": 1,
        "UnitAIType": "UNITAI_SETTLE",
        "UnitClassType": "UNITCLASS_SETTLER"
    },
    {
        "CivilizationType": "CIVILIZATION_ASSYRIA",
        "Count": 1,
        "UnitAIType": "UNITAI_SETTLE",
        "UnitClassType": "UNITCLASS_SETTLER"
    },
    {
        "CivilizationType": "CIVILIZATION_BRAZIL",
        "Count": 1,
        "UnitAIType": "UNITAI_SETTLE",
        "UnitClassType": "UNITCLASS_SETTLER"
    },
    {
        "CivilizationType": "CIVILIZATION_INDONESIA",
        "Count": 1,
        "UnitAIType": "UNITAI_SETTLE",
        "UnitClassType": "UNITCLASS_SETTLER"
    },
    {
        "CivilizationType": "CIVILIZATION_MOROCCO",
        "Count": 1,
        "UnitAIType": "UNITAI_SETTLE",
        "UnitClassType": "UNITCLASS_SETTLER"
    },
    {
        "CivilizationType": "CIVILIZATION_POLAND",
        "Count": 1,
        "UnitAIType": "UNITAI_SETTLE",
        "UnitClassType": "UNITCLASS_SETTLER"
    },
    {
        "CivilizationType": "CIVILIZATION_PORTUGAL",
        "Count": 1,
        "UnitAIType": "UNITAI_SETTLE",
        "UnitClassType": "UNITCLASS_SETTLER"
    },
    {
        "CivilizationType": "CIVILIZATION_SHOSHONE",
        "Count": 1,
        "UnitAIType": "UNITAI_SETTLE",
        "UnitClassType": "UNITCLASS_SETTLER"
    },
    {
        "CivilizationType": "CIVILIZATION_VENICE",
        "Count": 1,
        "UnitAIType": "UNITAI_SETTLE",
        "UnitClassType": "UNITCLASS_SETTLER"
    },
    {
        "CivilizationType": "CIVILIZATION_ZULU",
        "Count": 1,
        "UnitAIType": "UNITAI_SETTLE",
        "UnitClassType": "UNITCLASS_SETTLER"
    }
]