[
    {
        "AIPlayable": 1,
        "Adjective": "TXT_KEY_CIV_AMERICA_ADJECTIVE",
        "AlphaIconAtlas": "CIV_ALPHA_ATLAS",
        "ArtDefineTag": "ART_DEF_CIVILIZATION_AMERICA",
        "ArtStylePrefix": "EUROPEAN",
        "ArtStyleSuffix": "_EURO",
        "ArtStyleType": "ARTSTYLE_EUROPEAN",
        "Civilopedia": null,
        "CivilopediaTag": "TXT_KEY_CIV5_UNITEDSTATES",
        "DawnOfManAudio": "AS2D_DOM_SPEECH_UNITED_STATES",
        "DawnOfManImage": "DOM_Washington.dds",
        "DawnOfManQuote": "TXT_KEY_CIV5_DAWN_UNITEDSTATES_TEXT",
        "DefaultPlayerColor": "PLAYERCOLOR_AMERICA",
        "DerivativeCiv": null,
        "Description": "TXT_KEY_CIV_AMERICA_DESC",
        "ID": 0,
        "IconAtlas": "CIV_COLOR_ATLAS",
        "MapImage": "MapAmerica512.dds",
        "PackageID": null,
        "Playable": 1,
        "PortraitIndex": 0,
        "ShortDescription": "TXT_KEY_CIV_AMERICA_SHORT_DESC",
        "SoundtrackTag": null,
        "Strategy": null,
        "Type": "CIVILIZATION_AMERICA"
    },
    {
        "AIPlayable": 1,
        "Adjective": "TXT_KEY_CIV_ARABIA_ADJECTIVE",
        "AlphaIconAtlas": "CIV_ALPHA_ATLAS",
        "ArtDefineTag": "ART_DEF_CIVILIZATION_ARABIA",
        "ArtStylePrefix": "AFRICAN",
        "ArtStyleSuffix": "_AFRI",
        "ArtStyleType": "ARTSTYLE_MIDDLE_EAST",
        "Civilopedia": null,
        "CivilopediaTag": "TXT_KEY_CIV5_ARABIA",
        "DawnOfManAudio": "AS2D_DOM_SPEECH_ARABIA",
        "DawnOfManImage": "DOM_AlRashid.dds",
        "DawnOfManQuote": "TXT_KEY_CIV5_DAWN_ARABIA_TEXT",
        "DefaultPlayerColor": "PLAYERCOLOR_ARABIA",
        "DerivativeCiv": null,
        "Description": "TXT_KEY_CIV_ARABIA_DESC",
        "ID": 1,
        "IconAtlas": "CIV_COLOR_ATLAS",
        "MapImage": "MapAbbasid512.dds",
        "PackageID": null,
        "Playable": 1,
        "PortraitIndex": 1,
        "ShortDescription": "TXT_KEY_CIV_ARABIA_SHORT_DESC",
        "SoundtrackTag": null,
        "Strategy": null,
        "Type": "CIVILIZATION_ARABIA"
    },
    {
        "AIPlayable": 1,
        "Adjective": "TXT_KEY_CIV_AZTEC_ADJECTIVE",
        "AlphaIconAtlas": "CIV_ALPHA_ATLAS",
        "ArtDefineTag": "ART_DEF_CIVILIZATION_AZTEC",
        "ArtStylePrefix": "AMERICAN",
        "ArtStyleSuffix": "_AMER",
        "ArtStyleType": "ARTSTYLE_SOUTH_AMERICA",
        "Civilopedia": null,
        "CivilopediaTag": "TXT_KEY_CIV5_AZTECS",
        "DawnOfManAudio": "AS2D_DOM_SPEECH_AZTEC",
        "DawnOfManImage": "DOM_Monty.dds",
        "DawnOfManQuote": "TXT_KEY_CIV5_DAWN_AZTECS_TEXT",
        "DefaultPlayerColor": "PLAYERCOLOR_AZTEC",
        "DerivativeCiv": null,
        "Description": "TXT_KEY_CIV_AZTEC_DESC",
        "ID": 2,
        "IconAtlas": "CIV_COLOR_ATLAS",
        "MapImage": "MapAztec512.dds",
        "PackageID": null,
        "Playable": 1,
        "PortraitIndex": 2,
        "ShortDescription": "TXT_KEY_CIV_AZTEC_SHORT_DESC",
        "SoundtrackTag": null,
        "Strategy": null,
        "Type": "CIVILIZATION_AZTEC"
    },
    {
        "AIPlayable": 1,
        "Adjective": "TXT_KEY_CIV_CHINA_ADJECTIVE",
        "AlphaIconAtlas": "CIV_ALPHA_ATLAS",
        "ArtDefineTag": "ART_DEF_CIVILIZATION_CHINA",
        "ArtStylePrefix": "ASIAN",
        "ArtStyleSuffix": "_ASIA",
        "ArtStyleType": "ARTSTYLE_ASIAN",
        "Civilopedia": null,
        "CivilopediaTag": "TXT_KEY_CIV5_CHINA",
        "DawnOfManAudio": "AS2D_DOM_SPEECH_CHINA",
        "DawnOfManImage": "DOM_Wu.dds",
        "DawnOfManQuote": "TXT_KEY_CIV5_DAWN_CHINA_TEXT",
        "DefaultPlayerColor": "PLAYERCOLOR_CHINA",
        "DerivativeCiv": null,
        "Description": "TXT_KEY_CIV_CHINA_DESC",
        "ID": 3,
        "IconAtlas": "CIV_COLOR_ATLAS",
        "MapImage": "MapChina512.dds",
        "PackageID": null,
        "Playable": 1,
        "PortraitIndex": 4,
        "ShortDescription": "TXT_KEY_CIV_CHINA_SHORT_DESC",
        "SoundtrackTag": null,
        "Strategy": null,
        "Type": "CIVILIZATION_CHINA"
    },
    {
        "AIPlayable": 1,
        "Adjective": "TXT_KEY_CIV_EGYPT_ADJECTIVE",
        "AlphaIconAtlas": "CIV_ALPHA_ATLAS",
        "ArtDefineTag": "ART_DEF_CIVILIZATION_EGYPT",
        "ArtStylePrefix": "AFRICAN",
        "ArtStyleSuffix": "_AFRI",
        "ArtStyleType": "ARTSTYLE_MIDDLE_EAST",
        "Civilopedia": null,
        "CivilopediaTag": "TXT_KEY_CIV5_EGYPT",
        "DawnOfManAudio": "AS2D_DOM_SPEECH_EGYPT",
        "DawnOfManImage": "DOM_Ramesess.dds",
        "DawnOfManQuote": "TXT_KEY_CIV5_DAWN_EGYPT_TEXT",
        "DefaultPlayerColor": "PLAYERCOLOR_EGYPT",
        "DerivativeCiv": null,
        "Description": "TXT_KEY_CIV_EGYPT_DESC",
        "ID": 4,
        "IconAtlas": "CIV_COLOR_ATLAS",
        "MapImage": "MapEgypt512.dds",
        "PackageID": null,
        "Playable": 1,
        "PortraitIndex": 5,
        "ShortDescription": "TXT_KEY_CIV_EGYPT_SHORT_DESC",
        "SoundtrackTag": null,
        "Strategy": null,
        "Type": "CIVILIZATION_EGYPT"
    },
    {
        "AIPlayable": 1,
        "Adjective": "TXT_KEY_CIV_ENGLAND_ADJECTIVE",
        "AlphaIconAtlas": "CIV_ALPHA_ATLAS",
        "ArtDefineTag": "ART_DEF_CIVILIZATION_ENGLAND",
        "ArtStylePrefix": "EUROPEAN",
        "ArtStyleSuffix": "_EURO",
        "ArtStyleType": "ARTSTYLE_EUROPEAN",
        "Civilopedia": null,
        "CivilopediaTag": "TXT_KEY_CIV5_ENGLAND",
        "DawnOfManAudio": "AS2D_DOM_SPEECH_ENGLAND",
        "DawnOfManImage": "DOM_Elizabeth.dds",
        "DawnOfManQuote": "TXT_KEY_CIV5_DAWN_ENGLAND_TEXT",
        "DefaultPlayerColor": "PLAYERCOLOR_ENGLAND",
        "DerivativeCiv": null,
        "Description": "TXT_KEY_CIV_ENGLAND_DESC",
        "ID": 5,
        "IconAtlas": "CIV_COLOR_ATLAS",
        "MapImage": "MapEngland512.dds",
        "PackageID": null,
        "Playable": 1,
        "PortraitIndex": 6,
        "ShortDescription": "TXT_KEY_CIV_ENGLAND_SHORT_DESC",
        "SoundtrackTag": null,
        "Strategy": null,
        "Type": "CIVILIZATION_ENGLAND"
    },
    {
        "AIPlayable": 1,
        "Adjective": "TXT_KEY_CIV_FRANCE_ADJECTIVE",
        "AlphaIconAtlas": "CIV_ALPHA_ATLAS",
        "ArtDefineTag": "ART_DEF_CIVILIZATION_FRANCE",
        "ArtStylePrefix": "EUROPEAN",
        "ArtStyleSuffix": "_EURO",
        "ArtStyleType": "ARTSTYLE_EUROPEAN",
        "Civilopedia": null,
        "CivilopediaTag": "TXT_KEY_CIV5_FRANCE",
        "DawnOfManAudio": "AS2D_DOM_SPEECH_FRANCE",
        "DawnOfManImage": "DOM_Napoleon.dds",
        "DawnOfManQuote": "TXT_KEY_CIV5_DAWN_FRANCE_TEXT",
        "DefaultPlayerColor": "PLAYERCOLOR_FRANCE",
        "DerivativeCiv": null,
        "Description": "TXT_KEY_CIV_FRANCE_DESC",
        "ID": 6,
        "IconAtlas": "CIV_COLOR_ATLAS",
        "MapImage": "MapFrance512.dds",
        "PackageID": null,
        "Playable": 1,
        "PortraitIndex": 7,
        "ShortDescription": "TXT_KEY_CIV_FRANCE_SHORT_DESC",
        "SoundtrackTag": null,
        "Strategy": null,
        "Type": "CIVILIZATION_FRANCE"
    },
    {
        "AIPlayable": 1,
        "Adjective": "TXT_KEY_CIV_GERMANY_ADJECTIVE",
        "AlphaIconAtlas": "CIV_ALPHA_ATLAS",
        "ArtDefineTag": "ART_DEF_CIVILIZATION_GERMANY",
        "ArtStylePrefix": "EUROPEAN",
        "ArtStyleSuffix": "_EURO",
        "ArtStyleType": "ARTSTYLE_EUROPEAN",
        "Civilopedia": null,
        "CivilopediaTag": "TXT_KEY_CIV5_GERMANY",
        "DawnOfManAudio": "AS2D_DOM_SPEECH_GERMANY",
        "DawnOfManImage": "DOM_Bizmark.dds",
        "DawnOfManQuote": "TXT_KEY_CIV5_DAWN_GERMANY_TEXT",
        "DefaultPlayerColor": "PLAYERCOLOR_GERMANY",
        "DerivativeCiv": null,
        "Description": "TXT_KEY_CIV_GERMANY_DESC",
        "ID": 7,
        "IconAtlas": "CIV_COLOR_ATLAS",
        "MapImage": "MapGermany512.dds",
        "PackageID": null,
        "Playable": 1,
        "PortraitIndex": 8,
        "ShortDescription": "TXT_KEY_CIV_GERMANY_SHORT_DESC",
        "SoundtrackTag": null,
        "Strategy": null,
        "Type": "CIVILIZATION_GERMANY"
    },
    {
        "AIPlayable": 1,
        "Adjective": "TXT_KEY_CIV_GREECE_ADJECTIVE",
        "AlphaIconAtlas": "CIV_ALPHA_ATLAS",
        "ArtDefineTag": "ART_DEF_CIVILIZATION_GREECE",
        "ArtStylePrefix": "MEDITERRANEAN",
        "ArtStyleSuffix": "_MED",
        "ArtStyleType": "ARTSTYLE_GRECO_ROMAN",
        "Civilopedia": null,
        "CivilopediaTag": "TXT_KEY_CIV5_GREECE",
        "DawnOfManAudio": "AS2D_DOM_SPEECH_GREECE",
        "DawnOfManImage": "DOM_Alex.dds",
        "DawnOfManQuote": "TXT_KEY_CIV5_DAWN_GREECE_TEXT",
        "DefaultPlayerColor": "PLAYERCOLOR_GREECE",
        "DerivativeCiv": null,
        "Description": "TXT_KEY_CIV_GREECE_DESC",
        "ID": 8,
        "IconAtlas": "CIV_COLOR_ATLAS",
        "MapImage": "MapMacedonia512.dds",
        "PackageID": null,
        "Playable": 1,
        "PortraitIndex": 9,
        "ShortDescription": "TXT_KEY_CIV_GREECE_SHORT_DESC",
        "SoundtrackTag": null,
        "Strategy": null,
        "Type": "CIVILIZATION_GREECE"
    },
    {
        "AIPlayable": 1,
        "Adjective": "TXT_KEY_CIV_INDIA_ADJECTIVE",
        "AlphaIconAtlas": "CIV_ALPHA_ATLAS",
        "ArtDefineTag": "ART_DEF_CIVILIZATION_INDIA",
        "ArtStylePrefix": "ASIAN",
        "ArtStyleSuffix": "_ASIA",
        "ArtStyleType": "ARTSTYLE_ASIAN",
        "Civilopedia": null,
        "CivilopediaTag": "TXT_KEY_CIV5_INDIA",
        "DawnOfManAudio": "AS2D_DOM_SPEECH_INDIA",
        "DawnOfManImage": "DOM_Gandhi.dds",
        "DawnOfManQuote": "TXT_KEY_CIV5_DAWN_INDIA_TEXT",
        "DefaultPlayerColor": "PLAYERCOLOR_INDIA",
        "DerivativeCiv": null,
        "Description": "TXT_KEY_CIV_INDIA_DESC",
        "ID": 9,
        "IconAtlas": "CIV_COLOR_ATLAS",
        "MapImage": "MapIndia512.dds",
        "PackageID": null,
        "Playable": 1,
        "PortraitIndex": 11,
        "ShortDescription": "TXT_KEY_CIV_INDIA_SHORT_DESC",
        "SoundtrackTag": null,
        "Strategy": null,
        "Type": "CIVILIZATION_INDIA"
    },
    {
        "AIPlayable": 1,
        "Adjective": "TXT_KEY_CIV_IROQUOIS_ADJECTIVE",
        "AlphaIconAtlas": "CIV_ALPHA_ATLAS",
        "ArtDefineTag": "ART_DEF_CIVILIZATION_IROQUOIS",
        "ArtStylePrefix": "AMERICAN",
        "ArtStyleSuffix": "_AMER",
        "ArtStyleType": "ARTSTYLE_SOUTH_AMERICA",
        "Civilopedia": null,
        "CivilopediaTag": "TXT_KEY_CIV5_IROQUOIS",
        "DawnOfManAudio": "AS2D_DOM_SPEECH_IROQUOIS",
        "DawnOfManImage": "DOM_Hiawatha.dds",
        "DawnOfManQuote": "TXT_KEY_CIV5_DAWN_IROQUOIS_TEXT",
        "DefaultPlayerColor": "PLAYERCOLOR_IROQUOIS",
        "DerivativeCiv": null,
        "Description": "TXT_KEY_CIV_IROQUOIS_DESC",
        "ID": 10,
        "IconAtlas": "CIV_COLOR_ATLAS",
        "MapImage": "MapIroquoi512.dds",
        "PackageID": null,
        "Playable": 1,
        "PortraitIndex": 12,
        "ShortDescription": "TXT_KEY_CIV_IROQUOIS_SHORT_DESC",
        "SoundtrackTag": null,
        "Strategy": null,
        "Type": "CIVILIZATION_IROQUOIS"
    },
    {
        "AIPlayable": 1,
        "Adjective": "TXT_KEY_CIV_JAPAN_ADJECTIVE",
        "AlphaIconAtlas": "CIV_ALPHA_ATLAS",
        "ArtDefineTag": "ART_DEF_CIVILIZATION_JAPAN",
        "ArtStylePrefix": "ASIAN",
        "ArtStyleSuffix": "_ASIA",
        "ArtStyleType": "ARTSTYLE_ASIAN",
        "Civilopedia": null,
        "CivilopediaTag": "TXT_KEY_CIV5_JAPAN",
        "DawnOfManAudio": "AS2D_DOM_SPEECH_JAPAN",
        "DawnOfManImage": "DOM_Oda.dds",
        "DawnOfManQuote": "TXT_KEY_CIV5_DAWN_JAPAN_TEXT",
        "DefaultPlayerColor": "PLAYERCOLOR_JAPAN",
        "DerivativeCiv": null,
        "Description": "TXT_KEY_CIV_JAPAN_DESC",
        "ID": 11,
        "IconAtlas": "CIV_COLOR_ATLAS",
        "MapImage": "MapJapan512.dds",
        "PackageID": null,
        "Playable": 1,
        "PortraitIndex": 13,
        "ShortDescription": "TXT_KEY_CIV_JAPAN_SHORT_DESC",
        "SoundtrackTag": null,
        "Strategy": null,
        "Type": "CIVILIZATION_JAPAN"
    },
    {
        "AIPlayable": 1,
        "Adjective": "TXT_KEY_CIV_OTTOMAN_ADJECTIVE",
        "AlphaIconAtlas": "CIV_ALPHA_ATLAS",
        "ArtDefineTag": "ART_DEF_CIVILIZATION_OTTOMANS",
        "ArtStylePrefix": "AFRICAN",
        "ArtStyleSuffix": "_AFRI",
        "ArtStyleType": "ARTSTYLE_MIDDLE_EAST",
        "Civilopedia": null,
        "CivilopediaTag": "TXT_KEY_CIV5_OTTOMAN",
        "DawnOfManAudio": "AS2D_DOM_SPEECH_OTTOMANS",
        "DawnOfManImage": "DOM_Suleiman.dds",
        "DawnOfManQuote": "TXT_KEY_CIV5_DAWN_OTTOMANS_TEXT",
        "DefaultPlayerColor": "PLAYERCOLOR_OTTOMAN",
        "DerivativeCiv": null,
        "Description": "TXT_KEY_CIV_OTTOMAN_DESC",
        "ID": 12,
        "IconAtlas": "CIV_COLOR_ATLAS",
        "MapImage": "MapOttoman512.dds",
        "PackageID": null,
        "Playable": 1,
        "PortraitIndex": 15,
        "ShortDescription": "TXT_KEY_CIV_OTTOMAN_SHORT_DESC",
        "SoundtrackTag": null,
        "Strategy": null,
        "Type": "CIVILIZATION_OTTOMAN"
    },
    {
        "AIPlayable": 1,
        "Adjective": "TXT_KEY_CIV_PERSIA_ADJECTIVE",
        "AlphaIconAtlas": "CIV_ALPHA_ATLAS",
        "ArtDefineTag": "ART_DEF_CIVILIZATION_PERSIA",
        "ArtStylePrefix": "AFRICAN",
        "ArtStyleSuffix": "_AFRI",
        "ArtStyleType": "ARTSTYLE_MIDDLE_EAST",
        "Civilopedia": null,
        "CivilopediaTag": "TXT_KEY_CIV5_PERSIA",
        "DawnOfManAudio": "AS2D_DOM_SPEECH_PERSIA",
        "DawnOfManImage": "DOM_Darius.dds",
        "DawnOfManQuote": "TXT_KEY_CIV5_DAWN_PERSIA_TEXT",
        "DefaultPlayerColor": "PLAYERCOLOR_PERSIA",
        "DerivativeCiv": null,
        "Description": "TXT_KEY_CIV_PERSIA_DESC",
        "ID": 13,
        "IconAtlas": "CIV_COLOR_ATLAS",
        "MapImage": "MapPersia512.dds",
        "PackageID": null,
        "Playable": 1,
        "PortraitIndex": 16,
        "ShortDescription": "TXT_KEY_CIV_PERSIA_SHORT_DESC",
        "SoundtrackTag": null,
        "Strategy": null,
        "Type": "CIVILIZATION_PERSIA"
    },
    {
        "AIPlayable": 1,
        "Adjective": "TXT_KEY_CIV_ROME_ADJECTIVE",
        "AlphaIconAtlas": "CIV_ALPHA_ATLAS",
        "ArtDefineTag": "ART_DEF_CIVILIZATION_ROME",
        "ArtStylePrefix": "MEDITERRANEAN",
        "ArtStyleSuffix": "_MED",
        "ArtStyleType": "ARTSTYLE_GRECO_ROMAN",
        "Civilopedia": null,
        "CivilopediaTag": "TXT_KEY_CIV5_ROME",
        "DawnOfManAudio": "AS2D_DOM_SPEECH_ROME",
        "DawnOfManImage": "DOM_Augustus.dds",
        "DawnOfManQuote": "TXT_KEY_CIV5_DAWN_ROME_TEXT",
        "DefaultPlayerColor": "PLAYERCOLOR_ROME",
        "DerivativeCiv": null,
        "Description": "TXT_KEY_CIV_ROME_DESC",
        "ID": 14,
        "IconAtlas": "CIV_COLOR_ATLAS",
        "MapImage": "MapRome512.dds",
        "PackageID": null,
        "Playable": 1,
        "PortraitIndex": 17,
        "ShortDescription": "TXT_KEY_CIV_ROME_SHORT_DESC",
        "SoundtrackTag": null,
        "Strategy": null,
        "Type": "CIVILIZATION_ROME"
    },
    {
        "AIPlayable": 1,
        "Adjective": "TXT_KEY_CIV_RUSSIA_ADJECTIVE",
        "AlphaIconAtlas": "CIV_ALPHA_ATLAS",
        "ArtDefineTag": "ART_DEF_CIVILIZATION_RUSSIA",
        "ArtStylePrefix": "EUROPEAN",
        "ArtStyleSuffix": "_EURO",
        "ArtStyleType": "ARTSTYLE_EUROPEAN",
        "Civilopedia": null,
        "CivilopediaTag": "TXT_KEY_CIV5_RUSSIA",
        "DawnOfManAudio": "AS2D_DOM_SPEECH_RUSSIA",
        "DawnOfManImage": "DOM_Catherine.dds",
        "DawnOfManQuote": "TXT_KEY_CIV5_DAWN_RUSSIA_TEXT",
        "DefaultPlayerColor": "PLAYERCOLOR_RUSSIA",
        "DerivativeCiv": null,
        "Description": "TXT_KEY_CIV_RUSSIA_DESC",
        "ID": 15,
        "IconAtlas": "CIV_COLOR_ATLAS",
        "MapImage": "MapRussia512.dds",
        "PackageID": null,
        "Playable": 1,
        "PortraitIndex": 18,
        "ShortDescription": "TXT_KEY_CIV_RUSSIA_SHORT_DESC",
        "SoundtrackTag": null,
        "Strategy": null,
        "Type": "CIVILIZATION_RUSSIA"
    },
    {
        "AIPlayable": 1,
        "Adjective": "TXT_KEY_CIV_SIAM_ADJECTIVE",
        "AlphaIconAtlas": "CIV_ALPHA_ATLAS",
        "ArtDefineTag": "ART_DEF_CIVILIZATION_SIAM",
        "ArtStylePrefix": "ASIAN",
        "ArtStyleSuffix": "_ASIA",
        "ArtStyleType": "ARTSTYLE_ASIAN",
        "Civilopedia": null,
        "CivilopediaTag": "TXT_KEY_CIV5_SIAM",
        "DawnOfManAudio": "AS2D_DOM_SPEECH_SIAM",
        "DawnOfManImage": "DOM_Ramkamhaeng.dds",
        "DawnOfManQuote": "TXT_KEY_CIV5_DAWN_SIAM_TEXT",
        "DefaultPlayerColor": "PLAYERCOLOR_SIAM",
        "DerivativeCiv": null,
        "Description": "TXT_KEY_CIV_SIAM_DESC",
        "ID": 16,
        "IconAtlas": "CIV_COLOR_ATLAS",
        "MapImage": "MapSiam512.dds",
        "PackageID": null,
        "Playable": 1,
        "PortraitIndex": 19,
        "ShortDescription": "TXT_KEY_CIV_SIAM_SHORT_DESC",
        "SoundtrackTag": null,
        "Strategy": null,
        "Type": "CIVILIZATION_SIAM"
    },
    {
        "AIPlayable": 1,
        "Adjective": "TXT_KEY_CIV_SONGHAI_ADJECTIVE",
        "AlphaIconAtlas": "CIV_ALPHA_ATLAS",
        "ArtDefineTag": "ART_DEF_CIVILIZATION_SONGHAI",
        "ArtStylePrefix": "AFRICAN",
        "ArtStyleSuffix": "_AFRI",
        "ArtStyleType": "ARTSTYLE_MIDDLE_EAST",
        "Civilopedia": null,
        "CivilopediaTag": "TXT_KEY_CIV5_SONGHAI",
        "DawnOfManAudio": "AS2D_DOM_SPEECH_SONGIA",
        "DawnOfManImage": "DOM_Askia.dds",
        "DawnOfManQuote": "TXT_KEY_CIV5_DAWN_SONGHAI_TEXT",
        "DefaultPlayerColor": "PLAYERCOLOR_SONGHAI",
        "DerivativeCiv": null,
        "Description": "TXT_KEY_CIV_SONGHAI_DESC",
        "ID": 17,
        "IconAtlas": "CIV_COLOR_ATLAS",
        "MapImage": "MapSonghai512.dds",
        "PackageID": null,
        "Playable": 1,
        "PortraitIndex": 20,
        "ShortDescription": "TXT_KEY_CIV_SONGHAI_SHORT_DESC",
        "SoundtrackTag": null,
        "Strategy": null,
        "Type": "CIVILIZATION_SONGHAI"
    },
    {
        "AIPlayable": 0,
        "Adjective": "TXT_KEY_CIV_MINOR_ADJECTIVE",
        "AlphaIconAtlas": "CIV_ALPHA_ATLAS",
        "ArtDefineTag": "ART_DEF_CIVILIZATION_MINOR",
        "ArtStylePrefix": null,
        "ArtStyleSuffix": null,
        "ArtStyleType": "ARTSTYLE_BARBARIAN",
        "Civilopedia": null,
        "CivilopediaTag": null,
        "DawnOfManAudio": null,
        "DawnOfManImage": null,
        "DawnOfManQuote": null,
        "DefaultPlayerColor": "PLAYERCOLOR_MINOR_WHITE",
        "DerivativeCiv": null,
        "Description": "TXT_KEY_CIV_MINOR_DESC",
        "ID": 18,
        "IconAtlas": "CIV_COLOR_ATLAS",
        "MapImage": null,
        "PackageID": null,
        "Playable": 0,
        "PortraitIndex": 22,
        "ShortDescription": "TXT_KEY_CIV_MINOR_SHORT_DESC",
        "SoundtrackTag": null,
        "Strategy": null,
        "Type": "CIVILIZATION_MINOR"
    },
    {
        "AIPlayable": 0,
        "Adjective": "TXT_KEY_CIV_BARBARIAN_ADJECTIVE",
        "AlphaIconAtlas": "SHARED_CIV_ALPHA_ATLAS",
        "ArtDefineTag": "ART_DEF_CIVILIZATION_BARBARIAN",
        "ArtStylePrefix": null,
        "ArtStyleSuffix": null,
        "ArtStyleType": "ARTSTYLE_BARBARIAN",
        "Civilopedia": null,
        "CivilopediaTag": null,
        "DawnOfManAudio": null,
        "DawnOfManImage": null,
        "DawnOfManQuote": null,
        "DefaultPlayerColor": "PLAYERCOLOR_BARBARIAN",
        "DerivativeCiv": null,
        "Description": "TXT_KEY_CIV_BARBARIAN_DESC",
        "ID": 19,
        "IconAtlas": "SHARED_CIV_COLOR_ATLAS",
        "MapImage": null,
        "PackageID": null,
        "Playable": 0,
        "PortraitIndex": 0,
        "ShortDescription": "TXT_KEY_CIV_BARBARIAN_SHORT_DESC",
        "SoundtrackTag": null,
        "Strategy": null,
        "Type": "CIVILIZATION_BARBARIAN"
    },
    {
        "AIPlayable": 1,
        "Adjective": "TXT_KEY_CIV_MONGOL_ADJECTIVE",
        "AlphaIconAtlas": "GENGHIS_CIV_ALPHA_ATLAS",
        "ArtDefineTag": "ART_DEF_CIVILIZATION_MONGOL",
        "ArtStylePrefix": "ASIAN",
        "ArtStyleSuffix": "_MED",
        "ArtStyleType": "ARTSTYLE_ASIAN",
        "Civilopedia": null,
        "CivilopediaTag": "TXT_KEY_CIV5_MONGOLIA",
        "DawnOfManAudio": "AS2D_DOM_SPEECH_MONGOL",
        "DawnOfManImage": "DOM_Genghis.dds",
        "DawnOfManQuote": "TXT_KEY_CIV5_DAWN_MONGOLIA_TEXT",
        "DefaultPlayerColor": "PLAYERCOLOR_MONGOL",
        "DerivativeCiv": null,
        "Description": "TXT_KEY_CIV_MONGOL_DESC",
        "ID": 20,
        "IconAtlas": "GENGHIS_CIV_COLOR_ATLAS",
        "MapImage": "MapMongolia360x410.dds",
        "PackageID": "293C1EE3117644F6AC1F59663826DE74",
        "Playable": 1,
        "PortraitIndex": 0,
        "ShortDescription": "TXT_KEY_CIV_MONGOL_SHORT_DESC",
        "SoundtrackTag": null,
        "Strategy": null,
        "Type": "CIVILIZATION_MONGOL"
    },
    {
        "AIPlayable": 1,
        "Adjective": "TXT_KEY_CIV_INCA_ADJECTIVE",
        "AlphaIconAtlas": "PACHACUTI_CIV_ALPHA_ATLAS",
        "ArtDefineTag": "ART_DEF_CIVILIZATION_INCA",
        "ArtStylePrefix": "AMERICAN",
        "ArtStyleSuffix": "_AMER",
        "ArtStyleType": "ARTSTYLE_SOUTH_AMERICA",
        "Civilopedia": null,
        "CivilopediaTag": "TXT_KEY_CIV5_INCA",
        "DawnOfManAudio": "AS2D_DOM_SPEECH_INCA",
        "DawnOfManImage": "DOM_Pachacuti.dds",
        "DawnOfManQuote": "TXT_KEY_CIV5_DAWN_INCA_TEXT",
        "DefaultPlayerColor": "PLAYERCOLOR_INCA",
        "DerivativeCiv": null,
        "Description": "TXT_KEY_CIV_INCA_DESC",
        "ID": 21,
        "IconAtlas": "PACHACUTI_CIV_COLOR_ATLAS",
        "MapImage": "MapInca360x410.dds",
        "PackageID": "B685D5DE7CCA4E7581B42F60754E6330",
        "Playable": 1,
        "PortraitIndex": 0,
        "ShortDescription": "TXT_KEY_CIV_INCA_SHORT_DESC",
        "SoundtrackTag": null,
        "Strategy": null,
        "Type": "CIVILIZATION_INCA"
    },
    {
        "AIPlayable": 1,
        "Adjective": "TXT_KEY_CIV_SPAIN_ADJECTIVE",
        "AlphaIconAtlas": "ISABELLA_CIV_ALPHA_ATLAS",
        "ArtDefineTag": "ART_DEF_CIVILIZATION_SPAIN",
        "ArtStylePrefix": "EUROPEAN",
        "ArtStyleSuffix": "_MED",
        "ArtStyleType": "ARTSTYLE_EUROPEAN",
        "Civilopedia": null,
        "CivilopediaTag": "TXT_KEY_CIV5_SPAIN",
        "DawnOfManAudio": "AS2D_DOM_SPEECH_SPAIN",
        "DawnOfManImage": "DOM_Isabella.dds",
        "DawnOfManQuote": "TXT_KEY_CIV5_DAWN_SPAIN_TEXT",
        "DefaultPlayerColor": "PLAYERCOLOR_SPAIN",
        "DerivativeCiv": null,
        "Description": "TXT_KEY_CIV_SPAIN_DESC",
        "ID": 22,
        "IconAtlas": "ISABELLA_CIV_COLOR_ATLAS",
        "MapImage": "MapSpain360x410.dds",
        "PackageID": "B685D5DE7CCA4E7581B42F60754E6330",
        "Playable": 1,
        "PortraitIndex": 1,
        "ShortDescription": "TXT_KEY_CIV_SPAIN_SHORT_DESC",
        "SoundtrackTag": null,
        "Strategy": null,
        "Type": "CIVILIZATION_SPAIN"
    },
    {
        "AIPlayable": 1,
        "Adjective": "TXT_KEY_CIV_POLYNESIA_ADJECTIVE",
        "AlphaIconAtlas": "KAMEHAMEHA_CIV_ALPHA_ATLAS",
        "ArtDefineTag": "ART_DEF_CIVILIZATION_POLYNESIA",
        "ArtStylePrefix": "ASIAN",
        "ArtStyleSuffix": "_MED",
        "ArtStyleType": "ARTSTYLE_POLYNESIAN",
        "Civilopedia": null,
        "CivilopediaTag": "TXT_KEY_CIV5_POLYNESIA",
        "DawnOfManAudio": "AS2D_DOM_SPEECH_POLYNESIA",
        "DawnOfManImage": "DOM_KAMEHAMEHA.dds",
        "DawnOfManQuote": "TXT_KEY_CIV5_DAWN_POLYNESIA_TEXT",
        "DefaultPlayerColor": "PLAYERCOLOR_POLYNESIA",
        "DerivativeCiv": null,
        "Description": "TXT_KEY_CIV_POLYNESIA_DESC",
        "ID": 23,
        "IconAtlas": "KAMEHAMEHA_CIV_COLOR_ATLAS",
        "MapImage": "MapPOLYNESIA360x410.dds",
        "PackageID": "ECF7C605BA114CAC8D80D71306AAC471",
        "Playable": 1,
        "PortraitIndex": 0,
        "ShortDescription": "TXT_KEY_CIV_POLYNESIA_SHORT_DESC",
        "SoundtrackTag": "Aztec",
        "Strategy": null,
        "Type": "CIVILIZATION_POLYNESIA"
    },
    {
        "AIPlayable": 1,
        "Adjective": "TXT_KEY_CIV_DENMARK_ADJECTIVE",
        "AlphaIconAtlas": "HARALD_CIV_ALPHA_ATLAS",
        "ArtDefineTag": "ART_DEF_CIVILIZATION_DENMARK",
        "ArtStylePrefix": "EUROPEAN",
        "ArtStyleSuffix": "_EURO",
        "ArtStyleType": "ARTSTYLE_EUROPEAN",
        "Civilopedia": null,
        "CivilopediaTag": "TXT_KEY_CIV5_DENMARK",
        "DawnOfManAudio": "AS2D_DOM_SPEECH_DENMARK",
        "DawnOfManImage": "DOM_Harald.dds",
        "DawnOfManQuote": "TXT_KEY_CIV5_DAWN_DENMARK_TEXT",
        "DefaultPlayerColor": "PLAYERCOLOR_DENMARK",
        "DerivativeCiv": null,
        "Description": "TXT_KEY_CIV_DENMARK_DESC",
        "ID": 24,
        "IconAtlas": "HARALD_CIV_COLOR_ATLAS",
        "MapImage": "MapDENMARK360x410.dds",
        "PackageID": "B3030D39C0D84BC791B17AD1CAF585AB",
        "Playable": 1,
        "PortraitIndex": 0,
        "ShortDescription": "TXT_KEY_CIV_DENMARK_SHORT_DESC",
        "SoundtrackTag": null,
        "Strategy": null,
        "Type": "CIVILIZATION_DENMARK"
    },
    {
        "AIPlayable": 1,
        "Adjective": "TXT_KEY_CIV_KOREA_ADJECTIVE",
        "AlphaIconAtlas": "SEJONG_CIV_ALPHA_ATLAS",
        "ArtDefineTag": "ART_DEF_CIVILIZATION_KOREA",
        "ArtStylePrefix": "ASIAN",
        "ArtStyleSuffix": "_ASIA",
        "ArtStyleType": "ARTSTYLE_ASIAN",
        "Civilopedia": null,
        "CivilopediaTag": "TXT_KEY_CIV5_KOREA",
        "DawnOfManAudio": "AS2D_DOM_SPEECH_KOREA",
        "DawnOfManImage": "DOM_SEJONG.dds",
        "DawnOfManQuote": "TXT_KEY_CIV5_DAWN_KOREA_TEXT",
        "DefaultPlayerColor": "PLAYERCOLOR_KOREA",
        "DerivativeCiv": null,
        "Description": "TXT_KEY_CIV_KOREA_DESC",
        "ID": 25,
        "IconAtlas": "SEJONG_CIV_COLOR_ATLAS",
        "MapImage": "MapKorea360x410.dds",
        "PackageID": "112C22B2530842B6B734171CCAB3037B",
        "Playable": 1,
        "PortraitIndex": 0,
        "ShortDescription": "TXT_KEY_CIV_KOREA_SHORT_DESC",
        "SoundtrackTag": null,
        "Strategy": null,
        "Type": "CIVILIZATION_KOREA"
    },
    {
        "AIPlayable": 1,
        "Adjective": "TXT_KEY_CIV_BABYLON_ADJECTIVE",
        "AlphaIconAtlas": "NEB_CIV_ALPHA_ATLAS",
        "ArtDefineTag": "ART_DEF_CIVILIZATION_BABYLON",
        "ArtStylePrefix": "MEDITERRANEAN",
        "ArtStyleSuffix": "_MED",
        "ArtStyleType": "ARTSTYLE_MIDDLE_EAST",
        "Civilopedia": null,
        "CivilopediaTag": "TXT_KEY_CIV5_BABYLON",
        "DawnOfManAudio": "AS2D_DOM_SPEECH_BABYLON",
        "DawnOfManImage": "DOM_Nebuchadnezzar.dds",
        "DawnOfManQuote": "TXT_KEY_CIV5_DAWN_BABYLON_TEXT",
        "DefaultPlayerColor": "PLAYERCOLOR_BABYLON",
        "DerivativeCiv": null,
        "Description": "TXT_KEY_CIV_BABYLON_DESC",
        "ID": 26,
        "IconAtlas": "NEB_CIV_COLOR_ATLAS",
        "MapImage": "MapBabylon512.dds",
        "PackageID": "7459BA32576444AE8E9501AD0E0EFD48",
        "Playable": 1,
        "PortraitIndex": 0,
        "ShortDescription": "TXT_KEY_CIV_BABYLON_SHORT_DESC",
        "SoundtrackTag": null,
        "Strategy": null,
        "Type": "CIVILIZATION_BABYLON"
    },
    {
        "AIPlayable": 1,
        "Adjective": "TXT_KEY_CIV_AUSTRIA_ADJECTIVE",
        "AlphaIconAtlas": "EXPANSION_CIV_ALPHA_ATLAS",
        "ArtDefineTag": "ART_DEF_CIVILIZATION_ROME",
        "ArtStylePrefix": "EUROPEAN",
        "ArtStyleSuffix": "_EURO",
        "ArtStyleType": "ARTSTYLE_EUROPEAN",
        "Civilopedia": null,
        "CivilopediaTag": "TXT_KEY_CIV5_AUSTRIA",
        "DawnOfManAudio": "AS2D_DOM_SPEECH_AUSTRIA",
        "DawnOfManImage": "DOM_Maria_Theresa.dds",
        "DawnOfManQuote": "TXT_KEY_CIV5_DAWN_AUSTRIA_TEXT",
        "DefaultPlayerColor": "PLAYERCOLOR_AUSTRIA",
        "DerivativeCiv": null,
        "Description": "TXT_KEY_CIV_AUSTRIA_DESC",
        "ID": 27,
        "IconAtlas": "EXPANSION_CIV_COLOR_ATLAS",
        "MapImage": "MapAustria512.dds",
        "PackageID": "0E3751A1F8404E1B9706519BF484E59D",
        "Playable": 1,
        "PortraitIndex": 0,
        "ShortDescription": "TXT_KEY_CIV_AUSTRIA_SHORT_DESC",
        "SoundtrackTag": null,
        "Strategy": null,
        "Type": "CIVILIZATION_AUSTRIA"
    },
    {
        "AIPlayable": 1,
        "Adjective": "TXT_KEY_CIV_BYZANTIUM_ADJECTIVE",
        "AlphaIconAtlas": "EXPANSION_CIV_ALPHA_ATLAS",
        "ArtDefineTag": "ART_DEF_CIVILIZATION_ROME",
        "ArtStylePrefix": "MEDITERRANEAN",
        "ArtStyleSuffix": "_MED",
        "ArtStyleType": "ARTSTYLE_GRECO_ROMAN",
        "Civilopedia": null,
        "CivilopediaTag": "TXT_KEY_CIV5_BYZANTIUM",
        "DawnOfManAudio": "AS2D_DOM_SPEECH_BYZANTIUM",
        "DawnOfManImage": "DOM_Theodora.dds",
        "DawnOfManQuote": "TXT_KEY_CIV5_DAWN_BYZANTIUM_TEXT",
        "DefaultPlayerColor": "PLAYERCOLOR_BYZANTIUM",
        "DerivativeCiv": null,
        "Description": "TXT_KEY_CIV_BYZANTIUM_DESC",
        "ID": 28,
        "IconAtlas": "EXPANSION_CIV_COLOR_ATLAS",
        "MapImage": "MapByzantium512.dds",
        "PackageID": "0E3751A1F8404E1B9706519BF484E59D",
        "Playable": 1,
        "PortraitIndex": 1,
        "ShortDescription": "TXT_KEY_CIV_BYZANTIUM_SHORT_DESC",
        "SoundtrackTag": null,
        "Strategy": null,
        "Type": "CIVILIZATION_BYZANTIUM"
    },
    {
        "AIPlayable": 1,
        "Adjective": "TXT_KEY_CIV_CARTHAGE_ADJECTIVE",
        "AlphaIconAtlas": "EXPANSION_CIV_ALPHA_ATLAS",
        "ArtDefineTag": "ART_DEF_CIVILIZATION_ROME",
        "ArtStylePrefix": "MEDITERRANEAN",
        "ArtStyleSuffix": "_MED",
        "ArtStyleType": "ARTSTYLE_GRECO_ROMAN",
        "Civilopedia": null,
        "CivilopediaTag": "TXT_KEY_CIV5_CARTHAGE",
        "DawnOfManAudio": "AS2D_DOM_SPEECH_CARTHAGE",
        "DawnOfManImage": "DOM_Dido.dds",
        "DawnOfManQuote": "TXT_KEY_CIV5_DAWN_CARTHAGE_TEXT",
        "DefaultPlayerColor": "PLAYERCOLOR_CARTHAGE",
        "DerivativeCiv": null,
        "Description": "TXT_KEY_CIV_CARTHAGE_DESC",
        "ID": 29,
        "IconAtlas": "EXPANSION_CIV_COLOR_ATLAS",
        "MapImage": "MapCarthage512.dds",
        "PackageID": "0E3751A1F8404E1B9706519BF484E59D",
        "Playable": 1,
        "PortraitIndex": 2,
        "ShortDescription": "TXT_KEY_CIV_CARTHAGE_SHORT_DESC",
        "SoundtrackTag": null,
        "Strategy": null,
        "Type": "CIVILIZATION_CARTHAGE"
    },
    {
        "AIPlayable": 1,
        "Adjective": "TXT_KEY_CIV_CELTS_ADJECTIVE",
        "AlphaIconAtlas": "EXPANSION_CIV_ALPHA_ATLAS",
        "ArtDefineTag": "ART_DEF_CIVILIZATION_ROME",
        "ArtStylePrefix": "EUROPEAN",
        "ArtStyleSuffix": "_EURO",
        "ArtStyleType": "ARTSTYLE_EUROPEAN",
        "Civilopedia": null,
        "CivilopediaTag": "TXT_KEY_CIV5_CELTS",
        "DawnOfManAudio": "AS2D_DOM_SPEECH_CELTS",
        "DawnOfManImage": "DOM_Boudicca.dds",
        "DawnOfManQuote": "TXT_KEY_CIV5_DAWN_CELTS_TEXT",
        "DefaultPlayerColor": "PLAYERCOLOR_CELTS",
        "DerivativeCiv": null,
        "Description": "TXT_KEY_CIV_CELTS_DESC",
        "ID": 30,
        "IconAtlas": "EXPANSION_CIV_COLOR_ATLAS",
        "MapImage": "MapCelts512.dds",
        "PackageID": "0E3751A1F8404E1B9706519BF484E59D",
        "Playable": 1,
        "PortraitIndex": 3,
        "ShortDescription": "TXT_KEY_CIV_CELTS_SHORT_DESC",
        "SoundtrackTag": null,
        "Strategy": null,
        "Type": "CIVILIZATION_CELTS"
    },
    {
        "AIPlayable": 1,
        "Adjective": "TXT_KEY_CIV_ETHIOPIA_ADJECTIVE",
        "AlphaIconAtlas": "EXPANSION_CIV_ALPHA_ATLAS",
        "ArtDefineTag": "ART_DEF_CIVILIZATION_ROME",
        "ArtStylePrefix": "AFRICAN",
        "ArtStyleSuffix": "_AFRI",
        "ArtStyleType": "ARTSTYLE_MIDDLE_EAST",
        "Civilopedia": null,
        "CivilopediaTag": "TXT_KEY_CIV5_ETHIOPIA",
        "DawnOfManAudio": "AS2D_DOM_SPEECH_ETHIOPIA",
        "DawnOfManImage": "DOM_Haile_Selassie.dds",
        "DawnOfManQuote": "TXT_KEY_CIV5_DAWN_ETHIOPIA_TEXT",
        "DefaultPlayerColor": "PLAYERCOLOR_ETHIOPIA",
        "DerivativeCiv": null,
        "Description": "TXT_KEY_CIV_ETHIOPIA_DESC",
        "ID": 31,
        "IconAtlas": "EXPANSION_CIV_COLOR_ATLAS",
        "MapImage": "MapEthiopia512.dds",
        "PackageID": "0E3751A1F8404E1B9706519BF484E59D",
        "Playable": 1,
        "PortraitIndex": 4,
        "ShortDescription": "TXT_KEY_CIV_ETHIOPIA_SHORT_DESC",
        "SoundtrackTag": null,
        "Strategy": null,
        "Type": "CIVILIZATION_ETHIOPIA"
    },
    {
        "AIPlayable": 1,
        "Adjective": "TXT_KEY_CIV_HUNS_ADJECTIVE",
        "AlphaIconAtlas": "EXPANSION_CIV_ALPHA_ATLAS",
        "ArtDefineTag": "ART_DEF_CIVILIZATION_ROME",
        "ArtStylePrefix": "ASIAN",
        "ArtStyleSuffix": "_ASIA",
        "ArtStyleType": "ARTSTYLE_ASIAN",
        "Civilopedia": null,
        "CivilopediaTag": "TXT_KEY_CIV5_HUNS",
        "DawnOfManAudio": "AS2D_DOM_SPEECH_HUNS",
        "DawnOfManImage": "DOM_Attila.dds",
        "DawnOfManQuote": "TXT_KEY_CIV5_DAWN_HUNS_TEXT",
        "DefaultPlayerColor": "PLAYERCOLOR_HUNS",
        "DerivativeCiv": null,
        "Description": "TXT_KEY_CIV_HUNS_DESC",
        "ID": 32,
        "IconAtlas": "EXPANSION_CIV_COLOR_ATLAS",
        "MapImage": "MapHuns512.dds",
        "PackageID": "0E3751A1F8404E1B9706519BF484E59D",
        "Playable": 1,
        "PortraitIndex": 5,
        "ShortDescription": "TXT_KEY_CIV_HUNS_SHORT_DESC",
        "SoundtrackTag": null,
        "Strategy": null,
        "Type": "CIVILIZATION_HUNS"
    },
    {
        "AIPlayable": 1,
        "Adjective": "TXT_KEY_CIV_MAYA_ADJECTIVE",
        "AlphaIconAtlas": "EXPANSION_CIV_ALPHA_ATLAS",
        "ArtDefineTag": "ART_DEF_CIVILIZATION_ROME",
        "ArtStylePrefix": "AMERICAN",
        "ArtStyleSuffix": "_AMER",
        "ArtStyleType": "ARTSTYLE_SOUTH_AMERICA",
        "Civilopedia": null,
        "CivilopediaTag": "TXT_KEY_CIV5_MAYA",
        "DawnOfManAudio": "AS2D_DOM_SPEECH_MAYA",
        "DawnOfManImage": "DOM_Pacal_the_Great.dds",
        "DawnOfManQuote": "TXT_KEY_CIV5_DAWN_MAYA_TEXT",
        "DefaultPlayerColor": "PLAYERCOLOR_MAYA",
        "DerivativeCiv": null,
        "Description": "TXT_KEY_CIV_MAYA_DESC",
        "ID": 33,
        "IconAtlas": "EXPANSION_CIV_COLOR_ATLAS",
        "MapImage": "MapMaya512.dds",
        "PackageID": "0E3751A1F8404E1B9706519BF484E59D",
        "Playable": 1,
        "PortraitIndex": 6,
        "ShortDescription": "TXT_KEY_CIV_MAYA_SHORT_DESC",
        "SoundtrackTag": null,
        "Strategy": null,
        "Type": "CIVILIZATION_MAYA"
    },
    {
        "AIPlayable": 1,
        "Adjective": "TXT_KEY_CIV_NETHERLANDS_ADJECTIVE",
        "AlphaIconAtlas": "EXPANSION_CIV_ALPHA_ATLAS",
        "ArtDefineTag": "ART_DEF_CIVILIZATION_ROME",
        "ArtStylePrefix": "EUROPEAN",
        "ArtStyleSuffix": "_EURO",
        "ArtStyleType": "ARTSTYLE_EUROPEAN",
        "Civilopedia": null,
        "CivilopediaTag": "TXT_KEY_CIV5_NETHERLANDS",
        "DawnOfManAudio": "AS2D_DOM_SPEECH_NETHERLANDS",
        "DawnOfManImage": "DOM_William_of_Orange.dds",
        "DawnOfManQuote": "TXT_KEY_CIV5_DAWN_NETHERLANDS_TEXT",
        "DefaultPlayerColor": "PLAYERCOLOR_NETHERLANDS",
        "DerivativeCiv": null,
        "Description": "TXT_KEY_CIV_NETHERLANDS_DESC",
        "ID": 34,
        "IconAtlas": "EXPANSION_CIV_COLOR_ATLAS",
        "MapImage": "MapNetherlands512.dds",
        "PackageID": "0E3751A1F8404E1B9706519BF484E59D",
        "Playable": 1,
        "PortraitIndex": 7,
        "ShortDescription": "TXT_KEY_CIV_NETHERLANDS_SHORT_DESC",
        "SoundtrackTag": null,
        "Strategy": null,
        "Type": "CIVILIZATION_NETHERLANDS"
    },
    {
        "AIPlayable": 1,
        "Adjective": "TXT_KEY_CIV_SWEDEN_ADJECTIVE",
        "AlphaIconAtlas": "EXPANSION_CIV_ALPHA_ATLAS",
        "ArtDefineTag": "ART_DEF_CIVILIZATION_ROME",
        "ArtStylePrefix": "EUROPEAN",
        "ArtStyleSuffix": "_EURO",
        "ArtStyleType": "ARTSTYLE_EUROPEAN",
        "Civilopedia": null,
        "CivilopediaTag": "TXT_KEY_CIV5_SWEDEN",
        "DawnOfManAudio": "AS2D_DOM_SPEECH_SWEDEN",
        "DawnOfManImage": "DOM_Gustavus_Adolphus.dds",
        "DawnOfManQuote": "TXT_KEY_CIV5_DAWN_SWEDEN_TEXT",
        "DefaultPlayerColor": "PLAYERCOLOR_SWEDEN",
        "DerivativeCiv": null,
        "Description": "TXT_KEY_CIV_SWEDEN_DESC",
        "ID": 35,
        "IconAtlas": "EXPANSION_CIV_COLOR_ATLAS",
        "MapImage": "MapSweden512.dds",
        "PackageID": "0E3751A1F8404E1B9706519BF484E59D",
        "Playable": 1,
        "PortraitIndex": 8,
        "ShortDescription": "TXT_KEY_CIV_SWEDEN_SHORT_DESC",
        "SoundtrackTag": null,
        "Strategy": null,
        "Type": "CIVILIZATION_SWEDEN"
    },
    {
        "AIPlayable": 1,
        "Adjective": "TXT_KEY_CIV_ASSYRIA_ADJECTIVE",
        "AlphaIconAtlas": "EXPANSION2_CIV_ALPHA_ATLAS",
        "ArtDefineTag": "ART_DEF_CIVILIZATION_ASSYRIA",
        "ArtStylePrefix": "MEDITERRANEAN",
        "ArtStyleSuffix": "_MED",
        "ArtStyleType": "ARTSTYLE_MIDDLE_EAST",
        "Civilopedia": null,
        "CivilopediaTag": "TXT_KEY_CIV5_ASSYRIA",
        "DawnOfManAudio": "AS2D_DOM_SPEECH_ASSYRIA",
        "DawnOfManImage": "DOM_Ashurbanipal.dds",
        "DawnOfManQuote": "TXT_KEY_CIV5_DAWN_ASSYRIA_TEXT",
        "DefaultPlayerColor": "PLAYERCOLOR_ASSYRIA",
        "DerivativeCiv": null,
        "Description": "TXT_KEY_CIV_ASSYRIA_DESC",
        "ID": 36,
        "IconAtlas": "EXPANSION2_CIV_COLOR_ATLAS",
        "MapImage": "MapAssyria360x410.dds",
        "PackageID": "6DA0763641234018B6436575B4EC336B",
        "Playable": 1,
        "PortraitIndex": 0,
        "ShortDescription": "TXT_KEY_CIV_ASSYRIA_SHORT_DESC",
        "SoundtrackTag": null,
        "Strategy": null,
        "Type": "CIVILIZATION_ASSYRIA"
    },
    {
        "AIPlayable": 1,
        "Adjective": "TXT_KEY_CIV_BRAZIL_ADJECTIVE",
        "AlphaIconAtlas": "EXPANSION2_CIV_ALPHA_ATLAS",
        "ArtDefineTag": "ART_DEF_CIVILIZATION_BRAZIL",
        "ArtStylePrefix": "AMERICAN",
        "ArtStyleSuffix": "_AMER",
        "ArtStyleType": "ARTSTYLE_SOUTH_AMERICA",
        "Civilopedia": null,
        "CivilopediaTag": "TXT_KEY_CIV5_BRAZIL",
        "DawnOfManAudio": "AS2D_DOM_SPEECH_BRAZIL",
        "DawnOfManImage": "DOM_Pedro_II.dds",
        "DawnOfManQuote": "TXT_KEY_CIV5_DAWN_BRAZIL_TEXT",
        "DefaultPlayerColor": "PLAYERCOLOR_BRAZIL",
        "DerivativeCiv": null,
        "Description": "TXT_KEY_CIV_BRAZIL_DESC",
        "ID": 37,
        "IconAtlas": "EXPANSION2_CIV_COLOR_ATLAS",
        "MapImage": "MapBrazil360x410.dds",
        "PackageID": "6DA0763641234018B6436575B4EC336B",
        "Playable": 1,
        "PortraitIndex": 1,
        "ShortDescription": "TXT_KEY_CIV_BRAZIL_SHORT_DESC",
        "SoundtrackTag": null,
        "Strategy": null,
        "Type": "CIVILIZATION_BRAZIL"
    },
    {
        "AIPlayable": 1,
        "Adjective": "TXT_KEY_CIV_INDONESIA_ADJECTIVE",
        "AlphaIconAtlas": "EXPANSION2_CIV_ALPHA_ATLAS",
        "ArtDefineTag": "ART_DEF_CIVILIZATION_INDONESIA",
        "ArtStylePrefix": "ASIAN",
        "ArtStyleSuffix": "_ASIA",
        "ArtStyleType": "ARTSTYLE_ASIAN",
        "Civilopedia": null,
        "CivilopediaTag": "TXT_KEY_CIV5_INDONESIA",
        "DawnOfManAudio": "AS2D_DOM_SPEECH_INDONESIA",
        "DawnOfManImage": "DOM_Gajah_Mada.dds",
        "DawnOfManQuote": "TXT_KEY_CIV5_DAWN_INDONESIA_TEXT",
        "DefaultPlayerColor": "PLAYERCOLOR_INDONESIA",
        "DerivativeCiv": null,
        "Description": "TXT_KEY_CIV_INDONESIA_DESC",
        "ID": 38,
        "IconAtlas": "EXPANSION2_CIV_COLOR_ATLAS",
        "MapImage": "MapIndonesia360x410.dds",
        "PackageID": "6DA0763641234018B6436575B4EC336B",
        "Playable": 1,
        "PortraitIndex": 2,
        "ShortDescription": "TXT_KEY_CIV_INDONESIA_SHORT_DESC",
        "SoundtrackTag": null,
        "Strategy": null,
        "Type": "CIVILIZATION_INDONESIA"
    },
    {
        "AIPlayable": 1,
        "Adjective": "TXT_KEY_CIV_MOROCCO_ADJECTIVE",
        "AlphaIconAtlas": "EXPANSION2_CIV_ALPHA_ATLAS",
        "ArtDefineTag": "ART_DEF_CIVILIZATION_MOROCCO",
        "ArtStylePrefix": "AFRICAN",
        "ArtStyleSuffix": "_AFRI",
        "ArtStyleType": "ARTSTYLE_MIDDLE_EAST",
        "Civilopedia": null,
        "CivilopediaTag": "TXT_KEY_CIV5_MOROCCO",
        "DawnOfManAudio": "AS2D_DOM_SPEECH_MOROCCO",
        "DawnOfManImage": "DOM_Ahmed_AlMansur.dds",
        "DawnOfManQuote": "TXT_KEY_CIV5_DAWN_MOROCCO_TEXT",
        "DefaultPlayerColor": "PLAYERCOLOR_MOROCCO",
        "DerivativeCiv": null,
        "Description": "TXT_KEY_CIV_MOROCCO_DESC",
        "ID": 39,
        "IconAtlas": "EXPANSION2_CIV_COLOR_ATLAS",
        "MapImage": "MapMorocco360x410.dds",
        "PackageID": "6DA0763641234018B6436575B4EC336B",
        "Playable": 1,
        "PortraitIndex": 3,
        "ShortDescription": "TXT_KEY_CIV_MOROCCO_SHORT_DESC",
        "SoundtrackTag": null,
        "Strategy": null,
        "Type": "CIVILIZATION_MOROCCO"
    },
    {
        "AIPlayable": 1,
        "Adjective": "TXT_KEY_CIV_POLAND_ADJECTIVE",
        "AlphaIconAtlas": "EXPANSION2_CIV_ALPHA_ATLAS",
        "ArtDefineTag": "ART_DEF_CIVILIZATION_POLAND",
        "ArtStylePrefix": "EUROPEAN",
        "ArtStyleSuffix": "_EURO",
        "ArtStyleType": "ARTSTYLE_EUROPEAN",
        "Civilopedia": null,
        "CivilopediaTag": "TXT_KEY_CIV5_POLAND",
        "DawnOfManAudio": "AS2D_DOM_SPEECH_POLAND",
        "DawnOfManImage": "DOM_Casimir.dds",
        "DawnOfManQuote": "TXT_KEY_CIV5_DAWN_POLAND_TEXT",
        "DefaultPlayerColor": "PLAYERCOLOR_POLAND",
        "DerivativeCiv": null,
        "Description": "TXT_KEY_CIV_POLAND_DESC",
        "ID": 40,
        "IconAtlas": "EXPANSION2_CIV_COLOR_ATLAS",
        "MapImage": "MapPoland360x410.dds",
        "PackageID": "6DA0763641234018B6436575B4EC336B",
        "Playable": 1,
        "PortraitIndex": 4,
        "ShortDescription": "TXT_KEY_CIV_POLAND_SHORT_DESC",
        "SoundtrackTag": null,
        "Strategy": null,
        "Type": "CIVILIZATION_POLAND"
    },
    {
        "AIPlayable": 1,
        "Adjective": "TXT_KEY_CIV_PORTUGAL_ADJECTIVE",
        "AlphaIconAtlas": "EXPANSION2_CIV_ALPHA_ATLAS",
        "ArtDefineTag": "ART_DEF_CIVILIZATION_PORTUGAL",
        "ArtStylePrefix": "EUROPEAN",
        "ArtStyleSuffix": "_EURO",
        "ArtStyleType": "ARTSTYLE_EUROPEAN",
        "Civilopedia": null,
        "CivilopediaTag": "TXT_KEY_CIV5_PORTUGAL",
        "DawnOfManAudio": "AS2D_DOM_SPEECH_PORTUGAL",
        "DawnOfManImage": "DOM_Maria_I.dds",
        "DawnOfManQuote": "TXT_KEY_CIV5_DAWN_PORTUGAL_TEXT",
        "DefaultPlayerColor": "PLAYERCOLOR_PORTUGAL",
        "DerivativeCiv": null,
        "Description": "TXT_KEY_CIV_PORTUGAL_DESC",
        "ID": 41,
        "IconAtlas": "EXPANSION2_CIV_COLOR_ATLAS",
        "MapImage": "MapPortugal360x410.dds",
        "PackageID": "6DA0763641234018B6436575B4EC336B",
        "Playable": 1,
        "PortraitIndex": 5,
        "ShortDescription": "TXT_KEY_CIV_PORTUGAL_SHORT_DESC",
        "SoundtrackTag": null,
        "Strategy": null,
        "Type": "CIVILIZATION_PORTUGAL"
    },
    {
        "AIPlayable": 1,
        "Adjective": "TXT_KEY_CIV_SHOSHONE_ADJECTIVE",
        "AlphaIconAtlas": "EXPANSION2_CIV_ALPHA_ATLAS",
        "ArtDefineTag": "ART_DEF_CIVILIZATION_SHOSHONE",
        "ArtStylePrefix": "AMERICAN",
        "ArtStyleSuffix": "_AMER",
        "ArtStyleType": "ARTSTYLE_SOUTH_AMERICA",
        "Civilopedia": null,
        "CivilopediaTag": "TXT_KEY_CIV5_SHOSHONE",
        "DawnOfManAudio": "AS2D_DOM_SPEECH_SHOSHONE",
        "DawnOfManImage": "DOM_Pocatello.dds",
        "DawnOfManQuote": "TXT_KEY_CIV5_DAWN_SHOSHONE_TEXT",
        "DefaultPlayerColor": "PLAYERCOLOR_SHOSHONE",
        "DerivativeCiv": null,
        "Description": "TXT_KEY_CIV_SHOSHONE_DESC",
        "ID": 42,
        "IconAtlas": "EXPANSION2_CIV_COLOR_ATLAS",
        "MapImage": "MapShoshone360x410.dds",
        "PackageID": "6DA0763641234018B6436575B4EC336B",
        "Playable": 1,
        "PortraitIndex": 6,
        "ShortDescription": "TXT_KEY_CIV_SHOSHONE_SHORT_DESC",
        "SoundtrackTag": null,
        "Strategy": null,
        "Type": "CIVILIZATION_SHOSHONE"
    },
    {
        "AIPlayable": 1,
        "Adjective": "TXT_KEY_CIV_VENICE_ADJECTIVE",
        "AlphaIconAtlas": "EXPANSION2_CIV_ALPHA_ATLAS",
        "ArtDefineTag": "ART_DEF_CIVILIZATION_VENICE",
        "ArtStylePrefix": "MEDITERRANEAN",
        "ArtStyleSuffix": "_MED",
        "ArtStyleType": "ARTSTYLE_GRECO_ROMAN",
        "Civilopedia": null,
        "CivilopediaTag": "TXT_KEY_CIV5_VENICE",
        "DawnOfManAudio": "AS2D_DOM_SPEECH_VENICE",
        "DawnOfManImage": "DOM_Enrico_Dandolo.dds",
        "DawnOfManQuote": "TXT_KEY_CIV5_DAWN_VENICE_TEXT",
        "DefaultPlayerColor": "PLAYERCOLOR_VENICE",
        "DerivativeCiv": null,
        "Description": "TXT_KEY_CIV_VENICE_DESC",
        "ID": 43,
        "IconAtlas": "EXPANSION2_CIV_COLOR_ATLAS",
        "MapImage": "MapVenice360x410.dds",
        "PackageID": "6DA0763641234018B6436575B4EC336B",
        "Playable": 1,
        "PortraitIndex": 7,
        "ShortDescription": "TXT_KEY_CIV_VENICE_SHORT_DESC",
        "SoundtrackTag": null,
        "Strategy": null,
        "Type": "CIVILIZATION_VENICE"
    },
    {
        "AIPlayable": 1,
        "Adjective": "TXT_KEY_CIV_ZULU_ADJECTIVE",
        "AlphaIconAtlas": "EXPANSION2_CIV_ALPHA_ATLAS",
        "ArtDefineTag": "ART_DEF_CIVILIZATION_ZULU",
        "ArtStylePrefix": "AFRICAN",
        "ArtStyleSuffix": "_AFRI",
        "ArtStyleType": "ARTSTYLE_MIDDLE_EAST",
        "Civilopedia": null,
        "CivilopediaTag": "TXT_KEY_CIV5_ZULU",
        "DawnOfManAudio": "AS2D_DOM_SPEECH_ZULU",
        "DawnOfManImage": "DOM_Shaka.dds",
        "DawnOfManQuote": "TXT_KEY_CIV5_DAWN_ZULU_TEXT",
        "DefaultPlayerColor": "PLAYERCOLOR_ZULU",
        "DerivativeCiv": null,
        "Description": "TXT_KEY_CIV_ZULU_DESC",
        "ID": 44,
        "IconAtlas": "EXPANSION2_CIV_COLOR_ATLAS",
        "MapImage": "MapZulu360x410.dds",
        "PackageID": "6DA0763641234018B6436575B4EC336B",
        "Playable": 1,
        "PortraitIndex": 8,
        "ShortDescription": "TXT_KEY_CIV_ZULU_SHORT_DESC",
        "SoundtrackTag": null,
        "Strategy": null,
        "Type": "CIVILIZATION_ZULU"
    }
]