[
    {
        "CivilizationType": "CIVILIZATION_AMERICA",
        "SpyName": "TXT_KEY_SPY_NAME_AMERICA_0"
    },
    {
        "CivilizationType": "CIVILIZATION_AMERICA",
        "SpyName": "TXT_KEY_SPY_NAME_AMERICA_1"
    },
    {
        "CivilizationType": "CIVILIZATION_AMERICA",
        "SpyName": "TXT_KEY_SPY_NAME_AMERICA_2"
    },
    {
        "CivilizationType": "CIVILIZATION_AMERICA",
        "SpyName": "TXT_KEY_SPY_NAME_AMERICA_3"
    },
    {
        "CivilizationType": "CIVILIZATION_AMERICA",
        "SpyName": "TXT_KEY_SPY_NAME_AMERICA_4"
    },
    {
        "CivilizationType": "CIVILIZATION_AMERICA",
        "SpyName": "TXT_KEY_SPY_NAME_AMERICA_5"
    },
    {
        "CivilizationType": "CIVILIZATION_AMERICA",
        "SpyName": "TXT_KEY_SPY_NAME_AMERICA_6"
    },
    {
        "CivilizationType": "CIVILIZATION_AMERICA",
        "SpyName": "TXT_KEY_SPY_NAME_AMERICA_7"
    },
    {
        "CivilizationType": "CIVILIZATION_AMERICA",
        "SpyName": "TXT_KEY_SPY_NAME_AMERICA_8"
    },
    {
        "CivilizationType": "CIVILIZATION_AMERICA",
        "SpyName": "TXT_KEY_SPY_NAME_AMERICA_9"
    },
    {
        "CivilizationType": "CIVILIZATION_ARABIA",
        "SpyName": "TXT_KEY_SPY_NAME_ARABIA_0"
    },
    {
        "CivilizationType": "CIVILIZATION_ARABIA",
        "SpyName": "TXT_KEY_SPY_NAME_ARABIA_1"
    },
    {
        "CivilizationType": "CIVILIZATION_ARABIA",
        "SpyName": "TXT_KEY_SPY_NAME_ARABIA_2"
    },
    {
        "CivilizationType": "CIVILIZATION_ARABIA",
        "SpyName": "TXT_KEY_SPY_NAME_ARABIA_3"
    },
    {
        "CivilizationType": "CIVILIZATION_ARABIA",
        "SpyName": "TXT_KEY_SPY_NAME_ARABIA_4"
    },
    {
        "CivilizationType": "CIVILIZATION_ARABIA",
        "SpyName": "TXT_KEY_SPY_NAME_ARABIA_5"
    },
    {
        "CivilizationType": "CIVILIZATION_ARABIA",
        "SpyName": "TXT_KEY_SPY_NAME_ARABIA_6"
    },
    {
        "CivilizationType": "CIVILIZATION_ARABIA",
        "SpyName": "TXT_KEY_SPY_NAME_ARABIA_7"
    },
    {
        "CivilizationType": "CIVILIZATION_ARABIA",
        "SpyName": "TXT_KEY_SPY_NAME_ARABIA_8"
    },
    {
        "CivilizationType": "CIVILIZATION_ARABIA",
        "SpyName": "TXT_KEY_SPY_NAME_ARABIA_9"
    },
    {
        "CivilizationType": "CIVILIZATION_AZTEC",
        "SpyName": "TXT_KEY_SPY_NAME_AZTEC_0"
    },
    {
        "CivilizationType": "CIVILIZATION_AZTEC",
        "SpyName": "TXT_KEY_SPY_NAME_AZTEC_1"
    },
    {
        "CivilizationType": "CIVILIZATION_AZTEC",
        "SpyName": "TXT_KEY_SPY_NAME_AZTEC_2"
    },
    {
        "CivilizationType": "CIVILIZATION_AZTEC",
        "SpyName": "TXT_KEY_SPY_NAME_AZTEC_3"
    },
    {
        "CivilizationType": "CIVILIZATION_AZTEC",
        "SpyName": "TXT_KEY_SPY_NAME_AZTEC_4"
    },
    {
        "CivilizationType": "CIVILIZATION_AZTEC",
        "SpyName": "TXT_KEY_SPY_NAME_AZTEC_5"
    },
    {
        "CivilizationType": "CIVILIZATION_AZTEC",
        "SpyName": "TXT_KEY_SPY_NAME_AZTEC_6"
    },
    {
        "CivilizationType": "CIVILIZATION_AZTEC",
        "SpyName": "TXT_KEY_SPY_NAME_AZTEC_7"
    },
    {
        "CivilizationType": "CIVILIZATION_AZTEC",
        "SpyName": "TXT_KEY_SPY_NAME_AZTEC_8"
    },
    {
        "CivilizationType": "CIVILIZATION_AZTEC",
        "SpyName": "TXT_KEY_SPY_NAME_AZTEC_9"
    },
    {
        "CivilizationType": "CIVILIZATION_CHINA",
        "SpyName": "TXT_KEY_SPY_NAME_CHINA_0"
    },
    {
        "CivilizationType": "CIVILIZATION_CHINA",
        "SpyName": "TXT_KEY_SPY_NAME_CHINA_1"
    },
    {
        "CivilizationType": "CIVILIZATION_CHINA",
        "SpyName": "TXT_KEY_SPY_NAME_CHINA_2"
    },
    {
        "CivilizationType": "CIVILIZATION_CHINA",
        "SpyName": "TXT_KEY_SPY_NAME_CHINA_3"
    },
    {
        "CivilizationType": "CIVILIZATION_CHINA",
        "SpyName": "TXT_KEY_SPY_NAME_CHINA_4"
    },
    {
        "CivilizationType": "CIVILIZATION_CHINA",
        "SpyName": "TXT_KEY_SPY_NAME_CHINA_5"
    },
    {
        "CivilizationType": "CIVILIZATION_CHINA",
        "SpyName": "TXT_KEY_SPY_NAME_CHINA_6"
    },
    {
        "CivilizationType": "CIVILIZATION_CHINA",
        "SpyName": "TXT_KEY_SPY_NAME_CHINA_7"
    },
    {
        "CivilizationType": "CIVILIZATION_CHINA",
        "SpyName": "TXT_KEY_SPY_NAME_CHINA_8"
    },
    {
        "CivilizationType": "CIVILIZATION_CHINA",
        "SpyName": "TXT_KEY_SPY_NAME_CHINA_9"
    },
    {
        "CivilizationType": "CIVILIZATION_EGYPT",
        "SpyName": "TXT_KEY_SPY_NAME_EGYPT_0"
    },
    {
        "CivilizationType": "CIVILIZATION_EGYPT",
        "SpyName": "TXT_KEY_SPY_NAME_EGYPT_1"
    },
    {
        "CivilizationType": "CIVILIZATION_EGYPT",
        "SpyName": "TXT_KEY_SPY_NAME_EGYPT_2"
    },
    {
        "CivilizationType": "CIVILIZATION_EGYPT",
        "SpyName": "TXT_KEY_SPY_NAME_EGYPT_3"
    },
    {
        "CivilizationType": "CIVILIZATION_EGYPT",
        "SpyName": "TXT_KEY_SPY_NAME_EGYPT_4"
    },
    {
        "CivilizationType": "CIVILIZATION_EGYPT",
        "SpyName": "TXT_KEY_SPY_NAME_EGYPT_5"
    },
    {
        "CivilizationType": "CIVILIZATION_EGYPT",
        "SpyName": "TXT_KEY_SPY_NAME_EGYPT_6"
    },
    {
        "CivilizationType": "CIVILIZATION_EGYPT",
        "SpyName": "TXT_KEY_SPY_NAME_EGYPT_7"
    },
    {
        "CivilizationType": "CIVILIZATION_EGYPT",
        "SpyName": "TXT_KEY_SPY_NAME_EGYPT_8"
    },
    {
        "CivilizationType": "CIVILIZATION_EGYPT",
        "SpyName": "TXT_KEY_SPY_NAME_EGYPT_9"
    },
    {
        "CivilizationType": "CIVILIZATION_ENGLAND",
        "SpyName": "TXT_KEY_SPY_NAME_ENGLAND_0"
    },
    {
        "CivilizationType": "CIVILIZATION_ENGLAND",
        "SpyName": "TXT_KEY_SPY_NAME_ENGLAND_1"
    },
    {
        "CivilizationType": "CIVILIZATION_ENGLAND",
        "SpyName": "TXT_KEY_SPY_NAME_ENGLAND_2"
    },
    {
        "CivilizationType": "CIVILIZATION_ENGLAND",
        "SpyName": "TXT_KEY_SPY_NAME_ENGLAND_3"
    },
    {
        "CivilizationType": "CIVILIZATION_ENGLAND",
        "SpyName": "TXT_KEY_SPY_NAME_ENGLAND_4"
    },
    {
        "CivilizationType": "CIVILIZATION_ENGLAND",
        "SpyName": "TXT_KEY_SPY_NAME_ENGLAND_5"
    },
    {
        "CivilizationType": "CIVILIZATION_ENGLAND",
        "SpyName": "TXT_KEY_SPY_NAME_ENGLAND_6"
    },
    {
        "CivilizationType": "CIVILIZATION_ENGLAND",
        "SpyName": "TXT_KEY_SPY_NAME_ENGLAND_7"
    },
    {
        "CivilizationType": "CIVILIZATION_ENGLAND",
        "SpyName": "TXT_KEY_SPY_NAME_ENGLAND_8"
    },
    {
        "CivilizationType": "CIVILIZATION_ENGLAND",
        "SpyName": "TXT_KEY_SPY_NAME_ENGLAND_9"
    },
    {
        "CivilizationType": "CIVILIZATION_FRANCE",
        "SpyName": "TXT_KEY_SPY_NAME_FRANCE_0"
    },
    {
        "CivilizationType": "CIVILIZATION_FRANCE",
        "SpyName": "TXT_KEY_SPY_NAME_FRANCE_1"
    },
    {
        "CivilizationType": "CIVILIZATION_FRANCE",
        "SpyName": "TXT_KEY_SPY_NAME_FRANCE_2"
    },
    {
        "CivilizationType": "CIVILIZATION_FRANCE",
        "SpyName": "TXT_KEY_SPY_NAME_FRANCE_3"
    },
    {
        "CivilizationType": "CIVILIZATION_FRANCE",
        "SpyName": "TXT_KEY_SPY_NAME_FRANCE_4"
    },
    {
        "CivilizationType": "CIVILIZATION_FRANCE",
        "SpyName": "TXT_KEY_SPY_NAME_FRANCE_5"
    },
    {
        "CivilizationType": "CIVILIZATION_FRANCE",
        "SpyName": "TXT_KEY_SPY_NAME_FRANCE_6"
    },
    {
        "CivilizationType": "CIVILIZATION_FRANCE",
        "SpyName": "TXT_KEY_SPY_NAME_FRANCE_7"
    },
    {
        "CivilizationType": "CIVILIZATION_FRANCE",
        "SpyName": "TXT_KEY_SPY_NAME_FRANCE_8"
    },
    {
        "CivilizationType": "CIVILIZATION_FRANCE",
        "SpyName": "TXT_KEY_SPY_NAME_FRANCE_9"
    },
    {
        "CivilizationType": "CIVILIZATION_GERMANY",
        "SpyName": "TXT_KEY_SPY_NAME_GERMANY_0"
    },
    {
        "CivilizationType": "CIVILIZATION_GERMANY",
        "SpyName": "TXT_KEY_SPY_NAME_GERMANY_1"
    },
    {
        "CivilizationType": "CIVILIZATION_GERMANY",
        "SpyName": "TXT_KEY_SPY_NAME_GERMANY_2"
    },
    {
        "CivilizationType": "CIVILIZATION_GERMANY",
        "SpyName": "TXT_KEY_SPY_NAME_GERMANY_3"
    },
    {
        "CivilizationType": "CIVILIZATION_GERMANY",
        "SpyName": "TXT_KEY_SPY_NAME_GERMANY_4"
    },
    {
        "CivilizationType": "CIVILIZATION_GERMANY",
        "SpyName": "TXT_KEY_SPY_NAME_GERMANY_5"
    },
    {
        "CivilizationType": "CIVILIZATION_GERMANY",
        "SpyName": "TXT_KEY_SPY_NAME_GERMANY_6"
    },
    {
        "CivilizationType": "CIVILIZATION_GERMANY",
        "SpyName": "TXT_KEY_SPY_NAME_GERMANY_7"
    },
    {
        "CivilizationType": "CIVILIZATION_GERMANY",
        "SpyName": "TXT_KEY_SPY_NAME_GERMANY_8"
    },
    {
        "CivilizationType": "CIVILIZATION_GERMANY",
        "SpyName": "TXT_KEY_SPY_NAME_GERMANY_9"
    },
    {
        "CivilizationType": "CIVILIZATION_GREECE",
        "SpyName": "TXT_KEY_SPY_NAME_GREECE_0"
    },
    {
        "CivilizationType": "CIVILIZATION_GREECE",
        "SpyName": "TXT_KEY_SPY_NAME_GREECE_1"
    },
    {
        "CivilizationType": "CIVILIZATION_GREECE",
        "SpyName": "TXT_KEY_SPY_NAME_GREECE_2"
    },
    {
        "CivilizationType": "CIVILIZATION_GREECE",
        "SpyName": "TXT_KEY_SPY_NAME_GREECE_3"
    },
    {
        "CivilizationType": "CIVILIZATION_GREECE",
        "SpyName": "TXT_KEY_SPY_NAME_GREECE_4"
    },
    {
        "CivilizationType": "CIVILIZATION_GREECE",
        "SpyName": "TXT_KEY_SPY_NAME_GREECE_5"
    },
    {
        "CivilizationType": "CIVILIZATION_GREECE",
        "SpyName": "TXT_KEY_SPY_NAME_GREECE_6"
    },
    {
        "CivilizationType": "CIVILIZATION_GREECE",
        "SpyName": "TXT_KEY_SPY_NAME_GREECE_7"
    },
    {
        "CivilizationType": "CIVILIZATION_GREECE",
        "SpyName": "TXT_KEY_SPY_NAME_GREECE_8"
    },
    {
        "CivilizationType": "CIVILIZATION_GREECE",
        "SpyName": "TXT_KEY_SPY_NAME_GREECE_9"
    },
    {
        "CivilizationType": "CIVILIZATION_INDIA",
        "SpyName": "TXT_KEY_SPY_NAME_INDIA_0"
    },
    {
        "CivilizationType": "CIVILIZATION_INDIA",
        "SpyName": "TXT_KEY_SPY_NAME_INDIA_1"
    },
    {
        "CivilizationType": "CIVILIZATION_INDIA",
        "SpyName": "TXT_KEY_SPY_NAME_INDIA_2"
    },
    {
        "CivilizationType": "CIVILIZATION_INDIA",
        "SpyName": "TXT_KEY_SPY_NAME_INDIA_3"
    },
    {
        "CivilizationType": "CIVILIZATION_INDIA",
        "SpyName": "TXT_KEY_SPY_NAME_INDIA_4"
    },
    {
        "CivilizationType": "CIVILIZATION_INDIA",
        "SpyName": "TXT_KEY_SPY_NAME_INDIA_5"
    },
    {
        "CivilizationType": "CIVILIZATION_INDIA",
        "SpyName": "TXT_KEY_SPY_NAME_INDIA_6"
    },
    {
        "CivilizationType": "CIVILIZATION_INDIA",
        "SpyName": "TXT_KEY_SPY_NAME_INDIA_7"
    },
    {
        "CivilizationType": "CIVILIZATION_INDIA",
        "SpyName": "TXT_KEY_SPY_NAME_INDIA_8"
    },
    {
        "CivilizationType": "CIVILIZATION_INDIA",
        "SpyName": "TXT_KEY_SPY_NAME_INDIA_9"
    },
    {
        "CivilizationType": "CIVILIZATION_IROQUOIS",
        "SpyName": "TXT_KEY_SPY_NAME_IROQUOIS_0"
    },
    {
        "CivilizationType": "CIVILIZATION_IROQUOIS",
        "SpyName": "TXT_KEY_SPY_NAME_IROQUOIS_1"
    },
    {
        "CivilizationType": "CIVILIZATION_IROQUOIS",
        "SpyName": "TXT_KEY_SPY_NAME_IROQUOIS_2"
    },
    {
        "CivilizationType": "CIVILIZATION_IROQUOIS",
        "SpyName": "TXT_KEY_SPY_NAME_IROQUOIS_3"
    },
    {
        "CivilizationType": "CIVILIZATION_IROQUOIS",
        "SpyName": "TXT_KEY_SPY_NAME_IROQUOIS_4"
    },
    {
        "CivilizationType": "CIVILIZATION_IROQUOIS",
        "SpyName": "TXT_KEY_SPY_NAME_IROQUOIS_5"
    },
    {
        "CivilizationType": "CIVILIZATION_IROQUOIS",
        "SpyName": "TXT_KEY_SPY_NAME_IROQUOIS_6"
    },
    {
        "CivilizationType": "CIVILIZATION_IROQUOIS",
        "SpyName": "TXT_KEY_SPY_NAME_IROQUOIS_7"
    },
    {
        "CivilizationType": "CIVILIZATION_IROQUOIS",
        "SpyName": "TXT_KEY_SPY_NAME_IROQUOIS_8"
    },
    {
        "CivilizationType": "CIVILIZATION_IROQUOIS",
        "SpyName": "TXT_KEY_SPY_NAME_IROQUOIS_9"
    },
    {
        "CivilizationType": "CIVILIZATION_JAPAN",
        "SpyName": "TXT_KEY_SPY_NAME_JAPAN_0"
    },
    {
        "CivilizationType": "CIVILIZATION_JAPAN",
        "SpyName": "TXT_KEY_SPY_NAME_JAPAN_1"
    },
    {
        "CivilizationType": "CIVILIZATION_JAPAN",
        "SpyName": "TXT_KEY_SPY_NAME_JAPAN_2"
    },
    {
        "CivilizationType": "CIVILIZATION_JAPAN",
        "SpyName": "TXT_KEY_SPY_NAME_JAPAN_3"
    },
    {
        "CivilizationType": "CIVILIZATION_JAPAN",
        "SpyName": "TXT_KEY_SPY_NAME_JAPAN_4"
    },
    {
        "CivilizationType": "CIVILIZATION_JAPAN",
        "SpyName": "TXT_KEY_SPY_NAME_JAPAN_5"
    },
    {
        "CivilizationType": "CIVILIZATION_JAPAN",
        "SpyName": "TXT_KEY_SPY_NAME_JAPAN_6"
    },
    {
        "CivilizationType": "CIVILIZATION_JAPAN",
        "SpyName": "TXT_KEY_SPY_NAME_JAPAN_7"
    },
    {
        "CivilizationType": "CIVILIZATION_JAPAN",
        "SpyName": "TXT_KEY_SPY_NAME_JAPAN_8"
    },
    {
        "CivilizationType": "CIVILIZATION_JAPAN",
        "SpyName": "TXT_KEY_SPY_NAME_JAPAN_9"
    },
    {
        "CivilizationType": "CIVILIZATION_OTTOMAN",
        "SpyName": "TXT_KEY_SPY_NAME_OTTOMAN_0"
    },
    {
        "CivilizationType": "CIVILIZATION_OTTOMAN",
        "SpyName": "TXT_KEY_SPY_NAME_OTTOMAN_1"
    },
    {
        "CivilizationType": "CIVILIZATION_OTTOMAN",
        "SpyName": "TXT_KEY_SPY_NAME_OTTOMAN_2"
    },
    {
        "CivilizationType": "CIVILIZATION_OTTOMAN",
        "SpyName": "TXT_KEY_SPY_NAME_OTTOMAN_3"
    },
    {
        "CivilizationType": "CIVILIZATION_OTTOMAN",
        "SpyName": "TXT_KEY_SPY_NAME_OTTOMAN_4"
    },
    {
        "CivilizationType": "CIVILIZATION_OTTOMAN",
        "SpyName": "TXT_KEY_SPY_NAME_OTTOMAN_5"
    },
    {
        "CivilizationType": "CIVILIZATION_OTTOMAN",
        "SpyName": "TXT_KEY_SPY_NAME_OTTOMAN_6"
    },
    {
        "CivilizationType": "CIVILIZATION_OTTOMAN",
        "SpyName": "TXT_KEY_SPY_NAME_OTTOMAN_7"
    },
    {
        "CivilizationType": "CIVILIZATION_OTTOMAN",
        "SpyName": "TXT_KEY_SPY_NAME_OTTOMAN_8"
    },
    {
        "CivilizationType": "CIVILIZATION_OTTOMAN",
        "SpyName": "TXT_KEY_SPY_NAME_OTTOMAN_9"
    },
    {
        "CivilizationType": "CIVILIZATION_PERSIA",
        "SpyName": "TXT_KEY_SPY_NAME_PERSIA_0"
    },
    {
        "CivilizationType": "CIVILIZATION_PERSIA",
        "SpyName": "TXT_KEY_SPY_NAME_PERSIA_1"
    },
    {
        "CivilizationType": "CIVILIZATION_PERSIA",
        "SpyName": "TXT_KEY_SPY_NAME_PERSIA_2"
    },
    {
        "CivilizationType": "CIVILIZATION_PERSIA",
        "SpyName": "TXT_KEY_SPY_NAME_PERSIA_3"
    },
    {
        "CivilizationType": "CIVILIZATION_PERSIA",
        "SpyName": "TXT_KEY_SPY_NAME_PERSIA_4"
    },
    {
        "CivilizationType": "CIVILIZATION_PERSIA",
        "SpyName": "TXT_KEY_SPY_NAME_PERSIA_5"
    },
    {
        "CivilizationType": "CIVILIZATION_PERSIA",
        "SpyName": "TXT_KEY_SPY_NAME_PERSIA_6"
    },
    {
        "CivilizationType": "CIVILIZATION_PERSIA",
        "SpyName": "TXT_KEY_SPY_NAME_PERSIA_7"
    },
    {
        "CivilizationType": "CIVILIZATION_PERSIA",
        "SpyName": "TXT_KEY_SPY_NAME_PERSIA_8"
    },
    {
        "CivilizationType": "CIVILIZATION_PERSIA",
        "SpyName": "TXT_KEY_SPY_NAME_PERSIA_9"
    },
    {
        "CivilizationType": "CIVILIZATION_ROME",
        "SpyName": "TXT_KEY_SPY_NAME_ROME_0"
    },
    {
        "CivilizationType": "CIVILIZATION_ROME",
        "SpyName": "TXT_KEY_SPY_NAME_ROME_1"
    },
    {
        "CivilizationType": "CIVILIZATION_ROME",
        "SpyName": "TXT_KEY_SPY_NAME_ROME_2"
    },
    {
        "CivilizationType": "CIVILIZATION_ROME",
        "SpyName": "TXT_KEY_SPY_NAME_ROME_3"
    },
    {
        "CivilizationType": "CIVILIZATION_ROME",
        "SpyName": "TXT_KEY_SPY_NAME_ROME_4"
    },
    {
        "CivilizationType": "CIVILIZATION_ROME",
        "SpyName": "TXT_KEY_SPY_NAME_ROME_5"
    },
    {
        "CivilizationType": "CIVILIZATION_ROME",
        "SpyName": "TXT_KEY_SPY_NAME_ROME_6"
    },
    {
        "CivilizationType": "CIVILIZATION_ROME",
        "SpyName": "TXT_KEY_SPY_NAME_ROME_7"
    },
    {
        "CivilizationType": "CIVILIZATION_ROME",
        "SpyName": "TXT_KEY_SPY_NAME_ROME_8"
    },
    {
        "CivilizationType": "CIVILIZATION_ROME",
        "SpyName": "TXT_KEY_SPY_NAME_ROME_9"
    },
    {
        "CivilizationType": "CIVILIZATION_RUSSIA",
        "SpyName": "TXT_KEY_SPY_NAME_RUSSIA_0"
    },
    {
        "CivilizationType": "CIVILIZATION_RUSSIA",
        "SpyName": "TXT_KEY_SPY_NAME_RUSSIA_1"
    },
    {
        "CivilizationType": "CIVILIZATION_RUSSIA",
        "SpyName": "TXT_KEY_SPY_NAME_RUSSIA_2"
    },
    {
        "CivilizationType": "CIVILIZATION_RUSSIA",
        "SpyName": "TXT_KEY_SPY_NAME_RUSSIA_3"
    },
    {
        "CivilizationType": "CIVILIZATION_RUSSIA",
        "SpyName": "TXT_KEY_SPY_NAME_RUSSIA_4"
    },
    {
        "CivilizationType": "CIVILIZATION_RUSSIA",
        "SpyName": "TXT_KEY_SPY_NAME_RUSSIA_5"
    },
    {
        "CivilizationType": "CIVILIZATION_RUSSIA",
        "SpyName": "TXT_KEY_SPY_NAME_RUSSIA_6"
    },
    {
        "CivilizationType": "CIVILIZATION_RUSSIA",
        "SpyName": "TXT_KEY_SPY_NAME_RUSSIA_7"
    },
    {
        "CivilizationType": "CIVILIZATION_RUSSIA",
        "SpyName": "TXT_KEY_SPY_NAME_RUSSIA_8"
    },
    {
        "CivilizationType": "CIVILIZATION_RUSSIA",
        "SpyName": "TXT_KEY_SPY_NAME_RUSSIA_9"
    },
    {
        "CivilizationType": "CIVILIZATION_SIAM",
        "SpyName": "TXT_KEY_SPY_NAME_SIAM_0"
    },
    {
        "CivilizationType": "CIVILIZATION_SIAM",
        "SpyName": "TXT_KEY_SPY_NAME_SIAM_1"
    },
    {
        "CivilizationType": "CIVILIZATION_SIAM",
        "SpyName": "TXT_KEY_SPY_NAME_SIAM_2"
    },
    {
        "CivilizationType": "CIVILIZATION_SIAM",
        "SpyName": "TXT_KEY_SPY_NAME_SIAM_3"
    },
    {
        "CivilizationType": "CIVILIZATION_SIAM",
        "SpyName": "TXT_KEY_SPY_NAME_SIAM_4"
    },
    {
        "CivilizationType": "CIVILIZATION_SIAM",
        "SpyName": "TXT_KEY_SPY_NAME_SIAM_5"
    },
    {
        "CivilizationType": "CIVILIZATION_SIAM",
        "SpyName": "TXT_KEY_SPY_NAME_SIAM_6"
    },
    {
        "CivilizationType": "CIVILIZATION_SIAM",
        "SpyName": "TXT_KEY_SPY_NAME_SIAM_7"
    },
    {
        "CivilizationType": "CIVILIZATION_SIAM",
        "SpyName": "TXT_KEY_SPY_NAME_SIAM_8"
    },
    {
        "CivilizationType": "CIVILIZATION_SIAM",
        "SpyName": "TXT_KEY_SPY_NAME_SIAM_9"
    },
    {
        "CivilizationType": "CIVILIZATION_SONGHAI",
        "SpyName": "TXT_KEY_SPY_NAME_SONGHAI_0"
    },
    {
        "CivilizationType": "CIVILIZATION_SONGHAI",
        "SpyName": "TXT_KEY_SPY_NAME_SONGHAI_1"
    },
    {
        "CivilizationType": "CIVILIZATION_SONGHAI",
        "SpyName": "TXT_KEY_SPY_NAME_SONGHAI_2"
    },
    {
        "CivilizationType": "CIVILIZATION_SONGHAI",
        "SpyName": "TXT_KEY_SPY_NAME_SONGHAI_3"
    },
    {
        "CivilizationType": "CIVILIZATION_SONGHAI",
        "SpyName": "TXT_KEY_SPY_NAME_SONGHAI_4"
    },
    {
        "CivilizationType": "CIVILIZATION_SONGHAI",
        "SpyName": "TXT_KEY_SPY_NAME_SONGHAI_5"
    },
    {
        "CivilizationType": "CIVILIZATION_SONGHAI",
        "SpyName": "TXT_KEY_SPY_NAME_SONGHAI_6"
    },
    {
        "CivilizationType": "CIVILIZATION_SONGHAI",
        "SpyName": "TXT_KEY_SPY_NAME_SONGHAI_7"
    },
    {
        "CivilizationType": "CIVILIZATION_SONGHAI",
        "SpyName": "TXT_KEY_SPY_NAME_SONGHAI_8"
    },
    {
        "CivilizationType": "CIVILIZATION_SONGHAI",
        "SpyName": "TXT_KEY_SPY_NAME_SONGHAI_9"
    },
    {
        "CivilizationType": "CIVILIZATION_MONGOL",
        "SpyName": "TXT_KEY_SPY_NAME_MONGOL_0"
    },
    {
        "CivilizationType": "CIVILIZATION_MONGOL",
        "SpyName": "TXT_KEY_SPY_NAME_MONGOL_1"
    },
    {
        "CivilizationType": "CIVILIZATION_MONGOL",
        "SpyName": "TXT_KEY_SPY_NAME_MONGOL_2"
    },
    {
        "CivilizationType": "CIVILIZATION_MONGOL",
        "SpyName": "TXT_KEY_SPY_NAME_MONGOL_3"
    },
    {
        "CivilizationType": "CIVILIZATION_MONGOL",
        "SpyName": "TXT_KEY_SPY_NAME_MONGOL_4"
    },
    {
        "CivilizationType": "CIVILIZATION_MONGOL",
        "SpyName": "TXT_KEY_SPY_NAME_MONGOL_5"
    },
    {
        "CivilizationType": "CIVILIZATION_MONGOL",
        "SpyName": "TXT_KEY_SPY_NAME_MONGOL_6"
    },
    {
        "CivilizationType": "CIVILIZATION_MONGOL",
        "SpyName": "TXT_KEY_SPY_NAME_MONGOL_7"
    },
    {
        "CivilizationType": "CIVILIZATION_MONGOL",
        "SpyName": "TXT_KEY_SPY_NAME_MONGOL_8"
    },
    {
        "CivilizationType": "CIVILIZATION_MONGOL",
        "SpyName": "TXT_KEY_SPY_NAME_MONGOL_9"
    },
    {
        "CivilizationType": "CIVILIZATION_INCA",
        "SpyName": "TXT_KEY_SPY_NAME_INCA_0"
    },
    {
        "CivilizationType": "CIVILIZATION_INCA",
        "SpyName": "TXT_KEY_SPY_NAME_INCA_1"
    },
    {
        "CivilizationType": "CIVILIZATION_INCA",
        "SpyName": "TXT_KEY_SPY_NAME_INCA_2"
    },
    {
        "CivilizationType": "CIVILIZATION_INCA",
        "SpyName": "TXT_KEY_SPY_NAME_INCA_3"
    },
    {
        "CivilizationType": "CIVILIZATION_INCA",
        "SpyName": "TXT_KEY_SPY_NAME_INCA_4"
    },
    {
        "CivilizationType": "CIVILIZATION_INCA",
        "SpyName": "TXT_KEY_SPY_NAME_INCA_5"
    },
    {
        "CivilizationType": "CIVILIZATION_INCA",
        "SpyName": "TXT_KEY_SPY_NAME_INCA_6"
    },
    {
        "CivilizationType": "CIVILIZATION_INCA",
        "SpyName": "TXT_KEY_SPY_NAME_INCA_7"
    },
    {
        "CivilizationType": "CIVILIZATION_INCA",
        "SpyName": "TXT_KEY_SPY_NAME_INCA_8"
    },
    {
        "CivilizationType": "CIVILIZATION_INCA",
        "SpyName": "TXT_KEY_SPY_NAME_INCA_9"
    },
    {
        "CivilizationType": "CIVILIZATION_POLYNESIA",
        "SpyName": "TXT_KEY_SPY_NAME_POLYNESIA_0"
    },
    {
        "CivilizationType": "CIVILIZATION_POLYNESIA",
        "SpyName": "TXT_KEY_SPY_NAME_POLYNESIA_1"
    },
    {
        "CivilizationType": "CIVILIZATION_POLYNESIA",
        "SpyName": "TXT_KEY_SPY_NAME_POLYNESIA_2"
    },
    {
        "CivilizationType": "CIVILIZATION_POLYNESIA",
        "SpyName": "TXT_KEY_SPY_NAME_POLYNESIA_3"
    },
    {
        "CivilizationType": "CIVILIZATION_POLYNESIA",
        "SpyName": "TXT_KEY_SPY_NAME_POLYNESIA_4"
    },
    {
        "CivilizationType": "CIVILIZATION_POLYNESIA",
        "SpyName": "TXT_KEY_SPY_NAME_POLYNESIA_5"
    },
    {
        "CivilizationType": "CIVILIZATION_POLYNESIA",
        "SpyName": "TXT_KEY_SPY_NAME_POLYNESIA_6"
    },
    {
        "CivilizationType": "CIVILIZATION_POLYNESIA",
        "SpyName": "TXT_KEY_SPY_NAME_POLYNESIA_7"
    },
    {
        "CivilizationType": "CIVILIZATION_POLYNESIA",
        "SpyName": "TXT_KEY_SPY_NAME_POLYNESIA_8"
    },
    {
        "CivilizationType": "CIVILIZATION_POLYNESIA",
        "SpyName": "TXT_KEY_SPY_NAME_POLYNESIA_9"
    },
    {
        "CivilizationType": "CIVILIZATION_DENMARK",
        "SpyName": "TXT_KEY_SPY_NAME_DENMARK_0"
    },
    {
        "CivilizationType": "CIVILIZATION_DENMARK",
        "SpyName": "TXT_KEY_SPY_NAME_DENMARK_1"
    },
    {
        "CivilizationType": "CIVILIZATION_DENMARK",
        "SpyName": "TXT_KEY_SPY_NAME_DENMARK_2"
    },
    {
        "CivilizationType": "CIVILIZATION_DENMARK",
        "SpyName": "TXT_KEY_SPY_NAME_DENMARK_3"
    },
    {
        "CivilizationType": "CIVILIZATION_DENMARK",
        "SpyName": "TXT_KEY_SPY_NAME_DENMARK_4"
    },
    {
        "CivilizationType": "CIVILIZATION_DENMARK",
        "SpyName": "TXT_KEY_SPY_NAME_DENMARK_5"
    },
    {
        "CivilizationType": "CIVILIZATION_DENMARK",
        "SpyName": "TXT_KEY_SPY_NAME_DENMARK_6"
    },
    {
        "CivilizationType": "CIVILIZATION_DENMARK",
        "SpyName": "TXT_KEY_SPY_NAME_DENMARK_7"
    },
    {
        "CivilizationType": "CIVILIZATION_DENMARK",
        "SpyName": "TXT_KEY_SPY_NAME_DENMARK_8"
    },
    {
        "CivilizationType": "CIVILIZATION_DENMARK",
        "SpyName": "TXT_KEY_SPY_NAME_DENMARK_9"
    },
    {
        "CivilizationType": "CIVILIZATION_KOREA",
        "SpyName": "TXT_KEY_SPY_NAME_KOREA_0"
    },
    {
        "CivilizationType": "CIVILIZATION_KOREA",
        "SpyName": "TXT_KEY_SPY_NAME_KOREA_1"
    },
    {
        "CivilizationType": "CIVILIZATION_KOREA",
        "SpyName": "TXT_KEY_SPY_NAME_KOREA_2"
    },
    {
        "CivilizationType": "CIVILIZATION_KOREA",
        "SpyName": "TXT_KEY_SPY_NAME_KOREA_3"
    },
    {
        "CivilizationType": "CIVILIZATION_KOREA",
        "SpyName": "TXT_KEY_SPY_NAME_KOREA_4"
    },
    {
        "CivilizationType": "CIVILIZATION_KOREA",
        "SpyName": "TXT_KEY_SPY_NAME_KOREA_5"
    },
    {
        "CivilizationType": "CIVILIZATION_KOREA",
        "SpyName": "TXT_KEY_SPY_NAME_KOREA_6"
    },
    {
        "CivilizationType": "CIVILIZATION_KOREA",
        "SpyName": "TXT_KEY_SPY_NAME_KOREA_7"
    },
    {
        "CivilizationType": "CIVILIZATION_KOREA",
        "SpyName": "TXT_KEY_SPY_NAME_KOREA_8"
    },
    {
        "CivilizationType": "CIVILIZATION_KOREA",
        "SpyName": "TXT_KEY_SPY_NAME_KOREA_9"
    },
    {
        "CivilizationType": "CIVILIZATION_BABYLON",
        "SpyName": "TXT_KEY_SPY_NAME_BABYLON_0"
    },
    {
        "CivilizationType": "CIVILIZATION_BABYLON",
        "SpyName": "TXT_KEY_SPY_NAME_BABYLON_1"
    },
    {
        "CivilizationType": "CIVILIZATION_BABYLON",
        "SpyName": "TXT_KEY_SPY_NAME_BABYLON_2"
    },
    {
        "CivilizationType": "CIVILIZATION_BABYLON",
        "SpyName": "TXT_KEY_SPY_NAME_BABYLON_3"
    },
    {
        "CivilizationType": "CIVILIZATION_BABYLON",
        "SpyName": "TXT_KEY_SPY_NAME_BABYLON_4"
    },
    {
        "CivilizationType": "CIVILIZATION_BABYLON",
        "SpyName": "TXT_KEY_SPY_NAME_BABYLON_5"
    },
    {
        "CivilizationType": "CIVILIZATION_BABYLON",
        "SpyName": "TXT_KEY_SPY_NAME_BABYLON_6"
    },
    {
        "CivilizationType": "CIVILIZATION_BABYLON",
        "SpyName": "TXT_KEY_SPY_NAME_BABYLON_7"
    },
    {
        "CivilizationType": "CIVILIZATION_BABYLON",
        "SpyName": "TXT_KEY_SPY_NAME_BABYLON_8"
    },
    {
        "CivilizationType": "CIVILIZATION_BABYLON",
        "SpyName": "TXT_KEY_SPY_NAME_BABYLON_9"
    },
    {
        "CivilizationType": "CIVILIZATION_AUSTRIA",
        "SpyName": "TXT_KEY_SPY_NAME_AUSTRIA_0"
    },
    {
        "CivilizationType": "CIVILIZATION_AUSTRIA",
        "SpyName": "TXT_KEY_SPY_NAME_AUSTRIA_1"
    },
    {
        "CivilizationType": "CIVILIZATION_AUSTRIA",
        "SpyName": "TXT_KEY_SPY_NAME_AUSTRIA_2"
    },
    {
        "CivilizationType": "CIVILIZATION_AUSTRIA",
        "SpyName": "TXT_KEY_SPY_NAME_AUSTRIA_3"
    },
    {
        "CivilizationType": "CIVILIZATION_AUSTRIA",
        "SpyName": "TXT_KEY_SPY_NAME_AUSTRIA_4"
    },
    {
        "CivilizationType": "CIVILIZATION_AUSTRIA",
        "SpyName": "TXT_KEY_SPY_NAME_AUSTRIA_5"
    },
    {
        "CivilizationType": "CIVILIZATION_AUSTRIA",
        "SpyName": "TXT_KEY_SPY_NAME_AUSTRIA_6"
    },
    {
        "CivilizationType": "CIVILIZATION_AUSTRIA",
        "SpyName": "TXT_KEY_SPY_NAME_AUSTRIA_7"
    },
    {
        "CivilizationType": "CIVILIZATION_AUSTRIA",
        "SpyName": "TXT_KEY_SPY_NAME_AUSTRIA_8"
    },
    {
        "CivilizationType": "CIVILIZATION_AUSTRIA",
        "SpyName": "TXT_KEY_SPY_NAME_AUSTRIA_9"
    },
    {
        "CivilizationType": "CIVILIZATION_BYZANTIUM",
        "SpyName": "TXT_KEY_SPY_NAME_BYZANTIUM_0"
    },
    {
        "CivilizationType": "CIVILIZATION_BYZANTIUM",
        "SpyName": "TXT_KEY_SPY_NAME_BYZANTIUM_1"
    },
    {
        "CivilizationType": "CIVILIZATION_BYZANTIUM",
        "SpyName": "TXT_KEY_SPY_NAME_BYZANTIUM_2"
    },
    {
        "CivilizationType": "CIVILIZATION_BYZANTIUM",
        "SpyName": "TXT_KEY_SPY_NAME_BYZANTIUM_3"
    },
    {
        "CivilizationType": "CIVILIZATION_BYZANTIUM",
        "SpyName": "TXT_KEY_SPY_NAME_BYZANTIUM_4"
    },
    {
        "CivilizationType": "CIVILIZATION_BYZANTIUM",
        "SpyName": "TXT_KEY_SPY_NAME_BYZANTIUM_5"
    },
    {
        "CivilizationType": "CIVILIZATION_BYZANTIUM",
        "SpyName": "TXT_KEY_SPY_NAME_BYZANTIUM_6"
    },
    {
        "CivilizationType": "CIVILIZATION_BYZANTIUM",
        "SpyName": "TXT_KEY_SPY_NAME_BYZANTIUM_7"
    },
    {
        "CivilizationType": "CIVILIZATION_BYZANTIUM",
        "SpyName": "TXT_KEY_SPY_NAME_BYZANTIUM_8"
    },
    {
        "CivilizationType": "CIVILIZATION_BYZANTIUM",
        "SpyName": "TXT_KEY_SPY_NAME_BYZANTIUM_9"
    },
    {
        "CivilizationType": "CIVILIZATION_CARTHAGE",
        "SpyName": "TXT_KEY_SPY_NAME_CARTHAGE_0"
    },
    {
        "CivilizationType": "CIVILIZATION_CARTHAGE",
        "SpyName": "TXT_KEY_SPY_NAME_CARTHAGE_1"
    },
    {
        "CivilizationType": "CIVILIZATION_CARTHAGE",
        "SpyName": "TXT_KEY_SPY_NAME_CARTHAGE_2"
    },
    {
        "CivilizationType": "CIVILIZATION_CARTHAGE",
        "SpyName": "TXT_KEY_SPY_NAME_CARTHAGE_3"
    },
    {
        "CivilizationType": "CIVILIZATION_CARTHAGE",
        "SpyName": "TXT_KEY_SPY_NAME_CARTHAGE_4"
    },
    {
        "CivilizationType": "CIVILIZATION_CARTHAGE",
        "SpyName": "TXT_KEY_SPY_NAME_CARTHAGE_5"
    },
    {
        "CivilizationType": "CIVILIZATION_CARTHAGE",
        "SpyName": "TXT_KEY_SPY_NAME_CARTHAGE_6"
    },
    {
        "CivilizationType": "CIVILIZATION_CARTHAGE",
        "SpyName": "TXT_KEY_SPY_NAME_CARTHAGE_7"
    },
    {
        "CivilizationType": "CIVILIZATION_CARTHAGE",
        "SpyName": "TXT_KEY_SPY_NAME_CARTHAGE_8"
    },
    {
        "CivilizationType": "CIVILIZATION_CARTHAGE",
        "SpyName": "TXT_KEY_SPY_NAME_CARTHAGE_9"
    },
    {
        "CivilizationType": "CIVILIZATION_CELTS",
        "SpyName": "TXT_KEY_SPY_NAME_CELTS_0"
    },
    {
        "CivilizationType": "CIVILIZATION_CELTS",
        "SpyName": "TXT_KEY_SPY_NAME_CELTS_1"
    },
    {
        "CivilizationType": "CIVILIZATION_CELTS",
        "SpyName": "TXT_KEY_SPY_NAME_CELTS_2"
    },
    {
        "CivilizationType": "CIVILIZATION_CELTS",
        "SpyName": "TXT_KEY_SPY_NAME_CELTS_3"
    },
    {
        "CivilizationType": "CIVILIZATION_CELTS",
        "SpyName": "TXT_KEY_SPY_NAME_CELTS_4"
    },
    {
        "CivilizationType": "CIVILIZATION_CELTS",
        "SpyName": "TXT_KEY_SPY_NAME_CELTS_5"
    },
    {
        "CivilizationType": "CIVILIZATION_CELTS",
        "SpyName": "TXT_KEY_SPY_NAME_CELTS_6"
    },
    {
        "CivilizationType": "CIVILIZATION_CELTS",
        "SpyName": "TXT_KEY_SPY_NAME_CELTS_7"
    },
    {
        "CivilizationType": "CIVILIZATION_CELTS",
        "SpyName": "TXT_KEY_SPY_NAME_CELTS_8"
    },
    {
        "CivilizationType": "CIVILIZATION_CELTS",
        "SpyName": "TXT_KEY_SPY_NAME_CELTS_9"
    },
    {
        "CivilizationType": "CIVILIZATION_HUNS",
        "SpyName": "TXT_KEY_SPY_NAME_HUNS_0"
    },
    {
        "CivilizationType": "CIVILIZATION_HUNS",
        "SpyName": "TXT_KEY_SPY_NAME_HUNS_1"
    },
    {
        "CivilizationType": "CIVILIZATION_HUNS",
        "SpyName": "TXT_KEY_SPY_NAME_HUNS_2"
    },
    {
        "CivilizationType": "CIVILIZATION_HUNS",
        "SpyName": "TXT_KEY_SPY_NAME_HUNS_3"
    },
    {
        "CivilizationType": "CIVILIZATION_HUNS",
        "SpyName": "TXT_KEY_SPY_NAME_HUNS_4"
    },
    {
        "CivilizationType": "CIVILIZATION_HUNS",
        "SpyName": "TXT_KEY_SPY_NAME_HUNS_5"
    },
    {
        "CivilizationType": "CIVILIZATION_HUNS",
        "SpyName": "TXT_KEY_SPY_NAME_HUNS_6"
    },
    {
        "CivilizationType": "CIVILIZATION_HUNS",
        "SpyName": "TXT_KEY_SPY_NAME_HUNS_7"
    },
    {
        "CivilizationType": "CIVILIZATION_HUNS",
        "SpyName": "TXT_KEY_SPY_NAME_HUNS_8"
    },
    {
        "CivilizationType": "CIVILIZATION_HUNS",
        "SpyName": "TXT_KEY_SPY_NAME_HUNS_9"
    },
    {
        "CivilizationType": "CIVILIZATION_MAYA",
        "SpyName": "TXT_KEY_SPY_NAME_MAYA_0"
    },
    {
        "CivilizationType": "CIVILIZATION_MAYA",
        "SpyName": "TXT_KEY_SPY_NAME_MAYA_1"
    },
    {
        "CivilizationType": "CIVILIZATION_MAYA",
        "SpyName": "TXT_KEY_SPY_NAME_MAYA_2"
    },
    {
        "CivilizationType": "CIVILIZATION_MAYA",
        "SpyName": "TXT_KEY_SPY_NAME_MAYA_3"
    },
    {
        "CivilizationType": "CIVILIZATION_MAYA",
        "SpyName": "TXT_KEY_SPY_NAME_MAYA_4"
    },
    {
        "CivilizationType": "CIVILIZATION_MAYA",
        "SpyName": "TXT_KEY_SPY_NAME_MAYA_5"
    },
    {
        "CivilizationType": "CIVILIZATION_MAYA",
        "SpyName": "TXT_KEY_SPY_NAME_MAYA_6"
    },
    {
        "CivilizationType": "CIVILIZATION_MAYA",
        "SpyName": "TXT_KEY_SPY_NAME_MAYA_7"
    },
    {
        "CivilizationType": "CIVILIZATION_MAYA",
        "SpyName": "TXT_KEY_SPY_NAME_MAYA_8"
    },
    {
        "CivilizationType": "CIVILIZATION_MAYA",
        "SpyName": "TXT_KEY_SPY_NAME_MAYA_9"
    },
    {
        "CivilizationType": "CIVILIZATION_NETHERLANDS",
        "SpyName": "TXT_KEY_SPY_NAME_NETHERLANDS_0"
    },
    {
        "CivilizationType": "CIVILIZATION_NETHERLANDS",
        "SpyName": "TXT_KEY_SPY_NAME_NETHERLANDS_1"
    },
    {
        "CivilizationType": "CIVILIZATION_NETHERLANDS",
        "SpyName": "TXT_KEY_SPY_NAME_NETHERLANDS_2"
    },
    {
        "CivilizationType": "CIVILIZATION_NETHERLANDS",
        "SpyName": "TXT_KEY_SPY_NAME_NETHERLANDS_3"
    },
    {
        "CivilizationType": "CIVILIZATION_NETHERLANDS",
        "SpyName": "TXT_KEY_SPY_NAME_NETHERLANDS_4"
    },
    {
        "CivilizationType": "CIVILIZATION_NETHERLANDS",
        "SpyName": "TXT_KEY_SPY_NAME_NETHERLANDS_5"
    },
    {
        "CivilizationType": "CIVILIZATION_NETHERLANDS",
        "SpyName": "TXT_KEY_SPY_NAME_NETHERLANDS_6"
    },
    {
        "CivilizationType": "CIVILIZATION_NETHERLANDS",
        "SpyName": "TXT_KEY_SPY_NAME_NETHERLANDS_7"
    },
    {
        "CivilizationType": "CIVILIZATION_NETHERLANDS",
        "SpyName": "TXT_KEY_SPY_NAME_NETHERLANDS_8"
    },
    {
        "CivilizationType": "CIVILIZATION_NETHERLANDS",
        "SpyName": "TXT_KEY_SPY_NAME_NETHERLANDS_9"
    },
    {
        "CivilizationType": "CIVILIZATION_SWEDEN",
        "SpyName": "TXT_KEY_SPY_NAME_SWEDEN_0"
    },
    {
        "CivilizationType": "CIVILIZATION_SWEDEN",
        "SpyName": "TXT_KEY_SPY_NAME_SWEDEN_1"
    },
    {
        "CivilizationType": "CIVILIZATION_SWEDEN",
        "SpyName": "TXT_KEY_SPY_NAME_SWEDEN_2"
    },
    {
        "CivilizationType": "CIVILIZATION_SWEDEN",
        "SpyName": "TXT_KEY_SPY_NAME_SWEDEN_3"
    },
    {
        "CivilizationType": "CIVILIZATION_SWEDEN",
        "SpyName": "TXT_KEY_SPY_NAME_SWEDEN_4"
    },
    {
        "CivilizationType": "CIVILIZATION_SWEDEN",
        "SpyName": "TXT_KEY_SPY_NAME_SWEDEN_5"
    },
    {
        "CivilizationType": "CIVILIZATION_SWEDEN",
        "SpyName": "TXT_KEY_SPY_NAME_SWEDEN_6"
    },
    {
        "CivilizationType": "CIVILIZATION_SWEDEN",
        "SpyName": "TXT_KEY_SPY_NAME_SWEDEN_7"
    },
    {
        "CivilizationType": "CIVILIZATION_SWEDEN",
        "SpyName": "TXT_KEY_SPY_NAME_SWEDEN_8"
    },
    {
        "CivilizationType": "CIVILIZATION_SWEDEN",
        "SpyName": "TXT_KEY_SPY_NAME_SWEDEN_9"
    },
    {
        "CivilizationType": "CIVILIZATION_SPAIN",
        "SpyName": "TXT_KEY_SPY_NAME_SPAIN_0"
    },
    {
        "CivilizationType": "CIVILIZATION_SPAIN",
        "SpyName": "TXT_KEY_SPY_NAME_SPAIN_1"
    },
    {
        "CivilizationType": "CIVILIZATION_SPAIN",
        "SpyName": "TXT_KEY_SPY_NAME_SPAIN_2"
    },
    {
        "CivilizationType": "CIVILIZATION_SPAIN",
        "SpyName": "TXT_KEY_SPY_NAME_SPAIN_3"
    },
    {
        "CivilizationType": "CIVILIZATION_SPAIN",
        "SpyName": "TXT_KEY_SPY_NAME_SPAIN_4"
    },
    {
        "CivilizationType": "CIVILIZATION_SPAIN",
        "SpyName": "TXT_KEY_SPY_NAME_SPAIN_5"
    },
    {
        "CivilizationType": "CIVILIZATION_SPAIN",
        "SpyName": "TXT_KEY_SPY_NAME_SPAIN_6"
    },
    {
        "CivilizationType": "CIVILIZATION_SPAIN",
        "SpyName": "TXT_KEY_SPY_NAME_SPAIN_7"
    },
    {
        "CivilizationType": "CIVILIZATION_SPAIN",
        "SpyName": "TXT_KEY_SPY_NAME_SPAIN_8"
    },
    {
        "CivilizationType": "CIVILIZATION_SPAIN",
        "SpyName": "TXT_KEY_SPY_NAME_SPAIN_9"
    },
    {
        "CivilizationType": "CIVILIZATION_ETHIOPIA",
        "SpyName": "TXT_KEY_SPY_NAME_ETHIOPIA_0"
    },
    {
        "CivilizationType": "CIVILIZATION_ETHIOPIA",
        "SpyName": "TXT_KEY_SPY_NAME_ETHIOPIA_1"
    },
    {
        "CivilizationType": "CIVILIZATION_ETHIOPIA",
        "SpyName": "TXT_KEY_SPY_NAME_ETHIOPIA_2"
    },
    {
        "CivilizationType": "CIVILIZATION_ETHIOPIA",
        "SpyName": "TXT_KEY_SPY_NAME_ETHIOPIA_3"
    },
    {
        "CivilizationType": "CIVILIZATION_ETHIOPIA",
        "SpyName": "TXT_KEY_SPY_NAME_ETHIOPIA_4"
    },
    {
        "CivilizationType": "CIVILIZATION_ETHIOPIA",
        "SpyName": "TXT_KEY_SPY_NAME_ETHIOPIA_5"
    },
    {
        "CivilizationType": "CIVILIZATION_ETHIOPIA",
        "SpyName": "TXT_KEY_SPY_NAME_ETHIOPIA_6"
    },
    {
        "CivilizationType": "CIVILIZATION_ETHIOPIA",
        "SpyName": "TXT_KEY_SPY_NAME_ETHIOPIA_7"
    },
    {
        "CivilizationType": "CIVILIZATION_ETHIOPIA",
        "SpyName": "TXT_KEY_SPY_NAME_ETHIOPIA_8"
    },
    {
        "CivilizationType": "CIVILIZATION_ETHIOPIA",
        "SpyName": "TXT_KEY_SPY_NAME_ETHIOPIA_9"
    },
    {
        "CivilizationType": "CIVILIZATION_ASSYRIA",
        "SpyName": "TXT_KEY_SPY_NAME_ASSYRIA_0"
    },
    {
        "CivilizationType": "CIVILIZATION_ASSYRIA",
        "SpyName": "TXT_KEY_SPY_NAME_ASSYRIA_1"
    },
    {
        "CivilizationType": "CIVILIZATION_ASSYRIA",
        "SpyName": "TXT_KEY_SPY_NAME_ASSYRIA_2"
    },
    {
        "CivilizationType": "CIVILIZATION_ASSYRIA",
        "SpyName": "TXT_KEY_SPY_NAME_ASSYRIA_3"
    },
    {
        "CivilizationType": "CIVILIZATION_ASSYRIA",
        "SpyName": "TXT_KEY_SPY_NAME_ASSYRIA_4"
    },
    {
        "CivilizationType": "CIVILIZATION_ASSYRIA",
        "SpyName": "TXT_KEY_SPY_NAME_ASSYRIA_5"
    },
    {
        "CivilizationType": "CIVILIZATION_ASSYRIA",
        "SpyName": "TXT_KEY_SPY_NAME_ASSYRIA_6"
    },
    {
        "CivilizationType": "CIVILIZATION_ASSYRIA",
        "SpyName": "TXT_KEY_SPY_NAME_ASSYRIA_7"
    },
    {
        "CivilizationType": "CIVILIZATION_ASSYRIA",
        "SpyName": "TXT_KEY_SPY_NAME_ASSYRIA_8"
    },
    {
        "CivilizationType": "CIVILIZATION_ASSYRIA",
        "SpyName": "TXT_KEY_SPY_NAME_ASSYRIA_9"
    },
    {
        "CivilizationType": "CIVILIZATION_BRAZIL",
        "SpyName": "TXT_KEY_SPY_NAME_BRAZIL_0"
    },
    {
        "CivilizationType": "CIVILIZATION_BRAZIL",
        "SpyName": "TXT_KEY_SPY_NAME_BRAZIL_1"
    },
    {
        "CivilizationType": "CIVILIZATION_BRAZIL",
        "SpyName": "TXT_KEY_SPY_NAME_BRAZIL_2"
    },
    {
        "CivilizationType": "CIVILIZATION_BRAZIL",
        "SpyName": "TXT_KEY_SPY_NAME_BRAZIL_3"
    },
    {
        "CivilizationType": "CIVILIZATION_BRAZIL",
        "SpyName": "TXT_KEY_SPY_NAME_BRAZIL_4"
    },
    {
        "CivilizationType": "CIVILIZATION_BRAZIL",
        "SpyName": "TXT_KEY_SPY_NAME_BRAZIL_5"
    },
    {
        "CivilizationType": "CIVILIZATION_BRAZIL",
        "SpyName": "TXT_KEY_SPY_NAME_BRAZIL_6"
    },
    {
        "CivilizationType": "CIVILIZATION_BRAZIL",
        "SpyName": "TXT_KEY_SPY_NAME_BRAZIL_7"
    },
    {
        "CivilizationType": "CIVILIZATION_BRAZIL",
        "SpyName": "TXT_KEY_SPY_NAME_BRAZIL_8"
    },
    {
        "CivilizationType": "CIVILIZATION_BRAZIL",
        "SpyName": "TXT_KEY_SPY_NAME_BRAZIL_9"
    },
    {
        "CivilizationType": "CIVILIZATION_INDONESIA",
        "SpyName": "TXT_KEY_SPY_NAME_INDONESIA_0"
    },
    {
        "CivilizationType": "CIVILIZATION_INDONESIA",
        "SpyName": "TXT_KEY_SPY_NAME_INDONESIA_1"
    },
    {
        "CivilizationType": "CIVILIZATION_INDONESIA",
        "SpyName": "TXT_KEY_SPY_NAME_INDONESIA_2"
    },
    {
        "CivilizationType": "CIVILIZATION_INDONESIA",
        "SpyName": "TXT_KEY_SPY_NAME_INDONESIA_3"
    },
    {
        "CivilizationType": "CIVILIZATION_INDONESIA",
        "SpyName": "TXT_KEY_SPY_NAME_INDONESIA_4"
    },
    {
        "CivilizationType": "CIVILIZATION_INDONESIA",
        "SpyName": "TXT_KEY_SPY_NAME_INDONESIA_5"
    },
    {
        "CivilizationType": "CIVILIZATION_INDONESIA",
        "SpyName": "TXT_KEY_SPY_NAME_INDONESIA_6"
    },
    {
        "CivilizationType": "CIVILIZATION_INDONESIA",
        "SpyName": "TXT_KEY_SPY_NAME_INDONESIA_7"
    },
    {
        "CivilizationType": "CIVILIZATION_INDONESIA",
        "SpyName": "TXT_KEY_SPY_NAME_INDONESIA_8"
    },
    {
        "CivilizationType": "CIVILIZATION_INDONESIA",
        "SpyName": "TXT_KEY_SPY_NAME_INDONESIA_9"
    },
    {
        "CivilizationType": "CIVILIZATION_MOROCCO",
        "SpyName": "TXT_KEY_SPY_NAME_MOROCCO_0"
    },
    {
        "CivilizationType": "CIVILIZATION_MOROCCO",
        "SpyName": "TXT_KEY_SPY_NAME_MOROCCO_1"
    },
    {
        "CivilizationType": "CIVILIZATION_MOROCCO",
        "SpyName": "TXT_KEY_SPY_NAME_MOROCCO_2"
    },
    {
        "CivilizationType": "CIVILIZATION_MOROCCO",
        "SpyName": "TXT_KEY_SPY_NAME_MOROCCO_3"
    },
    {
        "CivilizationType": "CIVILIZATION_MOROCCO",
        "SpyName": "TXT_KEY_SPY_NAME_MOROCCO_4"
    },
    {
        "CivilizationType": "CIVILIZATION_MOROCCO",
        "SpyName": "TXT_KEY_SPY_NAME_MOROCCO_5"
    },
    {
        "CivilizationType": "CIVILIZATION_MOROCCO",
        "SpyName": "TXT_KEY_SPY_NAME_MOROCCO_6"
    },
    {
        "CivilizationType": "CIVILIZATION_MOROCCO",
        "SpyName": "TXT_KEY_SPY_NAME_MOROCCO_7"
    },
    {
        "CivilizationType": "CIVILIZATION_MOROCCO",
        "SpyName": "TXT_KEY_SPY_NAME_MOROCCO_8"
    },
    {
        "CivilizationType": "CIVILIZATION_MOROCCO",
        "SpyName": "TXT_KEY_SPY_NAME_MOROCCO_9"
    },
    {
        "CivilizationType": "CIVILIZATION_POLAND",
        "SpyName": "TXT_KEY_SPY_NAME_POLAND_0"
    },
    {
        "CivilizationType": "CIVILIZATION_POLAND",
        "SpyName": "TXT_KEY_SPY_NAME_POLAND_1"
    },
    {
        "CivilizationType": "CIVILIZATION_POLAND",
        "SpyName": "TXT_KEY_SPY_NAME_POLAND_2"
    },
    {
        "CivilizationType": "CIVILIZATION_POLAND",
        "SpyName": "TXT_KEY_SPY_NAME_POLAND_3"
    },
    {
        "CivilizationType": "CIVILIZATION_POLAND",
        "SpyName": "TXT_KEY_SPY_NAME_POLAND_4"
    },
    {
        "CivilizationType": "CIVILIZATION_POLAND",
        "SpyName": "TXT_KEY_SPY_NAME_POLAND_5"
    },
    {
        "CivilizationType": "CIVILIZATION_POLAND",
        "SpyName": "TXT_KEY_SPY_NAME_POLAND_6"
    },
    {
        "CivilizationType": "CIVILIZATION_POLAND",
        "SpyName": "TXT_KEY_SPY_NAME_POLAND_7"
    },
    {
        "CivilizationType": "CIVILIZATION_POLAND",
        "SpyName": "TXT_KEY_SPY_NAME_POLAND_8"
    },
    {
        "CivilizationType": "CIVILIZATION_POLAND",
        "SpyName": "TXT_KEY_SPY_NAME_POLAND_9"
    },
    {
        "CivilizationType": "CIVILIZATION_PORTUGAL",
        "SpyName": "TXT_KEY_SPY_NAME_PORTUGAL_0"
    },
    {
        "CivilizationType": "CIVILIZATION_PORTUGAL",
        "SpyName": "TXT_KEY_SPY_NAME_PORTUGAL_1"
    },
    {
        "CivilizationType": "CIVILIZATION_PORTUGAL",
        "SpyName": "TXT_KEY_SPY_NAME_PORTUGAL_2"
    },
    {
        "CivilizationType": "CIVILIZATION_PORTUGAL",
        "SpyName": "TXT_KEY_SPY_NAME_PORTUGAL_3"
    },
    {
        "CivilizationType": "CIVILIZATION_PORTUGAL",
        "SpyName": "TXT_KEY_SPY_NAME_PORTUGAL_4"
    },
    {
        "CivilizationType": "CIVILIZATION_PORTUGAL",
        "SpyName": "TXT_KEY_SPY_NAME_PORTUGAL_5"
    },
    {
        "CivilizationType": "CIVILIZATION_PORTUGAL",
        "SpyName": "TXT_KEY_SPY_NAME_PORTUGAL_6"
    },
    {
        "CivilizationType": "CIVILIZATION_PORTUGAL",
        "SpyName": "TXT_KEY_SPY_NAME_PORTUGAL_7"
    },
    {
        "CivilizationType": "CIVILIZATION_PORTUGAL",
        "SpyName": "TXT_KEY_SPY_NAME_PORTUGAL_8"
    },
    {
        "CivilizationType": "CIVILIZATION_PORTUGAL",
        "SpyName": "TXT_KEY_SPY_NAME_PORTUGAL_9"
    },
    {
        "CivilizationType": "CIVILIZATION_SHOSHONE",
        "SpyName": "TXT_KEY_SPY_NAME_SHOSHONE_0"
    },
    {
        "CivilizationType": "CIVILIZATION_SHOSHONE",
        "SpyName": "TXT_KEY_SPY_NAME_SHOSHONE_1"
    },
    {
        "CivilizationType": "CIVILIZATION_SHOSHONE",
        "SpyName": "TXT_KEY_SPY_NAME_SHOSHONE_2"
    },
    {
        "CivilizationType": "CIVILIZATION_SHOSHONE",
        "SpyName": "TXT_KEY_SPY_NAME_SHOSHONE_3"
    },
    {
        "CivilizationType": "CIVILIZATION_SHOSHONE",
        "SpyName": "TXT_KEY_SPY_NAME_SHOSHONE_4"
    },
    {
        "CivilizationType": "CIVILIZATION_SHOSHONE",
        "SpyName": "TXT_KEY_SPY_NAME_SHOSHONE_5"
    },
    {
        "CivilizationType": "CIVILIZATION_SHOSHONE",
        "SpyName": "TXT_KEY_SPY_NAME_SHOSHONE_6"
    },
    {
        "CivilizationType": "CIVILIZATION_SHOSHONE",
        "SpyName": "TXT_KEY_SPY_NAME_SHOSHONE_7"
    },
    {
        "CivilizationType": "CIVILIZATION_SHOSHONE",
        "SpyName": "TXT_KEY_SPY_NAME_SHOSHONE_8"
    },
    {
        "CivilizationType": "CIVILIZATION_SHOSHONE",
        "SpyName": "TXT_KEY_SPY_NAME_SHOSHONE_9"
    },
    {
        "CivilizationType": "CIVILIZATION_VENICE",
        "SpyName": "TXT_KEY_SPY_NAME_VENICE_0"
    },
    {
        "CivilizationType": "CIVILIZATION_VENICE",
        "SpyName": "TXT_KEY_SPY_NAME_VENICE_1"
    },
    {
        "CivilizationType": "CIVILIZATION_VENICE",
        "SpyName": "TXT_KEY_SPY_NAME_VENICE_2"
    },
    {
        "CivilizationType": "CIVILIZATION_VENICE",
        "SpyName": "TXT_KEY_SPY_NAME_VENICE_3"
    },
    {
        "CivilizationType": "CIVILIZATION_VENICE",
        "SpyName": "TXT_KEY_SPY_NAME_VENICE_4"
    },
    {
        "CivilizationType": "CIVILIZATION_VENICE",
        "SpyName": "TXT_KEY_SPY_NAME_VENICE_5"
    },
    {
        "CivilizationType": "CIVILIZATION_VENICE",
        "SpyName": "TXT_KEY_SPY_NAME_VENICE_6"
    },
    {
        "CivilizationType": "CIVILIZATION_VENICE",
        "SpyName": "TXT_KEY_SPY_NAME_VENICE_7"
    },
    {
        "CivilizationType": "CIVILIZATION_VENICE",
        "SpyName": "TXT_KEY_SPY_NAME_VENICE_8"
    },
    {
        "CivilizationType": "CIVILIZATION_VENICE",
        "SpyName": "TXT_KEY_SPY_NAME_VENICE_9"
    },
    {
        "CivilizationType": "CIVILIZATION_ZULU",
        "SpyName": "TXT_KEY_SPY_NAME_ZULU_0"
    },
    {
        "CivilizationType": "CIVILIZATION_ZULU",
        "SpyName": "TXT_KEY_SPY_NAME_ZULU_1"
    },
    {
        "CivilizationType": "CIVILIZATION_ZULU",
        "SpyName": "TXT_KEY_SPY_NAME_ZULU_2"
    },
    {
        "CivilizationType": "CIVILIZATION_ZULU",
        "SpyName": "TXT_KEY_SPY_NAME_ZULU_3"
    },
    {
        "CivilizationType": "CIVILIZATION_ZULU",
        "SpyName": "TXT_KEY_SPY_NAME_ZULU_4"
    },
    {
        "CivilizationType": "CIVILIZATION_ZULU",
        "SpyName": "TXT_KEY_SPY_NAME_ZULU_5"
    },
    {
        "CivilizationType": "CIVILIZATION_ZULU",
        "SpyName": "TXT_KEY_SPY_NAME_ZULU_6"
    },
    {
        "CivilizationType": "CIVILIZATION_ZULU",
        "SpyName": "TXT_KEY_SPY_NAME_ZULU_7"
    },
    {
        "CivilizationType": "CIVILIZATION_ZULU",
        "SpyName": "TXT_KEY_SPY_NAME_ZULU_8"
    },
    {
        "CivilizationType": "CIVILIZATION_ZULU",
        "SpyName": "TXT_KEY_SPY_NAME_ZULU_9"
    }
]