[
    {
        "CivilizationType": "CIVILIZATION_ENGLAND",
        "StartAlongOcean": 1
    },
    {
        "CivilizationType": "CIVILIZATION_OTTOMAN",
        "StartAlongOcean": 1
    },
    {
        "CivilizationType": "CIVILIZATION_JAPAN",
        "StartAlongOcean": 1
    },
    {
        "CivilizationType": "CIVILIZATION_POLYNESIA",
        "StartAlongOcean": 1
    },
    {
        "CivilizationType": "CIVILIZATION_DENMARK",
        "StartAlongOcean": 1
    },
    {
        "CivilizationType": "CIVILIZATION_CARTHAGE",
        "StartAlongOcean": 1
    },
    {
        "CivilizationType": "CIVILIZATION_SPAIN",
        "StartAlongOcean": 1
    },
    {
        "CivilizationType": "CIVILIZATION_BYZANTIUM",
        "StartAlongOcean": 1
    },
    {
        "CivilizationType": "CIVILIZATION_INDONESIA",
        "StartAlongOcean": 1
    },
    {
        "CivilizationType": "CIVILIZATION_KOREA",
        "StartAlongOcean": 1
    },
    {
        "CivilizationType": "CIVILIZATION_PORTUGAL",
        "StartAlongOcean": 1
    },
    {
        "CivilizationType": "CIVILIZATION_VENICE",
        "StartAlongOcean": 1
    }
]