[
    {
        "CivilizationType": "CIVILIZATION_ARABIA",
        "RegionType": "REGION_DESERT"
    },
    {
        "CivilizationType": "CIVILIZATION_AZTEC",
        "RegionType": "REGION_JUNGLE"
    },
    {
        "CivilizationType": "CIVILIZATION_INDIA",
        "RegionType": "REGION_GRASS"
    },
    {
        "CivilizationType": "CIVILIZATION_IROQUOIS",
        "RegionType": "REGION_FOREST"
    },
    {
        "CivilizationType": "CIVILIZATION_RUSSIA",
        "RegionType": "REGION_TUNDRA"
    },
    {
        "CivilizationType": "CIVILIZATION_MONGOL",
        "RegionType": "REGION_PLAINS"
    },
    {
        "CivilizationType": "CIVILIZATION_INCA",
        "RegionType": "REGION_HILLS"
    },
    {
        "CivilizationType": "CIVILIZATION_CELTS",
        "RegionType": "REGION_FOREST"
    },
    {
        "CivilizationType": "CIVILIZATION_NETHERLANDS",
        "RegionType": "REGION_GRASS"
    },
    {
        "CivilizationType": "CIVILIZATION_AUSTRIA",
        "RegionType": "REGION_HILLS"
    },
    {
        "CivilizationType": "CIVILIZATION_BRAZIL",
        "RegionType": "REGION_JUNGLE"
    },
    {
        "CivilizationType": "CIVILIZATION_MONGOL",
        "RegionType": "REGION_PLAINS"
    },
    {
        "CivilizationType": "CIVILIZATION_MOROCCO",
        "RegionType": "REGION_DESERT"
    },
    {
        "CivilizationType": "CIVILIZATION_POLAND",
        "RegionType": "REGION_PLAINS"
    },
    {
        "CivilizationType": "CIVILIZATION_SWEDEN",
        "RegionType": "REGION_TUNDRA"
    }
]