[
    {
        "CivilizationType": "CIVILIZATION_AMERICA",
        "ReligionType": "RELIGION_PROTESTANTISM"
    },
    {
        "CivilizationType": "CIVILIZATION_ARABIA",
        "ReligionType": "RELIGION_ISLAM"
    },
    {
        "CivilizationType": "CIVILIZATION_AZTEC",
        "ReligionType": "RELIGION_CHRISTIANITY"
    },
    {
        "CivilizationType": "CIVILIZATION_CHINA",
        "ReligionType": "RELIGION_TAOISM"
    },
    {
        "CivilizationType": "CIVILIZATION_EGYPT",
        "ReligionType": "RELIGION_ISLAM"
    },
    {
        "CivilizationType": "CIVILIZATION_ENGLAND",
        "ReligionType": "RELIGION_PROTESTANTISM"
    },
    {
        "CivilizationType": "CIVILIZATION_FRANCE",
        "ReligionType": "RELIGION_CHRISTIANITY"
    },
    {
        "CivilizationType": "CIVILIZATION_GERMANY",
        "ReligionType": "RELIGION_PROTESTANTISM"
    },
    {
        "CivilizationType": "CIVILIZATION_GREECE",
        "ReligionType": "RELIGION_ORTHODOXY"
    },
    {
        "CivilizationType": "CIVILIZATION_INDIA",
        "ReligionType": "RELIGION_HINDUISM"
    },
    {
        "CivilizationType": "CIVILIZATION_IROQUOIS",
        "ReligionType": "RELIGION_PROTESTANTISM"
    },
    {
        "CivilizationType": "CIVILIZATION_JAPAN",
        "ReligionType": "RELIGION_SHINTO"
    },
    {
        "CivilizationType": "CIVILIZATION_OTTOMAN",
        "ReligionType": "RELIGION_ISLAM"
    },
    {
        "CivilizationType": "CIVILIZATION_PERSIA",
        "ReligionType": "RELIGION_ZOROASTRIANISM"
    },
    {
        "CivilizationType": "CIVILIZATION_ROME",
        "ReligionType": "RELIGION_CHRISTIANITY"
    },
    {
        "CivilizationType": "CIVILIZATION_RUSSIA",
        "ReligionType": "RELIGION_ORTHODOXY"
    },
    {
        "CivilizationType": "CIVILIZATION_SIAM",
        "ReligionType": "RELIGION_BUDDHISM"
    },
    {
        "CivilizationType": "CIVILIZATION_SONGHAI",
        "ReligionType": "RELIGION_ISLAM"
    },
    {
        "CivilizationType": "CIVILIZATION_MONGOL",
        "ReligionType": "RELIGION_TENGRIISM"
    },
    {
        "CivilizationType": "CIVILIZATION_INCA",
        "ReligionType": "RELIGION_CHRISTIANITY"
    },
    {
        "CivilizationType": "CIVILIZATION_POLYNESIA",
        "ReligionType": "RELIGION_CHRISTIANITY"
    },
    {
        "CivilizationType": "CIVILIZATION_DENMARK",
        "ReligionType": "RELIGION_CHRISTIANITY"
    },
    {
        "CivilizationType": "CIVILIZATION_KOREA",
        "ReligionType": "RELIGION_CONFUCIANISM"
    },
    {
        "CivilizationType": "CIVILIZATION_BABYLON",
        "ReligionType": "RELIGION_ISLAM"
    },
    {
        "CivilizationType": "CIVILIZATION_AUSTRIA",
        "ReligionType": "RELIGION_CHRISTIANITY"
    },
    {
        "CivilizationType": "CIVILIZATION_CARTHAGE",
        "ReligionType": "RELIGION_ISLAM"
    },
    {
        "CivilizationType": "CIVILIZATION_CELTS",
        "ReligionType": "RELIGION_CHRISTIANITY"
    },
    {
        "CivilizationType": "CIVILIZATION_HUNS",
        "ReligionType": "RELIGION_TENGRIISM"
    },
    {
        "CivilizationType": "CIVILIZATION_MAYA",
        "ReligionType": "RELIGION_CHRISTIANITY"
    },
    {
        "CivilizationType": "CIVILIZATION_SPAIN",
        "ReligionType": "RELIGION_CHRISTIANITY"
    },
    {
        "CivilizationType": "CIVILIZATION_BYZANTIUM",
        "ReligionType": "RELIGION_ORTHODOXY"
    },
    {
        "CivilizationType": "CIVILIZATION_ETHIOPIA",
        "ReligionType": "RELIGION_ORTHODOXY"
    },
    {
        "CivilizationType": "CIVILIZATION_NETHERLANDS",
        "ReligionType": "RELIGION_PROTESTANTISM"
    },
    {
        "CivilizationType": "CIVILIZATION_SWEDEN",
        "ReligionType": "RELIGION_PROTESTANTISM"
    },
    {
        "CivilizationType": "CIVILIZATION_ASSYRIA",
        "ReligionType": "RELIGION_ZOROASTRIANISM"
    },
    {
        "CivilizationType": "CIVILIZATION_BRAZIL",
        "ReligionType": "RELIGION_CHRISTIANITY"
    },
    {
        "CivilizationType": "CIVILIZATION_INDONESIA",
        "ReligionType": "RELIGION_HINDUISM"
    },
    {
        "CivilizationType": "CIVILIZATION_MOROCCO",
        "ReligionType": "RELIGION_ISLAM"
    },
    {
        "CivilizationType": "CIVILIZATION_POLAND",
        "ReligionType": "RELIGION_CHRISTIANITY"
    },
    {
        "CivilizationType": "CIVILIZATION_PORTUGAL",
        "ReligionType": "RELIGION_CHRISTIANITY"
    },
    {
        "CivilizationType": "CIVILIZATION_SHOSHONE",
        "ReligionType": "RELIGION_PROTESTANTISM"
    },
    {
        "CivilizationType": "CIVILIZATION_VENICE",
        "ReligionType": "RELIGION_CHRISTIANITY"
    },
    {
        "CivilizationType": "CIVILIZATION_ZULU",
        "ReligionType": "RELIGION_PROTESTANTISM"
    }
]