[
    {
        "BuildingClassType": "BUILDINGCLASS_PALACE",
        "CivilizationType": "CIVILIZATION_AMERICA"
    },
    {
        "BuildingClassType": "BUILDINGCLASS_PALACE",
        "CivilizationType": "CIVILIZATION_ARABIA"
    },
    {
        "BuildingClassType": "BUILDINGCLASS_PALACE",
        "CivilizationType": "CIVILIZATION_AZTEC"
    },
    {
        "BuildingClassType": "BUILDINGCLASS_PALACE",
        "CivilizationType": "CIVILIZATION_CHINA"
    },
    {
        "BuildingClassType": "BUILDINGCLASS_PALACE",
        "CivilizationType": "CIVILIZATION_EGYPT"
    },
    {
        "BuildingClassType": "BUILDINGCLASS_PALACE",
        "CivilizationType": "CIVILIZATION_ENGLAND"
    },
    {
        "BuildingClassType": "BUILDINGCLASS_PALACE",
        "CivilizationType": "CIVILIZATION_FRANCE"
    },
    {
        "BuildingClassType": "BUILDINGCLASS_PALACE",
        "CivilizationType": "CIVILIZATION_GERMANY"
    },
    {
        "BuildingClassType": "BUILDINGCLASS_PALACE",
        "CivilizationType": "CIVILIZATION_GREECE"
    },
    {
        "BuildingClassType": "BUILDINGCLASS_PALACE",
        "CivilizationType": "CIVILIZATION_INDIA"
    },
    {
        "BuildingClassType": "BUILDINGCLASS_PALACE",
        "CivilizationType": "CIVILIZATION_IROQUOIS"
    },
    {
        "BuildingClassType": "BUILDINGCLASS_PALACE",
        "CivilizationType": "CIVILIZATION_JAPAN"
    },
    {
        "BuildingClassType": "BUILDINGCLASS_PALACE",
        "CivilizationType": "CIVILIZATION_OTTOMAN"
    },
    {
        "BuildingClassType": "BUILDINGCLASS_PALACE",
        "CivilizationType": "CIVILIZATION_PERSIA"
    },
    {
        "BuildingClassType": "BUILDINGCLASS_PALACE",
        "CivilizationType": "CIVILIZATION_ROME"
    },
    {
        "BuildingClassType": "BUILDINGCLASS_PALACE",
        "CivilizationType": "CIVILIZATION_RUSSIA"
    },
    {
        "BuildingClassType": "BUILDINGCLASS_PALACE",
        "CivilizationType": "CIVILIZATION_SIAM"
    },
    {
        "BuildingClassType": "BUILDINGCLASS_PALACE",
        "CivilizationType": "CIVILIZATION_SONGHAI"
    },
    {
        "BuildingClassType": "BUILDINGCLASS_PALACE",
        "CivilizationType": "CIVILIZATION_MINOR"
    },
    {
        "BuildingClassType": "BUILDINGCLASS_PALACE",
        "CivilizationType": "CIVILIZATION_MONGOL"
    },
    {
        "BuildingClassType": "BUILDINGCLASS_PALACE",
        "CivilizationType": "CIVILIZATION_INCA"
    },
    {
        "BuildingClassType": "BUILDINGCLASS_PALACE",
        "CivilizationType": "CIVILIZATION_POLYNESIA"
    },
    {
        "BuildingClassType": "BUILDINGCLASS_PALACE",
        "CivilizationType": "CIVILIZATION_DENMARK"
    },
    {
        "BuildingClassType": "BUILDINGCLASS_PALACE",
        "CivilizationType": "CIVILIZATION_KOREA"
    },
    {
        "BuildingClassType": "BUILDINGCLASS_PALACE",
        "CivilizationType": "CIVILIZATION_BABYLON"
    },
    {
        "BuildingClassType": "BUILDINGCLASS_PALACE",
        "CivilizationType": "CIVILIZATION_AUSTRIA"
    },
    {
        "BuildingClassType": "BUILDINGCLASS_PALACE",
        "CivilizationType": "CIVILIZATION_BYZANTIUM"
    },
    {
        "BuildingClassType": "BUILDINGCLASS_PALACE",
        "CivilizationType": "CIVILIZATION_CARTHAGE"
    },
    {
        "BuildingClassType": "BUILDINGCLASS_PALACE",
        "CivilizationType": "CIVILIZATION_CELTS"
    },
    {
        "BuildingClassType": "BUILDINGCLASS_PALACE",
        "CivilizationType": "CIVILIZATION_HUNS"
    },
    {
        "BuildingClassType": "BUILDINGCLASS_PALACE",
        "CivilizationType": "CIVILIZATION_MAYA"
    },
    {
        "BuildingClassType": "BUILDINGCLASS_PALACE",
        "CivilizationType": "CIVILIZATION_NETHERLANDS"
    },
    {
        "BuildingClassType": "BUILDINGCLASS_PALACE",
        "CivilizationType": "CIVILIZATION_SWEDEN"
    },
    {
        "BuildingClassType": "BUILDINGCLASS_PALACE",
        "CivilizationType": "CIVILIZATION_SPAIN"
    },
    {
        "BuildingClassType": "BUILDINGCLASS_PALACE",
        "CivilizationType": "CIVILIZATION_ETHIOPIA"
    },
    {
        "BuildingClassType": "BUILDINGCLASS_PALACE",
        "CivilizationType": "CIVILIZATION_ASSYRIA"
    },
    {
        "BuildingClassType": "BUILDINGCLASS_PALACE",
        "CivilizationType": "CIVILIZATION_BRAZIL"
    },
    {
        "BuildingClassType": "BUILDINGCLASS_PALACE",
        "CivilizationType": "CIVILIZATION_INDONESIA"
    },
    {
        "BuildingClassType": "BUILDINGCLASS_PALACE",
        "CivilizationType": "CIVILIZATION_MOROCCO"
    },
    {
        "BuildingClassType": "BUILDINGCLASS_PALACE",
        "CivilizationType": "CIVILIZATION_POLAND"
    },
    {
        "BuildingClassType": "BUILDINGCLASS_PALACE",
        "CivilizationType": "CIVILIZATION_PORTUGAL"
    },
    {
        "BuildingClassType": "BUILDINGCLASS_PALACE",
        "CivilizationType": "CIVILIZATION_SHOSHONE"
    },
    {
        "BuildingClassType": "BUILDINGCLASS_PALACE",
        "CivilizationType": "CIVILIZATION_VENICE"
    },
    {
        "BuildingClassType": "BUILDINGCLASS_PALACE",
        "CivilizationType": "CIVILIZATION_ZULU"
    }
]