[
    {
        "BuildingClassType": "BUILDINGCLASS_PALACE",
        "BuildingType": null,
        "CivilizationType": "CIVILIZATION_BARBARIAN"
    },
    {
        "BuildingClassType": "BUILDINGCLASS_HEROIC_EPIC",
        "BuildingType": null,
        "CivilizationType": "CIVILIZATION_BARBARIAN"
    },
    {
        "BuildingClassType": "BUILDINGCLASS_NATIONAL_EPIC",
        "BuildingType": null,
        "CivilizationType": "CIVILIZATION_BARBARIAN"
    },
    {
        "BuildingClassType": "BUILDINGCLASS_IRONWORKS",
        "BuildingType": null,
        "CivilizationType": "CIVILIZATION_BARBARIAN"
    },
    {
        "BuildingClassType": "BUILDINGCLASS_OXFORD_UNIVERSITY",
        "BuildingType": null,
        "CivilizationType": "CIVILIZATION_BARBARIAN"
    },
    {
        "BuildingClassType": "BUILDINGCLASS_HERMITAGE",
        "BuildingType": null,
        "CivilizationType": "CIVILIZATION_BARBARIAN"
    },
    {
        "BuildingClassType": "BUILDINGCLASS_NATIONAL_COLLEGE",
        "BuildingType": null,
        "CivilizationType": "CIVILIZATION_BARBARIAN"
    },
    {
        "BuildingClassType": "BUILDINGCLASS_NATIONAL_TREASURY",
        "BuildingType": null,
        "CivilizationType": "CIVILIZATION_BARBARIAN"
    },
    {
        "BuildingClassType": "BUILDINGCLASS_CIRCUS_MAXIMUS",
        "BuildingType": null,
        "CivilizationType": "CIVILIZATION_BARBARIAN"
    },
    {
        "BuildingClassType": "BUILDINGCLASS_PYRAMID",
        "BuildingType": null,
        "CivilizationType": "CIVILIZATION_BARBARIAN"
    },
    {
        "BuildingClassType": "BUILDINGCLASS_GREAT_LIBRARY",
        "BuildingType": null,
        "CivilizationType": "CIVILIZATION_BARBARIAN"
    },
    {
        "BuildingClassType": "BUILDINGCLASS_STONEHENGE",
        "BuildingType": null,
        "CivilizationType": "CIVILIZATION_BARBARIAN"
    },
    {
        "BuildingClassType": "BUILDINGCLASS_HANGING_GARDEN",
        "BuildingType": null,
        "CivilizationType": "CIVILIZATION_BARBARIAN"
    },
    {
        "BuildingClassType": "BUILDINGCLASS_COLOSSUS",
        "BuildingType": null,
        "CivilizationType": "CIVILIZATION_BARBARIAN"
    },
    {
        "BuildingClassType": "BUILDINGCLASS_GREAT_LIGHTHOUSE",
        "BuildingType": null,
        "CivilizationType": "CIVILIZATION_BARBARIAN"
    },
    {
        "BuildingClassType": "BUILDINGCLASS_ORACLE",
        "BuildingType": null,
        "CivilizationType": "CIVILIZATION_BARBARIAN"
    },
    {
        "BuildingClassType": "BUILDINGCLASS_GREAT_WALL",
        "BuildingType": null,
        "CivilizationType": "CIVILIZATION_BARBARIAN"
    },
    {
        "BuildingClassType": "BUILDINGCLASS_HAGIA_SOPHIA",
        "BuildingType": null,
        "CivilizationType": "CIVILIZATION_BARBARIAN"
    },
    {
        "BuildingClassType": "BUILDINGCLASS_ANGKOR_WAT",
        "BuildingType": null,
        "CivilizationType": "CIVILIZATION_BARBARIAN"
    },
    {
        "BuildingClassType": "BUILDINGCLASS_NOTRE_DAME",
        "BuildingType": null,
        "CivilizationType": "CIVILIZATION_BARBARIAN"
    },
    {
        "BuildingClassType": "BUILDINGCLASS_MACHU_PICHU",
        "BuildingType": null,
        "CivilizationType": "CIVILIZATION_BARBARIAN"
    },
    {
        "BuildingClassType": "BUILDINGCLASS_CHICHEN_ITZA",
        "BuildingType": null,
        "CivilizationType": "CIVILIZATION_BARBARIAN"
    },
    {
        "BuildingClassType": "BUILDINGCLASS_KREMLIN",
        "BuildingType": null,
        "CivilizationType": "CIVILIZATION_BARBARIAN"
    },
    {
        "BuildingClassType": "BUILDINGCLASS_FORBIDDEN_PALACE",
        "BuildingType": null,
        "CivilizationType": "CIVILIZATION_BARBARIAN"
    },
    {
        "BuildingClassType": "BUILDINGCLASS_SISTINE_CHAPEL",
        "BuildingType": null,
        "CivilizationType": "CIVILIZATION_BARBARIAN"
    },
    {
        "BuildingClassType": "BUILDINGCLASS_HIMEJI_CASTLE",
        "BuildingType": null,
        "CivilizationType": "CIVILIZATION_BARBARIAN"
    },
    {
        "BuildingClassType": "BUILDINGCLASS_PORCELAIN_TOWER",
        "BuildingType": null,
        "CivilizationType": "CIVILIZATION_BARBARIAN"
    },
    {
        "BuildingClassType": "BUILDINGCLASS_TAJ_MAHAL",
        "BuildingType": null,
        "CivilizationType": "CIVILIZATION_BARBARIAN"
    },
    {
        "BuildingClassType": "BUILDINGCLASS_BIG_BEN",
        "BuildingType": null,
        "CivilizationType": "CIVILIZATION_BARBARIAN"
    },
    {
        "BuildingClassType": "BUILDINGCLASS_BRANDENBURG_GATE",
        "BuildingType": null,
        "CivilizationType": "CIVILIZATION_BARBARIAN"
    },
    {
        "BuildingClassType": "BUILDINGCLASS_LOUVRE",
        "BuildingType": null,
        "CivilizationType": "CIVILIZATION_BARBARIAN"
    },
    {
        "BuildingClassType": "BUILDINGCLASS_EIFFEL_TOWER",
        "BuildingType": null,
        "CivilizationType": "CIVILIZATION_BARBARIAN"
    },
    {
        "BuildingClassType": "BUILDINGCLASS_STATUE_OF_LIBERTY",
        "BuildingType": null,
        "CivilizationType": "CIVILIZATION_BARBARIAN"
    },
    {
        "BuildingClassType": "BUILDINGCLASS_CRISTO_REDENTOR",
        "BuildingType": null,
        "CivilizationType": "CIVILIZATION_BARBARIAN"
    },
    {
        "BuildingClassType": "BUILDINGCLASS_PENTAGON",
        "BuildingType": null,
        "CivilizationType": "CIVILIZATION_BARBARIAN"
    },
    {
        "BuildingClassType": "BUILDINGCLASS_SYDNEY_OPERA_HOUSE",
        "BuildingType": null,
        "CivilizationType": "CIVILIZATION_BARBARIAN"
    },
    {
        "BuildingClassType": "BUILDINGCLASS_INTELLIGENCE_AGENCY",
        "BuildingType": null,
        "CivilizationType": "CIVILIZATION_BARBARIAN"
    },
    {
        "BuildingClassType": "BUILDINGCLASS_ALHAMBRA",
        "BuildingType": null,
        "CivilizationType": "CIVILIZATION_BARBARIAN"
    },
    {
        "BuildingClassType": "BUILDINGCLASS_CN_TOWER",
        "BuildingType": null,
        "CivilizationType": "CIVILIZATION_BARBARIAN"
    },
    {
        "BuildingClassType": "BUILDINGCLASS_HUBBLE",
        "BuildingType": null,
        "CivilizationType": "CIVILIZATION_BARBARIAN"
    },
    {
        "BuildingClassType": "BUILDINGCLASS_LEANING_TOWER",
        "BuildingType": null,
        "CivilizationType": "CIVILIZATION_BARBARIAN"
    },
    {
        "BuildingClassType": "BUILDINGCLASS_MOSQUE_OF_DJENNE",
        "BuildingType": null,
        "CivilizationType": "CIVILIZATION_BARBARIAN"
    },
    {
        "BuildingClassType": "BUILDINGCLASS_NEUSCHWANSTEIN",
        "BuildingType": null,
        "CivilizationType": "CIVILIZATION_BARBARIAN"
    },
    {
        "BuildingClassType": "BUILDINGCLASS_PETRA",
        "BuildingType": null,
        "CivilizationType": "CIVILIZATION_BARBARIAN"
    },
    {
        "BuildingClassType": "BUILDINGCLASS_TERRACOTTA_ARMY",
        "BuildingType": null,
        "CivilizationType": "CIVILIZATION_BARBARIAN"
    },
    {
        "BuildingClassType": "BUILDINGCLASS_GREAT_FIREWALL",
        "BuildingType": null,
        "CivilizationType": "CIVILIZATION_BARBARIAN"
    },
    {
        "BuildingClassType": "BUILDINGCLASS_UFFIZI",
        "BuildingType": null,
        "CivilizationType": "CIVILIZATION_BARBARIAN"
    },
    {
        "BuildingClassType": "BUILDINGCLASS_GLOBE_THEATER",
        "BuildingType": null,
        "CivilizationType": "CIVILIZATION_BARBARIAN"
    },
    {
        "BuildingClassType": "BUILDINGCLASS_BROADWAY",
        "BuildingType": null,
        "CivilizationType": "CIVILIZATION_BARBARIAN"
    },
    {
        "BuildingClassType": "BUILDINGCLASS_RED_FORT",
        "BuildingType": null,
        "CivilizationType": "CIVILIZATION_BARBARIAN"
    },
    {
        "BuildingClassType": "BUILDINGCLASS_PRORA_RESORT",
        "BuildingType": null,
        "CivilizationType": "CIVILIZATION_BARBARIAN"
    },
    {
        "BuildingClassType": "BUILDINGCLASS_BOROBUDUR",
        "BuildingType": null,
        "CivilizationType": "CIVILIZATION_BARBARIAN"
    },
    {
        "BuildingClassType": "BUILDINGCLASS_PARTHENON",
        "BuildingType": null,
        "CivilizationType": "CIVILIZATION_BARBARIAN"
    },
    {
        "BuildingClassType": "BUILDINGCLASS_INTERNATIONAL_SPACE_STATION",
        "BuildingType": null,
        "CivilizationType": "CIVILIZATION_BARBARIAN"
    },
    {
        "BuildingClassType": "BUILDINGCLASS_TOURIST_CENTER",
        "BuildingType": null,
        "CivilizationType": "CIVILIZATION_BARBARIAN"
    },
    {
        "BuildingClassType": "BUILDINGCLASS_WRITERS_GUILD",
        "BuildingType": null,
        "CivilizationType": "CIVILIZATION_BARBARIAN"
    },
    {
        "BuildingClassType": "BUILDINGCLASS_ARTISTS_GUILD",
        "BuildingType": null,
        "CivilizationType": "CIVILIZATION_BARBARIAN"
    },
    {
        "BuildingClassType": "BUILDINGCLASS_MUSICIANS_GUILD",
        "BuildingType": null,
        "CivilizationType": "CIVILIZATION_BARBARIAN"
    },
    {
        "BuildingClassType": "BUILDINGCLASS_HEROIC_EPIC",
        "BuildingType": null,
        "CivilizationType": "CIVILIZATION_MINOR"
    },
    {
        "BuildingClassType": "BUILDINGCLASS_NATIONAL_EPIC",
        "BuildingType": null,
        "CivilizationType": "CIVILIZATION_MINOR"
    },
    {
        "BuildingClassType": "BUILDINGCLASS_IRONWORKS",
        "BuildingType": null,
        "CivilizationType": "CIVILIZATION_MINOR"
    },
    {
        "BuildingClassType": "BUILDINGCLASS_OXFORD_UNIVERSITY",
        "BuildingType": null,
        "CivilizationType": "CIVILIZATION_MINOR"
    },
    {
        "BuildingClassType": "BUILDINGCLASS_HERMITAGE",
        "BuildingType": null,
        "CivilizationType": "CIVILIZATION_MINOR"
    },
    {
        "BuildingClassType": "BUILDINGCLASS_NATIONAL_COLLEGE",
        "BuildingType": null,
        "CivilizationType": "CIVILIZATION_MINOR"
    },
    {
        "BuildingClassType": "BUILDINGCLASS_NATIONAL_TREASURY",
        "BuildingType": null,
        "CivilizationType": "CIVILIZATION_MINOR"
    },
    {
        "BuildingClassType": "BUILDINGCLASS_CIRCUS_MAXIMUS",
        "BuildingType": null,
        "CivilizationType": "CIVILIZATION_MINOR"
    },
    {
        "BuildingClassType": "BUILDINGCLASS_PYRAMID",
        "BuildingType": null,
        "CivilizationType": "CIVILIZATION_MINOR"
    },
    {
        "BuildingClassType": "BUILDINGCLASS_GREAT_LIBRARY",
        "BuildingType": null,
        "CivilizationType": "CIVILIZATION_MINOR"
    },
    {
        "BuildingClassType": "BUILDINGCLASS_STONEHENGE",
        "BuildingType": null,
        "CivilizationType": "CIVILIZATION_MINOR"
    },
    {
        "BuildingClassType": "BUILDINGCLASS_HANGING_GARDEN",
        "BuildingType": null,
        "CivilizationType": "CIVILIZATION_MINOR"
    },
    {
        "BuildingClassType": "BUILDINGCLASS_COLOSSUS",
        "BuildingType": null,
        "CivilizationType": "CIVILIZATION_MINOR"
    },
    {
        "BuildingClassType": "BUILDINGCLASS_GREAT_LIGHTHOUSE",
        "BuildingType": null,
        "CivilizationType": "CIVILIZATION_MINOR"
    },
    {
        "BuildingClassType": "BUILDINGCLASS_ORACLE",
        "BuildingType": null,
        "CivilizationType": "CIVILIZATION_MINOR"
    },
    {
        "BuildingClassType": "BUILDINGCLASS_GREAT_WALL",
        "BuildingType": null,
        "CivilizationType": "CIVILIZATION_MINOR"
    },
    {
        "BuildingClassType": "BUILDINGCLASS_HAGIA_SOPHIA",
        "BuildingType": null,
        "CivilizationType": "CIVILIZATION_MINOR"
    },
    {
        "BuildingClassType": "BUILDINGCLASS_ANGKOR_WAT",
        "BuildingType": null,
        "CivilizationType": "CIVILIZATION_MINOR"
    },
    {
        "BuildingClassType": "BUILDINGCLASS_NOTRE_DAME",
        "BuildingType": null,
        "CivilizationType": "CIVILIZATION_MINOR"
    },
    {
        "BuildingClassType": "BUILDINGCLASS_MACHU_PICHU",
        "BuildingType": null,
        "CivilizationType": "CIVILIZATION_MINOR"
    },
    {
        "BuildingClassType": "BUILDINGCLASS_CHICHEN_ITZA",
        "BuildingType": null,
        "CivilizationType": "CIVILIZATION_MINOR"
    },
    {
        "BuildingClassType": "BUILDINGCLASS_KREMLIN",
        "BuildingType": null,
        "CivilizationType": "CIVILIZATION_MINOR"
    },
    {
        "BuildingClassType": "BUILDINGCLASS_FORBIDDEN_PALACE",
        "BuildingType": null,
        "CivilizationType": "CIVILIZATION_MINOR"
    },
    {
        "BuildingClassType": "BUILDINGCLASS_SISTINE_CHAPEL",
        "BuildingType": null,
        "CivilizationType": "CIVILIZATION_MINOR"
    },
    {
        "BuildingClassType": "BUILDINGCLASS_HIMEJI_CASTLE",
        "BuildingType": null,
        "CivilizationType": "CIVILIZATION_MINOR"
    },
    {
        "BuildingClassType": "BUILDINGCLASS_PORCELAIN_TOWER",
        "BuildingType": null,
        "CivilizationType": "CIVILIZATION_MINOR"
    },
    {
        "BuildingClassType": "BUILDINGCLASS_TAJ_MAHAL",
        "BuildingType": null,
        "CivilizationType": "CIVILIZATION_MINOR"
    },
    {
        "BuildingClassType": "BUILDINGCLASS_BIG_BEN",
        "BuildingType": null,
        "CivilizationType": "CIVILIZATION_MINOR"
    },
    {
        "BuildingClassType": "BUILDINGCLASS_BRANDENBURG_GATE",
        "BuildingType": null,
        "CivilizationType": "CIVILIZATION_MINOR"
    },
    {
        "BuildingClassType": "BUILDINGCLASS_LOUVRE",
        "BuildingType": null,
        "CivilizationType": "CIVILIZATION_MINOR"
    },
    {
        "BuildingClassType": "BUILDINGCLASS_EIFFEL_TOWER",
        "BuildingType": null,
        "CivilizationType": "CIVILIZATION_MINOR"
    },
    {
        "BuildingClassType": "BUILDINGCLASS_STATUE_OF_LIBERTY",
        "BuildingType": null,
        "CivilizationType": "CIVILIZATION_MINOR"
    },
    {
        "BuildingClassType": "BUILDINGCLASS_CRISTO_REDENTOR",
        "BuildingType": null,
        "CivilizationType": "CIVILIZATION_MINOR"
    },
    {
        "BuildingClassType": "BUILDINGCLASS_PENTAGON",
        "BuildingType": null,
        "CivilizationType": "CIVILIZATION_MINOR"
    },
    {
        "BuildingClassType": "BUILDINGCLASS_SYDNEY_OPERA_HOUSE",
        "BuildingType": null,
        "CivilizationType": "CIVILIZATION_MINOR"
    },
    {
        "BuildingClassType": "BUILDINGCLASS_INTELLIGENCE_AGENCY",
        "BuildingType": null,
        "CivilizationType": "CIVILIZATION_MINOR"
    },
    {
        "BuildingClassType": "BUILDINGCLASS_ALHAMBRA",
        "BuildingType": null,
        "CivilizationType": "CIVILIZATION_MINOR"
    },
    {
        "BuildingClassType": "BUILDINGCLASS_CN_TOWER",
        "BuildingType": null,
        "CivilizationType": "CIVILIZATION_MINOR"
    },
    {
        "BuildingClassType": "BUILDINGCLASS_HUBBLE",
        "BuildingType": null,
        "CivilizationType": "CIVILIZATION_MINOR"
    },
    {
        "BuildingClassType": "BUILDINGCLASS_LEANING_TOWER",
        "BuildingType": null,
        "CivilizationType": "CIVILIZATION_MINOR"
    },
    {
        "BuildingClassType": "BUILDINGCLASS_MOSQUE_OF_DJENNE",
        "BuildingType": null,
        "CivilizationType": "CIVILIZATION_MINOR"
    },
    {
        "BuildingClassType": "BUILDINGCLASS_NEUSCHWANSTEIN",
        "BuildingType": null,
        "CivilizationType": "CIVILIZATION_MINOR"
    },
    {
        "BuildingClassType": "BUILDINGCLASS_PETRA",
        "BuildingType": null,
        "CivilizationType": "CIVILIZATION_MINOR"
    },
    {
        "BuildingClassType": "BUILDINGCLASS_TERRACOTTA_ARMY",
        "BuildingType": null,
        "CivilizationType": "CIVILIZATION_MINOR"
    },
    {
        "BuildingClassType": "BUILDINGCLASS_GREAT_FIREWALL",
        "BuildingType": null,
        "CivilizationType": "CIVILIZATION_MINOR"
    },
    {
        "BuildingClassType": "BUILDINGCLASS_UFFIZI",
        "BuildingType": null,
        "CivilizationType": "CIVILIZATION_MINOR"
    },
    {
        "BuildingClassType": "BUILDINGCLASS_GLOBE_THEATER",
        "BuildingType": null,
        "CivilizationType": "CIVILIZATION_MINOR"
    },
    {
        "BuildingClassType": "BUILDINGCLASS_BROADWAY",
        "BuildingType": null,
        "CivilizationType": "CIVILIZATION_MINOR"
    },
    {
        "BuildingClassType": "BUILDINGCLASS_RED_FORT",
        "BuildingType": null,
        "CivilizationType": "CIVILIZATION_MINOR"
    },
    {
        "BuildingClassType": "BUILDINGCLASS_PRORA_RESORT",
        "BuildingType": null,
        "CivilizationType": "CIVILIZATION_MINOR"
    },
    {
        "BuildingClassType": "BUILDINGCLASS_BOROBUDUR",
        "BuildingType": null,
        "CivilizationType": "CIVILIZATION_MINOR"
    },
    {
        "BuildingClassType": "BUILDINGCLASS_PARTHENON",
        "BuildingType": null,
        "CivilizationType": "CIVILIZATION_MINOR"
    },
    {
        "BuildingClassType": "BUILDINGCLASS_INTERNATIONAL_SPACE_STATION",
        "BuildingType": null,
        "CivilizationType": "CIVILIZATION_MINOR"
    },
    {
        "BuildingClassType": "BUILDINGCLASS_TOURIST_CENTER",
        "BuildingType": null,
        "CivilizationType": "CIVILIZATION_MINOR"
    },
    {
        "BuildingClassType": "BUILDINGCLASS_WRITERS_GUILD",
        "BuildingType": null,
        "CivilizationType": "CIVILIZATION_MINOR"
    },
    {
        "BuildingClassType": "BUILDINGCLASS_ARTISTS_GUILD",
        "BuildingType": null,
        "CivilizationType": "CIVILIZATION_MINOR"
    },
    {
        "BuildingClassType": "BUILDINGCLASS_MUSICIANS_GUILD",
        "BuildingType": null,
        "CivilizationType": "CIVILIZATION_MINOR"
    },
    {
        "BuildingClassType": "BUILDINGCLASS_CASTLE",
        "BuildingType": "BUILDING_MUGHAL_FORT",
        "CivilizationType": "CIVILIZATION_INDIA"
    },
    {
        "BuildingClassType": "BUILDINGCLASS_BARRACKS",
        "BuildingType": "BUILDING_KREPOST",
        "CivilizationType": "CIVILIZATION_RUSSIA"
    },
    {
        "BuildingClassType": "BUILDINGCLASS_LIBRARY",
        "BuildingType": "BUILDING_PAPER_MAKER",
        "CivilizationType": "CIVILIZATION_CHINA"
    },
    {
        "BuildingClassType": "BUILDINGCLASS_UNIVERSITY",
        "BuildingType": "BUILDING_WAT",
        "CivilizationType": "CIVILIZATION_SIAM"
    },
    {
        "BuildingClassType": "BUILDINGCLASS_WORKSHOP",
        "BuildingType": "BUILDING_LONGHOUSE",
        "CivilizationType": "CIVILIZATION_IROQUOIS"
    },
    {
        "BuildingClassType": "BUILDINGCLASS_BANK",
        "BuildingType": "BUILDING_SATRAPS_COURT",
        "CivilizationType": "CIVILIZATION_PERSIA"
    },
    {
        "BuildingClassType": "BUILDINGCLASS_BANK",
        "BuildingType": "BUILDING_HANSE",
        "CivilizationType": "CIVILIZATION_GERMANY"
    },
    {
        "BuildingClassType": "BUILDINGCLASS_WATERMILL",
        "BuildingType": "BUILDING_FLOATING_GARDENS",
        "CivilizationType": "CIVILIZATION_AZTEC"
    },
    {
        "BuildingClassType": "BUILDINGCLASS_MARKET",
        "BuildingType": "BUILDING_BAZAAR",
        "CivilizationType": "CIVILIZATION_ARABIA"
    },
    {
        "BuildingClassType": "BUILDINGCLASS_TEMPLE",
        "BuildingType": "BUILDING_BURIAL_TOMB",
        "CivilizationType": "CIVILIZATION_EGYPT"
    },
    {
        "BuildingClassType": "BUILDINGCLASS_TEMPLE",
        "BuildingType": "BUILDING_MUD_PYRAMID_MOSQUE",
        "CivilizationType": "CIVILIZATION_SONGHAI"
    },
    {
        "BuildingClassType": "BUILDINGCLASS_TEMPLE_ARTEMIS",
        "BuildingType": null,
        "CivilizationType": "CIVILIZATION_BARBARIAN"
    },
    {
        "BuildingClassType": "BUILDINGCLASS_MAUSOLEUM_HALICARNASSUS",
        "BuildingType": null,
        "CivilizationType": "CIVILIZATION_BARBARIAN"
    },
    {
        "BuildingClassType": "BUILDINGCLASS_TEMPLE_ARTEMIS",
        "BuildingType": null,
        "CivilizationType": "CIVILIZATION_MINOR"
    },
    {
        "BuildingClassType": "BUILDINGCLASS_MAUSOLEUM_HALICARNASSUS",
        "BuildingType": null,
        "CivilizationType": "CIVILIZATION_MINOR"
    },
    {
        "BuildingClassType": "BUILDINGCLASS_WALLS",
        "BuildingType": "BUILDING_WALLS_OF_BABYLON",
        "CivilizationType": "CIVILIZATION_BABYLON"
    },
    {
        "BuildingClassType": "BUILDINGCLASS_OPERA_HOUSE",
        "BuildingType": "BUILDING_CEILIDH_HALL",
        "CivilizationType": "CIVILIZATION_CELTS"
    },
    {
        "BuildingClassType": "BUILDINGCLASS_WINDMILL",
        "BuildingType": "BUILDING_COFFEE_HOUSE",
        "CivilizationType": "CIVILIZATION_AUSTRIA"
    },
    {
        "BuildingClassType": "BUILDINGCLASS_SHRINE",
        "BuildingType": "BUILDING_MAYA_PYRAMID",
        "CivilizationType": "CIVILIZATION_MAYA"
    },
    {
        "BuildingClassType": "BUILDINGCLASS_STATUE_ZEUS",
        "BuildingType": null,
        "CivilizationType": "CIVILIZATION_BARBARIAN"
    },
    {
        "BuildingClassType": "BUILDINGCLASS_STATUE_ZEUS",
        "BuildingType": null,
        "CivilizationType": "CIVILIZATION_MINOR"
    },
    {
        "BuildingClassType": "BUILDINGCLASS_MONUMENT",
        "BuildingType": "BUILDING_STELE",
        "CivilizationType": "CIVILIZATION_ETHIOPIA"
    },
    {
        "BuildingClassType": "BUILDINGCLASS_LIBRARY",
        "BuildingType": "BUILDING_ROYAL_LIBRARY",
        "CivilizationType": "CIVILIZATION_ASSYRIA"
    },
    {
        "BuildingClassType": "BUILDINGCLASS_BARRACKS",
        "BuildingType": "BUILDING_IKANDA",
        "CivilizationType": "CIVILIZATION_ZULU"
    },
    {
        "BuildingClassType": "BUILDINGCLASS_STABLE",
        "BuildingType": "BUILDING_DUCAL_STABLE",
        "CivilizationType": "CIVILIZATION_POLAND"
    },
    {
        "BuildingClassType": "BUILDINGCLASS_GARDEN",
        "BuildingType": "BUILDING_CANDI",
        "CivilizationType": "CIVILIZATION_INDONESIA"
    }
]