[
    {
        "CivilizationType": "CIVILIZATION_AMERICA",
        "LeaderheadType": "LEADER_WASHINGTON"
    },
    {
        "CivilizationType": "CIVILIZATION_ARABIA",
        "LeaderheadType": "LEADER_HARUN_AL_RASHID"
    },
    {
        "CivilizationType": "CIVILIZATION_AZTEC",
        "LeaderheadType": "LEADER_MONTEZUMA"
    },
    {
        "CivilizationType": "CIVILIZATION_CHINA",
        "LeaderheadType": "LEADER_WU_ZETIAN"
    },
    {
        "CivilizationType": "CIVILIZATION_EGYPT",
        "LeaderheadType": "LEADER_RAMESSES"
    },
    {
        "CivilizationType": "CIVILIZATION_ENGLAND",
        "LeaderheadType": "LEADER_ELIZABETH"
    },
    {
        "CivilizationType": "CIVILIZATION_FRANCE",
        "LeaderheadType": "LEADER_NAPOLEON"
    },
    {
        "CivilizationType": "CIVILIZATION_GERMANY",
        "LeaderheadType": "LEADER_BISMARCK"
    },
    {
        "CivilizationType": "CIVILIZATION_GREECE",
        "LeaderheadType": "LEADER_ALEXANDER"
    },
    {
        "CivilizationType": "CIVILIZATION_INDIA",
        "LeaderheadType": "LEADER_GANDHI"
    },
    {
        "CivilizationType": "CIVILIZATION_IROQUOIS",
        "LeaderheadType": "LEADER_HIAWATHA"
    },
    {
        "CivilizationType": "CIVILIZATION_JAPAN",
        "LeaderheadType": "LEADER_ODA_NOBUNAGA"
    },
    {
        "CivilizationType": "CIVILIZATION_OTTOMAN",
        "LeaderheadType": "LEADER_SULEIMAN"
    },
    {
        "CivilizationType": "CIVILIZATION_PERSIA",
        "LeaderheadType": "LEADER_DARIUS"
    },
    {
        "CivilizationType": "CIVILIZATION_ROME",
        "LeaderheadType": "LEADER_AUGUSTUS"
    },
    {
        "CivilizationType": "CIVILIZATION_RUSSIA",
        "LeaderheadType": "LEADER_CATHERINE"
    },
    {
        "CivilizationType": "CIVILIZATION_SIAM",
        "LeaderheadType": "LEADER_RAMKHAMHAENG"
    },
    {
        "CivilizationType": "CIVILIZATION_SONGHAI",
        "LeaderheadType": "LEADER_ASKIA"
    },
    {
        "CivilizationType": "CIVILIZATION_MINOR",
        "LeaderheadType": "LEADER_BARBARIAN"
    },
    {
        "CivilizationType": "CIVILIZATION_BARBARIAN",
        "LeaderheadType": "LEADER_BARBARIAN"
    },
    {
        "CivilizationType": "CIVILIZATION_MONGOL",
        "LeaderheadType": "LEADER_GENGHIS_KHAN"
    },
    {
        "CivilizationType": "CIVILIZATION_INCA",
        "LeaderheadType": "LEADER_PACHACUTI"
    },
    {
        "CivilizationType": "CIVILIZATION_POLYNESIA",
        "LeaderheadType": "LEADER_KAMEHAMEHA"
    },
    {
        "CivilizationType": "CIVILIZATION_DENMARK",
        "LeaderheadType": "LEADER_HARALD"
    },
    {
        "CivilizationType": "CIVILIZATION_KOREA",
        "LeaderheadType": "LEADER_SEJONG"
    },
    {
        "CivilizationType": "CIVILIZATION_BABYLON",
        "LeaderheadType": "LEADER_NEBUCHADNEZZAR"
    },
    {
        "CivilizationType": "CIVILIZATION_AUSTRIA",
        "LeaderheadType": "LEADER_MARIA"
    },
    {
        "CivilizationType": "CIVILIZATION_BYZANTIUM",
        "LeaderheadType": "LEADER_THEODORA"
    },
    {
        "CivilizationType": "CIVILIZATION_CARTHAGE",
        "LeaderheadType": "LEADER_DIDO"
    },
    {
        "CivilizationType": "CIVILIZATION_CELTS",
        "LeaderheadType": "LEADER_BOUDICCA"
    },
    {
        "CivilizationType": "CIVILIZATION_HUNS",
        "LeaderheadType": "LEADER_ATTILA"
    },
    {
        "CivilizationType": "CIVILIZATION_MAYA",
        "LeaderheadType": "LEADER_PACAL"
    },
    {
        "CivilizationType": "CIVILIZATION_NETHERLANDS",
        "LeaderheadType": "LEADER_WILLIAM"
    },
    {
        "CivilizationType": "CIVILIZATION_SWEDEN",
        "LeaderheadType": "LEADER_GUSTAVUS_ADOLPHUS"
    },
    {
        "CivilizationType": "CIVILIZATION_SPAIN",
        "LeaderheadType": "LEADER_ISABELLA"
    },
    {
        "CivilizationType": "CIVILIZATION_ETHIOPIA",
        "LeaderheadType": "LEADER_SELASSIE"
    },
    {
        "CivilizationType": "CIVILIZATION_ASSYRIA",
        "LeaderheadType": "LEADER_ASHURBANIPAL"
    },
    {
        "CivilizationType": "CIVILIZATION_BRAZIL",
        "LeaderheadType": "LEADER_PEDRO"
    },
    {
        "CivilizationType": "CIVILIZATION_INDONESIA",
        "LeaderheadType": "LEADER_GAJAH_MADA"
    },
    {
        "CivilizationType": "CIVILIZATION_MOROCCO",
        "LeaderheadType": "LEADER_AHMAD_ALMANSUR"
    },
    {
        "CivilizationType": "CIVILIZATION_POLAND",
        "LeaderheadType": "LEADER_CASIMIR"
    },
    {
        "CivilizationType": "CIVILIZATION_PORTUGAL",
        "LeaderheadType": "LEADER_MARIA_I"
    },
    {
        "CivilizationType": "CIVILIZATION_SHOSHONE",
        "LeaderheadType": "LEADER_POCATELLO"
    },
    {
        "CivilizationType": "CIVILIZATION_VENICE",
        "LeaderheadType": "LEADER_ENRICO_DANDOLO"
    },
    {
        "CivilizationType": "CIVILIZATION_ZULU",
        "LeaderheadType": "LEADER_SHAKA"
    }
]