[
    {
        "Description": "TXT_KEY_CLIMATE_TEMPERATE",
        "DesertBottomLatitudeChange": 0.0,
        "DesertPercentChange": 0,
        "DesertTopLatitudeChange": 0.0,
        "GrassLatitudeChange": 0.0,
        "HillRange": 5,
        "ID": 0,
        "IceLatitude": 0.95,
        "JungleLatitude": 5,
        "MountainPercent": 25,
        "RandIceLatitude": 0.25,
        "SnowLatitudeChange": 0.0,
        "TundraLatitudeChange": 0.0,
        "Type": "CLIMATE_TEMPERATE"
    },
    {
        "Description": "TXT_KEY_CLIMATE_TROPICAL",
        "DesertBottomLatitudeChange": 0.0,
        "DesertPercentChange": -10,
        "DesertTopLatitudeChange": 0.0,
        "GrassLatitudeChange": 0.0,
        "HillRange": 5,
        "ID": 1,
        "IceLatitude": 0.95,
        "JungleLatitude": 2,
        "MountainPercent": 25,
        "RandIceLatitude": 0.2,
        "SnowLatitudeChange": 0.1,
        "TundraLatitudeChange": 0.1,
        "Type": "CLIMATE_TROPICAL"
    },
    {
        "Description": "TXT_KEY_CLIMATE_ARID",
        "DesertBottomLatitudeChange": -0.1,
        "DesertPercentChange": 20,
        "DesertTopLatitudeChange": 0.1,
        "GrassLatitudeChange": 0.0,
        "HillRange": 5,
        "ID": 2,
        "IceLatitude": 0.95,
        "JungleLatitude": 6,
        "MountainPercent": 25,
        "RandIceLatitude": 0.2,
        "SnowLatitudeChange": 0.0,
        "TundraLatitudeChange": 0.0,
        "Type": "CLIMATE_ARID"
    },
    {
        "Description": "TXT_KEY_CLIMATE_ROCKY",
        "DesertBottomLatitudeChange": 0.0,
        "DesertPercentChange": 0,
        "DesertTopLatitudeChange": -0.05,
        "GrassLatitudeChange": 0.0,
        "HillRange": 7,
        "ID": 3,
        "IceLatitude": 0.95,
        "JungleLatitude": 5,
        "MountainPercent": 35,
        "RandIceLatitude": 0.25,
        "SnowLatitudeChange": -0.025,
        "TundraLatitudeChange": -0.05,
        "Type": "CLIMATE_ROCKY"
    },
    {
        "Description": "TXT_KEY_CLIMATE_COLD",
        "DesertBottomLatitudeChange": 0.0,
        "DesertPercentChange": -10,
        "DesertTopLatitudeChange": -0.1,
        "GrassLatitudeChange": 0.0,
        "HillRange": 5,
        "ID": 4,
        "IceLatitude": 0.9,
        "JungleLatitude": 6,
        "MountainPercent": 25,
        "RandIceLatitude": 0.5,
        "SnowLatitudeChange": -0.1,
        "TundraLatitudeChange": -0.15,
        "Type": "CLIMATE_COLD"
    }
]