[
    {
        "Alpha": 0.0,
        "Blue": 1.0,
        "Green": 1.0,
        "ID": 0,
        "Red": 1.0,
        "Type": "COLOR_CLEAR"
    },
    {
        "Alpha": 0.45,
        "Blue": 0.1,
        "Green": 0.1,
        "ID": 1,
        "Red": 0.1,
        "Type": "COLOR_ALPHA_GREY"
    },
    {
        "Alpha": 1.0,
        "Blue": 1.0,
        "Green": 1.0,
        "ID": 2,
        "Red": 1.0,
        "Type": "COLOR_WHITE"
    },
    {
        "Alpha": 1.0,
        "Blue": 0.0,
        "Green": 0.0,
        "ID": 3,
        "Red": 0.0,
        "Type": "COLOR_BLACK"
    },
    {
        "Alpha": 1.0,
        "Blue": 0.25,
        "Green": 0.25,
        "ID": 4,
        "Red": 0.25,
        "Type": "COLOR_DARK_GREY"
    },
    {
        "Alpha": 1.0,
        "Blue": 0.5,
        "Green": 0.5,
        "ID": 5,
        "Red": 0.5,
        "Type": "COLOR_GREY"
    },
    {
        "Alpha": 1.0,
        "Blue": 0.75,
        "Green": 0.75,
        "ID": 6,
        "Red": 0.75,
        "Type": "COLOR_LIGHT_GREY"
    },
    {
        "Alpha": 1.0,
        "Blue": 0.0,
        "Green": 1.0,
        "ID": 7,
        "Red": 0.0,
        "Type": "COLOR_GREEN"
    },
    {
        "Alpha": 1.0,
        "Blue": 1.0,
        "Green": 0.0,
        "ID": 8,
        "Red": 0.0,
        "Type": "COLOR_BLUE"
    },
    {
        "Alpha": 1.0,
        "Blue": 0.99,
        "Green": 0.47,
        "ID": 9,
        "Red": 0.0,
        "Type": "COLOR_XP_BLUE"
    },
    {
        "Alpha": 1.0,
        "Blue": 1.0,
        "Green": 1.0,
        "ID": 10,
        "Red": 0.0,
        "Type": "COLOR_CYAN"
    },
    {
        "Alpha": 1.0,
        "Blue": 0.0,
        "Green": 1.0,
        "ID": 11,
        "Red": 1.0,
        "Type": "COLOR_YELLOW"
    },
    {
        "Alpha": 1.0,
        "Blue": 1.0,
        "Green": 0.0,
        "ID": 12,
        "Red": 1.0,
        "Type": "COLOR_MAGENTA"
    },
    {
        "Alpha": 1.0,
        "Blue": 0.16,
        "Green": 0.58,
        "ID": 13,
        "Red": 0.99,
        "Type": "COLOR_YIELD_FOOD"
    },
    {
        "Alpha": 1.0,
        "Blue": 0.74,
        "Green": 0.56,
        "ID": 14,
        "Red": 0.44,
        "Type": "COLOR_YIELD_PRODUCTION"
    },
    {
        "Alpha": 1.0,
        "Blue": 0.08,
        "Green": 0.94,
        "ID": 15,
        "Red": 1.0,
        "Type": "COLOR_YIELD_GOLD"
    },
    {
        "Alpha": 1.0,
        "Blue": 0.8,
        "Green": 0.46,
        "ID": 16,
        "Red": 0.07,
        "Type": "COLOR_CITY_BLUE"
    },
    {
        "Alpha": 1.0,
        "Blue": 0.25,
        "Green": 0.25,
        "ID": 17,
        "Red": 0.35,
        "Type": "COLOR_CITY_GREY"
    },
    {
        "Alpha": 1.0,
        "Blue": 0.0,
        "Green": 0.45,
        "ID": 18,
        "Red": 0.7,
        "Type": "COLOR_CITY_BROWN"
    },
    {
        "Alpha": 1.0,
        "Blue": 0.42,
        "Green": 0.53,
        "ID": 19,
        "Red": 0.18,
        "Type": "COLOR_CITY_GREEN"
    },
    {
        "Alpha": 1.0,
        "Blue": 0.15,
        "Green": 0.3,
        "ID": 20,
        "Red": 1.0,
        "Type": "COLOR_FONT_RED"
    },
    {
        "Alpha": 1.0,
        "Blue": 0.0,
        "Green": 0.95,
        "ID": 21,
        "Red": 0.1,
        "Type": "COLOR_FONT_GREEN"
    },
    {
        "Alpha": 1.0,
        "Blue": 1.0,
        "Green": 1.0,
        "ID": 22,
        "Red": 0.0,
        "Type": "COLOR_RESEARCH_STORED"
    },
    {
        "Alpha": 0.6,
        "Blue": 1.0,
        "Green": 1.0,
        "ID": 23,
        "Red": 0.0,
        "Type": "COLOR_RESEARCH_RATE"
    },
    {
        "Alpha": 1.0,
        "Blue": 1.0,
        "Green": 0.0,
        "ID": 24,
        "Red": 0.6,
        "Type": "COLOR_CULTURE_STORED"
    },
    {
        "Alpha": 0.6,
        "Blue": 1.0,
        "Green": 0.0,
        "ID": 25,
        "Red": 0.6,
        "Type": "COLOR_CULTURE_RATE"
    },
    {
        "Alpha": 1.0,
        "Blue": 0.0,
        "Green": 1.0,
        "ID": 26,
        "Red": 1.0,
        "Type": "COLOR_GREAT_PEOPLE_STORED"
    },
    {
        "Alpha": 0.6,
        "Blue": 0.0,
        "Green": 1.0,
        "ID": 27,
        "Red": 1.0,
        "Type": "COLOR_GREAT_PEOPLE_RATE"
    },
    {
        "Alpha": 0.65,
        "Blue": 0.0,
        "Green": 0.0,
        "ID": 28,
        "Red": 1.0,
        "Type": "COLOR_NEGATIVE_RATE"
    },
    {
        "Alpha": 0.4,
        "Blue": 0.0,
        "Green": 0.0,
        "ID": 29,
        "Red": 0.0,
        "Type": "COLOR_EMPTY"
    },
    {
        "Alpha": 1.0,
        "Blue": 1.0,
        "Green": 1.0,
        "ID": 30,
        "Red": 1.0,
        "Type": "COLOR_POPUP_TEXT"
    },
    {
        "Alpha": 0.75,
        "Blue": 0.0,
        "Green": 1.0,
        "ID": 31,
        "Red": 1.0,
        "Type": "COLOR_POPUP_SELECTED"
    },
    {
        "Alpha": 1.0,
        "Blue": 0.1,
        "Green": 1.0,
        "ID": 32,
        "Red": 0.5,
        "Type": "COLOR_TECH_TEXT"
    },
    {
        "Alpha": 1.0,
        "Blue": 0.0,
        "Green": 1.0,
        "ID": 33,
        "Red": 1.0,
        "Type": "COLOR_UNIT_TEXT"
    },
    {
        "Alpha": 1.0,
        "Blue": 0.85,
        "Green": 0.8,
        "ID": 34,
        "Red": 0.8,
        "Type": "COLOR_BUILDING_TEXT"
    },
    {
        "Alpha": 1.0,
        "Blue": 0.85,
        "Green": 0.8,
        "ID": 35,
        "Red": 0.8,
        "Type": "COLOR_PROJECT_TEXT"
    },
    {
        "Alpha": 1.0,
        "Blue": 1.0,
        "Green": 0.9,
        "ID": 36,
        "Red": 0.4,
        "Type": "COLOR_HIGHLIGHT_TEXT"
    },
    {
        "Alpha": 1.0,
        "Blue": 0.1,
        "Green": 1.0,
        "ID": 37,
        "Red": 0.5,
        "Type": "COLOR_ALT_HIGHLIGHT_TEXT"
    },
    {
        "Alpha": 1.0,
        "Blue": 0.3,
        "Green": 0.3,
        "ID": 38,
        "Red": 1.0,
        "Type": "COLOR_WARNING_TEXT"
    },
    {
        "Alpha": 1.0,
        "Blue": 0.1,
        "Green": 1.0,
        "ID": 39,
        "Red": 0.5,
        "Type": "COLOR_POSITIVE_TEXT"
    },
    {
        "Alpha": 1.0,
        "Blue": 0.3,
        "Green": 0.3,
        "ID": 40,
        "Red": 1.0,
        "Type": "COLOR_NEGATIVE_TEXT"
    },
    {
        "Alpha": 1.0,
        "Blue": 0.16,
        "Green": 0.24,
        "ID": 41,
        "Red": 0.4,
        "Type": "COLOR_BROWN_TEXT"
    },
    {
        "Alpha": 1.0,
        "Blue": 0.49,
        "Green": 0.82,
        "ID": 42,
        "Red": 1.0,
        "Type": "COLOR_SELECTED_TEXT"
    },
    {
        "Alpha": 1.0,
        "Blue": 1.0,
        "Green": 0.7,
        "ID": 43,
        "Red": 0.7,
        "Type": "COLOR_WATER_TEXT"
    },
    {
        "Alpha": 1.0,
        "Blue": 0.95,
        "Green": 0.83,
        "ID": 44,
        "Red": 0.28,
        "Type": "COLOR_MENU_BLUE"
    },
    {
        "Alpha": 1.0,
        "Blue": 0.03,
        "Green": 0.09,
        "ID": 45,
        "Red": 0.22,
        "Type": "COLOR_DAWN_OF_MAN_TEXT"
    },
    {
        "Alpha": 1.0,
        "Blue": 0.0,
        "Green": 1.0,
        "ID": 46,
        "Red": 1.0,
        "Type": "COLOR_ADVISOR_HIGHLIGHT_TEXT"
    },
    {
        "Alpha": 0.5,
        "Blue": 0.27,
        "Green": 0.7,
        "ID": 47,
        "Red": 0.16,
        "Type": "COLOR_TECH_GREEN"
    },
    {
        "Alpha": 0.5,
        "Blue": 0.68,
        "Green": 0.23,
        "ID": 48,
        "Red": 0.21,
        "Type": "COLOR_TECH_BLUE"
    },
    {
        "Alpha": 0.5,
        "Blue": 0.68,
        "Green": 0.23,
        "ID": 49,
        "Red": 0.21,
        "Type": "COLOR_TECH_WORKING"
    },
    {
        "Alpha": 0.5,
        "Blue": 0.0,
        "Green": 0.0,
        "ID": 50,
        "Red": 0.0,
        "Type": "COLOR_TECH_BLACK"
    },
    {
        "Alpha": 0.5,
        "Blue": 0.0,
        "Green": 0.0,
        "ID": 51,
        "Red": 1.0,
        "Type": "COLOR_TECH_RED"
    },
    {
        "Alpha": 1.0,
        "Blue": 0.0,
        "Green": 0.0,
        "ID": 52,
        "Red": 1.0,
        "Type": "COLOR_RED"
    },
    {
        "Alpha": 1.0,
        "Blue": 0.13,
        "Green": 0.13,
        "ID": 53,
        "Red": 0.13,
        "Type": "COLOR_PLAYER_BLACK"
    },
    {
        "Alpha": 1.0,
        "Blue": 0.851,
        "Green": 0.808,
        "ID": 54,
        "Red": 0.8,
        "Type": "COLOR_PLAYER_BLACK_TEXT"
    },
    {
        "Alpha": 1.0,
        "Blue": 1.0,
        "Green": 0.4,
        "ID": 55,
        "Red": 0.21,
        "Type": "COLOR_PLAYER_BLUE"
    },
    {
        "Alpha": 1.0,
        "Blue": 1.0,
        "Green": 0.8,
        "ID": 56,
        "Red": 0.7,
        "Type": "COLOR_PLAYER_LIGHT_BLUE_TEXT"
    },
    {
        "Alpha": 1.0,
        "Blue": 0.0,
        "Green": 0.24,
        "ID": 57,
        "Red": 0.39,
        "Type": "COLOR_PLAYER_BROWN"
    },
    {
        "Alpha": 1.0,
        "Blue": 0.3,
        "Green": 0.65,
        "ID": 58,
        "Red": 0.9,
        "Type": "COLOR_PLAYER_BROWN_TEXT"
    },
    {
        "Alpha": 1.0,
        "Blue": 0.96,
        "Green": 0.8,
        "ID": 59,
        "Red": 0.07,
        "Type": "COLOR_PLAYER_CYAN"
    },
    {
        "Alpha": 1.0,
        "Blue": 0.973,
        "Green": 1.0,
        "ID": 60,
        "Red": 0.6,
        "Type": "COLOR_PLAYER_CYAN_TEXT"
    },
    {
        "Alpha": 1.0,
        "Blue": 0.64,
        "Green": 0.0,
        "ID": 61,
        "Red": 0.16,
        "Type": "COLOR_PLAYER_DARK_BLUE"
    },
    {
        "Alpha": 1.0,
        "Blue": 0.9,
        "Green": 0.55,
        "ID": 62,
        "Red": 0.65,
        "Type": "COLOR_PLAYER_DARK_BLUE_TEXT"
    },
    {
        "Alpha": 1.0,
        "Blue": 0.55,
        "Green": 0.54,
        "ID": 63,
        "Red": 0.0,
        "Type": "COLOR_PLAYER_DARK_CYAN"
    },
    {
        "Alpha": 1.0,
        "Blue": 0.788,
        "Green": 0.831,
        "ID": 64,
        "Red": 0.0,
        "Type": "COLOR_PLAYER_DARK_CYAN_TEXT"
    },
    {
        "Alpha": 1.0,
        "Blue": 0.0,
        "Green": 0.39,
        "ID": 65,
        "Red": 0.0,
        "Type": "COLOR_PLAYER_DARK_GREEN"
    },
    {
        "Alpha": 1.0,
        "Blue": 0.0,
        "Green": 0.27,
        "ID": 66,
        "Red": 0.0,
        "Type": "COLOR_PLAYER_DARK_DARK_GREEN"
    },
    {
        "Alpha": 1.0,
        "Blue": 0.561,
        "Green": 0.8,
        "ID": 67,
        "Red": 0.561,
        "Type": "COLOR_PLAYER_DARK_GREEN_TEXT"
    },
    {
        "Alpha": 1.0,
        "Blue": 0.38,
        "Green": 0.0,
        "ID": 68,
        "Red": 0.69,
        "Type": "COLOR_PLAYER_DARK_PINK"
    },
    {
        "Alpha": 1.0,
        "Blue": 1.0,
        "Green": 0.0,
        "ID": 69,
        "Red": 1.0,
        "Type": "COLOR_PLAYER_DARK_PINK_TEXT"
    },
    {
        "Alpha": 1.0,
        "Blue": 0.49,
        "Green": 0.0,
        "ID": 70,
        "Red": 0.45,
        "Type": "COLOR_PLAYER_DARK_PURPLE"
    },
    {
        "Alpha": 1.0,
        "Blue": 0.85,
        "Green": 0.35,
        "ID": 71,
        "Red": 0.8,
        "Type": "COLOR_PLAYER_DARK_PURPLE_TEXT"
    },
    {
        "Alpha": 1.0,
        "Blue": 0.0,
        "Green": 0.0,
        "ID": 72,
        "Red": 0.62,
        "Type": "COLOR_PLAYER_DARK_RED"
    },
    {
        "Alpha": 1.0,
        "Blue": 0.22,
        "Green": 0.22,
        "ID": 73,
        "Red": 1.0,
        "Type": "COLOR_PLAYER_DARK_RED_TEXT"
    },
    {
        "Alpha": 1.0,
        "Blue": 0.0,
        "Green": 0.75,
        "ID": 74,
        "Red": 0.97,
        "Type": "COLOR_PLAYER_DARK_YELLOW"
    },
    {
        "Alpha": 1.0,
        "Blue": 0.0,
        "Green": 0.8,
        "ID": 75,
        "Red": 1.0,
        "Type": "COLOR_PLAYER_DARK_YELLOW_TEXT"
    },
    {
        "Alpha": 1.0,
        "Blue": 0.7,
        "Green": 0.7,
        "ID": 76,
        "Red": 0.7,
        "Type": "COLOR_PLAYER_GRAY"
    },
    {
        "Alpha": 1.0,
        "Blue": 0.8,
        "Green": 0.8,
        "ID": 77,
        "Red": 0.8,
        "Type": "COLOR_PLAYER_GRAY_TEXT"
    },
    {
        "Alpha": 1.0,
        "Blue": 0.0,
        "Green": 0.88,
        "ID": 78,
        "Red": 0.49,
        "Type": "COLOR_PLAYER_GREEN"
    },
    {
        "Alpha": 1.0,
        "Blue": 0.0,
        "Green": 0.882,
        "ID": 79,
        "Red": 0.486,
        "Type": "COLOR_PLAYER_GREEN_TEXT"
    },
    {
        "Alpha": 1.0,
        "Blue": 0.0,
        "Green": 0.35,
        "ID": 80,
        "Red": 0.99,
        "Type": "COLOR_PLAYER_ORANGE"
    },
    {
        "Alpha": 1.0,
        "Blue": 0.0,
        "Green": 0.459,
        "ID": 81,
        "Red": 0.996,
        "Type": "COLOR_PLAYER_ORANGE_TEXT"
    },
    {
        "Alpha": 1.0,
        "Blue": 0.56,
        "Green": 0.85,
        "ID": 82,
        "Red": 1.0,
        "Type": "COLOR_PLAYER_PEACH"
    },
    {
        "Alpha": 1.0,
        "Blue": 0.396,
        "Green": 0.698,
        "ID": 83,
        "Red": 0.761,
        "Type": "COLOR_PLAYER_PEACH_TEXT"
    },
    {
        "Alpha": 1.0,
        "Blue": 0.49,
        "Green": 0.67,
        "ID": 84,
        "Red": 0.98,
        "Type": "COLOR_PLAYER_PINK"
    },
    {
        "Alpha": 1.0,
        "Blue": 0.57,
        "Green": 0.72,
        "ID": 85,
        "Red": 0.98,
        "Type": "COLOR_PLAYER_PINK_TEXT"
    },
    {
        "Alpha": 1.0,
        "Blue": 1.0,
        "Green": 0.34,
        "ID": 86,
        "Red": 0.77,
        "Type": "COLOR_PLAYER_PURPLE"
    },
    {
        "Alpha": 1.0,
        "Blue": 1.0,
        "Green": 0.65,
        "ID": 87,
        "Red": 0.85,
        "Type": "COLOR_PLAYER_PURPLE_TEXT"
    },
    {
        "Alpha": 1.0,
        "Blue": 0.02,
        "Green": 0.02,
        "ID": 88,
        "Red": 0.86,
        "Type": "COLOR_PLAYER_RED"
    },
    {
        "Alpha": 1.0,
        "Blue": 0.416,
        "Green": 0.298,
        "ID": 89,
        "Red": 1.0,
        "Type": "COLOR_PLAYER_RED_TEXT"
    },
    {
        "Alpha": 1.0,
        "Blue": 0.9,
        "Green": 0.9,
        "ID": 90,
        "Red": 0.9,
        "Type": "COLOR_PLAYER_WHITE"
    },
    {
        "Alpha": 1.0,
        "Blue": 0.95,
        "Green": 0.95,
        "ID": 91,
        "Red": 1.0,
        "Type": "COLOR_PLAYER_WHITE_TEXT"
    },
    {
        "Alpha": 1.0,
        "Blue": 0.17,
        "Green": 1.0,
        "ID": 92,
        "Red": 1.0,
        "Type": "COLOR_PLAYER_YELLOW"
    },
    {
        "Alpha": 1.0,
        "Blue": 0.173,
        "Green": 1.0,
        "ID": 93,
        "Red": 0.996,
        "Type": "COLOR_PLAYER_YELLOW_TEXT"
    },
    {
        "Alpha": 1.0,
        "Blue": 0.5,
        "Green": 1.0,
        "ID": 94,
        "Red": 0.5,
        "Type": "COLOR_PLAYER_LIGHT_GREEN"
    },
    {
        "Alpha": 1.0,
        "Blue": 0.7,
        "Green": 1.0,
        "ID": 95,
        "Red": 0.7,
        "Type": "COLOR_PLAYER_LIGHT_GREEN_TEXT"
    },
    {
        "Alpha": 1.0,
        "Blue": 1.0,
        "Green": 0.7,
        "ID": 96,
        "Red": 0.5,
        "Type": "COLOR_PLAYER_LIGHT_BLUE"
    },
    {
        "Alpha": 1.0,
        "Blue": 1.0,
        "Green": 0.7,
        "ID": 97,
        "Red": 0.5,
        "Type": "COLOR_PLAYER_BLUE_TEXT"
    },
    {
        "Alpha": 1.0,
        "Blue": 0.5,
        "Green": 1.0,
        "ID": 98,
        "Red": 1.0,
        "Type": "COLOR_PLAYER_LIGHT_YELLOW"
    },
    {
        "Alpha": 1.0,
        "Blue": 0.5,
        "Green": 1.0,
        "ID": 99,
        "Red": 0.9,
        "Type": "COLOR_PLAYER_LIGHT_YELLOW_TEXT"
    },
    {
        "Alpha": 1.0,
        "Blue": 1.0,
        "Green": 0.6,
        "ID": 100,
        "Red": 0.7,
        "Type": "COLOR_PLAYER_LIGHT_PURPLE"
    },
    {
        "Alpha": 1.0,
        "Blue": 1.0,
        "Green": 0.6,
        "ID": 101,
        "Red": 0.7,
        "Type": "COLOR_PLAYER_LIGHT_PURPLE_TEXT"
    },
    {
        "Alpha": 1.0,
        "Blue": 0.32,
        "Green": 0.65,
        "ID": 102,
        "Red": 0.9,
        "Type": "COLOR_PLAYER_LIGHT_ORANGE"
    },
    {
        "Alpha": 1.0,
        "Blue": 0.35,
        "Green": 0.75,
        "ID": 103,
        "Red": 1.0,
        "Type": "COLOR_PLAYER_LIGHT_ORANGE_TEXT"
    },
    {
        "Alpha": 1.0,
        "Blue": 0.725,
        "Green": 0.118,
        "ID": 104,
        "Red": 0.675,
        "Type": "COLOR_PLAYER_MIDDLE_PURPLE"
    },
    {
        "Alpha": 1.0,
        "Blue": 0.631,
        "Green": 0.396,
        "ID": 105,
        "Red": 0.808,
        "Type": "COLOR_PLAYER_MIDDLE_PURPLE_TEXT"
    },
    {
        "Alpha": 1.0,
        "Blue": 0.0,
        "Green": 0.624,
        "ID": 106,
        "Red": 0.871,
        "Type": "COLOR_PLAYER_GOLDENROD"
    },
    {
        "Alpha": 1.0,
        "Blue": 0.369,
        "Green": 0.369,
        "ID": 107,
        "Red": 0.369,
        "Type": "COLOR_PLAYER_DARK_GRAY"
    },
    {
        "Alpha": 1.0,
        "Blue": 0.565,
        "Green": 0.565,
        "ID": 108,
        "Red": 0.565,
        "Type": "COLOR_PLAYER_DARK_GRAY_TEXT"
    },
    {
        "Alpha": 1.0,
        "Blue": 0.0,
        "Green": 0.576,
        "ID": 109,
        "Red": 0.204,
        "Type": "COLOR_PLAYER_MIDDLE_GREEN"
    },
    {
        "Alpha": 1.0,
        "Blue": 0.0,
        "Green": 0.616,
        "ID": 110,
        "Red": 0.243,
        "Type": "COLOR_PLAYER_MIDDLE_GREEN_TEXT"
    },
    {
        "Alpha": 1.0,
        "Blue": 0.039,
        "Green": 0.792,
        "ID": 111,
        "Red": 0.847,
        "Type": "COLOR_PLAYER_DARK_LEMON"
    },
    {
        "Alpha": 1.0,
        "Blue": 0.098,
        "Green": 0.851,
        "ID": 112,
        "Red": 0.906,
        "Type": "COLOR_PLAYER_DARK_LEMON_TEXT"
    },
    {
        "Alpha": 1.0,
        "Blue": 0.914,
        "Green": 0.22,
        "ID": 113,
        "Red": 0.0,
        "Type": "COLOR_PLAYER_MIDDLE_BLUE"
    },
    {
        "Alpha": 1.0,
        "Blue": 0.71,
        "Green": 0.725,
        "ID": 114,
        "Red": 0.504,
        "Type": "COLOR_PLAYER_MIDDLE_BLUE_TEXT"
    },
    {
        "Alpha": 1.0,
        "Blue": 0.71,
        "Green": 0.639,
        "ID": 115,
        "Red": 0.0,
        "Type": "COLOR_PLAYER_MIDDLE_CYAN"
    },
    {
        "Alpha": 1.0,
        "Blue": 0.867,
        "Green": 0.796,
        "ID": 116,
        "Red": 0.157,
        "Type": "COLOR_PLAYER_MIDDLE_CYAN_TEXT"
    },
    {
        "Alpha": 1.0,
        "Blue": 0.157,
        "Green": 0.2,
        "ID": 117,
        "Red": 0.514,
        "Type": "COLOR_PLAYER_MAROON"
    },
    {
        "Alpha": 1.0,
        "Blue": 0.075,
        "Green": 0.345,
        "ID": 118,
        "Red": 0.518,
        "Type": "COLOR_PLAYER_LIGHT_BROWN"
    },
    {
        "Alpha": 1.0,
        "Blue": 0.204,
        "Green": 0.431,
        "ID": 119,
        "Red": 0.58,
        "Type": "COLOR_PLAYER_LIGHT_BROWN_TEXT"
    },
    {
        "Alpha": 1.0,
        "Blue": 0.0,
        "Green": 0.235,
        "ID": 120,
        "Red": 0.878,
        "Type": "COLOR_PLAYER_DARK_ORANGE"
    },
    {
        "Alpha": 1.0,
        "Blue": 0.071,
        "Green": 0.306,
        "ID": 121,
        "Red": 0.949,
        "Type": "COLOR_PLAYER_DARK_ORANGE_TEXT"
    },
    {
        "Alpha": 1.0,
        "Blue": 0.355,
        "Green": 0.625,
        "ID": 122,
        "Red": 0.355,
        "Type": "COLOR_PLAYER_DARK_DARK_GREEN_TEXT"
    },
    {
        "Alpha": 1.0,
        "Blue": 0.239,
        "Green": 0.282,
        "ID": 123,
        "Red": 0.78,
        "Type": "COLOR_PLAYER_PALE_RED"
    },
    {
        "Alpha": 1.0,
        "Blue": 0.835,
        "Green": 0.02,
        "ID": 124,
        "Red": 0.306,
        "Type": "COLOR_PLAYER_DARK_INDIGO"
    },
    {
        "Alpha": 1.0,
        "Blue": 0.859,
        "Green": 0.361,
        "ID": 125,
        "Red": 0.533,
        "Type": "COLOR_PLAYER_DARK_INDIGO_TEXT"
    },
    {
        "Alpha": 1.0,
        "Blue": 0.149,
        "Green": 0.471,
        "ID": 126,
        "Red": 0.863,
        "Type": "COLOR_PLAYER_PALE_ORANGE"
    },
    {
        "Alpha": 1.0,
        "Blue": 0.251,
        "Green": 0.251,
        "ID": 127,
        "Red": 0.251,
        "Type": "COLOR_PLAYER_LIGHT_BLACK"
    },
    {
        "Alpha": 1.0,
        "Blue": 0.392,
        "Green": 0.392,
        "ID": 128,
        "Red": 0.392,
        "Type": "COLOR_PLAYER_LIGHT_BLACK_TEXT"
    },
    {
        "Alpha": 1.0,
        "Blue": 0.0,
        "Green": 0.0,
        "ID": 129,
        "Red": 0.0,
        "Type": "COLOR_PLAYER_MINOR_ICON"
    },
    {
        "Alpha": 1.0,
        "Blue": 0.0,
        "Green": 0.0,
        "ID": 130,
        "Red": 0.721,
        "Type": "COLOR_PLAYER_BARBARIAN_ICON"
    },
    {
        "Alpha": 1.0,
        "Blue": 1.0,
        "Green": 1.0,
        "ID": 131,
        "Red": 1.0,
        "Type": "COLOR_PLAYER_AMERICA_ICON"
    },
    {
        "Alpha": 1.0,
        "Blue": 0.039,
        "Green": 0.867,
        "ID": 132,
        "Red": 0.573,
        "Type": "COLOR_PLAYER_ARABIA_ICON"
    },
    {
        "Alpha": 1.0,
        "Blue": 0.835,
        "Green": 0.937,
        "ID": 133,
        "Red": 0.537,
        "Type": "COLOR_PLAYER_AZTEC_ICON"
    },
    {
        "Alpha": 1.0,
        "Blue": 1.0,
        "Green": 1.0,
        "ID": 134,
        "Red": 1.0,
        "Type": "COLOR_PLAYER_CHINA_ICON"
    },
    {
        "Alpha": 1.0,
        "Blue": 0.816,
        "Green": 0.0,
        "ID": 135,
        "Red": 0.325,
        "Type": "COLOR_PLAYER_EGYPT_ICON"
    },
    {
        "Alpha": 1.0,
        "Blue": 1.0,
        "Green": 1.0,
        "ID": 136,
        "Red": 1.0,
        "Type": "COLOR_PLAYER_ENGLAND_ICON"
    },
    {
        "Alpha": 1.0,
        "Blue": 0.545,
        "Green": 0.922,
        "ID": 137,
        "Red": 0.922,
        "Type": "COLOR_PLAYER_FRANCE_ICON"
    },
    {
        "Alpha": 1.0,
        "Blue": 0.129,
        "Green": 0.169,
        "ID": 138,
        "Red": 0.145,
        "Type": "COLOR_PLAYER_GERMANY_ICON"
    },
    {
        "Alpha": 1.0,
        "Blue": 0.996,
        "Green": 0.553,
        "ID": 139,
        "Red": 0.255,
        "Type": "COLOR_PLAYER_GREECE_ICON"
    },
    {
        "Alpha": 1.0,
        "Blue": 0.196,
        "Green": 0.6,
        "ID": 140,
        "Red": 1.0,
        "Type": "COLOR_PLAYER_INDIA_ICON"
    },
    {
        "Alpha": 1.0,
        "Blue": 0.506,
        "Green": 0.792,
        "ID": 141,
        "Red": 0.988,
        "Type": "COLOR_PLAYER_IROQUOIS_ICON"
    },
    {
        "Alpha": 1.0,
        "Blue": 0.0,
        "Green": 0.0,
        "ID": 142,
        "Red": 0.722,
        "Type": "COLOR_PLAYER_JAPAN_ICON"
    },
    {
        "Alpha": 1.0,
        "Blue": 0.118,
        "Green": 0.322,
        "ID": 143,
        "Red": 0.071,
        "Type": "COLOR_PLAYER_OTTOMAN_ICON"
    },
    {
        "Alpha": 1.0,
        "Blue": 0.216,
        "Green": 0.902,
        "ID": 144,
        "Red": 0.961,
        "Type": "COLOR_PLAYER_PERSIA_ICON"
    },
    {
        "Alpha": 1.0,
        "Blue": 0.0,
        "Green": 0.78,
        "ID": 145,
        "Red": 0.941,
        "Type": "COLOR_PLAYER_ROME_ICON"
    },
    {
        "Alpha": 1.0,
        "Blue": 0.0,
        "Green": 0.0,
        "ID": 146,
        "Red": 0.0,
        "Type": "COLOR_PLAYER_RUSSIA_ICON"
    },
    {
        "Alpha": 1.0,
        "Blue": 0.012,
        "Green": 0.031,
        "ID": 147,
        "Red": 0.694,
        "Type": "COLOR_PLAYER_SIAM_ICON"
    },
    {
        "Alpha": 1.0,
        "Blue": 0.039,
        "Green": 0.0,
        "ID": 148,
        "Red": 0.353,
        "Type": "COLOR_PLAYER_SONGHAI_ICON"
    },
    {
        "Alpha": 1.0,
        "Blue": 0.0,
        "Green": 0.0,
        "ID": 149,
        "Red": 0.0,
        "Type": "COLOR_PLAYER_BARBARIAN_BACKGROUND"
    },
    {
        "Alpha": 1.0,
        "Blue": 0.471,
        "Green": 0.2,
        "ID": 150,
        "Red": 0.122,
        "Type": "COLOR_PLAYER_AMERICA_BACKGROUND"
    },
    {
        "Alpha": 1.0,
        "Blue": 0.18,
        "Green": 0.345,
        "ID": 151,
        "Red": 0.169,
        "Type": "COLOR_PLAYER_ARABIA_BACKGROUND"
    },
    {
        "Alpha": 1.0,
        "Blue": 0.137,
        "Green": 0.224,
        "ID": 152,
        "Red": 0.633,
        "Type": "COLOR_PLAYER_AZTEC_BACKGROUND"
    },
    {
        "Alpha": 1.0,
        "Blue": 0.322,
        "Green": 0.584,
        "ID": 153,
        "Red": 0.0,
        "Type": "COLOR_PLAYER_CHINA_BACKGROUND"
    },
    {
        "Alpha": 1.0,
        "Blue": 0.012,
        "Green": 0.988,
        "ID": 154,
        "Red": 1.0,
        "Type": "COLOR_PLAYER_EGYPT_BACKGROUND"
    },
    {
        "Alpha": 1.0,
        "Blue": 0.0,
        "Green": 0.008,
        "ID": 155,
        "Red": 0.427,
        "Type": "COLOR_PLAYER_ENGLAND_BACKGROUND"
    },
    {
        "Alpha": 1.0,
        "Blue": 0.996,
        "Green": 0.553,
        "ID": 156,
        "Red": 0.255,
        "Type": "COLOR_PLAYER_FRANCE_BACKGROUND"
    },
    {
        "Alpha": 1.0,
        "Blue": 0.722,
        "Green": 0.698,
        "ID": 157,
        "Red": 0.702,
        "Type": "COLOR_PLAYER_GERMANY_BACKGROUND"
    },
    {
        "Alpha": 1.0,
        "Blue": 1.0,
        "Green": 1.0,
        "ID": 158,
        "Red": 1.0,
        "Type": "COLOR_PLAYER_GREECE_BACKGROUND"
    },
    {
        "Alpha": 1.0,
        "Blue": 0.027,
        "Green": 0.533,
        "ID": 159,
        "Red": 0.071,
        "Type": "COLOR_PLAYER_INDIA_BACKGROUND"
    },
    {
        "Alpha": 1.0,
        "Blue": 0.341,
        "Green": 0.341,
        "ID": 160,
        "Red": 0.255,
        "Type": "COLOR_PLAYER_IROQUOIS_BACKGROUND"
    },
    {
        "Alpha": 1.0,
        "Blue": 1.0,
        "Green": 1.0,
        "ID": 161,
        "Red": 1.0,
        "Type": "COLOR_PLAYER_JAPAN_BACKGROUND"
    },
    {
        "Alpha": 1.0,
        "Blue": 0.784,
        "Green": 0.976,
        "ID": 162,
        "Red": 0.969,
        "Type": "COLOR_PLAYER_OTTOMAN_BACKGROUND"
    },
    {
        "Alpha": 1.0,
        "Blue": 0.012,
        "Green": 0.031,
        "ID": 163,
        "Red": 0.694,
        "Type": "COLOR_PLAYER_PERSIA_BACKGROUND"
    },
    {
        "Alpha": 1.0,
        "Blue": 0.463,
        "Green": 0.0,
        "ID": 164,
        "Red": 0.275,
        "Type": "COLOR_PLAYER_ROME_BACKGROUND"
    },
    {
        "Alpha": 1.0,
        "Blue": 0.0,
        "Green": 0.706,
        "ID": 165,
        "Red": 0.937,
        "Type": "COLOR_PLAYER_RUSSIA_BACKGROUND"
    },
    {
        "Alpha": 1.0,
        "Blue": 0.216,
        "Green": 0.902,
        "ID": 166,
        "Red": 0.961,
        "Type": "COLOR_PLAYER_SIAM_BACKGROUND"
    },
    {
        "Alpha": 1.0,
        "Blue": 0.075,
        "Green": 0.569,
        "ID": 167,
        "Red": 0.839,
        "Type": "COLOR_PLAYER_SONGHAI_BACKGROUND"
    },
    {
        "Alpha": 1.0,
        "Blue": 0.0,
        "Green": 0.471,
        "ID": 168,
        "Red": 1.0,
        "Type": "COLOR_PLAYER_MONGOL_ICON"
    },
    {
        "Alpha": 1.0,
        "Blue": 0.035,
        "Green": 0.0,
        "ID": 169,
        "Red": 0.318,
        "Type": "COLOR_PLAYER_MONGOL_BACKGROUND"
    },
    {
        "Alpha": 1.0,
        "Blue": 0.467,
        "Green": 0.627,
        "ID": 170,
        "Red": 0.027,
        "Type": "COLOR_PLAYER_INCA_ICON"
    },
    {
        "Alpha": 1.0,
        "Blue": 0.133,
        "Green": 0.725,
        "ID": 171,
        "Red": 1.0,
        "Type": "COLOR_PLAYER_INCA_BACKGROUND"
    },
    {
        "Alpha": 1.0,
        "Blue": 0.659,
        "Green": 0.659,
        "ID": 172,
        "Red": 1.0,
        "Type": "COLOR_PLAYER_SPAIN_ICON"
    },
    {
        "Alpha": 1.0,
        "Blue": 0.102,
        "Green": 0.102,
        "ID": 173,
        "Red": 0.329,
        "Type": "COLOR_PLAYER_SPAIN_BACKGROUND"
    },
    {
        "Alpha": 1.0,
        "Blue": 0.294,
        "Green": 1.0,
        "ID": 174,
        "Red": 1.0,
        "Type": "COLOR_PLAYER_POLYNESIA_ICON"
    },
    {
        "Alpha": 1.0,
        "Blue": 0.0,
        "Green": 0.349,
        "ID": 175,
        "Red": 0.851,
        "Type": "COLOR_PLAYER_POLYNESIA_BACKGROUND"
    },
    {
        "Alpha": 1.0,
        "Blue": 0.7058,
        "Green": 0.9059,
        "ID": 176,
        "Red": 0.941,
        "Type": "COLOR_PLAYER_DENMARK_ICON"
    },
    {
        "Alpha": 1.0,
        "Blue": 0.08235,
        "Green": 0.1686,
        "ID": 177,
        "Red": 0.4274,
        "Type": "COLOR_PLAYER_DENMARK_BACKGROUND"
    },
    {
        "Alpha": 1.0,
        "Blue": 0.0,
        "Green": 0.0,
        "ID": 178,
        "Red": 1.0,
        "Type": "COLOR_PLAYER_KOREA_ICON"
    },
    {
        "Alpha": 1.0,
        "Blue": 0.3765,
        "Green": 0.1294,
        "ID": 179,
        "Red": 0.1058,
        "Type": "COLOR_PLAYER_KOREA_BACKGROUND"
    },
    {
        "Alpha": 1.0,
        "Blue": 1.0,
        "Green": 0.973,
        "ID": 180,
        "Red": 0.788,
        "Type": "COLOR_PLAYER_NEBUCHADNEZZAR_ICON"
    },
    {
        "Alpha": 1.0,
        "Blue": 0.384,
        "Green": 0.318,
        "ID": 181,
        "Red": 0.169,
        "Type": "COLOR_PLAYER_NEBUCHADNEZZAR_BACKGROUND"
    },
    {
        "Alpha": 1.0,
        "Blue": 1.0,
        "Green": 1.0,
        "ID": 182,
        "Red": 1.0,
        "Type": "COLOR_PLAYER_AUSTRIA_ICON"
    },
    {
        "Alpha": 1.0,
        "Blue": 0.0,
        "Green": 0.0,
        "ID": 183,
        "Red": 0.9215,
        "Type": "COLOR_PLAYER_AUSTRIA_BACKGROUND"
    },
    {
        "Alpha": 1.0,
        "Blue": 0.4274,
        "Green": 0.0,
        "ID": 184,
        "Red": 0.2392,
        "Type": "COLOR_PLAYER_BYZANTIUM_ICON"
    },
    {
        "Alpha": 1.0,
        "Blue": 0.9137,
        "Green": 0.6352,
        "ID": 185,
        "Red": 0.447,
        "Type": "COLOR_PLAYER_BYZANTIUM_BACKGROUND"
    },
    {
        "Alpha": 1.0,
        "Blue": 0.5372,
        "Green": 0.0,
        "ID": 186,
        "Red": 0.3176,
        "Type": "COLOR_PLAYER_CARTHAGE_ICON"
    },
    {
        "Alpha": 1.0,
        "Blue": 0.8039,
        "Green": 0.8039,
        "ID": 187,
        "Red": 0.8039,
        "Type": "COLOR_PLAYER_CARTHAGE_BACKGROUND"
    },
    {
        "Alpha": 1.0,
        "Blue": 1.0,
        "Green": 0.6666,
        "ID": 188,
        "Red": 0.5803,
        "Type": "COLOR_PLAYER_CELTS_ICON"
    },
    {
        "Alpha": 1.0,
        "Blue": 0.247,
        "Green": 0.3607,
        "ID": 189,
        "Red": 0.0862,
        "Type": "COLOR_PLAYER_CELTS_BACKGROUND"
    },
    {
        "Alpha": 1.0,
        "Blue": 0.0156,
        "Green": 0.0,
        "ID": 192,
        "Red": 0.2745,
        "Type": "COLOR_PLAYER_HUNS_ICON"
    },
    {
        "Alpha": 1.0,
        "Blue": 0.6431,
        "Green": 0.698,
        "ID": 193,
        "Red": 0.7058,
        "Type": "COLOR_PLAYER_HUNS_BACKGROUND"
    },
    {
        "Alpha": 1.0,
        "Blue": 0.2588,
        "Green": 0.247,
        "ID": 194,
        "Red": 0.0941,
        "Type": "COLOR_PLAYER_MAYA_ICON"
    },
    {
        "Alpha": 1.0,
        "Blue": 0.3882,
        "Green": 0.5529,
        "ID": 195,
        "Red": 0.7764,
        "Type": "COLOR_PLAYER_MAYA_BACKGROUND"
    },
    {
        "Alpha": 1.0,
        "Blue": 1.0,
        "Green": 1.0,
        "ID": 196,
        "Red": 1.0,
        "Type": "COLOR_PLAYER_NETHERLANDS_ICON"
    },
    {
        "Alpha": 1.0,
        "Blue": 0.0,
        "Green": 0.5647,
        "ID": 197,
        "Red": 1.0,
        "Type": "COLOR_PLAYER_NETHERLANDS_BACKGROUND"
    },
    {
        "Alpha": 1.0,
        "Blue": 0.0117,
        "Green": 0.9686,
        "ID": 198,
        "Red": 0.9764,
        "Type": "COLOR_PLAYER_SWEDEN_ICON"
    },
    {
        "Alpha": 1.0,
        "Blue": 0.6509,
        "Green": 0.0313,
        "ID": 199,
        "Red": 0.0313,
        "Type": "COLOR_PLAYER_SWEDEN_BACKGROUND"
    },
    {
        "Alpha": 1.0,
        "Blue": 0.0118,
        "Green": 0.4784,
        "ID": 200,
        "Red": 0.2188,
        "Type": "COLOR_FADING_POSITIVE_TEXT"
    },
    {
        "Alpha": 1.0,
        "Blue": 0.0625,
        "Green": 0.0625,
        "ID": 201,
        "Red": 0.5234,
        "Type": "COLOR_FADING_NEGATIVE_TEXT"
    },
    {
        "Alpha": 1.0,
        "Blue": 0.1802,
        "Green": 0.1802,
        "ID": 202,
        "Red": 1.0,
        "Type": "COLOR_PLAYER_ETHIOPIA_ICON"
    },
    {
        "Alpha": 1.0,
        "Blue": 0.0586,
        "Green": 0.1563,
        "ID": 203,
        "Red": 0.00664,
        "Type": "COLOR_PLAYER_ETHIOPIA_BACKGROUND"
    },
    {
        "Alpha": 1.0,
        "Blue": 0.0509803921568627,
        "Green": 0.6627450980392157,
        "ID": 204,
        "Red": 1.0,
        "Type": "COLOR_PLAYER_ASSYRIA_ICON"
    },
    {
        "Alpha": 1.0,
        "Blue": 0.6823529411764706,
        "Green": 0.9568627450980391,
        "ID": 205,
        "Red": 1.0,
        "Type": "COLOR_PLAYER_ASSYRIA_BACKGROUND"
    },
    {
        "Alpha": 1.0,
        "Blue": 0.1764705882352941,
        "Green": 0.3294117647058824,
        "ID": 206,
        "Red": 0.1647058823529412,
        "Type": "COLOR_PLAYER_BRAZIL_ICON"
    },
    {
        "Alpha": 1.0,
        "Blue": 0.0392156862745098,
        "Green": 0.8705882352941176,
        "ID": 207,
        "Red": 0.5882352941176471,
        "Type": "COLOR_PLAYER_BRAZIL_BACKGROUND"
    },
    {
        "Alpha": 1.0,
        "Blue": 0.1137254901960784,
        "Green": 0.1843137254901961,
        "ID": 208,
        "Red": 0.6235294117647059,
        "Type": "COLOR_PLAYER_INDONESIA_ICON"
    },
    {
        "Alpha": 1.0,
        "Blue": 0.8549019607843137,
        "Green": 0.8274509803921569,
        "ID": 209,
        "Red": 0.4352941176470588,
        "Type": "COLOR_PLAYER_INDONESIA_BACKGROUND"
    },
    {
        "Alpha": 1.0,
        "Blue": 0.3137254901960784,
        "Green": 0.7019607843137255,
        "ID": 210,
        "Red": 0.1568627450980392,
        "Type": "COLOR_PLAYER_MOROCCO_ICON"
    },
    {
        "Alpha": 1.0,
        "Blue": 0.0,
        "Green": 0.007843137254902,
        "ID": 211,
        "Red": 0.5686274509803922,
        "Type": "COLOR_PLAYER_MOROCCO_BACKGROUND"
    },
    {
        "Alpha": 1.0,
        "Blue": 0.0,
        "Green": 0.0,
        "ID": 212,
        "Red": 0.2235294117647059,
        "Type": "COLOR_PLAYER_POLAND_ICON"
    },
    {
        "Alpha": 1.0,
        "Blue": 0.0,
        "Green": 0.0196078431372549,
        "ID": 213,
        "Red": 0.9607843137254902,
        "Type": "COLOR_PLAYER_POLAND_BACKGROUND"
    },
    {
        "Alpha": 1.0,
        "Blue": 0.4901960784313725,
        "Green": 0.0784313725490196,
        "ID": 214,
        "Red": 0.0156862745098039,
        "Type": "COLOR_PLAYER_PORTUGAL_ICON"
    },
    {
        "Alpha": 1.0,
        "Blue": 1.0,
        "Green": 1.0,
        "ID": 215,
        "Red": 1.0,
        "Type": "COLOR_PLAYER_PORTUGAL_BACKGROUND"
    },
    {
        "Alpha": 1.0,
        "Blue": 0.807843137254902,
        "Green": 0.9411764705882353,
        "ID": 216,
        "Red": 0.0980392156862745,
        "Type": "COLOR_PLAYER_SHOSHONE_ICON"
    },
    {
        "Alpha": 1.0,
        "Blue": 0.1803921568627451,
        "Green": 0.2313725490196078,
        "ID": 217,
        "Red": 0.2901960784313725,
        "Type": "COLOR_PLAYER_SHOSHONE_BACKGROUND"
    },
    {
        "Alpha": 1.0,
        "Blue": 0.8470588235294118,
        "Green": 0.996078431372549,
        "ID": 218,
        "Red": 1.0,
        "Type": "COLOR_PLAYER_VENICE_ICON"
    },
    {
        "Alpha": 1.0,
        "Blue": 0.6352941176470588,
        "Green": 0.1333333333333333,
        "ID": 219,
        "Red": 0.4,
        "Type": "COLOR_PLAYER_VENICE_BACKGROUND"
    },
    {
        "Alpha": 1.0,
        "Blue": 0.0980392156862745,
        "Green": 0.196078431372549,
        "ID": 220,
        "Red": 0.4196078431372549,
        "Type": "COLOR_PLAYER_ZULU_ICON"
    },
    {
        "Alpha": 1.0,
        "Blue": 0.8392156862745098,
        "Green": 0.9098039215686275,
        "ID": 221,
        "Red": 1.0,
        "Type": "COLOR_PLAYER_ZULU_BACKGROUND"
    }
]