[
    {
        "All": 0,
        "AltDown": 0,
        "AltDownAlt": 0,
        "Automate": null,
        "ConfirmCommand": 0,
        "CtrlDown": 0,
        "CtrlDownAlt": 0,
        "Description": "TXT_KEY_COMMAND_PROMOTION",
        "DisabledHelp": null,
        "Help": null,
        "HotKey": null,
        "HotKeyAlt": null,
        "HotKeyPriority": 0,
        "HotKeyPriorityAlt": 0,
        "ID": 0,
        "IconAtlas": null,
        "IconIndex": -1,
        "OrderPriority": 198,
        "ShiftDown": 0,
        "ShiftDownAlt": 0,
        "Type": "COMMAND_PROMOTION",
        "Visible": 0
    },
    {
        "All": 0,
        "AltDown": 0,
        "AltDownAlt": 0,
        "Automate": null,
        "ConfirmCommand": 0,
        "CtrlDown": 0,
        "CtrlDownAlt": 0,
        "Description": "TXT_KEY_COMMAND_UPGRADE",
        "DisabledHelp": null,
        "Help": null,
        "HotKey": "KB_U",
        "HotKeyAlt": null,
        "HotKeyPriority": 2,
        "HotKeyPriorityAlt": 0,
        "ID": 1,
        "IconAtlas": "UNIT_ACTION_ATLAS",
        "IconIndex": 44,
        "OrderPriority": 150,
        "ShiftDown": 0,
        "ShiftDownAlt": 0,
        "Type": "COMMAND_UPGRADE",
        "Visible": 1
    },
    {
        "All": 0,
        "AltDown": 0,
        "AltDownAlt": 0,
        "Automate": null,
        "ConfirmCommand": 0,
        "CtrlDown": 0,
        "CtrlDownAlt": 0,
        "Description": "TXT_KEY_COMMAND_AUTOMATE",
        "DisabledHelp": null,
        "Help": null,
        "HotKey": null,
        "HotKeyAlt": null,
        "HotKeyPriority": 0,
        "HotKeyPriorityAlt": 0,
        "ID": 2,
        "IconAtlas": null,
        "IconIndex": -1,
        "OrderPriority": 0,
        "ShiftDown": 0,
        "ShiftDownAlt": 0,
        "Type": "COMMAND_AUTOMATE",
        "Visible": 0
    },
    {
        "All": 1,
        "AltDown": 0,
        "AltDownAlt": 0,
        "Automate": null,
        "ConfirmCommand": 0,
        "CtrlDown": 0,
        "CtrlDownAlt": 0,
        "Description": "TXT_KEY_COMMAND_WAKE",
        "DisabledHelp": null,
        "Help": "TXT_KEY_COMMAND_WAKE_HELP",
        "HotKey": "KB_F",
        "HotKeyAlt": null,
        "HotKeyPriority": 0,
        "HotKeyPriorityAlt": 0,
        "ID": 3,
        "IconAtlas": "UNIT_ACTION_ATLAS",
        "IconIndex": 5,
        "OrderPriority": 101,
        "ShiftDown": 0,
        "ShiftDownAlt": 0,
        "Type": "COMMAND_WAKE",
        "Visible": 1
    },
    {
        "All": 1,
        "AltDown": 0,
        "AltDownAlt": 0,
        "Automate": null,
        "ConfirmCommand": 0,
        "CtrlDown": 0,
        "CtrlDownAlt": 0,
        "Description": "TXT_KEY_COMMAND_CANCEL",
        "DisabledHelp": null,
        "Help": "TXT_KEY_COMMAND_CANCEL_HELP",
        "HotKey": "KB_BACKSPACE",
        "HotKeyAlt": null,
        "HotKeyPriority": 1,
        "HotKeyPriorityAlt": 0,
        "ID": 4,
        "IconAtlas": "UNIT_ACTION_ATLAS",
        "IconIndex": 39,
        "OrderPriority": 199,
        "ShiftDown": 0,
        "ShiftDownAlt": 0,
        "Type": "COMMAND_CANCEL",
        "Visible": 1
    },
    {
        "All": 1,
        "AltDown": 0,
        "AltDownAlt": 0,
        "Automate": null,
        "ConfirmCommand": 0,
        "CtrlDown": 0,
        "CtrlDownAlt": 0,
        "Description": "TXT_KEY_COMMAND_CANCEL_ALL",
        "DisabledHelp": null,
        "Help": "TXT_KEY_COMMAND_CANCEL_ALL_HELP",
        "HotKey": "KB_BACKSPACE",
        "HotKeyAlt": null,
        "HotKeyPriority": 1,
        "HotKeyPriorityAlt": 0,
        "ID": 5,
        "IconAtlas": "UNIT_ACTION_ATLAS",
        "IconIndex": 39,
        "OrderPriority": 199,
        "ShiftDown": 1,
        "ShiftDownAlt": 0,
        "Type": "COMMAND_CANCEL_ALL",
        "Visible": 0
    },
    {
        "All": 1,
        "AltDown": 0,
        "AltDownAlt": 0,
        "Automate": null,
        "ConfirmCommand": 0,
        "CtrlDown": 0,
        "CtrlDownAlt": 0,
        "Description": "TXT_KEY_COMMAND_STOP_AUTOMATION",
        "DisabledHelp": null,
        "Help": "TXT_KEY_COMMAND_STOP_AUTOMATION_HELP",
        "HotKey": "KB_BACKSPACE",
        "HotKeyAlt": null,
        "HotKeyPriority": 0,
        "HotKeyPriorityAlt": 0,
        "ID": 6,
        "IconAtlas": "UNIT_ACTION_ATLAS",
        "IconIndex": 39,
        "OrderPriority": 101,
        "ShiftDown": 0,
        "ShiftDownAlt": 0,
        "Type": "COMMAND_STOP_AUTOMATION",
        "Visible": 1
    },
    {
        "All": 0,
        "AltDown": 0,
        "AltDownAlt": 0,
        "Automate": null,
        "ConfirmCommand": 1,
        "CtrlDown": 0,
        "CtrlDownAlt": 0,
        "Description": "TXT_KEY_COMMAND_DELETE",
        "DisabledHelp": null,
        "Help": "TXT_KEY_COMMAND_DELETE_HELP",
        "HotKey": "KB_DELETE",
        "HotKeyAlt": null,
        "HotKeyPriority": 0,
        "HotKeyPriorityAlt": 0,
        "ID": 7,
        "IconAtlas": "UNIT_ACTION_ATLAS",
        "IconIndex": 11,
        "OrderPriority": -1,
        "ShiftDown": 0,
        "ShiftDownAlt": 0,
        "Type": "COMMAND_DELETE",
        "Visible": 1
    },
    {
        "All": 0,
        "AltDown": 0,
        "AltDownAlt": 0,
        "Automate": null,
        "ConfirmCommand": 0,
        "CtrlDown": 0,
        "CtrlDownAlt": 0,
        "Description": "TXT_KEY_COMMAND_GIFT",
        "DisabledHelp": null,
        "Help": "TXT_KEY_COMMAND_GIFT_HELP",
        "HotKey": null,
        "HotKeyAlt": null,
        "HotKeyPriority": 0,
        "HotKeyPriorityAlt": 0,
        "ID": 8,
        "IconAtlas": "UNIT_ACTION_ATLAS",
        "IconIndex": 7,
        "OrderPriority": 1,
        "ShiftDown": 0,
        "ShiftDownAlt": 0,
        "Type": "COMMAND_GIFT",
        "Visible": 1
    },
    {
        "All": 0,
        "AltDown": 0,
        "AltDownAlt": 0,
        "Automate": null,
        "ConfirmCommand": 0,
        "CtrlDown": 0,
        "CtrlDownAlt": 0,
        "Description": "TXT_KEY_COMMAND_HOTKEY",
        "DisabledHelp": null,
        "Help": "TXT_KEY_COMMAND_HOTKEY_HELP",
        "HotKey": null,
        "HotKeyAlt": null,
        "HotKeyPriority": 0,
        "HotKeyPriorityAlt": 0,
        "ID": 9,
        "IconAtlas": null,
        "IconIndex": -1,
        "OrderPriority": 0,
        "ShiftDown": 0,
        "ShiftDownAlt": 0,
        "Type": "COMMAND_HOTKEY",
        "Visible": 0
    }
]