[
    {
        "ID": 0,
        "Type": "CONTACT_POLICY_PRESSURE"
    },
    {
        "ID": 1,
        "Type": "CONTACT_JOIN_WAR"
    },
    {
        "ID": 2,
        "Type": "CONTACT_STOP_TRADING"
    },
    {
        "ID": 3,
        "Type": "CONTACT_GIVE_HELP"
    },
    {
        "ID": 4,
        "Type": "CONTACT_ASK_FOR_HELP"
    },
    {
        "ID": 5,
        "Type": "CONTACT_DEMAND_TRIBUTE"
    },
    {
        "ID": 6,
        "Type": "CONTACT_OPEN_BORDERS"
    },
    {
        "ID": 7,
        "Type": "CONTACT_DEFENSIVE_PACT"
    },
    {
        "ID": 8,
        "Type": "CONTACT_PERMANENT_ALLIANCE"
    },
    {
        "ID": 9,
        "Type": "CONTACT_PEACE_TREATY"
    },
    {
        "ID": 10,
        "Type": "CONTACT_TRADE_TECH"
    },
    {
        "ID": 11,
        "Type": "CONTACT_TRADE_RESOURCE"
    },
    {
        "ID": 12,
        "Type": "CONTACT_TRADE_MAP"
    }
]