[
    {
        "AltDown": 0,
        "AltDownAlt": 0,
        "Button": null,
        "CtrlDown": 0,
        "CtrlDownAlt": 0,
        "Description": "TXT_KEY_ACTION_CENTER_SELECTION",
        "DisabledHelp": null,
        "Help": null,
        "HotKey": "KB_C",
        "HotKeyAlt": "KB_NUMPAD5",
        "HotKeyPriority": 0,
        "HotKeyPriorityAlt": 0,
        "ID": 0,
        "ShiftDown": 0,
        "ShiftDownAlt": 0,
        "Type": "CONTROL_CENTERONSELECTION"
    },
    {
        "AltDown": 0,
        "AltDownAlt": 0,
        "Button": null,
        "CtrlDown": 1,
        "CtrlDownAlt": 1,
        "Description": "TXT_KEY_ACTION_SELECT_UNIT_TYPE",
        "DisabledHelp": null,
        "Help": null,
        "HotKey": "KB_C",
        "HotKeyAlt": "KB_NUMPAD5",
        "HotKeyPriority": 0,
        "HotKeyPriorityAlt": 0,
        "ID": 1,
        "ShiftDown": 0,
        "ShiftDownAlt": 0,
        "Type": "CONTROL_SELECTYUNITTYPE"
    },
    {
        "AltDown": 1,
        "AltDownAlt": 1,
        "Button": null,
        "CtrlDown": 0,
        "CtrlDownAlt": 0,
        "Description": "TXT_KEY_ACTION_SELECT_UNIT_ALL",
        "DisabledHelp": null,
        "Help": null,
        "HotKey": "KB_C",
        "HotKeyAlt": "KB_NUMPAD5",
        "HotKeyPriority": 0,
        "HotKeyPriorityAlt": 0,
        "ID": 2,
        "ShiftDown": 0,
        "ShiftDownAlt": 0,
        "Type": "CONTROL_SELECTYUNITALL"
    },
    {
        "AltDown": 0,
        "AltDownAlt": 0,
        "Button": null,
        "CtrlDown": 0,
        "CtrlDownAlt": 0,
        "Description": "TXT_KEY_ACTION_SELECT_CITY",
        "DisabledHelp": null,
        "Help": null,
        "HotKey": "KB_INSERT",
        "HotKeyAlt": null,
        "HotKeyPriority": 0,
        "HotKeyPriorityAlt": 0,
        "ID": 3,
        "ShiftDown": 0,
        "ShiftDownAlt": 0,
        "Type": "CONTROL_SELECTCITY"
    },
    {
        "AltDown": 0,
        "AltDownAlt": 0,
        "Button": null,
        "CtrlDown": 1,
        "CtrlDownAlt": 0,
        "Description": "TXT_KEY_ACTION_SELECT_CAPITAL",
        "DisabledHelp": null,
        "Help": null,
        "HotKey": "KB_F10",
        "HotKeyAlt": null,
        "HotKeyPriority": 0,
        "HotKeyPriorityAlt": 0,
        "ID": 4,
        "ShiftDown": 0,
        "ShiftDownAlt": 0,
        "Type": "CONTROL_SELECTCAPITAL"
    },
    {
        "AltDown": 0,
        "AltDownAlt": 0,
        "Button": null,
        "CtrlDown": 0,
        "CtrlDownAlt": 0,
        "Description": "TXT_KEY_ACTION_NEXT_CITY",
        "DisabledHelp": null,
        "Help": "TXT_KEY_ACTION_NEXT_CITY_HELP",
        "HotKey": "KB_HOME",
        "HotKeyAlt": "KB_NUMPADPLUS",
        "HotKeyPriority": 0,
        "HotKeyPriorityAlt": 0,
        "ID": 5,
        "ShiftDown": 0,
        "ShiftDownAlt": 0,
        "Type": "CONTROL_NEXTCITY"
    },
    {
        "AltDown": 0,
        "AltDownAlt": 0,
        "Button": null,
        "CtrlDown": 0,
        "CtrlDownAlt": 0,
        "Description": "TXT_KEY_ACTION_PREVIOUS_CITY",
        "DisabledHelp": null,
        "Help": "TXT_KEY_ACTION_PREVIOUS_CITY_HELP",
        "HotKey": "KB_END",
        "HotKeyAlt": "KB_NUMPADMINUS",
        "HotKeyPriority": 0,
        "HotKeyPriorityAlt": 0,
        "ID": 6,
        "ShiftDown": 0,
        "ShiftDownAlt": 0,
        "Type": "CONTROL_PREVCITY"
    },
    {
        "AltDown": 0,
        "AltDownAlt": 0,
        "Button": null,
        "CtrlDown": 1,
        "CtrlDownAlt": 0,
        "Description": "TXT_KEY_ACTION_PREVIOUS_PLOT_UNIT_HELP",
        "DisabledHelp": null,
        "Help": "TXT_KEY_ACTION_NEXT_UNIT_HELP",
        "HotKey": "KB_PERIOD",
        "HotKeyAlt": "KB_NUMPADSTAR",
        "HotKeyPriority": 0,
        "HotKeyPriorityAlt": 0,
        "ID": 7,
        "ShiftDown": 0,
        "ShiftDownAlt": 0,
        "Type": "CONTROL_NEXTUNIT"
    },
    {
        "AltDown": 0,
        "AltDownAlt": 0,
        "Button": null,
        "CtrlDown": 1,
        "CtrlDownAlt": 0,
        "Description": "TXT_KEY_ACTION_PREVIOUS_PLOT_UNIT_HELP",
        "DisabledHelp": null,
        "Help": "TXT_KEY_ACTION_PREVIOUS_UNIT_HELP",
        "HotKey": "KB_COMMA",
        "HotKeyAlt": "KB_NUMPADSLASH",
        "HotKeyPriority": 0,
        "HotKeyPriorityAlt": 0,
        "ID": 8,
        "ShiftDown": 0,
        "ShiftDownAlt": 0,
        "Type": "CONTROL_PREVUNIT"
    },
    {
        "AltDown": 0,
        "AltDownAlt": 0,
        "Button": null,
        "CtrlDown": 0,
        "CtrlDownAlt": 0,
        "Description": "TXT_KEY_ACTION_CYCLE_UNITS",
        "DisabledHelp": null,
        "Help": "TXT_KEY_ACTION_CYCLE_UNITS_HELP",
        "HotKey": "KB_W",
        "HotKeyAlt": "KB_NUMPADENTER",
        "HotKeyPriority": 0,
        "HotKeyPriorityAlt": 0,
        "ID": 9,
        "ShiftDown": 0,
        "ShiftDownAlt": 0,
        "Type": "CONTROL_CYCLEUNIT"
    },
    {
        "AltDown": 0,
        "AltDownAlt": 0,
        "Button": null,
        "CtrlDown": 0,
        "CtrlDownAlt": 0,
        "Description": "TXT_KEY_ACTION_CYCLE_UNITS_ALT",
        "DisabledHelp": null,
        "Help": "TXT_KEY_ACTION_CYCLE_UNITS_ALT_HELP",
        "HotKey": "KB_PERIOD",
        "HotKeyAlt": "KB_NUMPAD5",
        "HotKeyPriority": 0,
        "HotKeyPriorityAlt": 0,
        "ID": 10,
        "ShiftDown": 0,
        "ShiftDownAlt": 0,
        "Type": "CONTROL_CYCLEUNIT_ALT"
    },
    {
        "AltDown": 0,
        "AltDownAlt": 0,
        "Button": null,
        "CtrlDown": 0,
        "CtrlDownAlt": 0,
        "Description": "TXT_KEY_ACTION_CYCLE_WORKERS",
        "DisabledHelp": null,
        "Help": "TXT_KEY_ACTION_CYCLE_WORKERS_HELP",
        "HotKey": "KB_SLASH",
        "HotKeyAlt": null,
        "HotKeyPriority": 0,
        "HotKeyPriorityAlt": 0,
        "ID": 11,
        "ShiftDown": 0,
        "ShiftDownAlt": 0,
        "Type": "CONTROL_CYCLEWORKER"
    },
    {
        "AltDown": 0,
        "AltDownAlt": 0,
        "Button": null,
        "CtrlDown": 0,
        "CtrlDownAlt": 0,
        "Description": "TXT_KEY_ACTION_LASTUNIT",
        "DisabledHelp": null,
        "Help": "TXT_KEY_ACTION_LASTUNIT_HELP",
        "HotKey": "KB_COMMA",
        "HotKeyAlt": null,
        "HotKeyPriority": 0,
        "HotKeyPriorityAlt": 0,
        "ID": 12,
        "ShiftDown": 0,
        "ShiftDownAlt": 0,
        "Type": "CONTROL_LASTUNIT"
    },
    {
        "AltDown": 0,
        "AltDownAlt": 0,
        "Button": null,
        "CtrlDown": 0,
        "CtrlDownAlt": 0,
        "Description": "TXT_KEY_ACTION_ENDTURN",
        "DisabledHelp": null,
        "Help": "TXT_KEY_ACTION_ENDTURN_HELP",
        "HotKey": "KB_RETURN",
        "HotKeyAlt": "KB_NUMPADENTER",
        "HotKeyPriority": 1,
        "HotKeyPriorityAlt": 1,
        "ID": 13,
        "ShiftDown": 0,
        "ShiftDownAlt": 0,
        "Type": "CONTROL_ENDTURN"
    },
    {
        "AltDown": 0,
        "AltDownAlt": 0,
        "Button": null,
        "CtrlDown": 1,
        "CtrlDownAlt": 0,
        "Description": "TXT_KEY_ACTION_ENDTURN_ALT",
        "DisabledHelp": null,
        "Help": "TXT_KEY_ACTION_ENDTURN_ALT_HELP",
        "HotKey": "KB_SPACE",
        "HotKeyAlt": null,
        "HotKeyPriority": 0,
        "HotKeyPriorityAlt": 0,
        "ID": 14,
        "ShiftDown": 0,
        "ShiftDownAlt": 0,
        "Type": "CONTROL_ENDTURN_ALT"
    },
    {
        "AltDown": 0,
        "AltDownAlt": 0,
        "Button": null,
        "CtrlDown": 0,
        "CtrlDownAlt": 0,
        "Description": "TXT_KEY_ACTION_FORCE_ENDTURN",
        "DisabledHelp": null,
        "Help": "TXT_KEY_ACTION_FORCE_ENDTURN_HELP",
        "HotKey": "KB_RETURN",
        "HotKeyAlt": "KB_NUMPADENTER",
        "HotKeyPriority": 0,
        "HotKeyPriorityAlt": 0,
        "ID": 15,
        "ShiftDown": 1,
        "ShiftDownAlt": 1,
        "Type": "CONTROL_FORCEENDTURN"
    },
    {
        "AltDown": 0,
        "AltDownAlt": 0,
        "Button": null,
        "CtrlDown": 1,
        "CtrlDownAlt": 0,
        "Description": "TXT_KEY_ACTION_AUTOMOVES",
        "DisabledHelp": null,
        "Help": "TXT_KEY_ACTION_AUTOMOVES_HELP",
        "HotKey": "KB_A",
        "HotKeyAlt": null,
        "HotKeyPriority": 0,
        "HotKeyPriorityAlt": 0,
        "ID": 16,
        "ShiftDown": 0,
        "ShiftDownAlt": 0,
        "Type": "CONTROL_AUTOMOVES"
    },
    {
        "AltDown": 0,
        "AltDownAlt": 0,
        "Button": null,
        "CtrlDown": 0,
        "CtrlDownAlt": 0,
        "Description": "TXT_KEY_ACTION_PING",
        "DisabledHelp": null,
        "Help": "TXT_KEY_ACTION_PING_HELP",
        "HotKey": null,
        "HotKeyAlt": null,
        "HotKeyPriority": 0,
        "HotKeyPriorityAlt": 0,
        "ID": 17,
        "ShiftDown": 0,
        "ShiftDownAlt": 0,
        "Type": "CONTROL_PING"
    },
    {
        "AltDown": 0,
        "AltDownAlt": 0,
        "Button": null,
        "CtrlDown": 0,
        "CtrlDownAlt": 0,
        "Description": "TXT_KEY_ACTION_YIELDS",
        "DisabledHelp": null,
        "Help": "TXT_KEY_ACTION_YIELDS_HELP",
        "HotKey": "KB_Y",
        "HotKeyAlt": null,
        "HotKeyPriority": 0,
        "HotKeyPriorityAlt": 0,
        "ID": 18,
        "ShiftDown": 0,
        "ShiftDownAlt": 0,
        "Type": "CONTROL_YIELDS"
    },
    {
        "AltDown": 0,
        "AltDownAlt": 0,
        "Button": null,
        "CtrlDown": 1,
        "CtrlDownAlt": 0,
        "Description": "TXT_KEY_ACTION_RESOURCE_ALL",
        "DisabledHelp": null,
        "Help": "TXT_KEY_GLOBELAYER_RESOURCES",
        "HotKey": "KB_R",
        "HotKeyAlt": null,
        "HotKeyPriority": 0,
        "HotKeyPriorityAlt": 0,
        "ID": 19,
        "ShiftDown": 0,
        "ShiftDownAlt": 0,
        "Type": "CONTROL_RESOURCE_ALL"
    },
    {
        "AltDown": 1,
        "AltDownAlt": 0,
        "Button": null,
        "CtrlDown": 0,
        "CtrlDownAlt": 0,
        "Description": "TXT_KEY_ACTION_UNIT_ICONS",
        "DisabledHelp": null,
        "Help": "TXT_KEY_GLOBELAYER_UNITS",
        "HotKey": "KB_U",
        "HotKeyAlt": null,
        "HotKeyPriority": 0,
        "HotKeyPriorityAlt": 0,
        "ID": 20,
        "ShiftDown": 0,
        "ShiftDownAlt": 0,
        "Type": "CONTROL_UNIT_ICONS"
    },
    {
        "AltDown": 0,
        "AltDownAlt": 0,
        "Button": null,
        "CtrlDown": 0,
        "CtrlDownAlt": 0,
        "Description": "TXT_KEY_ACTION_SCORES",
        "DisabledHelp": null,
        "Help": "TXT_KEY_ACTION_SCORES_HELP",
        "HotKey": null,
        "HotKeyAlt": null,
        "HotKeyPriority": 0,
        "HotKeyPriorityAlt": 0,
        "ID": 21,
        "ShiftDown": 0,
        "ShiftDownAlt": 0,
        "Type": "CONTROL_SCORES"
    },
    {
        "AltDown": 0,
        "AltDownAlt": 0,
        "Button": null,
        "CtrlDown": 1,
        "CtrlDownAlt": 0,
        "Description": "TXT_KEY_ACTION_LOAD_GAME",
        "DisabledHelp": null,
        "Help": "TXT_KEY_ACTION_LOAD_GAME_HELP",
        "HotKey": "KB_L",
        "HotKeyAlt": null,
        "HotKeyPriority": 0,
        "HotKeyPriorityAlt": 0,
        "ID": 22,
        "ShiftDown": 0,
        "ShiftDownAlt": 0,
        "Type": "CONTROL_LOAD_GAME"
    },
    {
        "AltDown": 0,
        "AltDownAlt": 0,
        "Button": null,
        "CtrlDown": 1,
        "CtrlDownAlt": 0,
        "Description": "TXT_KEY_ACTION_OPTIONS_SCREEN",
        "DisabledHelp": null,
        "Help": "TXT_KEY_ACTION_OPTIONS_SCREEN_HELP",
        "HotKey": "KB_O",
        "HotKeyAlt": null,
        "HotKeyPriority": 0,
        "HotKeyPriorityAlt": 0,
        "ID": 23,
        "ShiftDown": 0,
        "ShiftDownAlt": 0,
        "Type": "CONTROL_OPTIONS_SCREEN"
    },
    {
        "AltDown": 1,
        "AltDownAlt": 0,
        "Button": null,
        "CtrlDown": 0,
        "CtrlDownAlt": 0,
        "Description": "TXT_KEY_ACTION_RETIRE",
        "DisabledHelp": null,
        "Help": "TXT_KEY_ACTION_RETIRE_HELP",
        "HotKey": "KB_Q",
        "HotKeyAlt": null,
        "HotKeyPriority": 0,
        "HotKeyPriorityAlt": 0,
        "ID": 24,
        "ShiftDown": 0,
        "ShiftDownAlt": 0,
        "Type": "CONTROL_RETIRE"
    },
    {
        "AltDown": 1,
        "AltDownAlt": 0,
        "Button": null,
        "CtrlDown": 1,
        "CtrlDownAlt": 0,
        "Description": "TXT_KEY_ACTION_SAVE_GROUP",
        "DisabledHelp": null,
        "Help": "TXT_KEY_ACTION_SAVE_GROUP_HELP",
        "HotKey": "KB_S",
        "HotKeyAlt": null,
        "HotKeyPriority": 0,
        "HotKeyPriorityAlt": 0,
        "ID": 25,
        "ShiftDown": 0,
        "ShiftDownAlt": 0,
        "Type": "CONTROL_SAVE_GROUP"
    },
    {
        "AltDown": 0,
        "AltDownAlt": 0,
        "Button": null,
        "CtrlDown": 1,
        "CtrlDownAlt": 0,
        "Description": "TXT_KEY_ACTION_SAVE_NORMAL",
        "DisabledHelp": null,
        "Help": "TXT_KEY_ACTION_SAVE_GAME_HELP",
        "HotKey": "KB_S",
        "HotKeyAlt": null,
        "HotKeyPriority": 0,
        "HotKeyPriorityAlt": 0,
        "ID": 26,
        "ShiftDown": 0,
        "ShiftDownAlt": 0,
        "Type": "CONTROL_SAVE_NORMAL"
    },
    {
        "AltDown": 0,
        "AltDownAlt": 0,
        "Button": null,
        "CtrlDown": 0,
        "CtrlDownAlt": 0,
        "Description": "TXT_KEY_ACTION_QUICK_SAVE",
        "DisabledHelp": null,
        "Help": null,
        "HotKey": "KB_F11",
        "HotKeyAlt": null,
        "HotKeyPriority": 0,
        "HotKeyPriorityAlt": 0,
        "ID": 27,
        "ShiftDown": 0,
        "ShiftDownAlt": 0,
        "Type": "CONTROL_QUICK_SAVE"
    },
    {
        "AltDown": 0,
        "AltDownAlt": 0,
        "Button": null,
        "CtrlDown": 1,
        "CtrlDownAlt": 0,
        "Description": "TXT_KEY_ACTION_QUICK_LOAD",
        "DisabledHelp": null,
        "Help": null,
        "HotKey": "KB_F11",
        "HotKeyAlt": null,
        "HotKeyPriority": 0,
        "HotKeyPriorityAlt": 0,
        "ID": 28,
        "ShiftDown": 0,
        "ShiftDownAlt": 0,
        "Type": "CONTROL_QUICK_LOAD"
    },
    {
        "AltDown": 0,
        "AltDownAlt": 0,
        "Button": null,
        "CtrlDown": 0,
        "CtrlDownAlt": 0,
        "Description": null,
        "DisabledHelp": null,
        "Help": null,
        "HotKey": "KB_F1",
        "HotKeyAlt": null,
        "HotKeyPriority": 0,
        "HotKeyPriorityAlt": 0,
        "ID": 29,
        "ShiftDown": 0,
        "ShiftDownAlt": 0,
        "Type": "CONTROL_CIVILOPEDIA"
    },
    {
        "AltDown": 0,
        "AltDownAlt": 0,
        "Button": null,
        "CtrlDown": 0,
        "CtrlDownAlt": 0,
        "Description": "TXT_KEY_ACTION_SHOW_POLICIES_SCREEN",
        "DisabledHelp": null,
        "Help": null,
        "HotKey": "KB_F5",
        "HotKeyAlt": null,
        "HotKeyPriority": 0,
        "HotKeyPriorityAlt": 0,
        "ID": 30,
        "ShiftDown": 0,
        "ShiftDownAlt": 0,
        "Type": "CONTROL_POLICIES_SCREEN"
    },
    {
        "AltDown": 0,
        "AltDownAlt": 0,
        "Button": null,
        "CtrlDown": 0,
        "CtrlDownAlt": 0,
        "Description": "TXT_KEY_FOREIGN_ADVISOR_TITLE",
        "DisabledHelp": null,
        "Help": null,
        "HotKey": "KB_F4",
        "HotKeyAlt": null,
        "HotKeyPriority": 0,
        "HotKeyPriorityAlt": 0,
        "ID": 31,
        "ShiftDown": 0,
        "ShiftDownAlt": 0,
        "Type": "CONTROL_FOREIGN_SCREEN"
    },
    {
        "AltDown": 0,
        "AltDownAlt": 0,
        "Button": null,
        "CtrlDown": 0,
        "CtrlDownAlt": 0,
        "Description": "TXT_KEY_MILITARY_ADVISOR_TITLE",
        "DisabledHelp": null,
        "Help": null,
        "HotKey": "KB_F3",
        "HotKeyAlt": null,
        "HotKeyPriority": 0,
        "HotKeyPriorityAlt": 0,
        "ID": 32,
        "ShiftDown": 0,
        "ShiftDownAlt": 0,
        "Type": "CONTROL_MILITARY_SCREEN"
    },
    {
        "AltDown": 0,
        "AltDownAlt": 0,
        "Button": null,
        "CtrlDown": 0,
        "CtrlDownAlt": 0,
        "Description": "TXT_KEY_TECH_CHOOSER_TITLE",
        "DisabledHelp": null,
        "Help": null,
        "HotKey": "KB_F6",
        "HotKeyAlt": null,
        "HotKeyPriority": 0,
        "HotKeyPriorityAlt": 0,
        "ID": 33,
        "ShiftDown": 0,
        "ShiftDownAlt": 0,
        "Type": "CONTROL_TECH_CHOOSER"
    },
    {
        "AltDown": 0,
        "AltDownAlt": 0,
        "Button": null,
        "CtrlDown": 0,
        "CtrlDownAlt": 0,
        "Description": "TXT_KEY_EVENT_LOG",
        "DisabledHelp": null,
        "Help": null,
        "HotKey": "KB_F7",
        "HotKeyAlt": null,
        "HotKeyPriority": 0,
        "HotKeyPriorityAlt": 0,
        "ID": 34,
        "ShiftDown": 0,
        "ShiftDownAlt": 0,
        "Type": "CONTROL_TURN_LOG"
    },
    {
        "AltDown": 0,
        "AltDownAlt": 0,
        "Button": null,
        "CtrlDown": 0,
        "CtrlDownAlt": 0,
        "Description": "TXT_KEY_DOMESTIC_ADVISOR_TITLE",
        "DisabledHelp": null,
        "Help": null,
        "HotKey": "KB_F2",
        "HotKeyAlt": null,
        "HotKeyPriority": 0,
        "HotKeyPriorityAlt": 0,
        "ID": 35,
        "ShiftDown": 0,
        "ShiftDownAlt": 0,
        "Type": "CONTROL_DOMESTIC_SCREEN"
    },
    {
        "AltDown": 0,
        "AltDownAlt": 0,
        "Button": null,
        "CtrlDown": 0,
        "CtrlDownAlt": 0,
        "Description": "TXT_KEY_VICTORY_SCREEN_TITLE",
        "DisabledHelp": null,
        "Help": null,
        "HotKey": "KB_F8",
        "HotKeyAlt": null,
        "HotKeyPriority": 0,
        "HotKeyPriorityAlt": 0,
        "ID": 36,
        "ShiftDown": 0,
        "ShiftDownAlt": 0,
        "Type": "CONTROL_VICTORY_SCREEN"
    },
    {
        "AltDown": 0,
        "AltDownAlt": 0,
        "Button": null,
        "CtrlDown": 0,
        "CtrlDownAlt": 0,
        "Description": "TXT_KEY_INFO_SCREEN",
        "DisabledHelp": null,
        "Help": null,
        "HotKey": "KB_F9",
        "HotKeyAlt": null,
        "HotKeyPriority": 0,
        "HotKeyPriorityAlt": 0,
        "ID": 37,
        "ShiftDown": 0,
        "ShiftDownAlt": 0,
        "Type": "CONTROL_INFO"
    },
    {
        "AltDown": 0,
        "AltDownAlt": 0,
        "Button": null,
        "CtrlDown": 1,
        "CtrlDownAlt": 0,
        "Description": "TXT_KEY_MAIN_MENU_HALL_OF_FAME",
        "DisabledHelp": null,
        "Help": null,
        "HotKey": "KB_H",
        "HotKeyAlt": null,
        "HotKeyPriority": 0,
        "HotKeyPriorityAlt": 0,
        "ID": 38,
        "ShiftDown": 0,
        "ShiftDownAlt": 0,
        "Type": "CONTROL_SELECT_HEALTHY"
    },
    {
        "AltDown": 0,
        "AltDownAlt": 0,
        "Button": null,
        "CtrlDown": 0,
        "CtrlDownAlt": 0,
        "Description": "TXT_KEY_POP_STRATEGIC_VIEW",
        "DisabledHelp": null,
        "Help": null,
        "HotKey": "KB_F10",
        "HotKeyAlt": null,
        "HotKeyPriority": 0,
        "HotKeyPriorityAlt": 0,
        "ID": 39,
        "ShiftDown": 0,
        "ShiftDownAlt": 0,
        "Type": "CONTROL_TOGGLE_STRATEGIC_VIEW"
    },
    {
        "AltDown": 0,
        "AltDownAlt": 0,
        "Button": null,
        "CtrlDown": 0,
        "CtrlDownAlt": 0,
        "Description": "TXT_KEY_ADVISOR_COUNSEL_TITLE",
        "DisabledHelp": null,
        "Help": null,
        "HotKey": "KB_V",
        "HotKeyAlt": null,
        "HotKeyPriority": 0,
        "HotKeyPriorityAlt": 0,
        "ID": 40,
        "ShiftDown": 0,
        "ShiftDownAlt": 0,
        "Type": "CONTROL_ADVISOR_COUNSEL"
    },
    {
        "AltDown": 0,
        "AltDownAlt": 0,
        "Button": null,
        "CtrlDown": 1,
        "CtrlDownAlt": 0,
        "Description": "TXT_KEY_EO_TITLE",
        "DisabledHelp": null,
        "Help": null,
        "HotKey": "KB_E",
        "HotKeyAlt": null,
        "HotKeyPriority": 0,
        "HotKeyPriorityAlt": 0,
        "ID": 41,
        "ShiftDown": 0,
        "ShiftDownAlt": 0,
        "Type": "CONTROL_ESPIONAGE_OVERVIEW"
    },
    {
        "AltDown": 0,
        "AltDownAlt": 0,
        "Button": null,
        "CtrlDown": 1,
        "CtrlDownAlt": 0,
        "Description": "TXT_KEY_RELIGION_OVERVIEW",
        "DisabledHelp": null,
        "Help": null,
        "HotKey": "KB_P",
        "HotKeyAlt": null,
        "HotKeyPriority": 0,
        "HotKeyPriorityAlt": 0,
        "ID": 42,
        "ShiftDown": 0,
        "ShiftDownAlt": 0,
        "Type": "CONTROL_RELIGION_OVERVIEW"
    }
]