[
    {
        "DescriptionKey": "TXT_KEY_293C1EE3117644F6AC1F59663826DE74_DESCRIPTION",
        "FriendlyNameKey": "TXT_KEY_293C1EE3117644F6AC1F59663826DE74_NAME",
        "IsActive": 1,
        "IsBaseContentUpgrade": 0,
        "IsFiraxisContent": 1,
        "PackageID": "293C1EE3117644F6AC1F59663826DE74",
        "Version": 1
    },
    {
        "DescriptionKey": "TXT_KEY_B685D5DE7CCA4E7581B42F60754E6330_DESCRIPTION",
        "FriendlyNameKey": "TXT_KEY_B685D5DE7CCA4E7581B42F60754E6330_NAME",
        "IsActive": 1,
        "IsBaseContentUpgrade": 0,
        "IsFiraxisContent": 1,
        "PackageID": "B685D5DE7CCA4E7581B42F60754E6330",
        "Version": 1
    },
    {
        "DescriptionKey": "TXT_KEY_ECF7C605BA114CAC8D80D71306AAC471_DESCRIPTION",
        "FriendlyNameKey": "TXT_KEY_ECF7C605BA114CAC8D80D71306AAC471_NAME",
        "IsActive": 1,
        "IsBaseContentUpgrade": 0,
        "IsFiraxisContent": 1,
        "PackageID": "ECF7C605BA114CAC8D80D71306AAC471",
        "Version": 1
    },
    {
        "DescriptionKey": "TXT_KEY_B3030D39C0D84BC791B17AD1CAF585AB_DESCRIPTION",
        "FriendlyNameKey": "TXT_KEY_B3030D39C0D84BC791B17AD1CAF585AB_NAME",
        "IsActive": 1,
        "IsBaseContentUpgrade": 0,
        "IsFiraxisContent": 1,
        "PackageID": "B3030D39C0D84BC791B17AD1CAF585AB",
        "Version": 1
    },
    {
        "DescriptionKey": "TXT_KEY_112C22B2530842B6B734171CCAB3037B_DESCRIPTION",
        "FriendlyNameKey": "TXT_KEY_112C22B2530842B6B734171CCAB3037B_NAME",
        "IsActive": 1,
        "IsBaseContentUpgrade": 0,
        "IsFiraxisContent": 1,
        "PackageID": "112C22B2530842B6B734171CCAB3037B",
        "Version": 1
    },
    {
        "DescriptionKey": "TXT_KEY_BBB0D085A0B14475B0073E549CF3ADC3_DESCRIPTION",
        "FriendlyNameKey": "TXT_KEY_BBB0D085A0B14475B0073E549CF3ADC3_NAME",
        "IsActive": 1,
        "IsBaseContentUpgrade": 0,
        "IsFiraxisContent": 1,
        "PackageID": "BBB0D085A0B14475B0073E549CF3ADC3",
        "Version": 1
    },
    {
        "DescriptionKey": "TXT_KEY_EA67AED558594875BF3A360FE9E55D1B_DESCRIPTION",
        "FriendlyNameKey": "TXT_KEY_EA67AED558594875BF3A360FE9E55D1B_NAME",
        "IsActive": 1,
        "IsBaseContentUpgrade": 0,
        "IsFiraxisContent": 1,
        "PackageID": "EA67AED558594875BF3A360FE9E55D1B",
        "Version": 1
    },
    {
        "DescriptionKey": "TXT_KEY_7459BA32576444AE8E9501AD0E0EFD48_DESCRIPTION",
        "FriendlyNameKey": "TXT_KEY_7459BA32576444AE8E9501AD0E0EFD48_NAME",
        "IsActive": 1,
        "IsBaseContentUpgrade": 0,
        "IsFiraxisContent": 1,
        "PackageID": "7459BA32576444AE8E9501AD0E0EFD48",
        "Version": 1
    },
    {
        "DescriptionKey": "TXT_KEY_3F49DF5468B644D1A930A168628FAA59_DESCRIPTION",
        "FriendlyNameKey": "TXT_KEY_3F49DF5468B644D1A930A168628FAA59_NAME",
        "IsActive": 1,
        "IsBaseContentUpgrade": 0,
        "IsFiraxisContent": 1,
        "PackageID": "3F49DF5468B644D1A930A168628FAA59",
        "Version": 1
    },
    {
        "DescriptionKey": "TXT_KEY_46EAEFFC7B1D443DBFC8F825DFEFB094_DESCRIPTION",
        "FriendlyNameKey": "TXT_KEY_46EAEFFC7B1D443DBFC8F825DFEFB094_NAME",
        "IsActive": 1,
        "IsBaseContentUpgrade": 0,
        "IsFiraxisContent": 1,
        "PackageID": "46EAEFFC7B1D443DBFC8F825DFEFB094",
        "Version": 1
    },
    {
        "DescriptionKey": "TXT_KEY_4255F5F7D3AB4E55ACEE4670082040ED_DESCRIPTION",
        "FriendlyNameKey": "TXT_KEY_4255F5F7D3AB4E55ACEE4670082040ED_NAME",
        "IsActive": 1,
        "IsBaseContentUpgrade": 0,
        "IsFiraxisContent": 1,
        "PackageID": "4255F5F7D3AB4E55ACEE4670082040ED",
        "Version": 1
    },
    {
        "DescriptionKey": "TXT_KEY_0E3751A1F8404E1B9706519BF484E59D_DESCRIPTION",
        "FriendlyNameKey": "TXT_KEY_0E3751A1F8404E1B9706519BF484E59D_NAME",
        "IsActive": 1,
        "IsBaseContentUpgrade": 0,
        "IsFiraxisContent": 1,
        "PackageID": "0E3751A1F8404E1B9706519BF484E59D",
        "Version": 1
    },
    {
        "DescriptionKey": "TXT_KEY_6DA0763641234018B6436575B4EC336B_DESCRIPTION",
        "FriendlyNameKey": "TXT_KEY_6DA0763641234018B6436575B4EC336B_NAME",
        "IsActive": 1,
        "IsBaseContentUpgrade": 0,
        "IsFiraxisContent": 1,
        "PackageID": "6DA0763641234018B6436575B4EC336B",
        "Version": 1
    },
    {
        "DescriptionKey": "TXT_KEY_8871E74829A449108C578C99E32D0167_DESCRIPTION",
        "FriendlyNameKey": "TXT_KEY_8871E74829A449108C578C99E32D0167_NAME",
        "IsActive": 1,
        "IsBaseContentUpgrade": 1,
        "IsFiraxisContent": 1,
        "PackageID": "8871E74829A449108C578C99E32D0167",
        "Version": 1
    },
    {
        "DescriptionKey": "TXT_KEY_CBE91AF606834326BC7758BB489E509F_DESCRIPTION",
        "FriendlyNameKey": "TXT_KEY_CBE91AF606834326BC7758BB489E509F_NAME",
        "IsActive": 0,
        "IsBaseContentUpgrade": 1,
        "IsFiraxisContent": 1,
        "PackageID": "CBE91AF606834326BC7758BB489E509F",
        "Version": 1
    }
]