[
    {
        "ID": 0,
        "Type": "ENTITY_EVENT_IDLE",
        "UpdateFormation": 1
    },
    {
        "ID": 1,
        "Type": "ENTITY_EVENT_DIE",
        "UpdateFormation": 1
    },
    {
        "ID": 2,
        "Type": "ENTITY_EVENT_DAMAGE",
        "UpdateFormation": 1
    },
    {
        "ID": 3,
        "Type": "ENTITY_EVENT_BEGIN_COMBAT",
        "UpdateFormation": 1
    },
    {
        "ID": 4,
        "Type": "ENTITY_EVENT_END_COMBAT",
        "UpdateFormation": 1
    },
    {
        "ID": 5,
        "Type": "ENTITY_EVENT_SURRENDER",
        "UpdateFormation": 0
    },
    {
        "ID": 6,
        "Type": "ENTITY_EVENT_CAPTURED",
        "UpdateFormation": 0
    },
    {
        "ID": 7,
        "Type": "ENTITY_EVENT_AIRPATROL",
        "UpdateFormation": 1
    },
    {
        "ID": 8,
        "Type": "ENTITY_EVENT_AIRINTERCEPTION",
        "UpdateFormation": 1
    },
    {
        "ID": 9,
        "Type": "ENTITY_EVENT_AIRBOMB",
        "UpdateFormation": 1
    },
    {
        "ID": 10,
        "Type": "ENTITY_EVENT_PARADROP",
        "UpdateFormation": 1
    },
    {
        "ID": 11,
        "Type": "ENTITY_EVENT_AIRSTRIKE",
        "UpdateFormation": 1
    },
    {
        "ID": 12,
        "Type": "ENTITY_EVENT_AIRRECON",
        "UpdateFormation": 1
    },
    {
        "ID": 13,
        "Type": "ENTITY_EVENT_NUKE",
        "UpdateFormation": 1
    },
    {
        "ID": 14,
        "Type": "ENTITY_EVENT_MULTI_SELECT",
        "UpdateFormation": 1
    },
    {
        "ID": 15,
        "Type": "ENTITY_EVENT_MULTI_DESELECT",
        "UpdateFormation": 1
    },
    {
        "ID": 16,
        "Type": "ENTITY_EVENT_GREAT_EVENT",
        "UpdateFormation": 0
    },
    {
        "ID": 17,
        "Type": "ENTITY_EVENT_PILLAGE",
        "UpdateFormation": 1
    },
    {
        "ID": 18,
        "Type": "ENTITY_EVENT_SABOTAGE",
        "UpdateFormation": 1
    },
    {
        "ID": 19,
        "Type": "ENTITY_EVENT_DESTROY",
        "UpdateFormation": 1
    },
    {
        "ID": 20,
        "Type": "ENTITY_EVENT_STEAL_PLANS",
        "UpdateFormation": 1
    },
    {
        "ID": 21,
        "Type": "ENTITY_EVENT_BOMBARD",
        "UpdateFormation": 1
    },
    {
        "ID": 22,
        "Type": "ENTITY_EVENT_DIE_ANIMATION",
        "UpdateFormation": 1
    },
    {
        "ID": 23,
        "Type": "ENTITY_EVENT_FOUND",
        "UpdateFormation": 1
    },
    {
        "ID": 24,
        "Type": "ENTITY_EVENT_FORTIFY",
        "UpdateFormation": 1
    },
    {
        "ID": 25,
        "Type": "ENTITY_EVENT_SENTRY",
        "UpdateFormation": 1
    },
    {
        "ID": 26,
        "Type": "ENTITY_EVENT_HEAL",
        "UpdateFormation": 1
    },
    {
        "ID": 27,
        "Type": "ENTITY_EVENT_SLEEP",
        "UpdateFormation": 1
    },
    {
        "ID": 28,
        "Type": "ENTITY_EVENT_SHOVEL",
        "UpdateFormation": 1
    },
    {
        "ID": 29,
        "Type": "ENTITY_EVENT_BUILD",
        "UpdateFormation": 1
    },
    {
        "ID": 30,
        "Type": "ENTITY_EVENT_IRRIGATE",
        "UpdateFormation": 1
    },
    {
        "ID": 31,
        "Type": "ENTITY_EVENT_MINE",
        "UpdateFormation": 1
    },
    {
        "ID": 32,
        "Type": "ENTITY_EVENT_CHOP",
        "UpdateFormation": 1
    },
    {
        "ID": 33,
        "Type": "ENTITY_EVENT_RAILROAD",
        "UpdateFormation": 1
    }
]