[
    {
        "EraType": "ERA_CLASSICAL",
        "VOScript": "AS2D_ERA_SPEECH_CLASSICAL_ERA01"
    },
    {
        "EraType": "ERA_CLASSICAL",
        "VOScript": "AS2D_ERA_SPEECH_CLASSICAL_ERA02"
    },
    {
        "EraType": "ERA_CLASSICAL",
        "VOScript": "AS2D_ERA_SPEECH_CLASSICAL_ERA03"
    },
    {
        "EraType": "ERA_CLASSICAL",
        "VOScript": "AS2D_ERA_SPEECH_CLASSICAL_ERA04"
    },
    {
        "EraType": "ERA_MEDIEVAL",
        "VOScript": "AS2D_ERA_SPEECH_MEDIEVAL_ERA01"
    },
    {
        "EraType": "ERA_MEDIEVAL",
        "VOScript": "AS2D_ERA_SPEECH_MEDIEVAL_ERA02"
    },
    {
        "EraType": "ERA_MEDIEVAL",
        "VOScript": "AS2D_ERA_SPEECH_MEDIEVAL_ERA03"
    },
    {
        "EraType": "ERA_MEDIEVAL",
        "VOScript": "AS2D_ERA_SPEECH_MEDIEVAL_ERA04"
    },
    {
        "EraType": "ERA_RENAISSANCE",
        "VOScript": "AS2D_ERA_SPEECH_RENAISSANCE_ERA01"
    },
    {
        "EraType": "ERA_RENAISSANCE",
        "VOScript": "AS2D_ERA_SPEECH_RENAISSANCE_ERA02"
    },
    {
        "EraType": "ERA_RENAISSANCE",
        "VOScript": "AS2D_ERA_SPEECH_RENAISSANCE_ERA03"
    },
    {
        "EraType": "ERA_RENAISSANCE",
        "VOScript": "AS2D_ERA_SPEECH_RENAISSANCE_ERA04"
    },
    {
        "EraType": "ERA_INDUSTRIAL",
        "VOScript": "AS2D_ERA_SPEECH_INDUSTRIAL_ERA01"
    },
    {
        "EraType": "ERA_INDUSTRIAL",
        "VOScript": "AS2D_ERA_SPEECH_INDUSTRIAL_ERA02"
    },
    {
        "EraType": "ERA_INDUSTRIAL",
        "VOScript": "AS2D_ERA_SPEECH_INDUSTRIAL_ERA03"
    },
    {
        "EraType": "ERA_INDUSTRIAL",
        "VOScript": "AS2D_ERA_SPEECH_INDUSTRIAL_ERA04"
    },
    {
        "EraType": "ERA_MODERN",
        "VOScript": "AS2D_ERA_SPEECH_MODERN_ERA01"
    },
    {
        "EraType": "ERA_MODERN",
        "VOScript": "AS2D_ERA_SPEECH_MODERN_ERA02"
    },
    {
        "EraType": "ERA_MODERN",
        "VOScript": "AS2D_ERA_SPEECH_MODERN_ERA03"
    },
    {
        "EraType": "ERA_MODERN",
        "VOScript": "AS2D_ERA_SPEECH_MODERN_ERA04"
    },
    {
        "EraType": "ERA_POSTMODERN",
        "VOScript": "AS2D_ERA_SPEECH_ATOMIC_ERA01"
    },
    {
        "EraType": "ERA_POSTMODERN",
        "VOScript": "AS2D_ERA_SPEECH_ATOMIC_ERA02"
    },
    {
        "EraType": "ERA_POSTMODERN",
        "VOScript": "AS2D_ERA_SPEECH_ATOMIC_ERA03"
    },
    {
        "EraType": "ERA_POSTMODERN",
        "VOScript": "AS2D_ERA_SPEECH_ATOMIC_ERA04"
    },
    {
        "EraType": "ERA_FUTURE",
        "VOScript": "AS2D_ERA_SPEECH_FUTURE_ERA01"
    },
    {
        "EraType": "ERA_FUTURE",
        "VOScript": "AS2D_ERA_SPEECH_FUTURE_ERA02"
    },
    {
        "EraType": "ERA_FUTURE",
        "VOScript": "AS2D_ERA_SPEECH_FUTURE_ERA03"
    },
    {
        "EraType": "ERA_FUTURE",
        "VOScript": "AS2D_ERA_SPEECH_FUTURE_ERA04"
    }
]