[
    {
        "EraType": "ERA_ANCIENT",
        "SoundTrack": "AS2D_ANCIENT_SOUNDTRACK_1"
    },
    {
        "EraType": "ERA_ANCIENT",
        "SoundTrack": "AS2D_ANCIENT_SOUNDTRACK_2"
    },
    {
        "EraType": "ERA_ANCIENT",
        "SoundTrack": "AS2D_ANCIENT_SOUNDTRACK_3"
    },
    {
        "EraType": "ERA_ANCIENT",
        "SoundTrack": "AS2D_ANCIENT_SOUNDTRACK_4"
    },
    {
        "EraType": "ERA_CLASSICAL",
        "SoundTrack": "AS2D_SONG_ALEXANDER"
    },
    {
        "EraType": "ERA_CLASSICAL",
        "SoundTrack": "AS2D_SONG_VIKING"
    },
    {
        "EraType": "ERA_CLASSICAL",
        "SoundTrack": "AS2D_SONG_ROME"
    },
    {
        "EraType": "ERA_CLASSICAL",
        "SoundTrack": "AS2D_SONG_PELOPONNESIAN"
    },
    {
        "EraType": "ERA_CLASSICAL",
        "SoundTrack": "AS2D_SONG_CIV_III_MID_ROME"
    },
    {
        "EraType": "ERA_CLASSICAL",
        "SoundTrack": "AS2D_SONG_CIV_III_ANC_EUROPE"
    },
    {
        "EraType": "ERA_CLASSICAL",
        "SoundTrack": "AS2D_SONG_CIV_III_ANC_ROME"
    },
    {
        "EraType": "ERA_CLASSICAL",
        "SoundTrack": "AS2D_SONG_CIV_III_MID_EUROPE"
    },
    {
        "EraType": "ERA_CLASSICAL",
        "SoundTrack": "AS2D_SONG_CIV_III_MOD_CELTIC"
    },
    {
        "EraType": "ERA_CLASSICAL",
        "SoundTrack": "AS2D_SONG_CONQUESTS_FANTASY1"
    },
    {
        "EraType": "ERA_CLASSICAL",
        "SoundTrack": "AS2D_SONG_CONQUESTS_FANTASY2"
    },
    {
        "EraType": "ERA_CLASSICAL",
        "SoundTrack": "AS2D_SONG_CONQUESTS_ROMAN"
    },
    {
        "EraType": "ERA_CLASSICAL",
        "SoundTrack": "AS2D_SONG_DIP_EC_EARLY_PEACE"
    },
    {
        "EraType": "ERA_CLASSICAL",
        "SoundTrack": "AS2D_SONG_DIP_EC_EARLY_WAR"
    },
    {
        "EraType": "ERA_CLASSICAL",
        "SoundTrack": "AS2D_SONG_DIP_EU_LATE_PEACE"
    },
    {
        "EraType": "ERA_CLASSICAL",
        "SoundTrack": "AS2D_SONG_DIP_EU_LATE_WAR"
    },
    {
        "EraType": "ERA_CLASSICAL",
        "SoundTrack": "AS2D_SONG_DIP_GR_EARLY_PEACE"
    },
    {
        "EraType": "ERA_CLASSICAL",
        "SoundTrack": "AS2D_SONG_BARBARIAN"
    },
    {
        "EraType": "ERA_CLASSICAL",
        "SoundTrack": "AS2D_SONG_DIP_GR_EARLY_WAR"
    },
    {
        "EraType": "ERA_MEDIEVAL",
        "SoundTrack": "AS2D_ALLEGRI_MISERERE"
    },
    {
        "EraType": "ERA_MEDIEVAL",
        "SoundTrack": "AS2D_ANONYMOUS_AY_SANTA_MARIA"
    },
    {
        "EraType": "ERA_MEDIEVAL",
        "SoundTrack": "AS2D_ANONYMOUS_LA_GAMBA"
    },
    {
        "EraType": "ERA_MEDIEVAL",
        "SoundTrack": "AS2D_BRUMEL_GLORIA"
    },
    {
        "EraType": "ERA_MEDIEVAL",
        "SoundTrack": "AS2D_CHANT_DEUS"
    },
    {
        "EraType": "ERA_MEDIEVAL",
        "SoundTrack": "AS2D_CHANT_LAUDATE"
    },
    {
        "EraType": "ERA_MEDIEVAL",
        "SoundTrack": "AS2D_CHANT_REGEN"
    },
    {
        "EraType": "ERA_MEDIEVAL",
        "SoundTrack": "AS2D_DE_LA_TORRE_ALTA"
    },
    {
        "EraType": "ERA_MEDIEVAL",
        "SoundTrack": "AS2D_DESPREZ_EL_GRILLO"
    },
    {
        "EraType": "ERA_MEDIEVAL",
        "SoundTrack": "AS2D_DESPREZ_LAMENT"
    },
    {
        "EraType": "ERA_MEDIEVAL",
        "SoundTrack": "AS2D_LASSUS_ALMA_REDEMPTORIS"
    },
    {
        "EraType": "ERA_MEDIEVAL",
        "SoundTrack": "AS2D_OCKEGHEM_INTEMERATA"
    },
    {
        "EraType": "ERA_MEDIEVAL",
        "SoundTrack": "AS2D_OCKEGHEM_KYRIE"
    },
    {
        "EraType": "ERA_MEDIEVAL",
        "SoundTrack": "AS2D_ORTIZ_RECERCADA"
    },
    {
        "EraType": "ERA_MEDIEVAL",
        "SoundTrack": "AS2D_PALESTRINA_CREDO"
    },
    {
        "EraType": "ERA_MEDIEVAL",
        "SoundTrack": "AS2D_PALESTRINA_GLORIA"
    },
    {
        "EraType": "ERA_MEDIEVAL",
        "SoundTrack": "AS2D_PRAETORIUS_BALLET"
    },
    {
        "EraType": "ERA_MEDIEVAL",
        "SoundTrack": "AS2D_PRAETORIUS_BRANSLE"
    },
    {
        "EraType": "ERA_MEDIEVAL",
        "SoundTrack": "AS2D_PRAETORIUS_VOLTE"
    },
    {
        "EraType": "ERA_MEDIEVAL",
        "SoundTrack": "AS2D_SHEPPARD_MEDIA_VITA"
    },
    {
        "EraType": "ERA_RENAISSANCE",
        "SoundTrack": "AS2D_BACH_ALLEGRO"
    },
    {
        "EraType": "ERA_RENAISSANCE",
        "SoundTrack": "AS2D_BACH_ALLEGRO_ASSAI"
    },
    {
        "EraType": "ERA_RENAISSANCE",
        "SoundTrack": "AS2D_BACH_ALLEMANDE"
    },
    {
        "EraType": "ERA_RENAISSANCE",
        "SoundTrack": "AS2D_BACH_BOUREE"
    },
    {
        "EraType": "ERA_RENAISSANCE",
        "SoundTrack": "AS2D_BACH_BRANDENBURG_2_3"
    },
    {
        "EraType": "ERA_RENAISSANCE",
        "SoundTrack": "AS2D_BACH_BRANDENBURG_3_1"
    },
    {
        "EraType": "ERA_RENAISSANCE",
        "SoundTrack": "AS2D_BACH_BRANDENBURG_4_1"
    },
    {
        "EraType": "ERA_RENAISSANCE",
        "SoundTrack": "AS2D_BACH_BRANDENBURG_6_1"
    },
    {
        "EraType": "ERA_RENAISSANCE",
        "SoundTrack": "AS2D_BACH_BRANDENBURG_6_3"
    },
    {
        "EraType": "ERA_RENAISSANCE",
        "SoundTrack": "AS2D_BACH_GIGUE"
    },
    {
        "EraType": "ERA_RENAISSANCE",
        "SoundTrack": "AS2D_BACH_LARGO"
    },
    {
        "EraType": "ERA_RENAISSANCE",
        "SoundTrack": "AS2D_BACH_MENUET"
    },
    {
        "EraType": "ERA_RENAISSANCE",
        "SoundTrack": "AS2D_BACH_SARABANDE"
    },
    {
        "EraType": "ERA_RENAISSANCE",
        "SoundTrack": "AS2D_BEETHOVEN_ALLEGRETTO"
    },
    {
        "EraType": "ERA_RENAISSANCE",
        "SoundTrack": "AS2D_BEETHOVEN_ANDANTE"
    },
    {
        "EraType": "ERA_RENAISSANCE",
        "SoundTrack": "AS2D_BEETHOVEN_ROMANCE_1"
    },
    {
        "EraType": "ERA_RENAISSANCE",
        "SoundTrack": "AS2D_MOZART_ADAGIO"
    },
    {
        "EraType": "ERA_RENAISSANCE",
        "SoundTrack": "AS2D_MOZART_ANDANTE"
    },
    {
        "EraType": "ERA_RENAISSANCE",
        "SoundTrack": "AS2D_MOZART_ROMANCE"
    },
    {
        "EraType": "ERA_INDUSTRIAL",
        "SoundTrack": "AS2D_BEETHOVEN_5_2"
    },
    {
        "EraType": "ERA_INDUSTRIAL",
        "SoundTrack": "AS2D_BEETHOVEN_6_1"
    },
    {
        "EraType": "ERA_INDUSTRIAL",
        "SoundTrack": "AS2D_BEETHOVEN_6_2"
    },
    {
        "EraType": "ERA_INDUSTRIAL",
        "SoundTrack": "AS2D_BRAHMS_3_2"
    },
    {
        "EraType": "ERA_INDUSTRIAL",
        "SoundTrack": "AS2D_BRAHMS_3_3"
    },
    {
        "EraType": "ERA_INDUSTRIAL",
        "SoundTrack": "AS2D_BRAHMS_HUNGARIAN_1"
    },
    {
        "EraType": "ERA_INDUSTRIAL",
        "SoundTrack": "AS2D_BRAHMS_HUNGARIAN_3"
    },
    {
        "EraType": "ERA_INDUSTRIAL",
        "SoundTrack": "AS2D_BRAHMS_HUNGARIAN_16"
    },
    {
        "EraType": "ERA_INDUSTRIAL",
        "SoundTrack": "AS2D_DVORAK_9_2"
    },
    {
        "EraType": "ERA_INDUSTRIAL",
        "SoundTrack": "AS2D_DVORAK_AMERICAN_1"
    },
    {
        "EraType": "ERA_INDUSTRIAL",
        "SoundTrack": "AS2D_DVORAK_SLAVONIC_3"
    },
    {
        "EraType": "ERA_INDUSTRIAL",
        "SoundTrack": "AS2D_DVORAK_SLAVONIC_7"
    },
    {
        "EraType": "ERA_INDUSTRIAL",
        "SoundTrack": "AS2D_DVORAK_SLAVONIC_10"
    },
    {
        "EraType": "ERA_INDUSTRIAL",
        "SoundTrack": "AS2D_DVORAK_SLAVONIC_12"
    },
    {
        "EraType": "ERA_INDUSTRIAL",
        "SoundTrack": "AS2D_RIMSKY_KORSAKOV_SCHEHERAZADE_3"
    },
    {
        "EraType": "ERA_INDUSTRIAL",
        "SoundTrack": "AS2D_SAINT_SAENS_ALLEGRETTO"
    },
    {
        "EraType": "ERA_MODERN",
        "SoundTrack": "AS2D_ANFORTAS_WOUND"
    },
    {
        "EraType": "ERA_MODERN",
        "SoundTrack": "AS2D_CHAIRMAN_DANCES"
    },
    {
        "EraType": "ERA_MODERN",
        "SoundTrack": "AS2D_CHCONNE"
    },
    {
        "EraType": "ERA_MODERN",
        "SoundTrack": "AS2D_CHRISTIAN_ZEAL"
    },
    {
        "EraType": "ERA_MODERN",
        "SoundTrack": "AS2D_COMMON_TONES"
    },
    {
        "EraType": "ERA_MODERN",
        "SoundTrack": "AS2D_GRAND_PIANOLA_1"
    },
    {
        "EraType": "ERA_MODERN",
        "SoundTrack": "AS2D_GRAND_PIANOLA_2"
    },
    {
        "EraType": "ERA_MODERN",
        "SoundTrack": "AS2D_HARMONIELEHRE"
    },
    {
        "EraType": "ERA_MODERN",
        "SoundTrack": "AS2D_HYMING_SLEWS"
    },
    {
        "EraType": "ERA_MODERN",
        "SoundTrack": "AS2D_LOOPS_AND_VERSES"
    },
    {
        "EraType": "ERA_MODERN",
        "SoundTrack": "AS2D_MEISTER_ECKHARDT"
    },
    {
        "EraType": "ERA_MODERN",
        "SoundTrack": "AS2D_SHAKING_AND_TREMBLING"
    },
    {
        "EraType": "ERA_MODERN",
        "SoundTrack": "AS2D_THE_PEOPLE_ARE_HEROES"
    },
    {
        "EraType": "ERA_MODERN",
        "SoundTrack": "AS2D_TROMBA_LONTANA"
    },
    {
        "EraType": "ERA_POSTMODERN",
        "SoundTrack": "AS2D_ANFORTAS_WOUND"
    },
    {
        "EraType": "ERA_POSTMODERN",
        "SoundTrack": "AS2D_CHAIRMAN_DANCES"
    },
    {
        "EraType": "ERA_POSTMODERN",
        "SoundTrack": "AS2D_CHCONNE"
    },
    {
        "EraType": "ERA_POSTMODERN",
        "SoundTrack": "AS2D_CHRISTIAN_ZEAL"
    },
    {
        "EraType": "ERA_POSTMODERN",
        "SoundTrack": "AS2D_COMMON_TONES"
    },
    {
        "EraType": "ERA_POSTMODERN",
        "SoundTrack": "AS2D_GRAND_PIANOLA_1"
    },
    {
        "EraType": "ERA_POSTMODERN",
        "SoundTrack": "AS2D_GRAND_PIANOLA_2"
    },
    {
        "EraType": "ERA_POSTMODERN",
        "SoundTrack": "AS2D_HARMONIELEHRE"
    },
    {
        "EraType": "ERA_POSTMODERN",
        "SoundTrack": "AS2D_HYMING_SLEWS"
    },
    {
        "EraType": "ERA_POSTMODERN",
        "SoundTrack": "AS2D_LOOPS_AND_VERSES"
    },
    {
        "EraType": "ERA_POSTMODERN",
        "SoundTrack": "AS2D_MEISTER_ECKHARDT"
    },
    {
        "EraType": "ERA_POSTMODERN",
        "SoundTrack": "AS2D_SHAKING_AND_TREMBLING"
    },
    {
        "EraType": "ERA_POSTMODERN",
        "SoundTrack": "AS2D_THE_PEOPLE_ARE_HEROES"
    },
    {
        "EraType": "ERA_POSTMODERN",
        "SoundTrack": "AS2D_TROMBA_LONTANA"
    },
    {
        "EraType": "ERA_FUTURE",
        "SoundTrack": "AS2D_ANFORTAS_WOUND"
    },
    {
        "EraType": "ERA_FUTURE",
        "SoundTrack": "AS2D_CHAIRMAN_DANCES"
    },
    {
        "EraType": "ERA_FUTURE",
        "SoundTrack": "AS2D_CHCONNE"
    },
    {
        "EraType": "ERA_FUTURE",
        "SoundTrack": "AS2D_CHRISTIAN_ZEAL"
    },
    {
        "EraType": "ERA_FUTURE",
        "SoundTrack": "AS2D_COMMON_TONES"
    },
    {
        "EraType": "ERA_FUTURE",
        "SoundTrack": "AS2D_GRAND_PIANOLA_1"
    },
    {
        "EraType": "ERA_FUTURE",
        "SoundTrack": "AS2D_GRAND_PIANOLA_2"
    },
    {
        "EraType": "ERA_FUTURE",
        "SoundTrack": "AS2D_HARMONIELEHRE"
    },
    {
        "EraType": "ERA_FUTURE",
        "SoundTrack": "AS2D_HYMING_SLEWS"
    },
    {
        "EraType": "ERA_FUTURE",
        "SoundTrack": "AS2D_LOOPS_AND_VERSES"
    },
    {
        "EraType": "ERA_FUTURE",
        "SoundTrack": "AS2D_MEISTER_ECKHARDT"
    },
    {
        "EraType": "ERA_FUTURE",
        "SoundTrack": "AS2D_SHAKING_AND_TREMBLING"
    },
    {
        "EraType": "ERA_FUTURE",
        "SoundTrack": "AS2D_THE_PEOPLE_ARE_HEROES"
    },
    {
        "EraType": "ERA_FUTURE",
        "SoundTrack": "AS2D_TROMBA_LONTANA"
    }
]