[
    {
        "Abbreviation": "TXT_KEY_ERA_0_ABBREV",
        "ArtPrefix": "ANCIENT",
        "AudioUnitDefeatScript": "AS2D_LOSS_EARLY",
        "AudioUnitVictoryScript": "AS2D_VICTORY_EARLY",
        "BuildPercent": 100,
        "BuildingMaintenancePercent": 100,
        "CityArtType": null,
        "CityBombardEffectTag": "CITY_BOMBARD_EARLY",
        "ConstructPercent": 100,
        "CreatePercent": 100,
        "CulturePercent": 100,
        "Description": "TXT_KEY_ERA_0",
        "DiploEmphasisLatePolicies": 0,
        "DiploEmphasisReligion": 0,
        "EmbarkedUnitDefense": 3,
        "EventChancePerTurn": 1,
        "FaithCostMultiplier": 100,
        "FirstSoundtrackFirst": 0,
        "FreePopulation": 0,
        "GreatPeoplePercent": 100,
        "GrowthPercent": 100,
        "ID": 0,
        "ImprovementPercent": 100,
        "LaterEraBuildingConstructMod": 0,
        "LeaguePercent": 300,
        "NoBarbUnits": 0,
        "NoGoodies": 0,
        "NoReligion": 0,
        "ResearchAgreementCost": 100,
        "ResearchPercent": 100,
        "ShortDescription": "TXT_KEY_ERA_0_SHORT",
        "SoundtrackSpace": 0,
        "SpiesGrantedForEveryone": 0,
        "SpiesGrantedForPlayer": 0,
        "StartPercent": 0,
        "StartingCulture": 0,
        "StartingDefenseUnits": 1,
        "StartingExploreUnits": 0,
        "StartingGold": 0,
        "StartingUnitMultiplier": 1,
        "StartingWorkerUnits": 0,
        "Strategy": "TXT_KEY_ERA_ANCIENT_STRATEGY",
        "TradeRouteFoodBonusTimes100": 0,
        "TradeRouteProductionBonusTimes100": 0,
        "TrainPercent": 100,
        "Type": "ERA_ANCIENT",
        "WarmongerPercent": 50
    },
    {
        "Abbreviation": "TXT_KEY_ERA_1_ABBREV",
        "ArtPrefix": "CLASSICAL",
        "AudioUnitDefeatScript": "AS2D_LOSS_EARLY",
        "AudioUnitVictoryScript": "AS2D_VICTORY_EARLY",
        "BuildPercent": 100,
        "BuildingMaintenancePercent": 100,
        "CityArtType": null,
        "CityBombardEffectTag": "CITY_BOMBARD_EARLY",
        "ConstructPercent": 85,
        "CreatePercent": 85,
        "CulturePercent": 100,
        "Description": "TXT_KEY_ERA_1",
        "DiploEmphasisLatePolicies": 0,
        "DiploEmphasisReligion": 2,
        "EmbarkedUnitDefense": 4,
        "EventChancePerTurn": 2,
        "FaithCostMultiplier": 100,
        "FirstSoundtrackFirst": 0,
        "FreePopulation": 0,
        "GreatPeoplePercent": 100,
        "GrowthPercent": 100,
        "ID": 1,
        "ImprovementPercent": 100,
        "LaterEraBuildingConstructMod": 0,
        "LeaguePercent": 300,
        "NoBarbUnits": 0,
        "NoGoodies": 0,
        "NoReligion": 0,
        "ResearchAgreementCost": 150,
        "ResearchPercent": 67,
        "ShortDescription": "TXT_KEY_ERA_1_SHORT",
        "SoundtrackSpace": 400,
        "SpiesGrantedForEveryone": 0,
        "SpiesGrantedForPlayer": 0,
        "StartPercent": 10,
        "StartingCulture": 100,
        "StartingDefenseUnits": 1,
        "StartingExploreUnits": 1,
        "StartingGold": 10,
        "StartingUnitMultiplier": 1,
        "StartingWorkerUnits": 1,
        "Strategy": "TXT_KEY_ERA_CLASSICAL_STRATEGY",
        "TradeRouteFoodBonusTimes100": 50,
        "TradeRouteProductionBonusTimes100": 50,
        "TrainPercent": 80,
        "Type": "ERA_CLASSICAL",
        "WarmongerPercent": 60
    },
    {
        "Abbreviation": "TXT_KEY_ERA_2_ABBREV",
        "ArtPrefix": "MEDIEVAL",
        "AudioUnitDefeatScript": "AS2D_LOSS_MIDDLE",
        "AudioUnitVictoryScript": "AS2D_VICTORY_MIDDLE",
        "BuildPercent": 100,
        "BuildingMaintenancePercent": 100,
        "CityArtType": null,
        "CityBombardEffectTag": "CITY_BOMBARD_MID",
        "ConstructPercent": 75,
        "CreatePercent": 75,
        "CulturePercent": 100,
        "Description": "TXT_KEY_ERA_2",
        "DiploEmphasisLatePolicies": 0,
        "DiploEmphasisReligion": 5,
        "EmbarkedUnitDefense": 6,
        "EventChancePerTurn": 4,
        "FaithCostMultiplier": 100,
        "FirstSoundtrackFirst": 0,
        "FreePopulation": 0,
        "GreatPeoplePercent": 100,
        "GrowthPercent": 100,
        "ID": 2,
        "ImprovementPercent": 100,
        "LaterEraBuildingConstructMod": 0,
        "LeaguePercent": 300,
        "NoBarbUnits": 0,
        "NoGoodies": 1,
        "NoReligion": 0,
        "ResearchAgreementCost": 200,
        "ResearchPercent": 50,
        "ShortDescription": "TXT_KEY_ERA_2_SHORT",
        "SoundtrackSpace": 200,
        "SpiesGrantedForEveryone": 0,
        "SpiesGrantedForPlayer": 0,
        "StartPercent": 25,
        "StartingCulture": 200,
        "StartingDefenseUnits": 2,
        "StartingExploreUnits": 1,
        "StartingGold": 25,
        "StartingUnitMultiplier": 2,
        "StartingWorkerUnits": 1,
        "Strategy": "TXT_KEY_ERA_MEDIEVAL_STRATEGY",
        "TradeRouteFoodBonusTimes100": 100,
        "TradeRouteProductionBonusTimes100": 100,
        "TrainPercent": 67,
        "Type": "ERA_MEDIEVAL",
        "WarmongerPercent": 70
    },
    {
        "Abbreviation": "TXT_KEY_ERA_3_ABBREV",
        "ArtPrefix": "RENAISSANCE",
        "AudioUnitDefeatScript": "AS2D_LOSS_MIDDLE",
        "AudioUnitVictoryScript": "AS2D_VICTORY_MIDDLE",
        "BuildPercent": 90,
        "BuildingMaintenancePercent": 75,
        "CityArtType": null,
        "CityBombardEffectTag": "CITY_BOMBARD_MID",
        "ConstructPercent": 55,
        "CreatePercent": 55,
        "CulturePercent": 90,
        "Description": "TXT_KEY_ERA_3",
        "DiploEmphasisLatePolicies": 0,
        "DiploEmphasisReligion": 5,
        "EmbarkedUnitDefense": 8,
        "EventChancePerTurn": 4,
        "FaithCostMultiplier": 150,
        "FirstSoundtrackFirst": 0,
        "FreePopulation": 1,
        "GreatPeoplePercent": 90,
        "GrowthPercent": 90,
        "ID": 3,
        "ImprovementPercent": 90,
        "LaterEraBuildingConstructMod": 0,
        "LeaguePercent": 300,
        "NoBarbUnits": 0,
        "NoGoodies": 1,
        "NoReligion": 0,
        "ResearchAgreementCost": 250,
        "ResearchPercent": 33,
        "ShortDescription": "TXT_KEY_ERA_3_SHORT",
        "SoundtrackSpace": 160,
        "SpiesGrantedForEveryone": 1,
        "SpiesGrantedForPlayer": 0,
        "StartPercent": 37,
        "StartingCulture": 300,
        "StartingDefenseUnits": 2,
        "StartingExploreUnits": 1,
        "StartingGold": 50,
        "StartingUnitMultiplier": 2,
        "StartingWorkerUnits": 1,
        "Strategy": "TXT_KEY_ERA_RENAISSANCE_STRATEGY",
        "TradeRouteFoodBonusTimes100": 150,
        "TradeRouteProductionBonusTimes100": 150,
        "TrainPercent": 50,
        "Type": "ERA_RENAISSANCE",
        "WarmongerPercent": 80
    },
    {
        "Abbreviation": "TXT_KEY_ERA_4_ABBREV",
        "ArtPrefix": "INDUSTRIAL",
        "AudioUnitDefeatScript": "AS2D_LOSS_MIDDLE",
        "AudioUnitVictoryScript": "AS2D_VICTORY_MIDDLE",
        "BuildPercent": 80,
        "BuildingMaintenancePercent": 60,
        "CityArtType": null,
        "CityBombardEffectTag": "CITY_BOMBARD_MID",
        "ConstructPercent": 37,
        "CreatePercent": 37,
        "CulturePercent": 80,
        "Description": "TXT_KEY_ERA_4",
        "DiploEmphasisLatePolicies": 7,
        "DiploEmphasisReligion": 2,
        "EmbarkedUnitDefense": 10,
        "EventChancePerTurn": 6,
        "FaithCostMultiplier": 200,
        "FirstSoundtrackFirst": 0,
        "FreePopulation": 2,
        "GreatPeoplePercent": 80,
        "GrowthPercent": 75,
        "ID": 4,
        "ImprovementPercent": 80,
        "LaterEraBuildingConstructMod": 0,
        "LeaguePercent": 200,
        "NoBarbUnits": 1,
        "NoGoodies": 1,
        "NoReligion": 1,
        "ResearchAgreementCost": 300,
        "ResearchPercent": 20,
        "ShortDescription": "TXT_KEY_ERA_4_SHORT",
        "SoundtrackSpace": 120,
        "SpiesGrantedForEveryone": 0,
        "SpiesGrantedForPlayer": 1,
        "StartPercent": 50,
        "StartingCulture": 400,
        "StartingDefenseUnits": 3,
        "StartingExploreUnits": 2,
        "StartingGold": 100,
        "StartingUnitMultiplier": 3,
        "StartingWorkerUnits": 2,
        "Strategy": "TXT_KEY_ERA_INDUSTRIAL_STRATEGY",
        "TradeRouteFoodBonusTimes100": 200,
        "TradeRouteProductionBonusTimes100": 200,
        "TrainPercent": 33,
        "Type": "ERA_INDUSTRIAL",
        "WarmongerPercent": 90
    },
    {
        "Abbreviation": "TXT_KEY_ERA_5_ABBREV",
        "ArtPrefix": "MODERN",
        "AudioUnitDefeatScript": "AS2D_LOSS_LATE",
        "AudioUnitVictoryScript": "AS2D_VICTORY_LATE",
        "BuildPercent": 70,
        "BuildingMaintenancePercent": 50,
        "CityArtType": null,
        "CityBombardEffectTag": "CITY_BOMBARD_LATE",
        "ConstructPercent": 30,
        "CreatePercent": 30,
        "CulturePercent": 70,
        "Description": "TXT_KEY_ERA_5",
        "DiploEmphasisLatePolicies": 9,
        "DiploEmphasisReligion": 0,
        "EmbarkedUnitDefense": 13,
        "EventChancePerTurn": 8,
        "FaithCostMultiplier": 300,
        "FirstSoundtrackFirst": 0,
        "FreePopulation": 3,
        "GreatPeoplePercent": 70,
        "GrowthPercent": 60,
        "ID": 5,
        "ImprovementPercent": 70,
        "LaterEraBuildingConstructMod": 0,
        "LeaguePercent": 200,
        "NoBarbUnits": 1,
        "NoGoodies": 1,
        "NoReligion": 1,
        "ResearchAgreementCost": 350,
        "ResearchPercent": 12,
        "ShortDescription": "TXT_KEY_ERA_5_SHORT",
        "SoundtrackSpace": 80,
        "SpiesGrantedForEveryone": 0,
        "SpiesGrantedForPlayer": 1,
        "StartPercent": 65,
        "StartingCulture": 500,
        "StartingDefenseUnits": 3,
        "StartingExploreUnits": 2,
        "StartingGold": 200,
        "StartingUnitMultiplier": 3,
        "StartingWorkerUnits": 2,
        "Strategy": "TXT_KEY_ERA_MODERN_STRATEGY",
        "TradeRouteFoodBonusTimes100": 250,
        "TradeRouteProductionBonusTimes100": 250,
        "TrainPercent": 25,
        "Type": "ERA_MODERN",
        "WarmongerPercent": 100
    },
    {
        "Abbreviation": "TXT_KEY_ERA_6_ABBREV",
        "ArtPrefix": "POSTMODERN",
        "AudioUnitDefeatScript": "AS2D_LOSS_LATE",
        "AudioUnitVictoryScript": "AS2D_VICTORY_LATE",
        "BuildPercent": 70,
        "BuildingMaintenancePercent": 50,
        "CityArtType": null,
        "CityBombardEffectTag": "CITY_BOMBARD_LATE",
        "ConstructPercent": 30,
        "CreatePercent": 30,
        "CulturePercent": 70,
        "Description": "TXT_KEY_ERA_6",
        "DiploEmphasisLatePolicies": 9,
        "DiploEmphasisReligion": 0,
        "EmbarkedUnitDefense": 16,
        "EventChancePerTurn": 8,
        "FaithCostMultiplier": 400,
        "FirstSoundtrackFirst": 0,
        "FreePopulation": 3,
        "GreatPeoplePercent": 70,
        "GrowthPercent": 60,
        "ID": 6,
        "ImprovementPercent": 70,
        "LaterEraBuildingConstructMod": 0,
        "LeaguePercent": 100,
        "NoBarbUnits": 1,
        "NoGoodies": 1,
        "NoReligion": 1,
        "ResearchAgreementCost": 400,
        "ResearchPercent": 12,
        "ShortDescription": "TXT_KEY_ERA_6_SHORT",
        "SoundtrackSpace": 80,
        "SpiesGrantedForEveryone": 0,
        "SpiesGrantedForPlayer": 1,
        "StartPercent": 65,
        "StartingCulture": 500,
        "StartingDefenseUnits": 3,
        "StartingExploreUnits": 2,
        "StartingGold": 200,
        "StartingUnitMultiplier": 3,
        "StartingWorkerUnits": 2,
        "Strategy": "TXT_KEY_ERA_POSTMODERN_STRATEGY",
        "TradeRouteFoodBonusTimes100": 300,
        "TradeRouteProductionBonusTimes100": 300,
        "TrainPercent": 25,
        "Type": "ERA_POSTMODERN",
        "WarmongerPercent": 100
    },
    {
        "Abbreviation": "TXT_KEY_ERA_7_ABBREV",
        "ArtPrefix": "FUTURE",
        "AudioUnitDefeatScript": "AS2D_LOSS_LATE",
        "AudioUnitVictoryScript": "AS2D_VICTORY_LATE",
        "BuildPercent": 60,
        "BuildingMaintenancePercent": 40,
        "CityArtType": null,
        "CityBombardEffectTag": "CITY_BOMBARD_LATE",
        "ConstructPercent": 21,
        "CreatePercent": 21,
        "CulturePercent": 60,
        "Description": "TXT_KEY_ERA_7",
        "DiploEmphasisLatePolicies": 7,
        "DiploEmphasisReligion": 0,
        "EmbarkedUnitDefense": 20,
        "EventChancePerTurn": 10,
        "FaithCostMultiplier": 500,
        "FirstSoundtrackFirst": 0,
        "FreePopulation": 4,
        "GreatPeoplePercent": 60,
        "GrowthPercent": 50,
        "ID": 7,
        "ImprovementPercent": 60,
        "LaterEraBuildingConstructMod": 0,
        "LeaguePercent": 100,
        "NoBarbUnits": 1,
        "NoGoodies": 1,
        "NoReligion": 1,
        "ResearchAgreementCost": 450,
        "ResearchPercent": 5,
        "ShortDescription": "TXT_KEY_ERA_7_SHORT",
        "SoundtrackSpace": 40,
        "SpiesGrantedForEveryone": 0,
        "SpiesGrantedForPlayer": 1,
        "StartPercent": 80,
        "StartingCulture": 600,
        "StartingDefenseUnits": 3,
        "StartingExploreUnits": 2,
        "StartingGold": 400,
        "StartingUnitMultiplier": 3,
        "StartingWorkerUnits": 3,
        "Strategy": "TXT_KEY_ERA_FUTURE_STRATEGY",
        "TradeRouteFoodBonusTimes100": 350,
        "TradeRouteProductionBonusTimes100": 350,
        "TrainPercent": 18,
        "Type": "ERA_FUTURE",
        "WarmongerPercent": 100
    }
]