[
    {
        "AddsFreshWater": 0,
        "AdvancedStartRemoveCost": 0,
        "AppearanceProbability": 0,
        "ArtDefineTag": null,
        "Civilopedia": "TXT_KEY_CIV5_FEATURES_LAKE_TEXT",
        "Defense": 0,
        "Description": "TXT_KEY_CIV5_FEATURES_LAKE_TITLE",
        "DisappearanceProbability": 0,
        "EffectProbability": 0,
        "EffectType": null,
        "EffectTypeTag": null,
        "Growth": 0,
        "GrowthTerrainType": null,
        "ID": 0,
        "IconAtlas": "TERRAIN_ATLAS",
        "Impassable": 1,
        "InfluenceCost": 0,
        "Movement": 0,
        "NaturalWonder": 0,
        "NoAdjacent": 0,
        "NoCity": 0,
        "NoCoast": 0,
        "NoImprovement": 0,
        "NoRiver": 0,
        "NukeImmune": 0,
        "PortraitIndex": 10,
        "RequiresFlatlands": 0,
        "RequiresRiver": 0,
        "Rough": 0,
        "SeeThrough": 0,
        "StartingLocationWeight": 0,
        "TurnDamage": 0,
        "Type": "FEATURE_LAKE",
        "VisibleAlways": 0,
        "WorldSoundscapeAudioScript": null,
        "YieldNotAdditive": 0
    },
    {
        "AddsFreshWater": 0,
        "AdvancedStartRemoveCost": 0,
        "AppearanceProbability": 0,
        "ArtDefineTag": null,
        "Civilopedia": "TXT_KEY_CIV5_FEATURES_RIVER_TEXT",
        "Defense": 0,
        "Description": "TXT_KEY_CIV5_FEATURES_RIVER_TITLE",
        "DisappearanceProbability": 0,
        "EffectProbability": 0,
        "EffectType": null,
        "EffectTypeTag": null,
        "Growth": 0,
        "GrowthTerrainType": null,
        "ID": 1,
        "IconAtlas": "TERRAIN_ATLAS",
        "Impassable": 0,
        "InfluenceCost": 0,
        "Movement": "TXT_KEY_CIV5_FEATURES_RIVER_MVT_TEXT",
        "NaturalWonder": 0,
        "NoAdjacent": 0,
        "NoCity": 0,
        "NoCoast": 0,
        "NoImprovement": 0,
        "NoRiver": 0,
        "NukeImmune": 0,
        "PortraitIndex": 13,
        "RequiresFlatlands": 0,
        "RequiresRiver": 0,
        "Rough": 0,
        "SeeThrough": 0,
        "StartingLocationWeight": 0,
        "TurnDamage": 0,
        "Type": "FEATURE_RIVER",
        "VisibleAlways": 0,
        "WorldSoundscapeAudioScript": null,
        "YieldNotAdditive": 0
    }
]