[
    {
        "AddsFreshWater": 0,
        "AdjacentUnitFreePromotion": null,
        "AdvancedStartRemoveCost": 0,
        "AppearanceProbability": 0,
        "ArtDefineTag": "ART_DEF_FEATURE_ICE",
        "Civilopedia": "TXT_KEY_FEATURE_ICE_PEDIA",
        "Defense": 0,
        "Description": "TXT_KEY_FEATURE_ICE",
        "DisappearanceProbability": 0,
        "EffectProbability": 0,
        "EffectType": null,
        "EffectTypeTag": "SNOW",
        "FirstFinderGold": 0,
        "Growth": 0,
        "GrowthTerrainType": null,
        "Help": null,
        "ID": 0,
        "IconAtlas": "TERRAIN_ATLAS",
        "Impassable": 1,
        "InBorderHappiness": 0,
        "InfluenceCost": 3,
        "Movement": 1,
        "NaturalWonder": 0,
        "NoAdjacent": 0,
        "NoCity": 0,
        "NoCoast": 0,
        "NoImprovement": 0,
        "NoRiver": 0,
        "NukeImmune": 0,
        "OccurrenceFrequency": 0,
        "PortraitIndex": 6,
        "RequiresFlatlands": 0,
        "RequiresRiver": 0,
        "Rough": 0,
        "SeeThrough": 0,
        "StartingLocationWeight": 0,
        "TurnDamage": 0,
        "Type": "FEATURE_ICE",
        "VisibleAlways": 0,
        "WorldSoundscapeAudioScript": null,
        "YieldNotAdditive": 0
    },
    {
        "AddsFreshWater": 0,
        "AdjacentUnitFreePromotion": null,
        "AdvancedStartRemoveCost": 0,
        "AppearanceProbability": 0,
        "ArtDefineTag": "ART_DEF_FEATURE_JUNGLE",
        "Civilopedia": "TXT_KEY_CIV5_FEATURES_JUNGLE_TEXT",
        "Defense": 25,
        "Description": "TXT_KEY_FEATURE_JUNGLE",
        "DisappearanceProbability": 0,
        "EffectProbability": 15,
        "EffectType": "EFFECT_BIRDSCATTER",
        "EffectTypeTag": "LEAVES",
        "FirstFinderGold": 0,
        "Growth": 16,
        "GrowthTerrainType": "TERRAIN_PLAINS",
        "Help": null,
        "ID": 1,
        "IconAtlas": "TERRAIN_ATLAS",
        "Impassable": 0,
        "InBorderHappiness": 0,
        "InfluenceCost": 1,
        "Movement": 2,
        "NaturalWonder": 0,
        "NoAdjacent": 0,
        "NoCity": 0,
        "NoCoast": 0,
        "NoImprovement": 0,
        "NoRiver": 0,
        "NukeImmune": 0,
        "OccurrenceFrequency": 0,
        "PortraitIndex": 7,
        "RequiresFlatlands": 0,
        "RequiresRiver": 0,
        "Rough": 1,
        "SeeThrough": 1,
        "StartingLocationWeight": -10,
        "TurnDamage": 0,
        "Type": "FEATURE_JUNGLE",
        "VisibleAlways": 0,
        "WorldSoundscapeAudioScript": "ASSS_AMBIENCE_JUNGLE",
        "YieldNotAdditive": 0
    },
    {
        "AddsFreshWater": 0,
        "AdjacentUnitFreePromotion": null,
        "AdvancedStartRemoveCost": 0,
        "AppearanceProbability": 0,
        "ArtDefineTag": "ART_DEF_FEATURE_MARSH",
        "Civilopedia": "TXT_KEY_CIV5_FEATURES_MARSH_TEXT",
        "Defense": -15,
        "Description": "TXT_KEY_FEATURE_MARSH",
        "DisappearanceProbability": 0,
        "EffectProbability": 0,
        "EffectType": null,
        "EffectTypeTag": "MUD",
        "FirstFinderGold": 0,
        "Growth": 0,
        "GrowthTerrainType": null,
        "Help": null,
        "ID": 2,
        "IconAtlas": "TERRAIN_ATLAS",
        "Impassable": 0,
        "InBorderHappiness": 0,
        "InfluenceCost": 1,
        "Movement": 3,
        "NaturalWonder": 0,
        "NoAdjacent": 0,
        "NoCity": 0,
        "NoCoast": 0,
        "NoImprovement": 0,
        "NoRiver": 0,
        "NukeImmune": 0,
        "OccurrenceFrequency": 0,
        "PortraitIndex": 8,
        "RequiresFlatlands": 1,
        "RequiresRiver": 0,
        "Rough": 0,
        "SeeThrough": 0,
        "StartingLocationWeight": -10,
        "TurnDamage": 0,
        "Type": "FEATURE_MARSH",
        "VisibleAlways": 0,
        "WorldSoundscapeAudioScript": "ASSS_AMBIENCE_SWAMP",
        "YieldNotAdditive": 0
    },
    {
        "AddsFreshWater": 1,
        "AdjacentUnitFreePromotion": null,
        "AdvancedStartRemoveCost": 0,
        "AppearanceProbability": 500,
        "ArtDefineTag": "ART_DEF_FEATURE_OASIS",
        "Civilopedia": "TXT_KEY_CIV5_FEATURES_OASIS_TEXT",
        "Defense": -10,
        "Description": "TXT_KEY_FEATURE_OASIS",
        "DisappearanceProbability": 0,
        "EffectProbability": 0,
        "EffectType": null,
        "EffectTypeTag": "WATER",
        "FirstFinderGold": 0,
        "Growth": 0,
        "GrowthTerrainType": null,
        "Help": null,
        "ID": 3,
        "IconAtlas": "NEW_TERRAIN_ATLAS_DLC",
        "Impassable": 0,
        "InBorderHappiness": 0,
        "InfluenceCost": -1,
        "Movement": 1,
        "NaturalWonder": 0,
        "NoAdjacent": 1,
        "NoCity": 0,
        "NoCoast": 1,
        "NoImprovement": 1,
        "NoRiver": 1,
        "NukeImmune": 0,
        "OccurrenceFrequency": 0,
        "PortraitIndex": 0,
        "RequiresFlatlands": 1,
        "RequiresRiver": 0,
        "Rough": 0,
        "SeeThrough": 0,
        "StartingLocationWeight": 0,
        "TurnDamage": 0,
        "Type": "FEATURE_OASIS",
        "VisibleAlways": 0,
        "WorldSoundscapeAudioScript": "ASSS_AMBIENCE_JUNGLE",
        "YieldNotAdditive": 0
    },
    {
        "AddsFreshWater": 0,
        "AdjacentUnitFreePromotion": null,
        "AdvancedStartRemoveCost": 0,
        "AppearanceProbability": 10000,
        "ArtDefineTag": "ART_DEF_FEATURE_FLOOD_PLAINS",
        "Civilopedia": "TXT_KEY_CIV5_FEATURES_FLOODPLAINS_TEXT",
        "Defense": -10,
        "Description": "TXT_KEY_FEATURE_FLOOD_PLAINS",
        "DisappearanceProbability": 0,
        "EffectProbability": 0,
        "EffectType": null,
        "EffectTypeTag": null,
        "FirstFinderGold": 0,
        "Growth": 0,
        "GrowthTerrainType": null,
        "Help": null,
        "ID": 4,
        "IconAtlas": "TERRAIN_ATLAS",
        "Impassable": 0,
        "InBorderHappiness": 0,
        "InfluenceCost": -1,
        "Movement": 1,
        "NaturalWonder": 0,
        "NoAdjacent": 0,
        "NoCity": 0,
        "NoCoast": 0,
        "NoImprovement": 0,
        "NoRiver": 0,
        "NukeImmune": 0,
        "OccurrenceFrequency": 0,
        "PortraitIndex": 2,
        "RequiresFlatlands": 1,
        "RequiresRiver": 1,
        "Rough": 0,
        "SeeThrough": 0,
        "StartingLocationWeight": 0,
        "TurnDamage": 0,
        "Type": "FEATURE_FLOOD_PLAINS",
        "VisibleAlways": 0,
        "WorldSoundscapeAudioScript": null,
        "YieldNotAdditive": 0
    },
    {
        "AddsFreshWater": 0,
        "AdjacentUnitFreePromotion": null,
        "AdvancedStartRemoveCost": 0,
        "AppearanceProbability": 0,
        "ArtDefineTag": "ART_DEF_FEATURE_FOREST",
        "Civilopedia": "TXT_KEY_CIV5_FEATURES_FOREST_TEXT",
        "Defense": 25,
        "Description": "TXT_KEY_FEATURE_FOREST",
        "DisappearanceProbability": 0,
        "EffectProbability": 15,
        "EffectType": "EFFECT_BIRDSCATTER",
        "EffectTypeTag": "LEAVES",
        "FirstFinderGold": 0,
        "Growth": 8,
        "GrowthTerrainType": null,
        "Help": null,
        "ID": 5,
        "IconAtlas": "TERRAIN_ATLAS",
        "Impassable": 0,
        "InBorderHappiness": 0,
        "InfluenceCost": 1,
        "Movement": 2,
        "NaturalWonder": 0,
        "NoAdjacent": 0,
        "NoCity": 0,
        "NoCoast": 0,
        "NoImprovement": 0,
        "NoRiver": 0,
        "NukeImmune": 0,
        "OccurrenceFrequency": 0,
        "PortraitIndex": 3,
        "RequiresFlatlands": 0,
        "RequiresRiver": 0,
        "Rough": 1,
        "SeeThrough": 1,
        "StartingLocationWeight": 0,
        "TurnDamage": 0,
        "Type": "FEATURE_FOREST",
        "VisibleAlways": 0,
        "WorldSoundscapeAudioScript": "ASSS_AMBIENCE_FOREST",
        "YieldNotAdditive": 1
    },
    {
        "AddsFreshWater": 0,
        "AdjacentUnitFreePromotion": null,
        "AdvancedStartRemoveCost": 0,
        "AppearanceProbability": 0,
        "ArtDefineTag": "ART_DEF_FEATURE_FALLOUT",
        "Civilopedia": "TXT_KEY_FEATURE_FALLOUT_PEDIA",
        "Defense": -15,
        "Description": "TXT_KEY_FEATURE_FALLOUT",
        "DisappearanceProbability": 500,
        "EffectProbability": 0,
        "EffectType": null,
        "EffectTypeTag": null,
        "FirstFinderGold": 0,
        "Growth": 0,
        "GrowthTerrainType": null,
        "Help": null,
        "ID": 6,
        "IconAtlas": "TERRAIN_ATLAS",
        "Impassable": 0,
        "InBorderHappiness": 0,
        "InfluenceCost": 0,
        "Movement": 2,
        "NaturalWonder": 0,
        "NoAdjacent": 0,
        "NoCity": 0,
        "NoCoast": 0,
        "NoImprovement": 1,
        "NoRiver": 0,
        "NukeImmune": 0,
        "OccurrenceFrequency": 0,
        "PortraitIndex": 17,
        "RequiresFlatlands": 0,
        "RequiresRiver": 0,
        "Rough": 0,
        "SeeThrough": 0,
        "StartingLocationWeight": 0,
        "TurnDamage": 0,
        "Type": "FEATURE_FALLOUT",
        "VisibleAlways": 0,
        "WorldSoundscapeAudioScript": null,
        "YieldNotAdditive": 0
    },
    {
        "AddsFreshWater": 0,
        "AdjacentUnitFreePromotion": null,
        "AdvancedStartRemoveCost": 0,
        "AppearanceProbability": 0,
        "ArtDefineTag": "ART_DEF_FEATURE_CRATER",
        "Civilopedia": "TXT_KEY_CIV5_FEATURES_BARRINGER_TEXT",
        "Defense": 0,
        "Description": "TXT_KEY_FEATURE_CRATER",
        "DisappearanceProbability": 0,
        "EffectProbability": 0,
        "EffectType": null,
        "EffectTypeTag": null,
        "FirstFinderGold": 0,
        "Growth": 0,
        "GrowthTerrainType": null,
        "Help": null,
        "ID": 7,
        "IconAtlas": "NW_ATLAS",
        "Impassable": 1,
        "InBorderHappiness": 0,
        "InfluenceCost": -3,
        "Movement": 1,
        "NaturalWonder": 1,
        "NoAdjacent": 0,
        "NoCity": 0,
        "NoCoast": 0,
        "NoImprovement": 1,
        "NoRiver": 0,
        "NukeImmune": 0,
        "OccurrenceFrequency": 10,
        "PortraitIndex": 2,
        "RequiresFlatlands": 0,
        "RequiresRiver": 0,
        "Rough": 1,
        "SeeThrough": 2,
        "StartingLocationWeight": 0,
        "TurnDamage": 0,
        "Type": "FEATURE_CRATER",
        "VisibleAlways": 0,
        "WorldSoundscapeAudioScript": null,
        "YieldNotAdditive": 1
    },
    {
        "AddsFreshWater": 0,
        "AdjacentUnitFreePromotion": null,
        "AdvancedStartRemoveCost": 0,
        "AppearanceProbability": 0,
        "ArtDefineTag": "ART_DEF_FEATURE_FUJI",
        "Civilopedia": "TXT_KEY_CIV5_FEATURES_FUJI_TEXT",
        "Defense": 0,
        "Description": "TXT_KEY_FEATURE_MT_FUJI",
        "DisappearanceProbability": 0,
        "EffectProbability": 0,
        "EffectType": null,
        "EffectTypeTag": null,
        "FirstFinderGold": 0,
        "Growth": 0,
        "GrowthTerrainType": null,
        "Help": null,
        "ID": 8,
        "IconAtlas": "NW_ATLAS",
        "Impassable": 1,
        "InBorderHappiness": 0,
        "InfluenceCost": -3,
        "Movement": 1,
        "NaturalWonder": 1,
        "NoAdjacent": 0,
        "NoCity": 0,
        "NoCoast": 0,
        "NoImprovement": 1,
        "NoRiver": 0,
        "NukeImmune": 0,
        "OccurrenceFrequency": 10,
        "PortraitIndex": 3,
        "RequiresFlatlands": 0,
        "RequiresRiver": 0,
        "Rough": 1,
        "SeeThrough": 2,
        "StartingLocationWeight": 0,
        "TurnDamage": 0,
        "Type": "FEATURE_FUJI",
        "VisibleAlways": 0,
        "WorldSoundscapeAudioScript": null,
        "YieldNotAdditive": 1
    },
    {
        "AddsFreshWater": 0,
        "AdjacentUnitFreePromotion": null,
        "AdvancedStartRemoveCost": 0,
        "AppearanceProbability": 0,
        "ArtDefineTag": "ART_DEF_FEATURE_MESA",
        "Civilopedia": "TXT_KEY_CIV5_FEATURES_GRANDMESA_TEXT",
        "Defense": 0,
        "Description": "TXT_KEY_FEATURE_MESA",
        "DisappearanceProbability": 0,
        "EffectProbability": 0,
        "EffectType": null,
        "EffectTypeTag": null,
        "FirstFinderGold": 0,
        "Growth": 0,
        "GrowthTerrainType": null,
        "Help": null,
        "ID": 9,
        "IconAtlas": "NW_ATLAS",
        "Impassable": 1,
        "InBorderHappiness": 0,
        "InfluenceCost": -3,
        "Movement": 1,
        "NaturalWonder": 1,
        "NoAdjacent": 0,
        "NoCity": 0,
        "NoCoast": 0,
        "NoImprovement": 1,
        "NoRiver": 0,
        "NukeImmune": 0,
        "OccurrenceFrequency": 10,
        "PortraitIndex": 7,
        "RequiresFlatlands": 0,
        "RequiresRiver": 0,
        "Rough": 1,
        "SeeThrough": 2,
        "StartingLocationWeight": 0,
        "TurnDamage": 0,
        "Type": "FEATURE_MESA",
        "VisibleAlways": 0,
        "WorldSoundscapeAudioScript": null,
        "YieldNotAdditive": 1
    },
    {
        "AddsFreshWater": 0,
        "AdjacentUnitFreePromotion": null,
        "AdvancedStartRemoveCost": 0,
        "AppearanceProbability": 0,
        "ArtDefineTag": "ART_DEF_FEATURE_REEF",
        "Civilopedia": "TXT_KEY_CIV5_FEATURES_GREATBARRIERREEF_TEXT",
        "Defense": 0,
        "Description": "TXT_KEY_FEATURE_REEF",
        "DisappearanceProbability": 0,
        "EffectProbability": 0,
        "EffectType": null,
        "EffectTypeTag": null,
        "FirstFinderGold": 0,
        "Growth": 0,
        "GrowthTerrainType": null,
        "Help": null,
        "ID": 10,
        "IconAtlas": "NW_ATLAS",
        "Impassable": 1,
        "InBorderHappiness": 0,
        "InfluenceCost": -3,
        "Movement": 1,
        "NaturalWonder": 1,
        "NoAdjacent": 0,
        "NoCity": 0,
        "NoCoast": 0,
        "NoImprovement": 1,
        "NoRiver": 0,
        "NukeImmune": 0,
        "OccurrenceFrequency": 10,
        "PortraitIndex": 1,
        "RequiresFlatlands": 0,
        "RequiresRiver": 0,
        "Rough": 1,
        "SeeThrough": 0,
        "StartingLocationWeight": 0,
        "TurnDamage": 0,
        "Type": "FEATURE_REEF",
        "VisibleAlways": 0,
        "WorldSoundscapeAudioScript": null,
        "YieldNotAdditive": 1
    },
    {
        "AddsFreshWater": 0,
        "AdjacentUnitFreePromotion": null,
        "AdvancedStartRemoveCost": 0,
        "AppearanceProbability": 0,
        "ArtDefineTag": "ART_DEF_FEATURE_VOLCANO",
        "Civilopedia": "TXT_KEY_CIV5_FEATURES_KRAKATOA_TEXT",
        "Defense": 0,
        "Description": "TXT_KEY_FEATURE_VOLCANO",
        "DisappearanceProbability": 0,
        "EffectProbability": 0,
        "EffectType": null,
        "EffectTypeTag": null,
        "FirstFinderGold": 0,
        "Growth": 0,
        "GrowthTerrainType": null,
        "Help": null,
        "ID": 11,
        "IconAtlas": "NW_ATLAS",
        "Impassable": 1,
        "InBorderHappiness": 0,
        "InfluenceCost": -3,
        "Movement": 1,
        "NaturalWonder": 1,
        "NoAdjacent": 0,
        "NoCity": 0,
        "NoCoast": 0,
        "NoImprovement": 1,
        "NoRiver": 0,
        "NukeImmune": 0,
        "OccurrenceFrequency": 10,
        "PortraitIndex": 5,
        "RequiresFlatlands": 0,
        "RequiresRiver": 0,
        "Rough": 1,
        "SeeThrough": 2,
        "StartingLocationWeight": 0,
        "TurnDamage": 0,
        "Type": "FEATURE_VOLCANO",
        "VisibleAlways": 0,
        "WorldSoundscapeAudioScript": null,
        "YieldNotAdditive": 1
    },
    {
        "AddsFreshWater": 0,
        "AdjacentUnitFreePromotion": null,
        "AdvancedStartRemoveCost": 0,
        "AppearanceProbability": 0,
        "ArtDefineTag": "ART_DEF_FEATURE_GIBRALTAR",
        "Civilopedia": "TXT_KEY_CIV5_FEATURES_GIBRALTER_TEXT",
        "Defense": 0,
        "Description": "TXT_KEY_FEATURE_GIBRALTAR",
        "DisappearanceProbability": 0,
        "EffectProbability": 0,
        "EffectType": null,
        "EffectTypeTag": null,
        "FirstFinderGold": 0,
        "Growth": 0,
        "GrowthTerrainType": null,
        "Help": null,
        "ID": 12,
        "IconAtlas": "NW_ATLAS",
        "Impassable": 1,
        "InBorderHappiness": 0,
        "InfluenceCost": -3,
        "Movement": 1,
        "NaturalWonder": 1,
        "NoAdjacent": 0,
        "NoCity": 0,
        "NoCoast": 0,
        "NoImprovement": 1,
        "NoRiver": 0,
        "NukeImmune": 0,
        "OccurrenceFrequency": 10,
        "PortraitIndex": 8,
        "RequiresFlatlands": 0,
        "RequiresRiver": 0,
        "Rough": 1,
        "SeeThrough": 2,
        "StartingLocationWeight": 0,
        "TurnDamage": 0,
        "Type": "FEATURE_GIBRALTAR",
        "VisibleAlways": 0,
        "WorldSoundscapeAudioScript": null,
        "YieldNotAdditive": 1
    },
    {
        "AddsFreshWater": 0,
        "AdjacentUnitFreePromotion": null,
        "AdvancedStartRemoveCost": 0,
        "AppearanceProbability": 0,
        "ArtDefineTag": "ART_DEF_FEATURE_GEYSER",
        "Civilopedia": "TXT_KEY_CIV5_FEATURES_OLDFAITHFUL_TEXT",
        "Defense": 0,
        "Description": "TXT_KEY_FEATURE_GEYSER",
        "DisappearanceProbability": 0,
        "EffectProbability": 0,
        "EffectType": null,
        "EffectTypeTag": null,
        "FirstFinderGold": 0,
        "Growth": 0,
        "GrowthTerrainType": null,
        "Help": null,
        "ID": 13,
        "IconAtlas": "NW_ATLAS",
        "Impassable": 1,
        "InBorderHappiness": 3,
        "InfluenceCost": -3,
        "Movement": 1,
        "NaturalWonder": 1,
        "NoAdjacent": 0,
        "NoCity": 0,
        "NoCoast": 0,
        "NoImprovement": 1,
        "NoRiver": 0,
        "NukeImmune": 0,
        "OccurrenceFrequency": 10,
        "PortraitIndex": 4,
        "RequiresFlatlands": 0,
        "RequiresRiver": 0,
        "Rough": 1,
        "SeeThrough": 2,
        "StartingLocationWeight": 0,
        "TurnDamage": 0,
        "Type": "FEATURE_GEYSER",
        "VisibleAlways": 0,
        "WorldSoundscapeAudioScript": null,
        "YieldNotAdditive": 1
    },
    {
        "AddsFreshWater": 0,
        "AdjacentUnitFreePromotion": "PROMOTION_FASTER_HEAL",
        "AdvancedStartRemoveCost": 0,
        "AppearanceProbability": 0,
        "ArtDefineTag": "ART_DEF_FEATURE_FOUNTAIN_YOUTH",
        "Civilopedia": "TXT_KEY_CIV5_FEATURES_FOUNTAIN_YOUTH_TEXT",
        "Defense": 0,
        "Description": "TXT_KEY_FEATURE_FOUNTAIN_YOUTH",
        "DisappearanceProbability": 0,
        "EffectProbability": 0,
        "EffectType": null,
        "EffectTypeTag": null,
        "FirstFinderGold": 0,
        "Growth": 0,
        "GrowthTerrainType": null,
        "Help": "TXT_KEY_CIV5_FEATURES_FOUNTAIN_YOUTH_HELP",
        "ID": 14,
        "IconAtlas": "NW_ATLAS_DLC",
        "Impassable": 1,
        "InBorderHappiness": 10,
        "InfluenceCost": -3,
        "Movement": 1,
        "NaturalWonder": 1,
        "NoAdjacent": 0,
        "NoCity": 0,
        "NoCoast": 0,
        "NoImprovement": 1,
        "NoRiver": 0,
        "NukeImmune": 0,
        "OccurrenceFrequency": 1,
        "PortraitIndex": 1,
        "RequiresFlatlands": 0,
        "RequiresRiver": 0,
        "Rough": 1,
        "SeeThrough": 2,
        "StartingLocationWeight": 0,
        "TurnDamage": 0,
        "Type": "FEATURE_FOUNTAIN_YOUTH",
        "VisibleAlways": 0,
        "WorldSoundscapeAudioScript": null,
        "YieldNotAdditive": 1
    },
    {
        "AddsFreshWater": 0,
        "AdjacentUnitFreePromotion": null,
        "AdvancedStartRemoveCost": 0,
        "AppearanceProbability": 0,
        "ArtDefineTag": "ART_DEF_FEATURE_POTOSI",
        "Civilopedia": "TXT_KEY_CIV5_FEATURES_POTOSI_TEXT",
        "Defense": 0,
        "Description": "TXT_KEY_FEATURE_POTOSI",
        "DisappearanceProbability": 0,
        "EffectProbability": 0,
        "EffectType": null,
        "EffectTypeTag": null,
        "FirstFinderGold": 0,
        "Growth": 0,
        "GrowthTerrainType": null,
        "Help": null,
        "ID": 15,
        "IconAtlas": "NW_ATLAS_DLC",
        "Impassable": 1,
        "InBorderHappiness": 0,
        "InfluenceCost": -3,
        "Movement": 1,
        "NaturalWonder": 1,
        "NoAdjacent": 0,
        "NoCity": 0,
        "NoCoast": 0,
        "NoImprovement": 1,
        "NoRiver": 0,
        "NukeImmune": 0,
        "OccurrenceFrequency": 5,
        "PortraitIndex": 2,
        "RequiresFlatlands": 0,
        "RequiresRiver": 0,
        "Rough": 1,
        "SeeThrough": 2,
        "StartingLocationWeight": 0,
        "TurnDamage": 0,
        "Type": "FEATURE_POTOSI",
        "VisibleAlways": 0,
        "WorldSoundscapeAudioScript": null,
        "YieldNotAdditive": 1
    },
    {
        "AddsFreshWater": 0,
        "AdjacentUnitFreePromotion": null,
        "AdvancedStartRemoveCost": 0,
        "AppearanceProbability": 0,
        "ArtDefineTag": "ART_DEF_FEATURE_EL_DORADO",
        "Civilopedia": "TXT_KEY_CIV5_FEATURES_EL_DORADO_TEXT",
        "Defense": 0,
        "Description": "TXT_KEY_FEATURE_EL_DORADO",
        "DisappearanceProbability": 0,
        "EffectProbability": 0,
        "EffectType": null,
        "EffectTypeTag": null,
        "FirstFinderGold": 500,
        "Growth": 0,
        "GrowthTerrainType": null,
        "Help": "TXT_KEY_CIV5_FEATURES_EL_DORADO_HELP",
        "ID": 16,
        "IconAtlas": "NW_ATLAS_DLC",
        "Impassable": 1,
        "InBorderHappiness": 0,
        "InfluenceCost": -3,
        "Movement": 1,
        "NaturalWonder": 1,
        "NoAdjacent": 0,
        "NoCity": 0,
        "NoCoast": 0,
        "NoImprovement": 1,
        "NoRiver": 0,
        "NukeImmune": 0,
        "OccurrenceFrequency": 2,
        "PortraitIndex": 0,
        "RequiresFlatlands": 0,
        "RequiresRiver": 0,
        "Rough": 1,
        "SeeThrough": 2,
        "StartingLocationWeight": 0,
        "TurnDamage": 0,
        "Type": "FEATURE_EL_DORADO",
        "VisibleAlways": 0,
        "WorldSoundscapeAudioScript": null,
        "YieldNotAdditive": 1
    },
    {
        "AddsFreshWater": 0,
        "AdjacentUnitFreePromotion": null,
        "AdvancedStartRemoveCost": 0,
        "AppearanceProbability": 0,
        "ArtDefineTag": "ART_DEF_FEATURE_ATOLL",
        "Civilopedia": "TXT_KEY_CIV5_FEATURES_ATOLL_TEXT",
        "Defense": 0,
        "Description": "TXT_KEY_FEATURE_ATOLL",
        "DisappearanceProbability": 0,
        "EffectProbability": 0,
        "EffectType": null,
        "EffectTypeTag": null,
        "FirstFinderGold": 0,
        "Growth": 0,
        "GrowthTerrainType": null,
        "Help": null,
        "ID": 17,
        "IconAtlas": "NEW_TERRAIN_ATLAS_DLC",
        "Impassable": 0,
        "InBorderHappiness": 0,
        "InfluenceCost": -1,
        "Movement": 1,
        "NaturalWonder": 0,
        "NoAdjacent": 0,
        "NoCity": 0,
        "NoCoast": 0,
        "NoImprovement": 1,
        "NoRiver": 0,
        "NukeImmune": 0,
        "OccurrenceFrequency": 0,
        "PortraitIndex": 1,
        "RequiresFlatlands": 0,
        "RequiresRiver": 0,
        "Rough": 0,
        "SeeThrough": 0,
        "StartingLocationWeight": 0,
        "TurnDamage": 0,
        "Type": "FEATURE_ATOLL",
        "VisibleAlways": 0,
        "WorldSoundscapeAudioScript": null,
        "YieldNotAdditive": 0
    },
    {
        "AddsFreshWater": 0,
        "AdjacentUnitFreePromotion": null,
        "AdvancedStartRemoveCost": 0,
        "AppearanceProbability": 0,
        "ArtDefineTag": "ART_DEF_FEATURE_SRI_PADA",
        "Civilopedia": "TXT_KEY_CIV5_FEATURES_SRI_PADA_TEXT",
        "Defense": 0,
        "Description": "TXT_KEY_FEATURE_SRI_PADA",
        "DisappearanceProbability": 0,
        "EffectProbability": 0,
        "EffectType": null,
        "EffectTypeTag": null,
        "FirstFinderGold": 0,
        "Growth": 0,
        "GrowthTerrainType": null,
        "Help": null,
        "ID": 18,
        "IconAtlas": "EXPANSION_BW_ATLAS_2",
        "Impassable": 1,
        "InBorderHappiness": 2,
        "InfluenceCost": -3,
        "Movement": 1,
        "NaturalWonder": 1,
        "NoAdjacent": 0,
        "NoCity": 0,
        "NoCoast": 0,
        "NoImprovement": 1,
        "NoRiver": 0,
        "NukeImmune": 0,
        "OccurrenceFrequency": 10,
        "PortraitIndex": 10,
        "RequiresFlatlands": 0,
        "RequiresRiver": 0,
        "Rough": 1,
        "SeeThrough": 2,
        "StartingLocationWeight": 0,
        "TurnDamage": 0,
        "Type": "FEATURE_SRI_PADA",
        "VisibleAlways": 0,
        "WorldSoundscapeAudioScript": null,
        "YieldNotAdditive": 1
    },
    {
        "AddsFreshWater": 0,
        "AdjacentUnitFreePromotion": null,
        "AdvancedStartRemoveCost": 0,
        "AppearanceProbability": 0,
        "ArtDefineTag": "ART_DEF_FEATURE_MT_SINAI",
        "Civilopedia": "TXT_KEY_CIV5_FEATURES_MT_SINAI_TEXT",
        "Defense": 0,
        "Description": "TXT_KEY_FEATURE_MT_SINAI",
        "DisappearanceProbability": 0,
        "EffectProbability": 0,
        "EffectType": null,
        "EffectTypeTag": null,
        "FirstFinderGold": 0,
        "Growth": 0,
        "GrowthTerrainType": null,
        "Help": null,
        "ID": 19,
        "IconAtlas": "EXPANSION_BW_ATLAS_2",
        "Impassable": 1,
        "InBorderHappiness": 0,
        "InfluenceCost": -3,
        "Movement": 1,
        "NaturalWonder": 1,
        "NoAdjacent": 0,
        "NoCity": 0,
        "NoCoast": 0,
        "NoImprovement": 1,
        "NoRiver": 0,
        "NukeImmune": 0,
        "OccurrenceFrequency": 10,
        "PortraitIndex": 9,
        "RequiresFlatlands": 0,
        "RequiresRiver": 0,
        "Rough": 1,
        "SeeThrough": 2,
        "StartingLocationWeight": 0,
        "TurnDamage": 0,
        "Type": "FEATURE_MT_SINAI",
        "VisibleAlways": 0,
        "WorldSoundscapeAudioScript": null,
        "YieldNotAdditive": 1
    },
    {
        "AddsFreshWater": 0,
        "AdjacentUnitFreePromotion": null,
        "AdvancedStartRemoveCost": 0,
        "AppearanceProbability": 0,
        "ArtDefineTag": "ART_DEF_FEATURE_MT_KAILASH",
        "Civilopedia": "TXT_KEY_CIV5_FEATURES_MT_KAILASH_TEXT",
        "Defense": 0,
        "Description": "TXT_KEY_FEATURE_MT_KAILASH",
        "DisappearanceProbability": 0,
        "EffectProbability": 0,
        "EffectType": null,
        "EffectTypeTag": null,
        "FirstFinderGold": 0,
        "Growth": 0,
        "GrowthTerrainType": null,
        "Help": null,
        "ID": 20,
        "IconAtlas": "EXPANSION_BW_ATLAS_2",
        "Impassable": 1,
        "InBorderHappiness": 2,
        "InfluenceCost": -3,
        "Movement": 1,
        "NaturalWonder": 1,
        "NoAdjacent": 0,
        "NoCity": 0,
        "NoCoast": 0,
        "NoImprovement": 1,
        "NoRiver": 0,
        "NukeImmune": 0,
        "OccurrenceFrequency": 10,
        "PortraitIndex": 8,
        "RequiresFlatlands": 0,
        "RequiresRiver": 0,
        "Rough": 1,
        "SeeThrough": 2,
        "StartingLocationWeight": 0,
        "TurnDamage": 0,
        "Type": "FEATURE_MT_KAILASH",
        "VisibleAlways": 0,
        "WorldSoundscapeAudioScript": null,
        "YieldNotAdditive": 1
    },
    {
        "AddsFreshWater": 0,
        "AdjacentUnitFreePromotion": null,
        "AdvancedStartRemoveCost": 0,
        "AppearanceProbability": 0,
        "ArtDefineTag": "ART_DEF_FEATURE_ULURU",
        "Civilopedia": "TXT_KEY_CIV5_FEATURES_ULURU_TEXT",
        "Defense": 0,
        "Description": "TXT_KEY_FEATURE_ULURU",
        "DisappearanceProbability": 0,
        "EffectProbability": 0,
        "EffectType": null,
        "EffectTypeTag": null,
        "FirstFinderGold": 0,
        "Growth": 0,
        "GrowthTerrainType": null,
        "Help": null,
        "ID": 21,
        "IconAtlas": "EXPANSION_BW_ATLAS_2",
        "Impassable": 1,
        "InBorderHappiness": 0,
        "InfluenceCost": -3,
        "Movement": 1,
        "NaturalWonder": 1,
        "NoAdjacent": 0,
        "NoCity": 0,
        "NoCoast": 0,
        "NoImprovement": 1,
        "NoRiver": 0,
        "NukeImmune": 0,
        "OccurrenceFrequency": 10,
        "PortraitIndex": 11,
        "RequiresFlatlands": 0,
        "RequiresRiver": 0,
        "Rough": 1,
        "SeeThrough": 2,
        "StartingLocationWeight": 0,
        "TurnDamage": 0,
        "Type": "FEATURE_ULURU",
        "VisibleAlways": 0,
        "WorldSoundscapeAudioScript": null,
        "YieldNotAdditive": 1
    },
    {
        "AddsFreshWater": 1,
        "AdjacentUnitFreePromotion": null,
        "AdvancedStartRemoveCost": 0,
        "AppearanceProbability": 0,
        "ArtDefineTag": "ART_DEF_FEATURE_LAKE_VICTORIA",
        "Civilopedia": "TXT_KEY_CIV5_FEATURES_LAKE_VICTORIA_TEXT",
        "Defense": 0,
        "Description": "TXT_KEY_FEATURE_LAKE_VICTORIA",
        "DisappearanceProbability": 0,
        "EffectProbability": 0,
        "EffectType": null,
        "EffectTypeTag": null,
        "FirstFinderGold": 0,
        "Growth": 0,
        "GrowthTerrainType": null,
        "Help": null,
        "ID": 22,
        "IconAtlas": "EXPANSION2_WONDER_ATLAS",
        "Impassable": 1,
        "InBorderHappiness": 0,
        "InfluenceCost": -3,
        "Movement": 1,
        "NaturalWonder": 1,
        "NoAdjacent": 0,
        "NoCity": 0,
        "NoCoast": 0,
        "NoImprovement": 1,
        "NoRiver": 0,
        "NukeImmune": 0,
        "OccurrenceFrequency": 10,
        "PortraitIndex": 3,
        "RequiresFlatlands": 0,
        "RequiresRiver": 0,
        "Rough": 1,
        "SeeThrough": 0,
        "StartingLocationWeight": 0,
        "TurnDamage": 0,
        "Type": "FEATURE_LAKE_VICTORIA",
        "VisibleAlways": 0,
        "WorldSoundscapeAudioScript": null,
        "YieldNotAdditive": 1
    },
    {
        "AddsFreshWater": 0,
        "AdjacentUnitFreePromotion": "PROMOTION_ALTITUDE_TRAINING",
        "AdvancedStartRemoveCost": 0,
        "AppearanceProbability": 0,
        "ArtDefineTag": "ART_DEF_FEATURE_KILIMANJARO",
        "Civilopedia": "TXT_KEY_CIV5_FEATURES_KILIMANJARO_TEXT",
        "Defense": 0,
        "Description": "TXT_KEY_FEATURE_KILIMANJARO",
        "DisappearanceProbability": 0,
        "EffectProbability": 0,
        "EffectType": null,
        "EffectTypeTag": null,
        "FirstFinderGold": 0,
        "Growth": 0,
        "GrowthTerrainType": null,
        "Help": "TXT_KEY_CIV5_FEATURES_KILIMANJARO_HELP",
        "ID": 23,
        "IconAtlas": "EXPANSION2_WONDER_ATLAS",
        "Impassable": 1,
        "InBorderHappiness": 0,
        "InfluenceCost": -3,
        "Movement": 1,
        "NaturalWonder": 1,
        "NoAdjacent": 0,
        "NoCity": 0,
        "NoCoast": 0,
        "NoImprovement": 1,
        "NoRiver": 0,
        "NukeImmune": 0,
        "OccurrenceFrequency": 10,
        "PortraitIndex": 4,
        "RequiresFlatlands": 0,
        "RequiresRiver": 0,
        "Rough": 1,
        "SeeThrough": 2,
        "StartingLocationWeight": 0,
        "TurnDamage": 0,
        "Type": "FEATURE_KILIMANJARO",
        "VisibleAlways": 0,
        "WorldSoundscapeAudioScript": null,
        "YieldNotAdditive": 1
    },
    {
        "AddsFreshWater": 0,
        "AdjacentUnitFreePromotion": null,
        "AdvancedStartRemoveCost": 0,
        "AppearanceProbability": 0,
        "ArtDefineTag": "ART_DEF_FEATURE_SOLOMONS_MINES",
        "Civilopedia": "TXT_KEY_CIV5_FEATURES_SOLOMONS_MINES_TEXT",
        "Defense": 0,
        "Description": "TXT_KEY_FEATURE_SOLOMONS_MINES",
        "DisappearanceProbability": 0,
        "EffectProbability": 0,
        "EffectType": null,
        "EffectTypeTag": null,
        "FirstFinderGold": 0,
        "Growth": 0,
        "GrowthTerrainType": null,
        "Help": null,
        "ID": 24,
        "IconAtlas": "EXPANSION2_WONDER_ATLAS",
        "Impassable": 1,
        "InBorderHappiness": 0,
        "InfluenceCost": -3,
        "Movement": 1,
        "NaturalWonder": 1,
        "NoAdjacent": 0,
        "NoCity": 0,
        "NoCoast": 0,
        "NoImprovement": 1,
        "NoRiver": 0,
        "NukeImmune": 0,
        "OccurrenceFrequency": 4,
        "PortraitIndex": 2,
        "RequiresFlatlands": 0,
        "RequiresRiver": 0,
        "Rough": 1,
        "SeeThrough": 2,
        "StartingLocationWeight": 0,
        "TurnDamage": 0,
        "Type": "FEATURE_SOLOMONS_MINES",
        "VisibleAlways": 0,
        "WorldSoundscapeAudioScript": null,
        "YieldNotAdditive": 1
    }
]