[
    {
        "FeatureType": "FEATURE_LAKE",
        "Yield": 2,
        "YieldType": "YIELD_FOOD"
    },
    {
        "FeatureType": "FEATURE_LAKE",
        "Yield": 1,
        "YieldType": "YIELD_GOLD"
    },
    {
        "FeatureType": "FEATURE_JUNGLE",
        "Yield": 1,
        "YieldType": "YIELD_FOOD"
    },
    {
        "FeatureType": "FEATURE_JUNGLE",
        "Yield": -1,
        "YieldType": "YIELD_PRODUCTION"
    },
    {
        "FeatureType": "FEATURE_MARSH",
        "Yield": -1,
        "YieldType": "YIELD_FOOD"
    },
    {
        "FeatureType": "FEATURE_OASIS",
        "Yield": 3,
        "YieldType": "YIELD_FOOD"
    },
    {
        "FeatureType": "FEATURE_OASIS",
        "Yield": 1,
        "YieldType": "YIELD_GOLD"
    },
    {
        "FeatureType": "FEATURE_FLOOD_PLAINS",
        "Yield": 2,
        "YieldType": "YIELD_FOOD"
    },
    {
        "FeatureType": "FEATURE_FOREST",
        "Yield": 1,
        "YieldType": "YIELD_FOOD"
    },
    {
        "FeatureType": "FEATURE_FOREST",
        "Yield": 1,
        "YieldType": "YIELD_PRODUCTION"
    },
    {
        "FeatureType": "FEATURE_ATOLL",
        "Yield": 1,
        "YieldType": "YIELD_FOOD"
    },
    {
        "FeatureType": "FEATURE_ATOLL",
        "Yield": 1,
        "YieldType": "YIELD_PRODUCTION"
    },
    {
        "FeatureType": "FEATURE_FALLOUT",
        "Yield": -3,
        "YieldType": "YIELD_FOOD"
    },
    {
        "FeatureType": "FEATURE_FALLOUT",
        "Yield": -3,
        "YieldType": "YIELD_PRODUCTION"
    },
    {
        "FeatureType": "FEATURE_FALLOUT",
        "Yield": -3,
        "YieldType": "YIELD_GOLD"
    },
    {
        "FeatureType": "FEATURE_CRATER",
        "Yield": 2,
        "YieldType": "YIELD_GOLD"
    },
    {
        "FeatureType": "FEATURE_CRATER",
        "Yield": 3,
        "YieldType": "YIELD_SCIENCE"
    },
    {
        "FeatureType": "FEATURE_FUJI",
        "Yield": 2,
        "YieldType": "YIELD_GOLD"
    },
    {
        "FeatureType": "FEATURE_FUJI",
        "Yield": 3,
        "YieldType": "YIELD_CULTURE"
    },
    {
        "FeatureType": "FEATURE_FUJI",
        "Yield": 3,
        "YieldType": "YIELD_FAITH"
    },
    {
        "FeatureType": "FEATURE_MESA",
        "Yield": 2,
        "YieldType": "YIELD_PRODUCTION"
    },
    {
        "FeatureType": "FEATURE_MESA",
        "Yield": 3,
        "YieldType": "YIELD_GOLD"
    },
    {
        "FeatureType": "FEATURE_REEF",
        "Yield": 2,
        "YieldType": "YIELD_FOOD"
    },
    {
        "FeatureType": "FEATURE_REEF",
        "Yield": 1,
        "YieldType": "YIELD_PRODUCTION"
    },
    {
        "FeatureType": "FEATURE_REEF",
        "Yield": 1,
        "YieldType": "YIELD_GOLD"
    },
    {
        "FeatureType": "FEATURE_REEF",
        "Yield": 2,
        "YieldType": "YIELD_SCIENCE"
    },
    {
        "FeatureType": "FEATURE_VOLCANO",
        "Yield": 5,
        "YieldType": "YIELD_SCIENCE"
    },
    {
        "FeatureType": "FEATURE_GIBRALTAR",
        "Yield": 2,
        "YieldType": "YIELD_FOOD"
    },
    {
        "FeatureType": "FEATURE_GIBRALTAR",
        "Yield": 5,
        "YieldType": "YIELD_GOLD"
    },
    {
        "FeatureType": "FEATURE_GEYSER",
        "Yield": 2,
        "YieldType": "YIELD_SCIENCE"
    },
    {
        "FeatureType": "FEATURE_POTOSI",
        "Yield": 10,
        "YieldType": "YIELD_GOLD"
    },
    {
        "FeatureType": "FEATURE_EL_DORADO",
        "Yield": 5,
        "YieldType": "YIELD_CULTURE"
    },
    {
        "FeatureType": "FEATURE_SRI_PADA",
        "Yield": 2,
        "YieldType": "YIELD_FOOD"
    },
    {
        "FeatureType": "FEATURE_SRI_PADA",
        "Yield": 4,
        "YieldType": "YIELD_FAITH"
    },
    {
        "FeatureType": "FEATURE_MT_SINAI",
        "Yield": 8,
        "YieldType": "YIELD_FAITH"
    },
    {
        "FeatureType": "FEATURE_MT_KAILASH",
        "Yield": 6,
        "YieldType": "YIELD_FAITH"
    },
    {
        "FeatureType": "FEATURE_ULURU",
        "Yield": 2,
        "YieldType": "YIELD_FOOD"
    },
    {
        "FeatureType": "FEATURE_ULURU",
        "Yield": 6,
        "YieldType": "YIELD_FAITH"
    },
    {
        "FeatureType": "FEATURE_LAKE_VICTORIA",
        "Yield": 6,
        "YieldType": "YIELD_FOOD"
    },
    {
        "FeatureType": "FEATURE_KILIMANJARO",
        "Yield": 3,
        "YieldType": "YIELD_FOOD"
    },
    {
        "FeatureType": "FEATURE_KILIMANJARO",
        "Yield": 2,
        "YieldType": "YIELD_CULTURE"
    },
    {
        "FeatureType": "FEATURE_SOLOMONS_MINES",
        "Yield": 6,
        "YieldType": "YIELD_PRODUCTION"
    }
]