[
    {
        "FeatureType": "FEATURE_ICE",
        "TerrainType": "TERRAIN_COAST"
    },
    {
        "FeatureType": "FEATURE_ICE",
        "TerrainType": "TERRAIN_OCEAN"
    },
    {
        "FeatureType": "FEATURE_JUNGLE",
        "TerrainType": "TERRAIN_GRASS"
    },
    {
        "FeatureType": "FEATURE_MARSH",
        "TerrainType": "TERRAIN_GRASS"
    },
    {
        "FeatureType": "FEATURE_OASIS",
        "TerrainType": "TERRAIN_DESERT"
    },
    {
        "FeatureType": "FEATURE_FLOOD_PLAINS",
        "TerrainType": "TERRAIN_DESERT"
    },
    {
        "FeatureType": "FEATURE_FOREST",
        "TerrainType": "TERRAIN_GRASS"
    },
    {
        "FeatureType": "FEATURE_FOREST",
        "TerrainType": "TERRAIN_PLAINS"
    },
    {
        "FeatureType": "FEATURE_FOREST",
        "TerrainType": "TERRAIN_TUNDRA"
    },
    {
        "FeatureType": "FEATURE_ATOLL",
        "TerrainType": "TERRAIN_COAST"
    },
    {
        "FeatureType": "FEATURE_ATOLL",
        "TerrainType": "TERRAIN_OCEAN"
    }
]