[
    {
        "ID": 0,
        "Type": "FLAVOR_OFFENSE"
    },
    {
        "ID": 1,
        "Type": "FLAVOR_DEFENSE"
    },
    {
        "ID": 2,
        "Type": "FLAVOR_CITY_DEFENSE"
    },
    {
        "ID": 3,
        "Type": "FLAVOR_MILITARY_TRAINING"
    },
    {
        "ID": 4,
        "Type": "FLAVOR_RECON"
    },
    {
        "ID": 5,
        "Type": "FLAVOR_RANGED"
    },
    {
        "ID": 6,
        "Type": "FLAVOR_MOBILE"
    },
    {
        "ID": 7,
        "Type": "FLAVOR_NAVAL"
    },
    {
        "ID": 8,
        "Type": "FLAVOR_NAVAL_RECON"
    },
    {
        "ID": 9,
        "Type": "FLAVOR_NAVAL_GROWTH"
    },
    {
        "ID": 10,
        "Type": "FLAVOR_NAVAL_TILE_IMPROVEMENT"
    },
    {
        "ID": 11,
        "Type": "FLAVOR_AIR"
    },
    {
        "ID": 12,
        "Type": "FLAVOR_EXPANSION"
    },
    {
        "ID": 13,
        "Type": "FLAVOR_GROWTH"
    },
    {
        "ID": 14,
        "Type": "FLAVOR_TILE_IMPROVEMENT"
    },
    {
        "ID": 15,
        "Type": "FLAVOR_INFRASTRUCTURE"
    },
    {
        "ID": 16,
        "Type": "FLAVOR_PRODUCTION"
    },
    {
        "ID": 17,
        "Type": "FLAVOR_GOLD"
    },
    {
        "ID": 18,
        "Type": "FLAVOR_SCIENCE"
    },
    {
        "ID": 19,
        "Type": "FLAVOR_CULTURE"
    },
    {
        "ID": 20,
        "Type": "FLAVOR_HAPPINESS"
    },
    {
        "ID": 21,
        "Type": "FLAVOR_GREAT_PEOPLE"
    },
    {
        "ID": 22,
        "Type": "FLAVOR_WONDER"
    },
    {
        "ID": 23,
        "Type": "FLAVOR_RELIGION"
    },
    {
        "ID": 24,
        "Type": "FLAVOR_DIPLOMACY"
    },
    {
        "ID": 25,
        "Type": "FLAVOR_SPACESHIP"
    },
    {
        "ID": 26,
        "Type": "FLAVOR_WATER_CONNECTION"
    },
    {
        "ID": 27,
        "Type": "FLAVOR_NUKE"
    },
    {
        "ID": 28,
        "Type": "FLAVOR_ANTIAIR"
    },
    {
        "ID": 29,
        "Type": "FLAVOR_USE_NUKE"
    },
    {
        "ID": 30,
        "Type": "FLAVOR_ESPIONAGE"
    },
    {
        "ID": 31,
        "Type": "FLAVOR_AIR_CARRIER"
    },
    {
        "ID": 32,
        "Type": "FLAVOR_I_LAND_TRADE_ROUTE"
    },
    {
        "ID": 33,
        "Type": "FLAVOR_I_SEA_TRADE_ROUTE"
    },
    {
        "ID": 34,
        "Type": "FLAVOR_ARCHAEOLOGY"
    },
    {
        "ID": 35,
        "Type": "FLAVOR_I_TRADE_ORIGIN"
    },
    {
        "ID": 36,
        "Type": "FLAVOR_I_TRADE_DESTINATION"
    },
    {
        "ID": 37,
        "Type": "FLAVOR_AIRLIFT"
    }
]