[
    {
        "BarbPercent": 400,
        "BuildPercent": 300,
        "ConstructPercent": 300,
        "CreatePercent": 300,
        "CulturePercent": 300,
        "DealDuration": 90,
        "Description": "TXT_KEY_GAMESPEED_MARATHON",
        "FaithPercent": 300,
        "FeatureProductionPercent": 300,
        "GoldGiftMod": 67,
        "GoldPercent": 300,
        "GoldenAgePercent": 200,
        "GreatPeoplePercent": 300,
        "GrowthPercent": 300,
        "Help": "TXT_KEY_GAMESPEED_MARATHON_HELP",
        "HurryPercent": 100,
        "ID": 0,
        "IconAtlas": "GAMESPEED_ATLAS",
        "ImprovementPercent": 300,
        "InflationOffset": -270,
        "InflationPercent": 10,
        "LeaguePercent": 300,
        "MinorCivElectionFreqMod": 300,
        "OpinionDurationPercent": 300,
        "PeaceDealDuration": 30,
        "PortraitIndex": 0,
        "RelationshipDuration": 150,
        "ReligiousPressureAdjacentCity": 20,
        "ResearchPercent": 300,
        "SpyRatePercent": 100,
        "TrainPercent": 300,
        "Type": "GAMESPEED_MARATHON",
        "UnitDiscoverPercent": 300,
        "UnitHurryPercent": 300,
        "UnitTradePercent": 300,
        "VictoryDelayPercent": 300
    },
    {
        "BarbPercent": 150,
        "BuildPercent": 150,
        "ConstructPercent": 150,
        "CreatePercent": 150,
        "CulturePercent": 150,
        "DealDuration": 45,
        "Description": "TXT_KEY_GAMESPEED_EPIC",
        "FaithPercent": 150,
        "FeatureProductionPercent": 150,
        "GoldGiftMod": 75,
        "GoldPercent": 150,
        "GoldenAgePercent": 125,
        "GreatPeoplePercent": 150,
        "GrowthPercent": 150,
        "Help": "TXT_KEY_GAMESPEED_EPIC_HELP",
        "HurryPercent": 100,
        "ID": 1,
        "IconAtlas": "GAMESPEED_ATLAS",
        "ImprovementPercent": 150,
        "InflationOffset": -135,
        "InflationPercent": 20,
        "LeaguePercent": 150,
        "MinorCivElectionFreqMod": 150,
        "OpinionDurationPercent": 150,
        "PeaceDealDuration": 15,
        "PortraitIndex": 1,
        "RelationshipDuration": 75,
        "ReligiousPressureAdjacentCity": 40,
        "ResearchPercent": 150,
        "SpyRatePercent": 100,
        "TrainPercent": 150,
        "Type": "GAMESPEED_EPIC",
        "UnitDiscoverPercent": 150,
        "UnitHurryPercent": 150,
        "UnitTradePercent": 150,
        "VictoryDelayPercent": 150
    },
    {
        "BarbPercent": 100,
        "BuildPercent": 100,
        "ConstructPercent": 100,
        "CreatePercent": 100,
        "CulturePercent": 100,
        "DealDuration": 30,
        "Description": "TXT_KEY_GAMESPEED_STANDARD",
        "FaithPercent": 100,
        "FeatureProductionPercent": 100,
        "GoldGiftMod": 100,
        "GoldPercent": 100,
        "GoldenAgePercent": 100,
        "GreatPeoplePercent": 100,
        "GrowthPercent": 100,
        "Help": "TXT_KEY_GAMESPEED_STANDARD_HELP",
        "HurryPercent": 100,
        "ID": 2,
        "IconAtlas": "GAMESPEED_ATLAS",
        "ImprovementPercent": 100,
        "InflationOffset": -90,
        "InflationPercent": 30,
        "LeaguePercent": 100,
        "MinorCivElectionFreqMod": 100,
        "OpinionDurationPercent": 100,
        "PeaceDealDuration": 10,
        "PortraitIndex": 2,
        "RelationshipDuration": 50,
        "ReligiousPressureAdjacentCity": 60,
        "ResearchPercent": 100,
        "SpyRatePercent": 100,
        "TrainPercent": 100,
        "Type": "GAMESPEED_STANDARD",
        "UnitDiscoverPercent": 100,
        "UnitHurryPercent": 100,
        "UnitTradePercent": 100,
        "VictoryDelayPercent": 100
    },
    {
        "BarbPercent": 67,
        "BuildPercent": 67,
        "ConstructPercent": 67,
        "CreatePercent": 67,
        "CulturePercent": 67,
        "DealDuration": 25,
        "Description": "TXT_KEY_GAMESPEED_QUICK",
        "FaithPercent": 67,
        "FeatureProductionPercent": 67,
        "GoldGiftMod": 125,
        "GoldPercent": 67,
        "GoldenAgePercent": 80,
        "GreatPeoplePercent": 67,
        "GrowthPercent": 67,
        "Help": "TXT_KEY_GAMESPEED_QUICK_HELP",
        "HurryPercent": 100,
        "ID": 3,
        "IconAtlas": "GAMESPEED_ATLAS",
        "ImprovementPercent": 67,
        "InflationOffset": -60,
        "InflationPercent": 45,
        "LeaguePercent": 67,
        "MinorCivElectionFreqMod": 67,
        "OpinionDurationPercent": 67,
        "PeaceDealDuration": 10,
        "PortraitIndex": 3,
        "RelationshipDuration": 50,
        "ReligiousPressureAdjacentCity": 90,
        "ResearchPercent": 67,
        "SpyRatePercent": 50,
        "TrainPercent": 67,
        "Type": "GAMESPEED_QUICK",
        "UnitDiscoverPercent": 67,
        "UnitHurryPercent": 67,
        "UnitTradePercent": 67,
        "VictoryDelayPercent": 67
    }
]