[
    {
        "GameSpeedType": "GAMESPEED_MARATHON",
        "MonthIncrement": 180,
        "TurnsPerIncrement": 100
    },
    {
        "GameSpeedType": "GAMESPEED_MARATHON",
        "MonthIncrement": 120,
        "TurnsPerIncrement": 300
    },
    {
        "GameSpeedType": "GAMESPEED_MARATHON",
        "MonthIncrement": 60,
        "TurnsPerIncrement": 170
    },
    {
        "GameSpeedType": "GAMESPEED_MARATHON",
        "MonthIncrement": 24,
        "TurnsPerIncrement": 201
    },
    {
        "GameSpeedType": "GAMESPEED_MARATHON",
        "MonthIncrement": 12,
        "TurnsPerIncrement": 129
    },
    {
        "GameSpeedType": "GAMESPEED_MARATHON",
        "MonthIncrement": 6,
        "TurnsPerIncrement": 180
    },
    {
        "GameSpeedType": "GAMESPEED_MARATHON",
        "MonthIncrement": 3,
        "TurnsPerIncrement": 264
    },
    {
        "GameSpeedType": "GAMESPEED_MARATHON",
        "MonthIncrement": 1,
        "TurnsPerIncrement": 156
    },
    {
        "GameSpeedType": "GAMESPEED_EPIC",
        "MonthIncrement": 300,
        "TurnsPerIncrement": 140
    },
    {
        "GameSpeedType": "GAMESPEED_EPIC",
        "MonthIncrement": 180,
        "TurnsPerIncrement": 90
    },
    {
        "GameSpeedType": "GAMESPEED_EPIC",
        "MonthIncrement": 120,
        "TurnsPerIncrement": 40
    },
    {
        "GameSpeedType": "GAMESPEED_EPIC",
        "MonthIncrement": 60,
        "TurnsPerIncrement": 90
    },
    {
        "GameSpeedType": "GAMESPEED_EPIC",
        "MonthIncrement": 24,
        "TurnsPerIncrement": 70
    },
    {
        "GameSpeedType": "GAMESPEED_EPIC",
        "MonthIncrement": 12,
        "TurnsPerIncrement": 100
    },
    {
        "GameSpeedType": "GAMESPEED_EPIC",
        "MonthIncrement": 6,
        "TurnsPerIncrement": 220
    },
    {
        "GameSpeedType": "GAMESPEED_STANDARD",
        "MonthIncrement": 480,
        "TurnsPerIncrement": 75
    },
    {
        "GameSpeedType": "GAMESPEED_STANDARD",
        "MonthIncrement": 300,
        "TurnsPerIncrement": 60
    },
    {
        "GameSpeedType": "GAMESPEED_STANDARD",
        "MonthIncrement": 240,
        "TurnsPerIncrement": 25
    },
    {
        "GameSpeedType": "GAMESPEED_STANDARD",
        "MonthIncrement": 120,
        "TurnsPerIncrement": 50
    },
    {
        "GameSpeedType": "GAMESPEED_STANDARD",
        "MonthIncrement": 60,
        "TurnsPerIncrement": 60
    },
    {
        "GameSpeedType": "GAMESPEED_STANDARD",
        "MonthIncrement": 24,
        "TurnsPerIncrement": 50
    },
    {
        "GameSpeedType": "GAMESPEED_STANDARD",
        "MonthIncrement": 12,
        "TurnsPerIncrement": 120
    },
    {
        "GameSpeedType": "GAMESPEED_STANDARD",
        "MonthIncrement": 6,
        "TurnsPerIncrement": 60
    },
    {
        "GameSpeedType": "GAMESPEED_QUICK",
        "MonthIncrement": 720,
        "TurnsPerIncrement": 50
    },
    {
        "GameSpeedType": "GAMESPEED_QUICK",
        "MonthIncrement": 480,
        "TurnsPerIncrement": 30
    },
    {
        "GameSpeedType": "GAMESPEED_QUICK",
        "MonthIncrement": 360,
        "TurnsPerIncrement": 20
    },
    {
        "GameSpeedType": "GAMESPEED_QUICK",
        "MonthIncrement": 240,
        "TurnsPerIncrement": 30
    },
    {
        "GameSpeedType": "GAMESPEED_QUICK",
        "MonthIncrement": 120,
        "TurnsPerIncrement": 25
    },
    {
        "GameSpeedType": "GAMESPEED_QUICK",
        "MonthIncrement": 60,
        "TurnsPerIncrement": 40
    },
    {
        "GameSpeedType": "GAMESPEED_QUICK",
        "MonthIncrement": 24,
        "TurnsPerIncrement": 65
    },
    {
        "GameSpeedType": "GAMESPEED_QUICK",
        "MonthIncrement": 12,
        "TurnsPerIncrement": 70
    }
]