[
    {
        "Bad": 0,
        "BarbarianUnitClass": null,
        "BarbarianUnitProb": 0,
        "ChooseDescription": "TXT_KEY_GOODY_CHOOSE_WARRIOR",
        "Culture": 0,
        "DamagePrereq": 0,
        "Description": "TXT_KEY_GOODY_WARRIOR",
        "Experience": 0,
        "Faith": 0,
        "Gold": 0,
        "GoldRandAmount": 0,
        "Healing": 0,
        "ID": 0,
        "MapOffset": 0,
        "MapProb": 0,
        "MapRange": 0,
        "MinBarbarians": 0,
        "NumGoldRandRolls": 0,
        "PantheonFaith": 0,
        "Population": 0,
        "ProphetPercent": 0,
        "RevealNearbyBarbariansRange": 0,
        "RevealUnknownResource": 0,
        "Sound": "AS2D_GOODY_WARRIOR",
        "Tech": 0,
        "Type": "GOODY_WARRIOR",
        "UnitClass": "UNITCLASS_WARRIOR",
        "UpgradeUnit": 0
    },
    {
        "Bad": 0,
        "BarbarianUnitClass": null,
        "BarbarianUnitProb": 0,
        "ChooseDescription": "TXT_KEY_GOODY_CHOOSE_POPULATION",
        "Culture": 0,
        "DamagePrereq": 0,
        "Description": "TXT_KEY_GOODY_POPULATION",
        "Experience": 0,
        "Faith": 0,
        "Gold": 0,
        "GoldRandAmount": 0,
        "Healing": 0,
        "ID": 1,
        "MapOffset": 0,
        "MapProb": 0,
        "MapRange": 0,
        "MinBarbarians": 0,
        "NumGoldRandRolls": 0,
        "PantheonFaith": 0,
        "Population": 1,
        "ProphetPercent": 0,
        "RevealNearbyBarbariansRange": 0,
        "RevealUnknownResource": 0,
        "Sound": null,
        "Tech": 0,
        "Type": "GOODY_POPULATION",
        "UnitClass": null,
        "UpgradeUnit": 0
    },
    {
        "Bad": 0,
        "BarbarianUnitClass": null,
        "BarbarianUnitProb": 0,
        "ChooseDescription": "TXT_KEY_GOODY_CHOOSE_CULTURE",
        "Culture": 20,
        "DamagePrereq": 0,
        "Description": "TXT_KEY_GOODY_CULTURE",
        "Experience": 0,
        "Faith": 0,
        "Gold": 0,
        "GoldRandAmount": 0,
        "Healing": 0,
        "ID": 2,
        "MapOffset": 0,
        "MapProb": 0,
        "MapRange": 0,
        "MinBarbarians": 0,
        "NumGoldRandRolls": 0,
        "PantheonFaith": 0,
        "Population": 0,
        "ProphetPercent": 0,
        "RevealNearbyBarbariansRange": 0,
        "RevealUnknownResource": 0,
        "Sound": null,
        "Tech": 0,
        "Type": "GOODY_CULTURE",
        "UnitClass": null,
        "UpgradeUnit": 0
    },
    {
        "Bad": 0,
        "BarbarianUnitClass": null,
        "BarbarianUnitProb": 0,
        "ChooseDescription": "TXT_KEY_GOODY_CHOOSE_FAITH",
        "Culture": 0,
        "DamagePrereq": 0,
        "Description": "TXT_KEY_GOODY_FAITH",
        "Experience": 0,
        "Faith": 0,
        "Gold": 0,
        "GoldRandAmount": 0,
        "Healing": 0,
        "ID": 3,
        "MapOffset": 0,
        "MapProb": 0,
        "MapRange": 0,
        "MinBarbarians": 0,
        "NumGoldRandRolls": 0,
        "PantheonFaith": 1,
        "Population": 0,
        "ProphetPercent": 0,
        "RevealNearbyBarbariansRange": 0,
        "RevealUnknownResource": 0,
        "Sound": null,
        "Tech": 0,
        "Type": "GOODY_PANTHEON_FAITH",
        "UnitClass": null,
        "UpgradeUnit": 0
    },
    {
        "Bad": 0,
        "BarbarianUnitClass": null,
        "BarbarianUnitProb": 0,
        "ChooseDescription": "TXT_KEY_GOODY_CHOOSE_PROPHET_FAITH",
        "Culture": 0,
        "DamagePrereq": 0,
        "Description": "TXT_KEY_GOODY_PROPHET_FAITH",
        "Experience": 0,
        "Faith": 0,
        "Gold": 0,
        "GoldRandAmount": 0,
        "Healing": 0,
        "ID": 4,
        "MapOffset": 0,
        "MapProb": 0,
        "MapRange": 0,
        "MinBarbarians": 0,
        "NumGoldRandRolls": 0,
        "PantheonFaith": 0,
        "Population": 0,
        "ProphetPercent": 33,
        "RevealNearbyBarbariansRange": 0,
        "RevealUnknownResource": 0,
        "Sound": null,
        "Tech": 0,
        "Type": "GOODY_PROPHET_FAITH",
        "UnitClass": null,
        "UpgradeUnit": 0
    },
    {
        "Bad": 0,
        "BarbarianUnitClass": null,
        "BarbarianUnitProb": 0,
        "ChooseDescription": "TXT_KEY_GOODY_CHOOSE_REVEAL_NEARBY_BARBS",
        "Culture": 0,
        "DamagePrereq": 0,
        "Description": "TXT_KEY_GOODY_REVEAL_NEARBY_BARBS",
        "Experience": 0,
        "Faith": 0,
        "Gold": 0,
        "GoldRandAmount": 0,
        "Healing": 0,
        "ID": 5,
        "MapOffset": 0,
        "MapProb": 0,
        "MapRange": 0,
        "MinBarbarians": 0,
        "NumGoldRandRolls": 0,
        "PantheonFaith": 0,
        "Population": 0,
        "ProphetPercent": 0,
        "RevealNearbyBarbariansRange": 10,
        "RevealUnknownResource": 0,
        "Sound": null,
        "Tech": 0,
        "Type": "GOODY_REVEAL_NEARBY_BARBS",
        "UnitClass": null,
        "UpgradeUnit": 0
    },
    {
        "Bad": 0,
        "BarbarianUnitClass": null,
        "BarbarianUnitProb": 0,
        "ChooseDescription": "TXT_KEY_GOODY_CHOOSE_GOLD",
        "Culture": 0,
        "DamagePrereq": 0,
        "Description": "TXT_KEY_GOODY_GOLD",
        "Experience": 0,
        "Faith": 0,
        "Gold": 50,
        "GoldRandAmount": 11,
        "Healing": 0,
        "ID": 6,
        "MapOffset": 0,
        "MapProb": 0,
        "MapRange": 0,
        "MinBarbarians": 0,
        "NumGoldRandRolls": 5,
        "PantheonFaith": 0,
        "Population": 0,
        "ProphetPercent": 0,
        "RevealNearbyBarbariansRange": 0,
        "RevealUnknownResource": 0,
        "Sound": "AS2D_GOODY_GOLD",
        "Tech": 0,
        "Type": "GOODY_GOLD",
        "UnitClass": null,
        "UpgradeUnit": 0
    },
    {
        "Bad": 0,
        "BarbarianUnitClass": null,
        "BarbarianUnitProb": 0,
        "ChooseDescription": "TXT_KEY_GOODY_CHOOSE_MAP",
        "Culture": 0,
        "DamagePrereq": 0,
        "Description": "TXT_KEY_GOODY_MAP",
        "Experience": 0,
        "Faith": 0,
        "Gold": 0,
        "GoldRandAmount": 0,
        "Healing": 0,
        "ID": 7,
        "MapOffset": 4,
        "MapProb": 80,
        "MapRange": 4,
        "MinBarbarians": 0,
        "NumGoldRandRolls": 0,
        "PantheonFaith": 0,
        "Population": 0,
        "ProphetPercent": 0,
        "RevealNearbyBarbariansRange": 0,
        "RevealUnknownResource": 0,
        "Sound": "AS2D_GOODY_MAP",
        "Tech": 0,
        "Type": "GOODY_MAP",
        "UnitClass": null,
        "UpgradeUnit": 0
    },
    {
        "Bad": 0,
        "BarbarianUnitClass": null,
        "BarbarianUnitProb": 0,
        "ChooseDescription": "TXT_KEY_GOODY_CHOOSE_TECH",
        "Culture": 0,
        "DamagePrereq": 0,
        "Description": "TXT_KEY_GOODY_TECH",
        "Experience": 0,
        "Faith": 0,
        "Gold": 0,
        "GoldRandAmount": 0,
        "Healing": 0,
        "ID": 8,
        "MapOffset": 0,
        "MapProb": 0,
        "MapRange": 0,
        "MinBarbarians": 0,
        "NumGoldRandRolls": 0,
        "PantheonFaith": 0,
        "Population": 0,
        "ProphetPercent": 0,
        "RevealNearbyBarbariansRange": 0,
        "RevealUnknownResource": 0,
        "Sound": null,
        "Tech": 1,
        "Type": "GOODY_TECH",
        "UnitClass": null,
        "UpgradeUnit": 0
    },
    {
        "Bad": 0,
        "BarbarianUnitClass": null,
        "BarbarianUnitProb": 0,
        "ChooseDescription": "TXT_KEY_GOODY_CHOOSE_REVEAL_RESOURCE",
        "Culture": 0,
        "DamagePrereq": 0,
        "Description": "TXT_KEY_GOODY_REVEAL_RESOURCE",
        "Experience": 0,
        "Faith": 0,
        "Gold": 0,
        "GoldRandAmount": 0,
        "Healing": 0,
        "ID": 9,
        "MapOffset": 0,
        "MapProb": 0,
        "MapRange": 0,
        "MinBarbarians": 0,
        "NumGoldRandRolls": 0,
        "PantheonFaith": 0,
        "Population": 0,
        "ProphetPercent": 0,
        "RevealNearbyBarbariansRange": 0,
        "RevealUnknownResource": 1,
        "Sound": null,
        "Tech": 0,
        "Type": "GOODY_REVEAL_RESOURCE",
        "UnitClass": null,
        "UpgradeUnit": 0
    },
    {
        "Bad": 0,
        "BarbarianUnitClass": null,
        "BarbarianUnitProb": 0,
        "ChooseDescription": "TXT_KEY_GOODY_CHOOSE_UPGRADE_UNIT",
        "Culture": 0,
        "DamagePrereq": 0,
        "Description": "TXT_KEY_GOODY_UPGRADE_UNIT",
        "Experience": 0,
        "Faith": 0,
        "Gold": 0,
        "GoldRandAmount": 0,
        "Healing": 0,
        "ID": 10,
        "MapOffset": 0,
        "MapProb": 0,
        "MapRange": 0,
        "MinBarbarians": 0,
        "NumGoldRandRolls": 0,
        "PantheonFaith": 0,
        "Population": 0,
        "ProphetPercent": 0,
        "RevealNearbyBarbariansRange": 0,
        "RevealUnknownResource": 0,
        "Sound": null,
        "Tech": 0,
        "Type": "GOODY_UPGRADE_UNIT",
        "UnitClass": null,
        "UpgradeUnit": 1
    },
    {
        "Bad": 1,
        "BarbarianUnitClass": "UNITCLASS_WARRIOR",
        "BarbarianUnitProb": 0,
        "ChooseDescription": "TXT_KEY_GOODY_CHOOSE_BARBARIANS",
        "Culture": 0,
        "DamagePrereq": 0,
        "Description": "TXT_KEY_GOODY_BARBARIANS",
        "Experience": 0,
        "Faith": 0,
        "Gold": 0,
        "GoldRandAmount": 0,
        "Healing": 0,
        "ID": 11,
        "MapOffset": 0,
        "MapProb": 0,
        "MapRange": 0,
        "MinBarbarians": 1,
        "NumGoldRandRolls": 0,
        "PantheonFaith": 0,
        "Population": 0,
        "ProphetPercent": 0,
        "RevealNearbyBarbariansRange": 0,
        "RevealUnknownResource": 0,
        "Sound": "AS2D_GOODY_HOSTILE",
        "Tech": 0,
        "Type": "GOODY_BARBARIANS_WEAK",
        "UnitClass": null,
        "UpgradeUnit": 0
    },
    {
        "Bad": 1,
        "BarbarianUnitClass": "UNITCLASS_WARRIOR",
        "BarbarianUnitProb": 0,
        "ChooseDescription": "TXT_KEY_GOODY_CHOOSE_BARBARIANS",
        "Culture": 0,
        "DamagePrereq": 0,
        "Description": "TXT_KEY_GOODY_BARBARIANS",
        "Experience": 0,
        "Faith": 0,
        "Gold": 0,
        "GoldRandAmount": 0,
        "Healing": 0,
        "ID": 12,
        "MapOffset": 0,
        "MapProb": 0,
        "MapRange": 0,
        "MinBarbarians": 2,
        "NumGoldRandRolls": 0,
        "PantheonFaith": 0,
        "Population": 0,
        "ProphetPercent": 0,
        "RevealNearbyBarbariansRange": 0,
        "RevealUnknownResource": 0,
        "Sound": "AS2D_GOODY_HOSTILE",
        "Tech": 0,
        "Type": "GOODY_BARBARIANS_STRONG",
        "UnitClass": null,
        "UpgradeUnit": 0
    },
    {
        "Bad": 0,
        "BarbarianUnitClass": null,
        "BarbarianUnitProb": 0,
        "ChooseDescription": "TXT_KEY_GOODY_CHOOSE_GOLD",
        "Culture": 0,
        "DamagePrereq": 0,
        "Description": "TXT_KEY_GOODY_GOLD",
        "Experience": 0,
        "Faith": 0,
        "Gold": 50,
        "GoldRandAmount": 11,
        "Healing": 0,
        "ID": 13,
        "MapOffset": 0,
        "MapProb": 0,
        "MapRange": 0,
        "MinBarbarians": 0,
        "NumGoldRandRolls": 5,
        "PantheonFaith": 0,
        "Population": 0,
        "ProphetPercent": 0,
        "RevealNearbyBarbariansRange": 0,
        "RevealUnknownResource": 0,
        "Sound": "AS2D_GOODY_GOLD",
        "Tech": 0,
        "Type": "GOODY_LOW_GOLD",
        "UnitClass": null,
        "UpgradeUnit": 0
    },
    {
        "Bad": 0,
        "BarbarianUnitClass": null,
        "BarbarianUnitProb": 0,
        "ChooseDescription": "TXT_KEY_GOODY_CHOOSE_GOLD",
        "Culture": 0,
        "DamagePrereq": 0,
        "Description": "TXT_KEY_GOODY_GOLD",
        "Experience": 0,
        "Faith": 0,
        "Gold": 100,
        "GoldRandAmount": 11,
        "Healing": 0,
        "ID": 14,
        "MapOffset": 0,
        "MapProb": 0,
        "MapRange": 0,
        "MinBarbarians": 0,
        "NumGoldRandRolls": 10,
        "PantheonFaith": 0,
        "Population": 0,
        "ProphetPercent": 0,
        "RevealNearbyBarbariansRange": 0,
        "RevealUnknownResource": 0,
        "Sound": "AS2D_GOODY_GOLD",
        "Tech": 0,
        "Type": "GOODY_HIGH_GOLD",
        "UnitClass": null,
        "UpgradeUnit": 0
    },
    {
        "Bad": 0,
        "BarbarianUnitClass": null,
        "BarbarianUnitProb": 0,
        "ChooseDescription": "TXT_KEY_GOODY_CHOOSE_SETTLER",
        "Culture": 0,
        "DamagePrereq": 0,
        "Description": "TXT_KEY_GOODY_SETTLER",
        "Experience": 0,
        "Faith": 0,
        "Gold": 0,
        "GoldRandAmount": 0,
        "Healing": 0,
        "ID": 15,
        "MapOffset": 0,
        "MapProb": 0,
        "MapRange": 0,
        "MinBarbarians": 0,
        "NumGoldRandRolls": 0,
        "PantheonFaith": 0,
        "Population": 0,
        "ProphetPercent": 0,
        "RevealNearbyBarbariansRange": 0,
        "RevealUnknownResource": 0,
        "Sound": "AS2D_GOODY_SETTLER",
        "Tech": 0,
        "Type": "GOODY_SETTLER",
        "UnitClass": "UNITCLASS_SETTLER",
        "UpgradeUnit": 0
    },
    {
        "Bad": 0,
        "BarbarianUnitClass": null,
        "BarbarianUnitProb": 0,
        "ChooseDescription": "TXT_KEY_GOODY_CHOOSE_SCOUT",
        "Culture": 0,
        "DamagePrereq": 0,
        "Description": "TXT_KEY_GOODY_SCOUT",
        "Experience": 0,
        "Faith": 0,
        "Gold": 0,
        "GoldRandAmount": 0,
        "Healing": 0,
        "ID": 16,
        "MapOffset": 0,
        "MapProb": 0,
        "MapRange": 0,
        "MinBarbarians": 0,
        "NumGoldRandRolls": 0,
        "PantheonFaith": 0,
        "Population": 0,
        "ProphetPercent": 0,
        "RevealNearbyBarbariansRange": 0,
        "RevealUnknownResource": 0,
        "Sound": "AS2D_GOODY_SCOUT",
        "Tech": 0,
        "Type": "GOODY_SCOUT",
        "UnitClass": "UNITCLASS_SCOUT",
        "UpgradeUnit": 0
    },
    {
        "Bad": 0,
        "BarbarianUnitClass": null,
        "BarbarianUnitProb": 0,
        "ChooseDescription": "TXT_KEY_GOODY_CHOOSE_WORKER",
        "Culture": 0,
        "DamagePrereq": 0,
        "Description": "TXT_KEY_GOODY_WORKER",
        "Experience": 0,
        "Faith": 0,
        "Gold": 0,
        "GoldRandAmount": 0,
        "Healing": 0,
        "ID": 17,
        "MapOffset": 0,
        "MapProb": 0,
        "MapRange": 0,
        "MinBarbarians": 0,
        "NumGoldRandRolls": 0,
        "PantheonFaith": 0,
        "Population": 0,
        "ProphetPercent": 0,
        "RevealNearbyBarbariansRange": 0,
        "RevealUnknownResource": 0,
        "Sound": "AS2D_GOODY_WORKER",
        "Tech": 0,
        "Type": "GOODY_WORKER",
        "UnitClass": "UNITCLASS_WORKER",
        "UpgradeUnit": 0
    },
    {
        "Bad": 0,
        "BarbarianUnitClass": null,
        "BarbarianUnitProb": 0,
        "ChooseDescription": "TXT_KEY_GOODY_CHOOSE_EXPERIENCE",
        "Culture": 0,
        "DamagePrereq": 0,
        "Description": "TXT_KEY_GOODY_EXPERIENCE",
        "Experience": 9,
        "Faith": 0,
        "Gold": 0,
        "GoldRandAmount": 0,
        "Healing": 0,
        "ID": 18,
        "MapOffset": 0,
        "MapProb": 0,
        "MapRange": 0,
        "MinBarbarians": 0,
        "NumGoldRandRolls": 0,
        "PantheonFaith": 0,
        "Population": 0,
        "ProphetPercent": 0,
        "RevealNearbyBarbariansRange": 0,
        "RevealUnknownResource": 0,
        "Sound": "AS2D_GOODY_XP",
        "Tech": 0,
        "Type": "GOODY_EXPERIENCE",
        "UnitClass": null,
        "UpgradeUnit": 0
    },
    {
        "Bad": 0,
        "BarbarianUnitClass": null,
        "BarbarianUnitProb": 0,
        "ChooseDescription": "TXT_KEY_GOODY_CHOOSE_HEALING",
        "Culture": 0,
        "DamagePrereq": 60,
        "Description": "TXT_KEY_GOODY_HEALING",
        "Experience": 0,
        "Faith": 0,
        "Gold": 0,
        "GoldRandAmount": 0,
        "Healing": 100,
        "ID": 19,
        "MapOffset": 0,
        "MapProb": 0,
        "MapRange": 0,
        "MinBarbarians": 0,
        "NumGoldRandRolls": 0,
        "PantheonFaith": 0,
        "Population": 0,
        "ProphetPercent": 0,
        "RevealNearbyBarbariansRange": 0,
        "RevealUnknownResource": 0,
        "Sound": "AS2D_GOODY_HEAL",
        "Tech": 0,
        "Type": "GOODY_HEALING",
        "UnitClass": null,
        "UpgradeUnit": 0
    }
]