[
    {
        "ID": 1,
        "Type": "ARTIFACT_BATTLE_RANGED",
        "Value": 1
    },
    {
        "ID": 2,
        "Type": "ARTIFACT_BATTLE_MELEE",
        "Value": 2
    },
    {
        "ID": 3,
        "Type": "ARTIFACT_BARBARIAN_CAMP",
        "Value": 3
    },
    {
        "ID": 4,
        "Type": "ARTIFACT_ANCIENT_RUIN",
        "Value": 4
    },
    {
        "ID": 5,
        "Type": "ARTIFACT_RAZED_CITY",
        "Value": 5
    },
    {
        "ID": 6,
        "Type": "ARTIFACT_WRITING",
        "Value": 6
    }
]