[
    {
        "HandicapType": "HANDICAP_KING",
        "TechType": "TECH_POTTERY"
    },
    {
        "HandicapType": "HANDICAP_EMPEROR",
        "TechType": "TECH_ANIMAL_HUSBANDRY"
    },
    {
        "HandicapType": "HANDICAP_EMPEROR",
        "TechType": "TECH_POTTERY"
    },
    {
        "HandicapType": "HANDICAP_EMPEROR",
        "TechType": "TECH_MINING"
    },
    {
        "HandicapType": "HANDICAP_IMMORTAL",
        "TechType": "TECH_MINING"
    },
    {
        "HandicapType": "HANDICAP_IMMORTAL",
        "TechType": "TECH_ANIMAL_HUSBANDRY"
    },
    {
        "HandicapType": "HANDICAP_IMMORTAL",
        "TechType": "TECH_POTTERY"
    },
    {
        "HandicapType": "HANDICAP_IMMORTAL",
        "TechType": "TECH_ARCHERY"
    },
    {
        "HandicapType": "HANDICAP_DEITY",
        "TechType": "TECH_MINING"
    },
    {
        "HandicapType": "HANDICAP_DEITY",
        "TechType": "TECH_ANIMAL_HUSBANDRY"
    },
    {
        "HandicapType": "HANDICAP_DEITY",
        "TechType": "TECH_THE_WHEEL"
    },
    {
        "HandicapType": "HANDICAP_DEITY",
        "TechType": "TECH_POTTERY"
    },
    {
        "HandicapType": "HANDICAP_DEITY",
        "TechType": "TECH_ARCHERY"
    }
]