[
    {
        "AIAdvancedStartPercent": 100,
        "AIBarbarianBonus": 75,
        "AIBuildingCostPercent": 100,
        "AIConstructPercent": 160,
        "AICreatePercent": 160,
        "AIDeclareWarProb": 0,
        "AIFreeXP": 0,
        "AIFreeXPPercent": 0,
        "AIGrowthPercent": 160,
        "AIInflationPercent": 100,
        "AIPerEraModifier": 0,
        "AIStartingDefenseUnits": 0,
        "AIStartingExploreUnits": 0,
        "AIStartingUnitMultiplier": 0,
        "AIStartingWorkerUnits": 0,
        "AITrainPercent": 175,
        "AIUnhappinessPercent": 100,
        "AIUnitCostPercent": 100,
        "AIUnitSupplyPercent": 0,
        "AIUnitUpgradePercent": 50,
        "AIWorkRateModifier": 0,
        "AIWorldConstructPercent": 160,
        "AIWorldCreatePercent": 160,
        "AIWorldTrainPercent": 160,
        "AdvancedStartPointsMod": 150,
        "AttitudeChange": 2,
        "BarbCampGold": 50,
        "BarbSpawnMod": 8,
        "BarbarianBonus": 70,
        "BarbarianLandTargetRange": 2,
        "BarbarianSeaTargetRange": 4,
        "BuildingCostPercent": 50,
        "CityProductionNumOptionsConsidered": 10,
        "Description": "TXT_KEY_HANDICAP_SETTLER",
        "EarliestBarbarianReleaseTurn": 10000,
        "ExtraHappinessPerLuxury": 1,
        "FreeCulturePerTurn": 0,
        "Gold": 0,
        "GoldFreeUnits": 0,
        "HappinessDefault": 15,
        "Help": "TXT_KEY_HANDICAP_SETTLER_HELP",
        "ID": 0,
        "IconAtlas": "DIFFICULTY_ATLAS",
        "ImprovementCostPercent": 100,
        "InflationPercent": 100,
        "NoTechTradeModifier": 100,
        "NumCitiesUnhappinessMod": 40,
        "PolicyNumOptionsConsidered": 10,
        "PolicyPercent": 50,
        "PopulationUnhappinessMod": 40,
        "PortraitIndex": 0,
        "ProductionFreeUnits": 10,
        "ProductionFreeUnitsPerCity": 3,
        "ProductionFreeUnitsPopulationPercent": 50,
        "ResearchPercent": 90,
        "RouteCostPercent": 34,
        "StartingDefenseUnits": 0,
        "StartingExploreUnits": 0,
        "StartingLocPercent": 50,
        "StartingPolicyPoints": 0,
        "StartingWorkerUnits": 0,
        "TechNumOptionsConsidered": 10,
        "TechTradeKnownModifier": -100,
        "Type": "HANDICAP_SETTLER",
        "UnitCostPercent": 50
    },
    {
        "AIAdvancedStartPercent": 100,
        "AIBarbarianBonus": 70,
        "AIBuildingCostPercent": 100,
        "AIConstructPercent": 130,
        "AICreatePercent": 130,
        "AIDeclareWarProb": 75,
        "AIFreeXP": 0,
        "AIFreeXPPercent": 0,
        "AIGrowthPercent": 130,
        "AIInflationPercent": 100,
        "AIPerEraModifier": 0,
        "AIStartingDefenseUnits": 0,
        "AIStartingExploreUnits": 0,
        "AIStartingUnitMultiplier": 0,
        "AIStartingWorkerUnits": 0,
        "AITrainPercent": 130,
        "AIUnhappinessPercent": 100,
        "AIUnitCostPercent": 100,
        "AIUnitSupplyPercent": 0,
        "AIUnitUpgradePercent": 50,
        "AIWorkRateModifier": 0,
        "AIWorldConstructPercent": 130,
        "AIWorldCreatePercent": 130,
        "AIWorldTrainPercent": 130,
        "AdvancedStartPointsMod": 130,
        "AttitudeChange": 1,
        "BarbCampGold": 40,
        "BarbSpawnMod": 5,
        "BarbarianBonus": 60,
        "BarbarianLandTargetRange": 3,
        "BarbarianSeaTargetRange": 6,
        "BuildingCostPercent": 67,
        "CityProductionNumOptionsConsidered": 4,
        "Description": "TXT_KEY_HANDICAP_CHIEFTAIN",
        "EarliestBarbarianReleaseTurn": 60,
        "ExtraHappinessPerLuxury": 1,
        "FreeCulturePerTurn": 0,
        "Gold": 0,
        "GoldFreeUnits": 0,
        "HappinessDefault": 12,
        "Help": "TXT_KEY_HANDICAP_CHIEFTAIN_HELP",
        "ID": 1,
        "IconAtlas": "DIFFICULTY_ATLAS",
        "ImprovementCostPercent": 100,
        "InflationPercent": 100,
        "NoTechTradeModifier": 90,
        "NumCitiesUnhappinessMod": 60,
        "PolicyNumOptionsConsidered": 4,
        "PolicyPercent": 67,
        "PopulationUnhappinessMod": 60,
        "PortraitIndex": 1,
        "ProductionFreeUnits": 7,
        "ProductionFreeUnitsPerCity": 3,
        "ProductionFreeUnitsPopulationPercent": 50,
        "ResearchPercent": 95,
        "RouteCostPercent": 50,
        "StartingDefenseUnits": 0,
        "StartingExploreUnits": 0,
        "StartingLocPercent": 50,
        "StartingPolicyPoints": 0,
        "StartingWorkerUnits": 0,
        "TechNumOptionsConsidered": 4,
        "TechTradeKnownModifier": -50,
        "Type": "HANDICAP_CHIEFTAIN",
        "UnitCostPercent": 67
    },
    {
        "AIAdvancedStartPercent": 100,
        "AIBarbarianBonus": 60,
        "AIBuildingCostPercent": 100,
        "AIConstructPercent": 110,
        "AICreatePercent": 110,
        "AIDeclareWarProb": 85,
        "AIFreeXP": 0,
        "AIFreeXPPercent": 0,
        "AIGrowthPercent": 110,
        "AIInflationPercent": 100,
        "AIPerEraModifier": 0,
        "AIStartingDefenseUnits": 0,
        "AIStartingExploreUnits": 0,
        "AIStartingUnitMultiplier": 0,
        "AIStartingWorkerUnits": 0,
        "AITrainPercent": 110,
        "AIUnhappinessPercent": 100,
        "AIUnitCostPercent": 100,
        "AIUnitSupplyPercent": 10,
        "AIUnitUpgradePercent": 50,
        "AIWorkRateModifier": 0,
        "AIWorldConstructPercent": 110,
        "AIWorldCreatePercent": 110,
        "AIWorldTrainPercent": 110,
        "AdvancedStartPointsMod": 110,
        "AttitudeChange": 0,
        "BarbCampGold": 30,
        "BarbSpawnMod": 3,
        "BarbarianBonus": 50,
        "BarbarianLandTargetRange": 4,
        "BarbarianSeaTargetRange": 8,
        "BuildingCostPercent": 85,
        "CityProductionNumOptionsConsidered": 3,
        "Description": "TXT_KEY_HANDICAP_WARLORD",
        "EarliestBarbarianReleaseTurn": 20,
        "ExtraHappinessPerLuxury": 0,
        "FreeCulturePerTurn": 0,
        "Gold": 0,
        "GoldFreeUnits": 0,
        "HappinessDefault": 12,
        "Help": "TXT_KEY_HANDICAP_WARLORD_HELP",
        "ID": 2,
        "IconAtlas": "DIFFICULTY_ATLAS",
        "ImprovementCostPercent": 100,
        "InflationPercent": 100,
        "NoTechTradeModifier": 80,
        "NumCitiesUnhappinessMod": 75,
        "PolicyNumOptionsConsidered": 3,
        "PolicyPercent": 85,
        "PopulationUnhappinessMod": 75,
        "PortraitIndex": 2,
        "ProductionFreeUnits": 7,
        "ProductionFreeUnitsPerCity": 2,
        "ProductionFreeUnitsPopulationPercent": 50,
        "ResearchPercent": 100,
        "RouteCostPercent": 75,
        "StartingDefenseUnits": 0,
        "StartingExploreUnits": 0,
        "StartingLocPercent": 50,
        "StartingPolicyPoints": 0,
        "StartingWorkerUnits": 0,
        "TechNumOptionsConsidered": 3,
        "TechTradeKnownModifier": -25,
        "Type": "HANDICAP_WARLORD",
        "UnitCostPercent": 85
    },
    {
        "AIAdvancedStartPercent": 100,
        "AIBarbarianBonus": 60,
        "AIBuildingCostPercent": 100,
        "AIConstructPercent": 100,
        "AICreatePercent": 100,
        "AIDeclareWarProb": 100,
        "AIFreeXP": 0,
        "AIFreeXPPercent": 0,
        "AIGrowthPercent": 100,
        "AIInflationPercent": 100,
        "AIPerEraModifier": 0,
        "AIStartingDefenseUnits": 0,
        "AIStartingExploreUnits": 0,
        "AIStartingUnitMultiplier": 0,
        "AIStartingWorkerUnits": 0,
        "AITrainPercent": 100,
        "AIUnhappinessPercent": 100,
        "AIUnitCostPercent": 85,
        "AIUnitSupplyPercent": 20,
        "AIUnitUpgradePercent": 50,
        "AIWorkRateModifier": 0,
        "AIWorldConstructPercent": 100,
        "AIWorldCreatePercent": 100,
        "AIWorldTrainPercent": 100,
        "AdvancedStartPointsMod": 100,
        "AttitudeChange": -1,
        "BarbCampGold": 25,
        "BarbSpawnMod": 0,
        "BarbarianBonus": 40,
        "BarbarianLandTargetRange": 5,
        "BarbarianSeaTargetRange": 10,
        "BuildingCostPercent": 100,
        "CityProductionNumOptionsConsidered": 2,
        "Description": "TXT_KEY_HANDICAP_PRINCE",
        "EarliestBarbarianReleaseTurn": 0,
        "ExtraHappinessPerLuxury": 0,
        "FreeCulturePerTurn": 0,
        "Gold": 0,
        "GoldFreeUnits": 0,
        "HappinessDefault": 9,
        "Help": "TXT_KEY_HANDICAP_PRINCE_HELP",
        "ID": 3,
        "IconAtlas": "DIFFICULTY_ATLAS",
        "ImprovementCostPercent": 100,
        "InflationPercent": 100,
        "NoTechTradeModifier": 70,
        "NumCitiesUnhappinessMod": 100,
        "PolicyNumOptionsConsidered": 2,
        "PolicyPercent": 100,
        "PopulationUnhappinessMod": 100,
        "PortraitIndex": 3,
        "ProductionFreeUnits": 5,
        "ProductionFreeUnitsPerCity": 2,
        "ProductionFreeUnitsPopulationPercent": 50,
        "ResearchPercent": 100,
        "RouteCostPercent": 100,
        "StartingDefenseUnits": 0,
        "StartingExploreUnits": 0,
        "StartingLocPercent": 50,
        "StartingPolicyPoints": 0,
        "StartingWorkerUnits": 0,
        "TechNumOptionsConsidered": 2,
        "TechTradeKnownModifier": 0,
        "Type": "HANDICAP_PRINCE",
        "UnitCostPercent": 100
    },
    {
        "AIAdvancedStartPercent": 120,
        "AIBarbarianBonus": 60,
        "AIBuildingCostPercent": 85,
        "AIConstructPercent": 85,
        "AICreatePercent": 85,
        "AIDeclareWarProb": 100,
        "AIFreeXP": 10,
        "AIFreeXPPercent": 0,
        "AIGrowthPercent": 90,
        "AIInflationPercent": 100,
        "AIPerEraModifier": -2,
        "AIStartingDefenseUnits": 1,
        "AIStartingExploreUnits": 0,
        "AIStartingUnitMultiplier": 0,
        "AIStartingWorkerUnits": 0,
        "AITrainPercent": 85,
        "AIUnhappinessPercent": 100,
        "AIUnitCostPercent": 80,
        "AIUnitSupplyPercent": 30,
        "AIUnitUpgradePercent": 45,
        "AIWorkRateModifier": 20,
        "AIWorldConstructPercent": 100,
        "AIWorldCreatePercent": 100,
        "AIWorldTrainPercent": 100,
        "AdvancedStartPointsMod": 90,
        "AttitudeChange": -1,
        "BarbCampGold": 25,
        "BarbSpawnMod": 0,
        "BarbarianBonus": 30,
        "BarbarianLandTargetRange": 5,
        "BarbarianSeaTargetRange": 12,
        "BuildingCostPercent": 100,
        "CityProductionNumOptionsConsidered": 2,
        "Description": "TXT_KEY_HANDICAP_KING",
        "EarliestBarbarianReleaseTurn": 0,
        "ExtraHappinessPerLuxury": 0,
        "FreeCulturePerTurn": 0,
        "Gold": 0,
        "GoldFreeUnits": 0,
        "HappinessDefault": 9,
        "Help": "TXT_KEY_HANDICAP_KING_HELP",
        "ID": 4,
        "IconAtlas": "DIFFICULTY_ATLAS",
        "ImprovementCostPercent": 100,
        "InflationPercent": 100,
        "NoTechTradeModifier": 50,
        "NumCitiesUnhappinessMod": 100,
        "PolicyNumOptionsConsidered": 2,
        "PolicyPercent": 100,
        "PopulationUnhappinessMod": 100,
        "PortraitIndex": 4,
        "ProductionFreeUnits": 5,
        "ProductionFreeUnitsPerCity": 2,
        "ProductionFreeUnitsPopulationPercent": 50,
        "ResearchPercent": 100,
        "RouteCostPercent": 100,
        "StartingDefenseUnits": 0,
        "StartingExploreUnits": 0,
        "StartingLocPercent": 50,
        "StartingPolicyPoints": 0,
        "StartingWorkerUnits": 0,
        "TechNumOptionsConsidered": 2,
        "TechTradeKnownModifier": 0,
        "Type": "HANDICAP_KING",
        "UnitCostPercent": 100
    },
    {
        "AIAdvancedStartPercent": 135,
        "AIBarbarianBonus": 60,
        "AIBuildingCostPercent": 80,
        "AIConstructPercent": 75,
        "AICreatePercent": 80,
        "AIDeclareWarProb": 100,
        "AIFreeXP": 10,
        "AIFreeXPPercent": 25,
        "AIGrowthPercent": 80,
        "AIInflationPercent": 100,
        "AIPerEraModifier": -3,
        "AIStartingDefenseUnits": 1,
        "AIStartingExploreUnits": 1,
        "AIStartingUnitMultiplier": 0,
        "AIStartingWorkerUnits": 0,
        "AITrainPercent": 80,
        "AIUnhappinessPercent": 90,
        "AIUnitCostPercent": 75,
        "AIUnitSupplyPercent": 30,
        "AIUnitUpgradePercent": 40,
        "AIWorkRateModifier": 50,
        "AIWorldConstructPercent": 100,
        "AIWorldCreatePercent": 100,
        "AIWorldTrainPercent": 100,
        "AdvancedStartPointsMod": 85,
        "AttitudeChange": -1,
        "BarbCampGold": 25,
        "BarbSpawnMod": 0,
        "BarbarianBonus": 20,
        "BarbarianLandTargetRange": 6,
        "BarbarianSeaTargetRange": 15,
        "BuildingCostPercent": 100,
        "CityProductionNumOptionsConsidered": 2,
        "Description": "TXT_KEY_HANDICAP_EMPEROR",
        "EarliestBarbarianReleaseTurn": 0,
        "ExtraHappinessPerLuxury": 0,
        "FreeCulturePerTurn": 0,
        "Gold": 0,
        "GoldFreeUnits": 0,
        "HappinessDefault": 9,
        "Help": "TXT_KEY_HANDICAP_EMPEROR_HELP",
        "ID": 5,
        "IconAtlas": "DIFFICULTY_ATLAS",
        "ImprovementCostPercent": 100,
        "InflationPercent": 100,
        "NoTechTradeModifier": 40,
        "NumCitiesUnhappinessMod": 100,
        "PolicyNumOptionsConsidered": 2,
        "PolicyPercent": 100,
        "PopulationUnhappinessMod": 100,
        "PortraitIndex": 5,
        "ProductionFreeUnits": 5,
        "ProductionFreeUnitsPerCity": 2,
        "ProductionFreeUnitsPopulationPercent": 50,
        "ResearchPercent": 100,
        "RouteCostPercent": 100,
        "StartingDefenseUnits": 0,
        "StartingExploreUnits": 0,
        "StartingLocPercent": 50,
        "StartingPolicyPoints": 0,
        "StartingWorkerUnits": 0,
        "TechNumOptionsConsidered": 2,
        "TechTradeKnownModifier": 0,
        "Type": "HANDICAP_EMPEROR",
        "UnitCostPercent": 100
    },
    {
        "AIAdvancedStartPercent": 150,
        "AIBarbarianBonus": 60,
        "AIBuildingCostPercent": 65,
        "AIConstructPercent": 60,
        "AICreatePercent": 65,
        "AIDeclareWarProb": 100,
        "AIFreeXP": 30,
        "AIFreeXPPercent": 50,
        "AIGrowthPercent": 70,
        "AIInflationPercent": 100,
        "AIPerEraModifier": -4,
        "AIStartingDefenseUnits": 2,
        "AIStartingExploreUnits": 1,
        "AIStartingUnitMultiplier": 0,
        "AIStartingWorkerUnits": 1,
        "AITrainPercent": 65,
        "AIUnhappinessPercent": 85,
        "AIUnitCostPercent": 65,
        "AIUnitSupplyPercent": 40,
        "AIUnitUpgradePercent": 35,
        "AIWorkRateModifier": 75,
        "AIWorldConstructPercent": 100,
        "AIWorldCreatePercent": 100,
        "AIWorldTrainPercent": 100,
        "AdvancedStartPointsMod": 80,
        "AttitudeChange": -1,
        "BarbCampGold": 25,
        "BarbSpawnMod": 0,
        "BarbarianBonus": 10,
        "BarbarianLandTargetRange": 7,
        "BarbarianSeaTargetRange": 18,
        "BuildingCostPercent": 100,
        "CityProductionNumOptionsConsidered": 2,
        "Description": "TXT_KEY_HANDICAP_IMMORTAL",
        "EarliestBarbarianReleaseTurn": 0,
        "ExtraHappinessPerLuxury": 0,
        "FreeCulturePerTurn": 0,
        "Gold": 0,
        "GoldFreeUnits": 0,
        "HappinessDefault": 9,
        "Help": "TXT_KEY_HANDICAP_IMMORTAL_HELP",
        "ID": 6,
        "IconAtlas": "DIFFICULTY_ATLAS",
        "ImprovementCostPercent": 100,
        "InflationPercent": 100,
        "NoTechTradeModifier": 30,
        "NumCitiesUnhappinessMod": 100,
        "PolicyNumOptionsConsidered": 2,
        "PolicyPercent": 100,
        "PopulationUnhappinessMod": 100,
        "PortraitIndex": 6,
        "ProductionFreeUnits": 5,
        "ProductionFreeUnitsPerCity": 2,
        "ProductionFreeUnitsPopulationPercent": 50,
        "ResearchPercent": 100,
        "RouteCostPercent": 100,
        "StartingDefenseUnits": 0,
        "StartingExploreUnits": 0,
        "StartingLocPercent": 50,
        "StartingPolicyPoints": 0,
        "StartingWorkerUnits": 0,
        "TechNumOptionsConsidered": 2,
        "TechTradeKnownModifier": 0,
        "Type": "HANDICAP_IMMORTAL",
        "UnitCostPercent": 100
    },
    {
        "AIAdvancedStartPercent": 170,
        "AIBarbarianBonus": 60,
        "AIBuildingCostPercent": 50,
        "AIConstructPercent": 50,
        "AICreatePercent": 50,
        "AIDeclareWarProb": 100,
        "AIFreeXP": 30,
        "AIFreeXPPercent": 100,
        "AIGrowthPercent": 55,
        "AIInflationPercent": 100,
        "AIPerEraModifier": -5,
        "AIStartingDefenseUnits": 2,
        "AIStartingExploreUnits": 1,
        "AIStartingUnitMultiplier": 1,
        "AIStartingWorkerUnits": 2,
        "AITrainPercent": 50,
        "AIUnhappinessPercent": 75,
        "AIUnitCostPercent": 50,
        "AIUnitSupplyPercent": 50,
        "AIUnitUpgradePercent": 30,
        "AIWorkRateModifier": 100,
        "AIWorldConstructPercent": 100,
        "AIWorldCreatePercent": 100,
        "AIWorldTrainPercent": 100,
        "AdvancedStartPointsMod": 75,
        "AttitudeChange": -1,
        "BarbCampGold": 25,
        "BarbSpawnMod": 0,
        "BarbarianBonus": 0,
        "BarbarianLandTargetRange": 8,
        "BarbarianSeaTargetRange": 20,
        "BuildingCostPercent": 100,
        "CityProductionNumOptionsConsidered": 2,
        "Description": "TXT_KEY_HANDICAP_DEITY",
        "EarliestBarbarianReleaseTurn": 0,
        "ExtraHappinessPerLuxury": 0,
        "FreeCulturePerTurn": 0,
        "Gold": 0,
        "GoldFreeUnits": 0,
        "HappinessDefault": 9,
        "Help": "TXT_KEY_HANDICAP_DEITY_HELP",
        "ID": 7,
        "IconAtlas": "DIFFICULTY_ATLAS",
        "ImprovementCostPercent": 100,
        "InflationPercent": 100,
        "NoTechTradeModifier": 20,
        "NumCitiesUnhappinessMod": 100,
        "PolicyNumOptionsConsidered": 2,
        "PolicyPercent": 100,
        "PopulationUnhappinessMod": 100,
        "PortraitIndex": 7,
        "ProductionFreeUnits": 5,
        "ProductionFreeUnitsPerCity": 2,
        "ProductionFreeUnitsPopulationPercent": 50,
        "ResearchPercent": 100,
        "RouteCostPercent": 100,
        "StartingDefenseUnits": 0,
        "StartingExploreUnits": 0,
        "StartingLocPercent": 50,
        "StartingPolicyPoints": 0,
        "StartingWorkerUnits": 0,
        "TechNumOptionsConsidered": 2,
        "TechTradeKnownModifier": 0,
        "Type": "HANDICAP_DEITY",
        "UnitCostPercent": 100
    },
    {
        "AIAdvancedStartPercent": 100,
        "AIBarbarianBonus": 60,
        "AIBuildingCostPercent": 100,
        "AIConstructPercent": 100,
        "AICreatePercent": 100,
        "AIDeclareWarProb": 100,
        "AIFreeXP": 0,
        "AIFreeXPPercent": 0,
        "AIGrowthPercent": 100,
        "AIInflationPercent": 100,
        "AIPerEraModifier": 0,
        "AIStartingDefenseUnits": 0,
        "AIStartingExploreUnits": 0,
        "AIStartingUnitMultiplier": 0,
        "AIStartingWorkerUnits": 0,
        "AITrainPercent": 100,
        "AIUnhappinessPercent": 100,
        "AIUnitCostPercent": 85,
        "AIUnitSupplyPercent": 20,
        "AIUnitUpgradePercent": 50,
        "AIWorkRateModifier": 0,
        "AIWorldConstructPercent": 100,
        "AIWorldCreatePercent": 100,
        "AIWorldTrainPercent": 100,
        "AdvancedStartPointsMod": 100,
        "AttitudeChange": -1,
        "BarbCampGold": 25,
        "BarbSpawnMod": 0,
        "BarbarianBonus": 40,
        "BarbarianLandTargetRange": 5,
        "BarbarianSeaTargetRange": 10,
        "BuildingCostPercent": 75,
        "CityProductionNumOptionsConsidered": 2,
        "Description": "TXT_KEY_HANDICAP_AI_DEFAULT",
        "EarliestBarbarianReleaseTurn": 0,
        "ExtraHappinessPerLuxury": 0,
        "FreeCulturePerTurn": 0,
        "Gold": 0,
        "GoldFreeUnits": 0,
        "HappinessDefault": 15,
        "Help": "TXT_KEY_HANDICAP_AI_DEFAULT_HELP",
        "ID": 8,
        "IconAtlas": "DIFFICULTY_ATLAS",
        "ImprovementCostPercent": 100,
        "InflationPercent": 100,
        "NoTechTradeModifier": 70,
        "NumCitiesUnhappinessMod": 90,
        "PolicyNumOptionsConsidered": 2,
        "PolicyPercent": 75,
        "PopulationUnhappinessMod": 90,
        "PortraitIndex": -1,
        "ProductionFreeUnits": 7,
        "ProductionFreeUnitsPerCity": 3,
        "ProductionFreeUnitsPopulationPercent": 50,
        "ResearchPercent": 85,
        "RouteCostPercent": 50,
        "StartingDefenseUnits": 0,
        "StartingExploreUnits": 0,
        "StartingLocPercent": 50,
        "StartingPolicyPoints": 0,
        "StartingWorkerUnits": 0,
        "TechNumOptionsConsidered": 2,
        "TechTradeKnownModifier": 0,
        "Type": "HANDICAP_AI_DEFAULT",
        "UnitCostPercent": 75
    }
]