[
    {
        "HistoricLeader": "TXT_KEY_DQ_LEADER_NAME_1",
        "ID": 1,
        "LeaderQuote": "TXT_KEY_DQ_LEADER_NAME_1_QUOTE",
        "LeaderScore": 2500
    },
    {
        "HistoricLeader": "TXT_KEY_DQ_LEADER_NAME_2",
        "ID": 2,
        "LeaderQuote": "TXT_KEY_DQ_LEADER_NAME_2_QUOTE",
        "LeaderScore": 2250
    },
    {
        "HistoricLeader": "TXT_KEY_DQ_LEADER_NAME_3",
        "ID": 3,
        "LeaderQuote": "TXT_KEY_DQ_LEADER_NAME_3_QUOTE",
        "LeaderScore": 2000
    },
    {
        "HistoricLeader": "TXT_KEY_DQ_LEADER_NAME_4",
        "ID": 4,
        "LeaderQuote": "TXT_KEY_DQ_LEADER_NAME_4_QUOTE",
        "LeaderScore": 1900
    },
    {
        "HistoricLeader": "TXT_KEY_DQ_LEADER_NAME_5",
        "ID": 5,
        "LeaderQuote": "TXT_KEY_DQ_LEADER_NAME_5_QUOTE",
        "LeaderScore": 1800
    },
    {
        "HistoricLeader": "TXT_KEY_DQ_LEADER_NAME_6",
        "ID": 6,
        "LeaderQuote": "TXT_KEY_DQ_LEADER_NAME_6_QUOTE",
        "LeaderScore": 1700
    },
    {
        "HistoricLeader": "TXT_KEY_DQ_LEADER_NAME_7",
        "ID": 7,
        "LeaderQuote": "TXT_KEY_DQ_LEADER_NAME_7_QUOTE",
        "LeaderScore": 1600
    },
    {
        "HistoricLeader": "TXT_KEY_DQ_LEADER_NAME_8",
        "ID": 8,
        "LeaderQuote": "TXT_KEY_DQ_LEADER_NAME_8_QUOTE",
        "LeaderScore": 1500
    },
    {
        "HistoricLeader": "TXT_KEY_DQ_LEADER_NAME_9",
        "ID": 9,
        "LeaderQuote": "TXT_KEY_DQ_LEADER_NAME_9_QUOTE",
        "LeaderScore": 1400
    },
    {
        "HistoricLeader": "TXT_KEY_DQ_LEADER_NAME_10",
        "ID": 10,
        "LeaderQuote": "TXT_KEY_DQ_LEADER_NAME_10_QUOTE",
        "LeaderScore": 1300
    },
    {
        "HistoricLeader": "TXT_KEY_DQ_LEADER_NAME_11",
        "ID": 11,
        "LeaderQuote": "TXT_KEY_DQ_LEADER_NAME_11_QUOTE",
        "LeaderScore": 1200
    },
    {
        "HistoricLeader": "TXT_KEY_DQ_LEADER_NAME_12",
        "ID": 12,
        "LeaderQuote": "TXT_KEY_DQ_LEADER_NAME_12_QUOTE",
        "LeaderScore": 1100
    },
    {
        "HistoricLeader": "TXT_KEY_DQ_LEADER_NAME_13",
        "ID": 13,
        "LeaderQuote": "TXT_KEY_DQ_LEADER_NAME_13_QUOTE",
        "LeaderScore": 1000
    },
    {
        "HistoricLeader": "TXT_KEY_DQ_LEADER_NAME_14",
        "ID": 14,
        "LeaderQuote": "TXT_KEY_DQ_LEADER_NAME_14_QUOTE",
        "LeaderScore": 900
    },
    {
        "HistoricLeader": "TXT_KEY_DQ_LEADER_NAME_15",
        "ID": 15,
        "LeaderQuote": "TXT_KEY_DQ_LEADER_NAME_15_QUOTE",
        "LeaderScore": 800
    },
    {
        "HistoricLeader": "TXT_KEY_DQ_LEADER_NAME_16",
        "ID": 16,
        "LeaderQuote": "TXT_KEY_DQ_LEADER_NAME_16_QUOTE",
        "LeaderScore": 700
    },
    {
        "HistoricLeader": "TXT_KEY_DQ_LEADER_NAME_17",
        "ID": 17,
        "LeaderQuote": "TXT_KEY_DQ_LEADER_NAME_17_QUOTE",
        "LeaderScore": 600
    },
    {
        "HistoricLeader": "TXT_KEY_DQ_LEADER_NAME_18",
        "ID": 18,
        "LeaderQuote": "TXT_KEY_DQ_LEADER_NAME_18_QUOTE",
        "LeaderScore": 500
    },
    {
        "HistoricLeader": "TXT_KEY_DQ_LEADER_NAME_19",
        "ID": 19,
        "LeaderQuote": "TXT_KEY_DQ_LEADER_NAME_19_QUOTE",
        "LeaderScore": 400
    },
    {
        "HistoricLeader": "TXT_KEY_DQ_LEADER_NAME_20",
        "ID": 20,
        "LeaderQuote": "TXT_KEY_DQ_LEADER_NAME_20_QUOTE",
        "LeaderScore": 300
    },
    {
        "HistoricLeader": "TXT_KEY_DQ_LEADER_NAME_21",
        "ID": 21,
        "LeaderQuote": "TXT_KEY_DQ_LEADER_NAME_21_QUOTE",
        "LeaderScore": 0
    }
]