[
    {
        "ImprovementType": "IMPROVEMENT_FARM",
        "Yield": 1,
        "YieldType": "YIELD_FOOD"
    },
    {
        "ImprovementType": "IMPROVEMENT_MINE",
        "Yield": 1,
        "YieldType": "YIELD_PRODUCTION"
    },
    {
        "ImprovementType": "IMPROVEMENT_TRADING_POST",
        "Yield": 1,
        "YieldType": "YIELD_GOLD"
    },
    {
        "ImprovementType": "IMPROVEMENT_LUMBERMILL",
        "Yield": 1,
        "YieldType": "YIELD_PRODUCTION"
    },
    {
        "ImprovementType": "IMPROVEMENT_ACADEMY",
        "Yield": 8,
        "YieldType": "YIELD_SCIENCE"
    },
    {
        "ImprovementType": "IMPROVEMENT_CUSTOMS_HOUSE",
        "Yield": 4,
        "YieldType": "YIELD_GOLD"
    },
    {
        "ImprovementType": "IMPROVEMENT_MANUFACTORY",
        "Yield": 4,
        "YieldType": "YIELD_PRODUCTION"
    },
    {
        "ImprovementType": "IMPROVEMENT_TERRACE_FARM",
        "Yield": 1,
        "YieldType": "YIELD_FOOD"
    },
    {
        "ImprovementType": "IMPROVEMENT_MOAI",
        "Yield": 1,
        "YieldType": "YIELD_CULTURE"
    },
    {
        "ImprovementType": "IMPROVEMENT_POLDER",
        "Yield": 3,
        "YieldType": "YIELD_FOOD"
    },
    {
        "ImprovementType": "IMPROVEMENT_HOLY_SITE",
        "Yield": 6,
        "YieldType": "YIELD_FAITH"
    },
    {
        "ImprovementType": "IMPROVEMENT_BRAZILWOOD_CAMP",
        "Yield": 2,
        "YieldType": "YIELD_GOLD"
    },
    {
        "ImprovementType": "IMPROVEMENT_KASBAH",
        "Yield": 1,
        "YieldType": "YIELD_FOOD"
    },
    {
        "ImprovementType": "IMPROVEMENT_KASBAH",
        "Yield": 1,
        "YieldType": "YIELD_PRODUCTION"
    },
    {
        "ImprovementType": "IMPROVEMENT_KASBAH",
        "Yield": 1,
        "YieldType": "YIELD_GOLD"
    },
    {
        "ImprovementType": "IMPROVEMENT_CHATEAU",
        "Yield": 2,
        "YieldType": "YIELD_CULTURE"
    },
    {
        "ImprovementType": "IMPROVEMENT_CHATEAU",
        "Yield": 1,
        "YieldType": "YIELD_GOLD"
    }
]