[
    {
        "FeatureType": "FEATURE_JUNGLE",
        "ImprovementType": "IMPROVEMENT_BARBARIAN_CAMP"
    },
    {
        "FeatureType": "FEATURE_FOREST",
        "ImprovementType": "IMPROVEMENT_BARBARIAN_CAMP"
    },
    {
        "FeatureType": "FEATURE_JUNGLE",
        "ImprovementType": "IMPROVEMENT_GOODY_HUT"
    },
    {
        "FeatureType": "FEATURE_FOREST",
        "ImprovementType": "IMPROVEMENT_GOODY_HUT"
    },
    {
        "FeatureType": "FEATURE_FOREST",
        "ImprovementType": "IMPROVEMENT_LUMBERMILL"
    },
    {
        "FeatureType": "FEATURE_MARSH",
        "ImprovementType": "IMPROVEMENT_POLDER"
    },
    {
        "FeatureType": "FEATURE_FLOOD_PLAINS",
        "ImprovementType": "IMPROVEMENT_POLDER"
    },
    {
        "FeatureType": "FEATURE_JUNGLE",
        "ImprovementType": "IMPROVEMENT_BRAZILWOOD_CAMP"
    }
]