[
    {
        "AdjacentLuxury": 0,
        "AllowsWalkWater": 0,
        "ArtDefineTag": "ART_DEF_IMPROVEMENT_CITY_RUINS",
        "BarbarianCamp": 0,
        "BuildableOnResources": 0,
        "CivilizationType": null,
        "Civilopedia": "TXT_KEY_IMPROVEMENT_CITY_RUINS_PEDIA",
        "Coastal": 0,
        "CoastalLandUpgradeMod": 0,
        "CreatedByGreatPerson": 0,
        "CultureAdjacentSameType": 0,
        "CultureBombRadius": 0,
        "DefenseModifier": 0,
        "Description": "TXT_KEY_IMPROVEMENT_CITY_RUINS",
        "DestroyedWhenPillaged": 0,
        "DisplacePillager": 0,
        "FeatureGrowth": 0,
        "FreshWaterMakesValid": 0,
        "FreshWaterUpgradeMod": 0,
        "GoldMaintenance": 0,
        "Goody": 0,
        "GoodyRange": 0,
        "GraphicalOnly": 0,
        "Help": null,
        "HillsMakesValid": 0,
        "HillsUpgradeMod": 0,
        "ID": 0,
        "IconAtlas": "TERRAIN_ATLAS",
        "IgnoreOwnership": 0,
        "ImprovementPillage": null,
        "ImprovementUpgrade": null,
        "InAdjacentFriendly": 0,
        "LuxuryCopiesSiphonedFromMinor": 0,
        "NearbyEnemyDamage": 0,
        "NoFreshWater": 0,
        "NoTwoAdjacent": 0,
        "OnlyCityStateTerritory": 0,
        "OutsideBorders": 0,
        "Permanent": 0,
        "PillageGold": 0,
        "PortraitIndex": 39,
        "PromptWhenComplete": 0,
        "RemovesResource": 0,
        "RequiresFeature": 0,
        "RequiresFlatlands": 0,
        "RequiresFlatlandsOrFreshWater": 0,
        "RequiresImprovement": 0,
        "RequiresXAdjacentLand": -1,
        "ResourceExtractionMod": 0,
        "RiverSideMakesValid": 0,
        "RiverSideUpgradeMod": 0,
        "SpecificCivRequired": 0,
        "TilesPerGoody": 0,
        "Type": "IMPROVEMENT_CITY_RUINS",
        "UpgradeTime": 0,
        "Water": 0,
        "WorldSoundscapeAudioScript": null
    },
    {
        "AdjacentLuxury": 0,
        "AllowsWalkWater": 0,
        "ArtDefineTag": "ART_DEF_IMPROVEMENT_BARBARIAN_CAMP",
        "BarbarianCamp": 1,
        "BuildableOnResources": 0,
        "CivilizationType": null,
        "Civilopedia": "TXT_KEY_IMPROVEMENT_BARBARIAN_CAMP_PEDIA",
        "Coastal": 0,
        "CoastalLandUpgradeMod": 0,
        "CreatedByGreatPerson": 0,
        "CultureAdjacentSameType": 0,
        "CultureBombRadius": 0,
        "DefenseModifier": 0,
        "Description": "TXT_KEY_IMPROVEMENT_ENCAMPMENT",
        "DestroyedWhenPillaged": 0,
        "DisplacePillager": 0,
        "FeatureGrowth": 0,
        "FreshWaterMakesValid": 0,
        "FreshWaterUpgradeMod": 0,
        "GoldMaintenance": 0,
        "Goody": 0,
        "GoodyRange": 0,
        "GraphicalOnly": 0,
        "Help": null,
        "HillsMakesValid": 0,
        "HillsUpgradeMod": 0,
        "ID": 1,
        "IconAtlas": "TERRAIN_ATLAS",
        "IgnoreOwnership": 0,
        "ImprovementPillage": null,
        "ImprovementUpgrade": null,
        "InAdjacentFriendly": 0,
        "LuxuryCopiesSiphonedFromMinor": 0,
        "NearbyEnemyDamage": 0,
        "NoFreshWater": 0,
        "NoTwoAdjacent": 0,
        "OnlyCityStateTerritory": 0,
        "OutsideBorders": 0,
        "Permanent": 0,
        "PillageGold": 0,
        "PortraitIndex": 21,
        "PromptWhenComplete": 0,
        "RemovesResource": 0,
        "RequiresFeature": 0,
        "RequiresFlatlands": 0,
        "RequiresFlatlandsOrFreshWater": 0,
        "RequiresImprovement": 0,
        "RequiresXAdjacentLand": -1,
        "ResourceExtractionMod": 0,
        "RiverSideMakesValid": 0,
        "RiverSideUpgradeMod": 0,
        "SpecificCivRequired": 0,
        "TilesPerGoody": 0,
        "Type": "IMPROVEMENT_BARBARIAN_CAMP",
        "UpgradeTime": 0,
        "Water": 0,
        "WorldSoundscapeAudioScript": null
    },
    {
        "AdjacentLuxury": 0,
        "AllowsWalkWater": 0,
        "ArtDefineTag": "ART_DEF_IMPROVEMENT_GOODY_HUT",
        "BarbarianCamp": 0,
        "BuildableOnResources": 0,
        "CivilizationType": null,
        "Civilopedia": "TXT_KEY_IMPROVEMENT_GOODY_HUT_PEDIA",
        "Coastal": 0,
        "CoastalLandUpgradeMod": 0,
        "CreatedByGreatPerson": 0,
        "CultureAdjacentSameType": 0,
        "CultureBombRadius": 0,
        "DefenseModifier": 0,
        "Description": "TXT_KEY_IMPROVEMENT_GOODY_HUT",
        "DestroyedWhenPillaged": 0,
        "DisplacePillager": 0,
        "FeatureGrowth": 0,
        "FreshWaterMakesValid": 0,
        "FreshWaterUpgradeMod": 0,
        "GoldMaintenance": 0,
        "Goody": 1,
        "GoodyRange": 3,
        "GraphicalOnly": 0,
        "Help": null,
        "HillsMakesValid": 0,
        "HillsUpgradeMod": 0,
        "ID": 2,
        "IconAtlas": "NW_ATLAS",
        "IgnoreOwnership": 0,
        "ImprovementPillage": null,
        "ImprovementUpgrade": null,
        "InAdjacentFriendly": 0,
        "LuxuryCopiesSiphonedFromMinor": 0,
        "NearbyEnemyDamage": 0,
        "NoFreshWater": 0,
        "NoTwoAdjacent": 0,
        "OnlyCityStateTerritory": 0,
        "OutsideBorders": 0,
        "Permanent": 0,
        "PillageGold": 0,
        "PortraitIndex": 0,
        "PromptWhenComplete": 0,
        "RemovesResource": 0,
        "RequiresFeature": 0,
        "RequiresFlatlands": 0,
        "RequiresFlatlandsOrFreshWater": 0,
        "RequiresImprovement": 0,
        "RequiresXAdjacentLand": -1,
        "ResourceExtractionMod": 0,
        "RiverSideMakesValid": 0,
        "RiverSideUpgradeMod": 0,
        "SpecificCivRequired": 0,
        "TilesPerGoody": 40,
        "Type": "IMPROVEMENT_GOODY_HUT",
        "UpgradeTime": 0,
        "Water": 0,
        "WorldSoundscapeAudioScript": null
    },
    {
        "AdjacentLuxury": 0,
        "AllowsWalkWater": 0,
        "ArtDefineTag": "ART_DEF_IMPROVEMENT_FARM",
        "BarbarianCamp": 0,
        "BuildableOnResources": 0,
        "CivilizationType": null,
        "Civilopedia": "TXT_KEY_CIV5_IMPROVEMENTS_FARM_TEXT",
        "Coastal": 0,
        "CoastalLandUpgradeMod": 0,
        "CreatedByGreatPerson": 0,
        "CultureAdjacentSameType": 0,
        "CultureBombRadius": 0,
        "DefenseModifier": 0,
        "Description": "TXT_KEY_IMPROVEMENT_FARM",
        "DestroyedWhenPillaged": 0,
        "DisplacePillager": 0,
        "FeatureGrowth": 0,
        "FreshWaterMakesValid": 1,
        "FreshWaterUpgradeMod": 0,
        "GoldMaintenance": 0,
        "Goody": 0,
        "GoodyRange": 0,
        "GraphicalOnly": 0,
        "Help": null,
        "HillsMakesValid": 0,
        "HillsUpgradeMod": 0,
        "ID": 3,
        "IconAtlas": "TERRAIN_ATLAS",
        "IgnoreOwnership": 0,
        "ImprovementPillage": null,
        "ImprovementUpgrade": null,
        "InAdjacentFriendly": 0,
        "LuxuryCopiesSiphonedFromMinor": 0,
        "NearbyEnemyDamage": 0,
        "NoFreshWater": 0,
        "NoTwoAdjacent": 0,
        "OnlyCityStateTerritory": 0,
        "OutsideBorders": 0,
        "Permanent": 0,
        "PillageGold": 18,
        "PortraitIndex": 22,
        "PromptWhenComplete": 0,
        "RemovesResource": 0,
        "RequiresFeature": 0,
        "RequiresFlatlands": 0,
        "RequiresFlatlandsOrFreshWater": 1,
        "RequiresImprovement": 0,
        "RequiresXAdjacentLand": -1,
        "ResourceExtractionMod": 0,
        "RiverSideMakesValid": 0,
        "RiverSideUpgradeMod": 0,
        "SpecificCivRequired": 0,
        "TilesPerGoody": 0,
        "Type": "IMPROVEMENT_FARM",
        "UpgradeTime": 0,
        "Water": 0,
        "WorldSoundscapeAudioScript": null
    },
    {
        "AdjacentLuxury": 0,
        "AllowsWalkWater": 0,
        "ArtDefineTag": "ART_DEF_IMPROVEMENT_MINE",
        "BarbarianCamp": 0,
        "BuildableOnResources": 0,
        "CivilizationType": null,
        "Civilopedia": "TXT_KEY_CIV5_IMPROVEMENTS_MINE_TEXT",
        "Coastal": 0,
        "CoastalLandUpgradeMod": 0,
        "CreatedByGreatPerson": 0,
        "CultureAdjacentSameType": 0,
        "CultureBombRadius": 0,
        "DefenseModifier": 0,
        "Description": "TXT_KEY_IMPROVEMENT_MINE",
        "DestroyedWhenPillaged": 0,
        "DisplacePillager": 0,
        "FeatureGrowth": 0,
        "FreshWaterMakesValid": 0,
        "FreshWaterUpgradeMod": 0,
        "GoldMaintenance": 0,
        "Goody": 0,
        "GoodyRange": 0,
        "GraphicalOnly": 0,
        "Help": null,
        "HillsMakesValid": 1,
        "HillsUpgradeMod": 0,
        "ID": 4,
        "IconAtlas": "TERRAIN_ATLAS",
        "IgnoreOwnership": 0,
        "ImprovementPillage": null,
        "ImprovementUpgrade": null,
        "InAdjacentFriendly": 0,
        "LuxuryCopiesSiphonedFromMinor": 0,
        "NearbyEnemyDamage": 0,
        "NoFreshWater": 0,
        "NoTwoAdjacent": 0,
        "OnlyCityStateTerritory": 0,
        "OutsideBorders": 0,
        "Permanent": 0,
        "PillageGold": 20,
        "PortraitIndex": 26,
        "PromptWhenComplete": 0,
        "RemovesResource": 0,
        "RequiresFeature": 0,
        "RequiresFlatlands": 0,
        "RequiresFlatlandsOrFreshWater": 0,
        "RequiresImprovement": 0,
        "RequiresXAdjacentLand": -1,
        "ResourceExtractionMod": 0,
        "RiverSideMakesValid": 0,
        "RiverSideUpgradeMod": 0,
        "SpecificCivRequired": 0,
        "TilesPerGoody": 0,
        "Type": "IMPROVEMENT_MINE",
        "UpgradeTime": 0,
        "Water": 0,
        "WorldSoundscapeAudioScript": null
    },
    {
        "AdjacentLuxury": 0,
        "AllowsWalkWater": 0,
        "ArtDefineTag": "ART_DEF_IMPROVEMENT_QUARRY",
        "BarbarianCamp": 0,
        "BuildableOnResources": 0,
        "CivilizationType": null,
        "Civilopedia": "TXT_KEY_CIV5_IMPROVEMENTS_QUARRY_TEXT",
        "Coastal": 0,
        "CoastalLandUpgradeMod": 0,
        "CreatedByGreatPerson": 0,
        "CultureAdjacentSameType": 0,
        "CultureBombRadius": 0,
        "DefenseModifier": 0,
        "Description": "TXT_KEY_IMPROVEMENT_QUARRY",
        "DestroyedWhenPillaged": 0,
        "DisplacePillager": 0,
        "FeatureGrowth": 0,
        "FreshWaterMakesValid": 0,
        "FreshWaterUpgradeMod": 0,
        "GoldMaintenance": 0,
        "Goody": 0,
        "GoodyRange": 0,
        "GraphicalOnly": 0,
        "Help": null,
        "HillsMakesValid": 0,
        "HillsUpgradeMod": 0,
        "ID": 5,
        "IconAtlas": "TERRAIN_ATLAS",
        "IgnoreOwnership": 0,
        "ImprovementPillage": null,
        "ImprovementUpgrade": null,
        "InAdjacentFriendly": 0,
        "LuxuryCopiesSiphonedFromMinor": 0,
        "NearbyEnemyDamage": 0,
        "NoFreshWater": 0,
        "NoTwoAdjacent": 0,
        "OnlyCityStateTerritory": 0,
        "OutsideBorders": 0,
        "Permanent": 0,
        "PillageGold": 20,
        "PortraitIndex": 31,
        "PromptWhenComplete": 0,
        "RemovesResource": 0,
        "RequiresFeature": 0,
        "RequiresFlatlands": 0,
        "RequiresFlatlandsOrFreshWater": 0,
        "RequiresImprovement": 0,
        "RequiresXAdjacentLand": -1,
        "ResourceExtractionMod": 0,
        "RiverSideMakesValid": 0,
        "RiverSideUpgradeMod": 0,
        "SpecificCivRequired": 0,
        "TilesPerGoody": 0,
        "Type": "IMPROVEMENT_QUARRY",
        "UpgradeTime": 0,
        "Water": 0,
        "WorldSoundscapeAudioScript": null
    },
    {
        "AdjacentLuxury": 0,
        "AllowsWalkWater": 0,
        "ArtDefineTag": "ART_DEF_IMPROVEMENT_TRADING_POST",
        "BarbarianCamp": 0,
        "BuildableOnResources": 0,
        "CivilizationType": null,
        "Civilopedia": "TXT_KEY_CIV5_IMPROVEMENTS_TRADING_POST_TEXT",
        "Coastal": 0,
        "CoastalLandUpgradeMod": 0,
        "CreatedByGreatPerson": 0,
        "CultureAdjacentSameType": 0,
        "CultureBombRadius": 0,
        "DefenseModifier": 0,
        "Description": "TXT_KEY_IMPROVEMENT_TRADING_POST",
        "DestroyedWhenPillaged": 0,
        "DisplacePillager": 0,
        "FeatureGrowth": 0,
        "FreshWaterMakesValid": 0,
        "FreshWaterUpgradeMod": 0,
        "GoldMaintenance": 0,
        "Goody": 0,
        "GoodyRange": 0,
        "GraphicalOnly": 0,
        "Help": null,
        "HillsMakesValid": 0,
        "HillsUpgradeMod": 0,
        "ID": 6,
        "IconAtlas": "TERRAIN_ATLAS",
        "IgnoreOwnership": 0,
        "ImprovementPillage": null,
        "ImprovementUpgrade": null,
        "InAdjacentFriendly": 0,
        "LuxuryCopiesSiphonedFromMinor": 0,
        "NearbyEnemyDamage": 0,
        "NoFreshWater": 0,
        "NoTwoAdjacent": 0,
        "OnlyCityStateTerritory": 0,
        "OutsideBorders": 0,
        "Permanent": 0,
        "PillageGold": 20,
        "PortraitIndex": 32,
        "PromptWhenComplete": 0,
        "RemovesResource": 0,
        "RequiresFeature": 0,
        "RequiresFlatlands": 0,
        "RequiresFlatlandsOrFreshWater": 0,
        "RequiresImprovement": 0,
        "RequiresXAdjacentLand": -1,
        "ResourceExtractionMod": 0,
        "RiverSideMakesValid": 0,
        "RiverSideUpgradeMod": 0,
        "SpecificCivRequired": 0,
        "TilesPerGoody": 0,
        "Type": "IMPROVEMENT_TRADING_POST",
        "UpgradeTime": 0,
        "Water": 0,
        "WorldSoundscapeAudioScript": null
    },
    {
        "AdjacentLuxury": 0,
        "AllowsWalkWater": 0,
        "ArtDefineTag": "ART_DEF_IMPROVEMENT_LUMBERMILL",
        "BarbarianCamp": 0,
        "BuildableOnResources": 0,
        "CivilizationType": null,
        "Civilopedia": "TXT_KEY_CIV5_IMPROVEMENTS_LUMBERMILL_TEXT",
        "Coastal": 0,
        "CoastalLandUpgradeMod": 0,
        "CreatedByGreatPerson": 0,
        "CultureAdjacentSameType": 0,
        "CultureBombRadius": 0,
        "DefenseModifier": 0,
        "Description": "TXT_KEY_IMPROVEMENT_LUMBERMILL",
        "DestroyedWhenPillaged": 0,
        "DisplacePillager": 0,
        "FeatureGrowth": 0,
        "FreshWaterMakesValid": 0,
        "FreshWaterUpgradeMod": 0,
        "GoldMaintenance": 0,
        "Goody": 0,
        "GoodyRange": 0,
        "GraphicalOnly": 0,
        "Help": null,
        "HillsMakesValid": 0,
        "HillsUpgradeMod": 0,
        "ID": 7,
        "IconAtlas": "TERRAIN_ATLAS",
        "IgnoreOwnership": 0,
        "ImprovementPillage": null,
        "ImprovementUpgrade": null,
        "InAdjacentFriendly": 0,
        "LuxuryCopiesSiphonedFromMinor": 0,
        "NearbyEnemyDamage": 0,
        "NoFreshWater": 0,
        "NoTwoAdjacent": 0,
        "OnlyCityStateTerritory": 0,
        "OutsideBorders": 0,
        "Permanent": 0,
        "PillageGold": 10,
        "PortraitIndex": 25,
        "PromptWhenComplete": 0,
        "RemovesResource": 0,
        "RequiresFeature": 1,
        "RequiresFlatlands": 0,
        "RequiresFlatlandsOrFreshWater": 0,
        "RequiresImprovement": 0,
        "RequiresXAdjacentLand": -1,
        "ResourceExtractionMod": 0,
        "RiverSideMakesValid": 0,
        "RiverSideUpgradeMod": 0,
        "SpecificCivRequired": 0,
        "TilesPerGoody": 0,
        "Type": "IMPROVEMENT_LUMBERMILL",
        "UpgradeTime": 0,
        "Water": 0,
        "WorldSoundscapeAudioScript": null
    },
    {
        "AdjacentLuxury": 0,
        "AllowsWalkWater": 0,
        "ArtDefineTag": "ART_DEF_IMPROVEMENT_PASTURE",
        "BarbarianCamp": 0,
        "BuildableOnResources": 0,
        "CivilizationType": null,
        "Civilopedia": "TXT_KEY_CIV5_IMPROVEMENTS_PASTURE_TEXT",
        "Coastal": 0,
        "CoastalLandUpgradeMod": 0,
        "CreatedByGreatPerson": 0,
        "CultureAdjacentSameType": 0,
        "CultureBombRadius": 0,
        "DefenseModifier": 0,
        "Description": "TXT_KEY_IMPROVEMENT_PASTURE",
        "DestroyedWhenPillaged": 0,
        "DisplacePillager": 0,
        "FeatureGrowth": 0,
        "FreshWaterMakesValid": 0,
        "FreshWaterUpgradeMod": 0,
        "GoldMaintenance": 0,
        "Goody": 0,
        "GoodyRange": 0,
        "GraphicalOnly": 0,
        "Help": null,
        "HillsMakesValid": 0,
        "HillsUpgradeMod": 0,
        "ID": 8,
        "IconAtlas": "TERRAIN_ATLAS",
        "IgnoreOwnership": 0,
        "ImprovementPillage": null,
        "ImprovementUpgrade": null,
        "InAdjacentFriendly": 0,
        "LuxuryCopiesSiphonedFromMinor": 0,
        "NearbyEnemyDamage": 0,
        "NoFreshWater": 0,
        "NoTwoAdjacent": 0,
        "OnlyCityStateTerritory": 0,
        "OutsideBorders": 0,
        "Permanent": 0,
        "PillageGold": 10,
        "PortraitIndex": 29,
        "PromptWhenComplete": 0,
        "RemovesResource": 0,
        "RequiresFeature": 0,
        "RequiresFlatlands": 0,
        "RequiresFlatlandsOrFreshWater": 0,
        "RequiresImprovement": 0,
        "RequiresXAdjacentLand": -1,
        "ResourceExtractionMod": 0,
        "RiverSideMakesValid": 0,
        "RiverSideUpgradeMod": 0,
        "SpecificCivRequired": 0,
        "TilesPerGoody": 0,
        "Type": "IMPROVEMENT_PASTURE",
        "UpgradeTime": 0,
        "Water": 0,
        "WorldSoundscapeAudioScript": null
    },
    {
        "AdjacentLuxury": 0,
        "AllowsWalkWater": 0,
        "ArtDefineTag": "ART_DEF_IMPROVEMENT_FISHING_BOATS",
        "BarbarianCamp": 0,
        "BuildableOnResources": 0,
        "CivilizationType": null,
        "Civilopedia": "TXT_KEY_CIV5_IMPROVEMENTS_FISHINGBOATS_TEXT",
        "Coastal": 0,
        "CoastalLandUpgradeMod": 0,
        "CreatedByGreatPerson": 0,
        "CultureAdjacentSameType": 0,
        "CultureBombRadius": 0,
        "DefenseModifier": 0,
        "Description": "TXT_KEY_IMPROVEMENT_FISHING_BOATS",
        "DestroyedWhenPillaged": 1,
        "DisplacePillager": 0,
        "FeatureGrowth": 0,
        "FreshWaterMakesValid": 0,
        "FreshWaterUpgradeMod": 0,
        "GoldMaintenance": 0,
        "Goody": 0,
        "GoodyRange": 0,
        "GraphicalOnly": 0,
        "Help": null,
        "HillsMakesValid": 0,
        "HillsUpgradeMod": 0,
        "ID": 9,
        "IconAtlas": "TERRAIN_ATLAS",
        "IgnoreOwnership": 0,
        "ImprovementPillage": null,
        "ImprovementUpgrade": null,
        "InAdjacentFriendly": 0,
        "LuxuryCopiesSiphonedFromMinor": 0,
        "NearbyEnemyDamage": 0,
        "NoFreshWater": 0,
        "NoTwoAdjacent": 0,
        "OnlyCityStateTerritory": 0,
        "OutsideBorders": 0,
        "Permanent": 0,
        "PillageGold": 10,
        "PortraitIndex": 23,
        "PromptWhenComplete": 0,
        "RemovesResource": 0,
        "RequiresFeature": 0,
        "RequiresFlatlands": 0,
        "RequiresFlatlandsOrFreshWater": 0,
        "RequiresImprovement": 0,
        "RequiresXAdjacentLand": -1,
        "ResourceExtractionMod": 0,
        "RiverSideMakesValid": 0,
        "RiverSideUpgradeMod": 0,
        "SpecificCivRequired": 0,
        "TilesPerGoody": 0,
        "Type": "IMPROVEMENT_FISHING_BOATS",
        "UpgradeTime": 0,
        "Water": 1,
        "WorldSoundscapeAudioScript": null
    },
    {
        "AdjacentLuxury": 0,
        "AllowsWalkWater": 0,
        "ArtDefineTag": "ART_DEF_IMPROVEMENT_PLANTATION",
        "BarbarianCamp": 0,
        "BuildableOnResources": 0,
        "CivilizationType": null,
        "Civilopedia": "TXT_KEY_CIV5_IMPROVEMENTS_PLANTATION_TEXT",
        "Coastal": 0,
        "CoastalLandUpgradeMod": 0,
        "CreatedByGreatPerson": 0,
        "CultureAdjacentSameType": 0,
        "CultureBombRadius": 0,
        "DefenseModifier": 0,
        "Description": "TXT_KEY_IMPROVEMENT_PLANTATION",
        "DestroyedWhenPillaged": 0,
        "DisplacePillager": 0,
        "FeatureGrowth": 0,
        "FreshWaterMakesValid": 0,
        "FreshWaterUpgradeMod": 0,
        "GoldMaintenance": 0,
        "Goody": 0,
        "GoodyRange": 0,
        "GraphicalOnly": 0,
        "Help": null,
        "HillsMakesValid": 0,
        "HillsUpgradeMod": 0,
        "ID": 10,
        "IconAtlas": "TERRAIN_ATLAS",
        "IgnoreOwnership": 0,
        "ImprovementPillage": null,
        "ImprovementUpgrade": null,
        "InAdjacentFriendly": 0,
        "LuxuryCopiesSiphonedFromMinor": 0,
        "NearbyEnemyDamage": 0,
        "NoFreshWater": 0,
        "NoTwoAdjacent": 0,
        "OnlyCityStateTerritory": 0,
        "OutsideBorders": 0,
        "Permanent": 0,
        "PillageGold": 10,
        "PortraitIndex": 30,
        "PromptWhenComplete": 0,
        "RemovesResource": 0,
        "RequiresFeature": 0,
        "RequiresFlatlands": 0,
        "RequiresFlatlandsOrFreshWater": 0,
        "RequiresImprovement": 0,
        "RequiresXAdjacentLand": -1,
        "ResourceExtractionMod": 0,
        "RiverSideMakesValid": 0,
        "RiverSideUpgradeMod": 0,
        "SpecificCivRequired": 0,
        "TilesPerGoody": 0,
        "Type": "IMPROVEMENT_PLANTATION",
        "UpgradeTime": 0,
        "Water": 0,
        "WorldSoundscapeAudioScript": null
    },
    {
        "AdjacentLuxury": 0,
        "AllowsWalkWater": 0,
        "ArtDefineTag": "ART_DEF_IMPROVEMENT_CAMP",
        "BarbarianCamp": 0,
        "BuildableOnResources": 0,
        "CivilizationType": null,
        "Civilopedia": "TXT_KEY_CIV5_IMPROVEMENTS_CAMP_TEXT",
        "Coastal": 0,
        "CoastalLandUpgradeMod": 0,
        "CreatedByGreatPerson": 0,
        "CultureAdjacentSameType": 0,
        "CultureBombRadius": 0,
        "DefenseModifier": 0,
        "Description": "TXT_KEY_IMPROVEMENT_CAMP",
        "DestroyedWhenPillaged": 0,
        "DisplacePillager": 0,
        "FeatureGrowth": 0,
        "FreshWaterMakesValid": 0,
        "FreshWaterUpgradeMod": 0,
        "GoldMaintenance": 0,
        "Goody": 0,
        "GoodyRange": 0,
        "GraphicalOnly": 0,
        "Help": null,
        "HillsMakesValid": 0,
        "HillsUpgradeMod": 0,
        "ID": 11,
        "IconAtlas": "TERRAIN_ATLAS",
        "IgnoreOwnership": 0,
        "ImprovementPillage": null,
        "ImprovementUpgrade": null,
        "InAdjacentFriendly": 0,
        "LuxuryCopiesSiphonedFromMinor": 0,
        "NearbyEnemyDamage": 0,
        "NoFreshWater": 0,
        "NoTwoAdjacent": 0,
        "OnlyCityStateTerritory": 0,
        "OutsideBorders": 0,
        "Permanent": 0,
        "PillageGold": 10,
        "PortraitIndex": 19,
        "PromptWhenComplete": 0,
        "RemovesResource": 0,
        "RequiresFeature": 0,
        "RequiresFlatlands": 0,
        "RequiresFlatlandsOrFreshWater": 0,
        "RequiresImprovement": 0,
        "RequiresXAdjacentLand": -1,
        "ResourceExtractionMod": 0,
        "RiverSideMakesValid": 0,
        "RiverSideUpgradeMod": 0,
        "SpecificCivRequired": 0,
        "TilesPerGoody": 0,
        "Type": "IMPROVEMENT_CAMP",
        "UpgradeTime": 0,
        "Water": 0,
        "WorldSoundscapeAudioScript": null
    },
    {
        "AdjacentLuxury": 0,
        "AllowsWalkWater": 0,
        "ArtDefineTag": "ART_DEF_IMPROVEMENT_WELL",
        "BarbarianCamp": 0,
        "BuildableOnResources": 0,
        "CivilizationType": null,
        "Civilopedia": "TXT_KEY_CIV5_IMPROVEMENTS_WELL_TEXT",
        "Coastal": 0,
        "CoastalLandUpgradeMod": 0,
        "CreatedByGreatPerson": 0,
        "CultureAdjacentSameType": 0,
        "CultureBombRadius": 0,
        "DefenseModifier": 0,
        "Description": "TXT_KEY_IMPROVEMENT_WELL",
        "DestroyedWhenPillaged": 0,
        "DisplacePillager": 0,
        "FeatureGrowth": 0,
        "FreshWaterMakesValid": 0,
        "FreshWaterUpgradeMod": 0,
        "GoldMaintenance": 0,
        "Goody": 0,
        "GoodyRange": 0,
        "GraphicalOnly": 0,
        "Help": null,
        "HillsMakesValid": 0,
        "HillsUpgradeMod": 0,
        "ID": 12,
        "IconAtlas": "TERRAIN_ATLAS",
        "IgnoreOwnership": 0,
        "ImprovementPillage": null,
        "ImprovementUpgrade": null,
        "InAdjacentFriendly": 0,
        "LuxuryCopiesSiphonedFromMinor": 0,
        "NearbyEnemyDamage": 0,
        "NoFreshWater": 0,
        "NoTwoAdjacent": 0,
        "OnlyCityStateTerritory": 0,
        "OutsideBorders": 0,
        "Permanent": 0,
        "PillageGold": 20,
        "PortraitIndex": 28,
        "PromptWhenComplete": 0,
        "RemovesResource": 0,
        "RequiresFeature": 0,
        "RequiresFlatlands": 0,
        "RequiresFlatlandsOrFreshWater": 0,
        "RequiresImprovement": 0,
        "RequiresXAdjacentLand": -1,
        "ResourceExtractionMod": 0,
        "RiverSideMakesValid": 0,
        "RiverSideUpgradeMod": 0,
        "SpecificCivRequired": 0,
        "TilesPerGoody": 0,
        "Type": "IMPROVEMENT_WELL",
        "UpgradeTime": 0,
        "Water": 0,
        "WorldSoundscapeAudioScript": null
    },
    {
        "AdjacentLuxury": 0,
        "AllowsWalkWater": 0,
        "ArtDefineTag": "ART_DEF_IMPROVEMENT_OFFSHORE_PLATFORM",
        "BarbarianCamp": 0,
        "BuildableOnResources": 0,
        "CivilizationType": null,
        "Civilopedia": "TXT_KEY_CIV5_IMPROVEMENTS_OFFSHOREPLATFORM_TEXT",
        "Coastal": 0,
        "CoastalLandUpgradeMod": 0,
        "CreatedByGreatPerson": 0,
        "CultureAdjacentSameType": 0,
        "CultureBombRadius": 0,
        "DefenseModifier": 0,
        "Description": "TXT_KEY_IMPROVEMENT_OFFSHORE_PLATFORM",
        "DestroyedWhenPillaged": 1,
        "DisplacePillager": 0,
        "FeatureGrowth": 0,
        "FreshWaterMakesValid": 0,
        "FreshWaterUpgradeMod": 0,
        "GoldMaintenance": 0,
        "Goody": 0,
        "GoodyRange": 0,
        "GraphicalOnly": 0,
        "Help": null,
        "HillsMakesValid": 0,
        "HillsUpgradeMod": 0,
        "ID": 13,
        "IconAtlas": "TERRAIN_ATLAS",
        "IgnoreOwnership": 0,
        "ImprovementPillage": null,
        "ImprovementUpgrade": null,
        "InAdjacentFriendly": 0,
        "LuxuryCopiesSiphonedFromMinor": 0,
        "NearbyEnemyDamage": 0,
        "NoFreshWater": 0,
        "NoTwoAdjacent": 0,
        "OnlyCityStateTerritory": 0,
        "OutsideBorders": 0,
        "Permanent": 0,
        "PillageGold": 20,
        "PortraitIndex": 27,
        "PromptWhenComplete": 0,
        "RemovesResource": 0,
        "RequiresFeature": 0,
        "RequiresFlatlands": 0,
        "RequiresFlatlandsOrFreshWater": 0,
        "RequiresImprovement": 0,
        "RequiresXAdjacentLand": -1,
        "ResourceExtractionMod": 0,
        "RiverSideMakesValid": 0,
        "RiverSideUpgradeMod": 0,
        "SpecificCivRequired": 0,
        "TilesPerGoody": 0,
        "Type": "IMPROVEMENT_OFFSHORE_PLATFORM",
        "UpgradeTime": 0,
        "Water": 1,
        "WorldSoundscapeAudioScript": null
    },
    {
        "AdjacentLuxury": 0,
        "AllowsWalkWater": 0,
        "ArtDefineTag": "ART_DEF_IMPROVEMENT_FORT",
        "BarbarianCamp": 0,
        "BuildableOnResources": 1,
        "CivilizationType": null,
        "Civilopedia": "TXT_KEY_CIV5_IMPROVEMENTS_FORT_TEXT",
        "Coastal": 0,
        "CoastalLandUpgradeMod": 0,
        "CreatedByGreatPerson": 0,
        "CultureAdjacentSameType": 0,
        "CultureBombRadius": 0,
        "DefenseModifier": 50,
        "Description": "TXT_KEY_IMPROVEMENT_FORT",
        "DestroyedWhenPillaged": 1,
        "DisplacePillager": 0,
        "FeatureGrowth": 0,
        "FreshWaterMakesValid": 0,
        "FreshWaterUpgradeMod": 0,
        "GoldMaintenance": 0,
        "Goody": 0,
        "GoodyRange": 0,
        "GraphicalOnly": 0,
        "Help": null,
        "HillsMakesValid": 0,
        "HillsUpgradeMod": 0,
        "ID": 14,
        "IconAtlas": "TERRAIN_ATLAS",
        "IgnoreOwnership": 0,
        "ImprovementPillage": null,
        "ImprovementUpgrade": null,
        "InAdjacentFriendly": 0,
        "LuxuryCopiesSiphonedFromMinor": 0,
        "NearbyEnemyDamage": 0,
        "NoFreshWater": 0,
        "NoTwoAdjacent": 0,
        "OnlyCityStateTerritory": 0,
        "OutsideBorders": 1,
        "Permanent": 0,
        "PillageGold": 0,
        "PortraitIndex": 24,
        "PromptWhenComplete": 0,
        "RemovesResource": 0,
        "RequiresFeature": 0,
        "RequiresFlatlands": 0,
        "RequiresFlatlandsOrFreshWater": 0,
        "RequiresImprovement": 0,
        "RequiresXAdjacentLand": -1,
        "ResourceExtractionMod": 0,
        "RiverSideMakesValid": 0,
        "RiverSideUpgradeMod": 0,
        "SpecificCivRequired": 0,
        "TilesPerGoody": 0,
        "Type": "IMPROVEMENT_FORT",
        "UpgradeTime": 0,
        "Water": 0,
        "WorldSoundscapeAudioScript": null
    },
    {
        "AdjacentLuxury": 0,
        "AllowsWalkWater": 0,
        "ArtDefineTag": "ART_DEF_IMPROVEMENT_MONOLITH_EURO",
        "BarbarianCamp": 0,
        "BuildableOnResources": 0,
        "CivilizationType": null,
        "Civilopedia": "TXT_KEY_CIV5_IMPROVEMENTS_LANDMARK_TEXT",
        "Coastal": 0,
        "CoastalLandUpgradeMod": 0,
        "CreatedByGreatPerson": 0,
        "CultureAdjacentSameType": 0,
        "CultureBombRadius": 0,
        "DefenseModifier": 0,
        "Description": "TXT_KEY_IMPROVEMENT_LANDMARK",
        "DestroyedWhenPillaged": 0,
        "DisplacePillager": 0,
        "FeatureGrowth": 0,
        "FreshWaterMakesValid": 0,
        "FreshWaterUpgradeMod": 0,
        "GoldMaintenance": 0,
        "Goody": 0,
        "GoodyRange": 0,
        "GraphicalOnly": 0,
        "Help": null,
        "HillsMakesValid": 0,
        "HillsUpgradeMod": 0,
        "ID": 15,
        "IconAtlas": "TERRAIN_ATLAS",
        "IgnoreOwnership": 1,
        "ImprovementPillage": null,
        "ImprovementUpgrade": null,
        "InAdjacentFriendly": 0,
        "LuxuryCopiesSiphonedFromMinor": 0,
        "NearbyEnemyDamage": 0,
        "NoFreshWater": 0,
        "NoTwoAdjacent": 0,
        "OnlyCityStateTerritory": 0,
        "OutsideBorders": 0,
        "Permanent": 0,
        "PillageGold": 20,
        "PortraitIndex": 36,
        "PromptWhenComplete": 0,
        "RemovesResource": 0,
        "RequiresFeature": 0,
        "RequiresFlatlands": 0,
        "RequiresFlatlandsOrFreshWater": 0,
        "RequiresImprovement": 1,
        "RequiresXAdjacentLand": -1,
        "ResourceExtractionMod": 0,
        "RiverSideMakesValid": 0,
        "RiverSideUpgradeMod": 0,
        "SpecificCivRequired": 0,
        "TilesPerGoody": 0,
        "Type": "IMPROVEMENT_LANDMARK",
        "UpgradeTime": 0,
        "Water": 0,
        "WorldSoundscapeAudioScript": null
    },
    {
        "AdjacentLuxury": 0,
        "AllowsWalkWater": 0,
        "ArtDefineTag": "ART_DEF_IMPROVEMENT_ACADEMY",
        "BarbarianCamp": 0,
        "BuildableOnResources": 1,
        "CivilizationType": null,
        "Civilopedia": "TXT_KEY_CIV5_IMPROVEMENTS_ACADEMY_TEXT",
        "Coastal": 0,
        "CoastalLandUpgradeMod": 0,
        "CreatedByGreatPerson": 1,
        "CultureAdjacentSameType": 0,
        "CultureBombRadius": 0,
        "DefenseModifier": 0,
        "Description": "TXT_KEY_IMPROVEMENT_ACADEMY",
        "DestroyedWhenPillaged": 0,
        "DisplacePillager": 0,
        "FeatureGrowth": 0,
        "FreshWaterMakesValid": 0,
        "FreshWaterUpgradeMod": 0,
        "GoldMaintenance": 0,
        "Goody": 0,
        "GoodyRange": 0,
        "GraphicalOnly": 0,
        "Help": null,
        "HillsMakesValid": 0,
        "HillsUpgradeMod": 0,
        "ID": 16,
        "IconAtlas": "TERRAIN_ATLAS",
        "IgnoreOwnership": 0,
        "ImprovementPillage": null,
        "ImprovementUpgrade": null,
        "InAdjacentFriendly": 0,
        "LuxuryCopiesSiphonedFromMinor": 0,
        "NearbyEnemyDamage": 0,
        "NoFreshWater": 0,
        "NoTwoAdjacent": 0,
        "OnlyCityStateTerritory": 0,
        "OutsideBorders": 0,
        "Permanent": 0,
        "PillageGold": 20,
        "PortraitIndex": 38,
        "PromptWhenComplete": 0,
        "RemovesResource": 0,
        "RequiresFeature": 0,
        "RequiresFlatlands": 0,
        "RequiresFlatlandsOrFreshWater": 0,
        "RequiresImprovement": 0,
        "RequiresXAdjacentLand": -1,
        "ResourceExtractionMod": 0,
        "RiverSideMakesValid": 0,
        "RiverSideUpgradeMod": 0,
        "SpecificCivRequired": 0,
        "TilesPerGoody": 0,
        "Type": "IMPROVEMENT_ACADEMY",
        "UpgradeTime": 0,
        "Water": 0,
        "WorldSoundscapeAudioScript": null
    },
    {
        "AdjacentLuxury": 0,
        "AllowsWalkWater": 0,
        "ArtDefineTag": "ART_DEF_IMPROVEMENT_CUSTOMS_HOUSE",
        "BarbarianCamp": 0,
        "BuildableOnResources": 1,
        "CivilizationType": null,
        "Civilopedia": "TXT_KEY_CIV5_IMPROVEMENTS_CUSTOMS_HOUSE_TEXT",
        "Coastal": 0,
        "CoastalLandUpgradeMod": 0,
        "CreatedByGreatPerson": 1,
        "CultureAdjacentSameType": 0,
        "CultureBombRadius": 0,
        "DefenseModifier": 0,
        "Description": "TXT_KEY_IMPROVEMENT_CUSTOMS_HOUSE",
        "DestroyedWhenPillaged": 0,
        "DisplacePillager": 0,
        "FeatureGrowth": 0,
        "FreshWaterMakesValid": 0,
        "FreshWaterUpgradeMod": 0,
        "GoldMaintenance": 0,
        "Goody": 0,
        "GoodyRange": 0,
        "GraphicalOnly": 0,
        "Help": null,
        "HillsMakesValid": 0,
        "HillsUpgradeMod": 0,
        "ID": 17,
        "IconAtlas": "TERRAIN_ATLAS",
        "IgnoreOwnership": 0,
        "ImprovementPillage": null,
        "ImprovementUpgrade": null,
        "InAdjacentFriendly": 0,
        "LuxuryCopiesSiphonedFromMinor": 0,
        "NearbyEnemyDamage": 0,
        "NoFreshWater": 0,
        "NoTwoAdjacent": 0,
        "OnlyCityStateTerritory": 0,
        "OutsideBorders": 0,
        "Permanent": 0,
        "PillageGold": 20,
        "PortraitIndex": 33,
        "PromptWhenComplete": 0,
        "RemovesResource": 0,
        "RequiresFeature": 0,
        "RequiresFlatlands": 0,
        "RequiresFlatlandsOrFreshWater": 0,
        "RequiresImprovement": 0,
        "RequiresXAdjacentLand": -1,
        "ResourceExtractionMod": 0,
        "RiverSideMakesValid": 0,
        "RiverSideUpgradeMod": 0,
        "SpecificCivRequired": 0,
        "TilesPerGoody": 0,
        "Type": "IMPROVEMENT_CUSTOMS_HOUSE",
        "UpgradeTime": 0,
        "Water": 0,
        "WorldSoundscapeAudioScript": null
    },
    {
        "AdjacentLuxury": 0,
        "AllowsWalkWater": 0,
        "ArtDefineTag": "ART_DEF_IMPROVEMENT_MANUFACTORY",
        "BarbarianCamp": 0,
        "BuildableOnResources": 1,
        "CivilizationType": null,
        "Civilopedia": "TXT_KEY_CIV5_IMPROVEMENTS_MANUFACTORY_TEXT",
        "Coastal": 0,
        "CoastalLandUpgradeMod": 0,
        "CreatedByGreatPerson": 1,
        "CultureAdjacentSameType": 0,
        "CultureBombRadius": 0,
        "DefenseModifier": 0,
        "Description": "TXT_KEY_IMPROVEMENT_MANUFACTORY",
        "DestroyedWhenPillaged": 0,
        "DisplacePillager": 0,
        "FeatureGrowth": 0,
        "FreshWaterMakesValid": 0,
        "FreshWaterUpgradeMod": 0,
        "GoldMaintenance": 0,
        "Goody": 0,
        "GoodyRange": 0,
        "GraphicalOnly": 0,
        "Help": null,
        "HillsMakesValid": 0,
        "HillsUpgradeMod": 0,
        "ID": 18,
        "IconAtlas": "TERRAIN_ATLAS",
        "IgnoreOwnership": 0,
        "ImprovementPillage": null,
        "ImprovementUpgrade": null,
        "InAdjacentFriendly": 0,
        "LuxuryCopiesSiphonedFromMinor": 0,
        "NearbyEnemyDamage": 0,
        "NoFreshWater": 0,
        "NoTwoAdjacent": 0,
        "OnlyCityStateTerritory": 0,
        "OutsideBorders": 0,
        "Permanent": 0,
        "PillageGold": 20,
        "PortraitIndex": 37,
        "PromptWhenComplete": 0,
        "RemovesResource": 0,
        "RequiresFeature": 0,
        "RequiresFlatlands": 0,
        "RequiresFlatlandsOrFreshWater": 0,
        "RequiresImprovement": 0,
        "RequiresXAdjacentLand": -1,
        "ResourceExtractionMod": 0,
        "RiverSideMakesValid": 0,
        "RiverSideUpgradeMod": 0,
        "SpecificCivRequired": 0,
        "TilesPerGoody": 0,
        "Type": "IMPROVEMENT_MANUFACTORY",
        "UpgradeTime": 0,
        "Water": 0,
        "WorldSoundscapeAudioScript": null
    },
    {
        "AdjacentLuxury": 0,
        "AllowsWalkWater": 0,
        "ArtDefineTag": "ART_DEF_IMPROVEMENT_CITADEL",
        "BarbarianCamp": 0,
        "BuildableOnResources": 1,
        "CivilizationType": null,
        "Civilopedia": "TXT_KEY_CIV5_IMPROVEMENTS_CITADEL_TEXT",
        "Coastal": 0,
        "CoastalLandUpgradeMod": 0,
        "CreatedByGreatPerson": 1,
        "CultureAdjacentSameType": 0,
        "CultureBombRadius": 1,
        "DefenseModifier": 100,
        "Description": "TXT_KEY_IMPROVEMENT_CITADEL",
        "DestroyedWhenPillaged": 0,
        "DisplacePillager": 0,
        "FeatureGrowth": 0,
        "FreshWaterMakesValid": 0,
        "FreshWaterUpgradeMod": 0,
        "GoldMaintenance": 0,
        "Goody": 0,
        "GoodyRange": 0,
        "GraphicalOnly": 0,
        "Help": null,
        "HillsMakesValid": 0,
        "HillsUpgradeMod": 0,
        "ID": 19,
        "IconAtlas": "TERRAIN_ATLAS",
        "IgnoreOwnership": 0,
        "ImprovementPillage": null,
        "ImprovementUpgrade": null,
        "InAdjacentFriendly": 1,
        "LuxuryCopiesSiphonedFromMinor": 0,
        "NearbyEnemyDamage": 30,
        "NoFreshWater": 0,
        "NoTwoAdjacent": 0,
        "OnlyCityStateTerritory": 0,
        "OutsideBorders": 0,
        "Permanent": 0,
        "PillageGold": 0,
        "PortraitIndex": 35,
        "PromptWhenComplete": 0,
        "RemovesResource": 0,
        "RequiresFeature": 0,
        "RequiresFlatlands": 0,
        "RequiresFlatlandsOrFreshWater": 0,
        "RequiresImprovement": 0,
        "RequiresXAdjacentLand": -1,
        "ResourceExtractionMod": 0,
        "RiverSideMakesValid": 0,
        "RiverSideUpgradeMod": 0,
        "SpecificCivRequired": 0,
        "TilesPerGoody": 0,
        "Type": "IMPROVEMENT_CITADEL",
        "UpgradeTime": 0,
        "Water": 0,
        "WorldSoundscapeAudioScript": null
    },
    {
        "AdjacentLuxury": 0,
        "AllowsWalkWater": 0,
        "ArtDefineTag": "ART_DEF_IMPROVEMENT_TERRACE_FARM",
        "BarbarianCamp": 0,
        "BuildableOnResources": 0,
        "CivilizationType": "CIVILIZATION_INCA",
        "Civilopedia": "TXT_KEY_CIV5_IMPROVEMENTS_TERRACE_FARM_TEXT",
        "Coastal": 0,
        "CoastalLandUpgradeMod": 0,
        "CreatedByGreatPerson": 0,
        "CultureAdjacentSameType": 0,
        "CultureBombRadius": 0,
        "DefenseModifier": 0,
        "Description": "TXT_KEY_IMPROVEMENT_TERRACE_FARM",
        "DestroyedWhenPillaged": 0,
        "DisplacePillager": 0,
        "FeatureGrowth": 0,
        "FreshWaterMakesValid": 0,
        "FreshWaterUpgradeMod": 0,
        "GoldMaintenance": 0,
        "Goody": 0,
        "GoodyRange": 0,
        "GraphicalOnly": 0,
        "Help": "TXT_KEY_CIV5_IMPROVEMENTS_TERRACE_FARM_HELP",
        "HillsMakesValid": 1,
        "HillsUpgradeMod": 0,
        "ID": 20,
        "IconAtlas": "DLC02_TERRAIN_ATLAS",
        "IgnoreOwnership": 0,
        "ImprovementPillage": null,
        "ImprovementUpgrade": null,
        "InAdjacentFriendly": 0,
        "LuxuryCopiesSiphonedFromMinor": 0,
        "NearbyEnemyDamage": 0,
        "NoFreshWater": 0,
        "NoTwoAdjacent": 0,
        "OnlyCityStateTerritory": 0,
        "OutsideBorders": 0,
        "Permanent": 0,
        "PillageGold": 18,
        "PortraitIndex": 0,
        "PromptWhenComplete": 0,
        "RemovesResource": 0,
        "RequiresFeature": 0,
        "RequiresFlatlands": 0,
        "RequiresFlatlandsOrFreshWater": 0,
        "RequiresImprovement": 0,
        "RequiresXAdjacentLand": -1,
        "ResourceExtractionMod": 0,
        "RiverSideMakesValid": 0,
        "RiverSideUpgradeMod": 0,
        "SpecificCivRequired": 1,
        "TilesPerGoody": 0,
        "Type": "IMPROVEMENT_TERRACE_FARM",
        "UpgradeTime": 0,
        "Water": 0,
        "WorldSoundscapeAudioScript": null
    },
    {
        "AdjacentLuxury": 0,
        "AllowsWalkWater": 0,
        "ArtDefineTag": "ART_DEF_IMPROVEMENT_MOAI_STATUES",
        "BarbarianCamp": 0,
        "BuildableOnResources": 1,
        "CivilizationType": "CIVILIZATION_POLYNESIA",
        "Civilopedia": "TXT_KEY_CIV5_IMPROVEMENTS_MOAI_TEXT",
        "Coastal": 1,
        "CoastalLandUpgradeMod": 0,
        "CreatedByGreatPerson": 0,
        "CultureAdjacentSameType": 1,
        "CultureBombRadius": 0,
        "DefenseModifier": 0,
        "Description": "TXT_KEY_IMPROVEMENT_MOAI",
        "DestroyedWhenPillaged": 0,
        "DisplacePillager": 0,
        "FeatureGrowth": 0,
        "FreshWaterMakesValid": 0,
        "FreshWaterUpgradeMod": 0,
        "GoldMaintenance": 0,
        "Goody": 0,
        "GoodyRange": 0,
        "GraphicalOnly": 0,
        "Help": "TXT_KEY_CIV5_IMPROVEMENTS_MOAI_HELP",
        "HillsMakesValid": 0,
        "HillsUpgradeMod": 0,
        "ID": 21,
        "IconAtlas": "DLC03_TERRAIN_ATLAS",
        "IgnoreOwnership": 0,
        "ImprovementPillage": null,
        "ImprovementUpgrade": null,
        "InAdjacentFriendly": 0,
        "LuxuryCopiesSiphonedFromMinor": 0,
        "NearbyEnemyDamage": 0,
        "NoFreshWater": 0,
        "NoTwoAdjacent": 0,
        "OnlyCityStateTerritory": 0,
        "OutsideBorders": 0,
        "Permanent": 0,
        "PillageGold": 10,
        "PortraitIndex": 0,
        "PromptWhenComplete": 0,
        "RemovesResource": 0,
        "RequiresFeature": 0,
        "RequiresFlatlands": 0,
        "RequiresFlatlandsOrFreshWater": 0,
        "RequiresImprovement": 0,
        "RequiresXAdjacentLand": -1,
        "ResourceExtractionMod": 0,
        "RiverSideMakesValid": 0,
        "RiverSideUpgradeMod": 0,
        "SpecificCivRequired": 1,
        "TilesPerGoody": 0,
        "Type": "IMPROVEMENT_MOAI",
        "UpgradeTime": 0,
        "Water": 0,
        "WorldSoundscapeAudioScript": null
    },
    {
        "AdjacentLuxury": 0,
        "AllowsWalkWater": 0,
        "ArtDefineTag": "ART_DEF_IMPROVEMENT_HOLY_SITE",
        "BarbarianCamp": 0,
        "BuildableOnResources": 1,
        "CivilizationType": null,
        "Civilopedia": "TXT_KEY_CIV5_IMPROVEMENTS_HOLY_SITE_TEXT",
        "Coastal": 0,
        "CoastalLandUpgradeMod": 0,
        "CreatedByGreatPerson": 1,
        "CultureAdjacentSameType": 0,
        "CultureBombRadius": 0,
        "DefenseModifier": 0,
        "Description": "TXT_KEY_IMPROVEMENT_HOLY_SITE",
        "DestroyedWhenPillaged": 0,
        "DisplacePillager": 0,
        "FeatureGrowth": 0,
        "FreshWaterMakesValid": 0,
        "FreshWaterUpgradeMod": 0,
        "GoldMaintenance": 0,
        "Goody": 0,
        "GoodyRange": 0,
        "GraphicalOnly": 0,
        "Help": null,
        "HillsMakesValid": 0,
        "HillsUpgradeMod": 0,
        "ID": 22,
        "IconAtlas": "EXPANSION_TERRAIN_ATLAS",
        "IgnoreOwnership": 0,
        "ImprovementPillage": null,
        "ImprovementUpgrade": null,
        "InAdjacentFriendly": 0,
        "LuxuryCopiesSiphonedFromMinor": 0,
        "NearbyEnemyDamage": 0,
        "NoFreshWater": 0,
        "NoTwoAdjacent": 0,
        "OnlyCityStateTerritory": 0,
        "OutsideBorders": 0,
        "Permanent": 0,
        "PillageGold": 20,
        "PortraitIndex": 1,
        "PromptWhenComplete": 0,
        "RemovesResource": 0,
        "RequiresFeature": 0,
        "RequiresFlatlands": 0,
        "RequiresFlatlandsOrFreshWater": 0,
        "RequiresImprovement": 0,
        "RequiresXAdjacentLand": -1,
        "ResourceExtractionMod": 0,
        "RiverSideMakesValid": 0,
        "RiverSideUpgradeMod": 0,
        "SpecificCivRequired": 0,
        "TilesPerGoody": 0,
        "Type": "IMPROVEMENT_HOLY_SITE",
        "UpgradeTime": 0,
        "Water": 0,
        "WorldSoundscapeAudioScript": null
    },
    {
        "AdjacentLuxury": 0,
        "AllowsWalkWater": 0,
        "ArtDefineTag": "ART_DEF_IMPROVEMENT_POLDER",
        "BarbarianCamp": 0,
        "BuildableOnResources": 0,
        "CivilizationType": "CIVILIZATION_NETHERLANDS",
        "Civilopedia": "TXT_KEY_CIV5_IMPROVEMENTS_POLDER_TEXT",
        "Coastal": 0,
        "CoastalLandUpgradeMod": 0,
        "CreatedByGreatPerson": 0,
        "CultureAdjacentSameType": 0,
        "CultureBombRadius": 0,
        "DefenseModifier": 0,
        "Description": "TXT_KEY_IMPROVEMENT_POLDER",
        "DestroyedWhenPillaged": 0,
        "DisplacePillager": 0,
        "FeatureGrowth": 0,
        "FreshWaterMakesValid": 0,
        "FreshWaterUpgradeMod": 0,
        "GoldMaintenance": 0,
        "Goody": 0,
        "GoodyRange": 0,
        "GraphicalOnly": 0,
        "Help": "TXT_KEY_CIV5_IMPROVEMENTS_POLDER_HELP",
        "HillsMakesValid": 0,
        "HillsUpgradeMod": 0,
        "ID": 23,
        "IconAtlas": "EXPANSION_TERRAIN_ATLAS",
        "IgnoreOwnership": 0,
        "ImprovementPillage": null,
        "ImprovementUpgrade": null,
        "InAdjacentFriendly": 0,
        "LuxuryCopiesSiphonedFromMinor": 0,
        "NearbyEnemyDamage": 0,
        "NoFreshWater": 0,
        "NoTwoAdjacent": 0,
        "OnlyCityStateTerritory": 0,
        "OutsideBorders": 0,
        "Permanent": 0,
        "PillageGold": 18,
        "PortraitIndex": 0,
        "PromptWhenComplete": 0,
        "RemovesResource": 0,
        "RequiresFeature": 1,
        "RequiresFlatlands": 0,
        "RequiresFlatlandsOrFreshWater": 0,
        "RequiresImprovement": 0,
        "RequiresXAdjacentLand": -1,
        "ResourceExtractionMod": 0,
        "RiverSideMakesValid": 0,
        "RiverSideUpgradeMod": 0,
        "SpecificCivRequired": 1,
        "TilesPerGoody": 0,
        "Type": "IMPROVEMENT_POLDER",
        "UpgradeTime": 0,
        "Water": 0,
        "WorldSoundscapeAudioScript": null
    },
    {
        "AdjacentLuxury": 0,
        "AllowsWalkWater": 0,
        "ArtDefineTag": "ART_DEF_IMPROVEMENT_ARCHAEOLOGICAL_DIG",
        "BarbarianCamp": 0,
        "BuildableOnResources": 0,
        "CivilizationType": null,
        "Civilopedia": "TXT_KEY_CIV5_IMPROVEMENTS_ARCHAEOLOGICAL_DIG_TEXT",
        "Coastal": 0,
        "CoastalLandUpgradeMod": 0,
        "CreatedByGreatPerson": 0,
        "CultureAdjacentSameType": 0,
        "CultureBombRadius": 0,
        "DefenseModifier": 0,
        "Description": "TXT_KEY_IMPROVEMENT_ARCHAEOLOGICAL_DIG",
        "DestroyedWhenPillaged": 0,
        "DisplacePillager": 0,
        "FeatureGrowth": 0,
        "FreshWaterMakesValid": 0,
        "FreshWaterUpgradeMod": 0,
        "GoldMaintenance": 0,
        "Goody": 0,
        "GoodyRange": 0,
        "GraphicalOnly": 0,
        "Help": null,
        "HillsMakesValid": 0,
        "HillsUpgradeMod": 0,
        "ID": 24,
        "IconAtlas": "TERRAIN_IMPROVEMENT_ICON_ATLAS_EXP2",
        "IgnoreOwnership": 1,
        "ImprovementPillage": null,
        "ImprovementUpgrade": null,
        "InAdjacentFriendly": 0,
        "LuxuryCopiesSiphonedFromMinor": 0,
        "NearbyEnemyDamage": 0,
        "NoFreshWater": 0,
        "NoTwoAdjacent": 0,
        "OnlyCityStateTerritory": 0,
        "OutsideBorders": 0,
        "Permanent": 0,
        "PillageGold": 0,
        "PortraitIndex": 0,
        "PromptWhenComplete": 1,
        "RemovesResource": 1,
        "RequiresFeature": 0,
        "RequiresFlatlands": 0,
        "RequiresFlatlandsOrFreshWater": 0,
        "RequiresImprovement": 0,
        "RequiresXAdjacentLand": -1,
        "ResourceExtractionMod": 0,
        "RiverSideMakesValid": 0,
        "RiverSideUpgradeMod": 0,
        "SpecificCivRequired": 0,
        "TilesPerGoody": 0,
        "Type": "IMPROVEMENT_ARCHAEOLOGICAL_DIG",
        "UpgradeTime": 0,
        "Water": 0,
        "WorldSoundscapeAudioScript": null
    },
    {
        "AdjacentLuxury": 0,
        "AllowsWalkWater": 0,
        "ArtDefineTag": "ART_DEF_IMPROVEMENT_BRAZILWOOD_CAMP",
        "BarbarianCamp": 0,
        "BuildableOnResources": 0,
        "CivilizationType": "CIVILIZATION_BRAZIL",
        "Civilopedia": "TXT_KEY_CIV5_IMPROVEMENTS_BRAZILWOOD_CAMP_TEXT",
        "Coastal": 0,
        "CoastalLandUpgradeMod": 0,
        "CreatedByGreatPerson": 0,
        "CultureAdjacentSameType": 0,
        "CultureBombRadius": 0,
        "DefenseModifier": 0,
        "Description": "TXT_KEY_IMPROVEMENT_BRAZILWOOD_CAMP",
        "DestroyedWhenPillaged": 0,
        "DisplacePillager": 0,
        "FeatureGrowth": 0,
        "FreshWaterMakesValid": 0,
        "FreshWaterUpgradeMod": 0,
        "GoldMaintenance": 0,
        "Goody": 0,
        "GoodyRange": 0,
        "GraphicalOnly": 0,
        "Help": "TXT_KEY_CIV5_IMPROVEMENTS_BRAZILWOOD_CAMP_HELP",
        "HillsMakesValid": 0,
        "HillsUpgradeMod": 0,
        "ID": 25,
        "IconAtlas": "TERRAIN_IMPROVEMENT_ICON_ATLAS_EXP2",
        "IgnoreOwnership": 0,
        "ImprovementPillage": null,
        "ImprovementUpgrade": null,
        "InAdjacentFriendly": 0,
        "LuxuryCopiesSiphonedFromMinor": 0,
        "NearbyEnemyDamage": 0,
        "NoFreshWater": 0,
        "NoTwoAdjacent": 0,
        "OnlyCityStateTerritory": 0,
        "OutsideBorders": 0,
        "Permanent": 0,
        "PillageGold": 10,
        "PortraitIndex": 1,
        "PromptWhenComplete": 0,
        "RemovesResource": 0,
        "RequiresFeature": 1,
        "RequiresFlatlands": 0,
        "RequiresFlatlandsOrFreshWater": 0,
        "RequiresImprovement": 0,
        "RequiresXAdjacentLand": -1,
        "ResourceExtractionMod": 0,
        "RiverSideMakesValid": 0,
        "RiverSideUpgradeMod": 0,
        "SpecificCivRequired": 1,
        "TilesPerGoody": 0,
        "Type": "IMPROVEMENT_BRAZILWOOD_CAMP",
        "UpgradeTime": 0,
        "Water": 0,
        "WorldSoundscapeAudioScript": null
    },
    {
        "AdjacentLuxury": 0,
        "AllowsWalkWater": 0,
        "ArtDefineTag": "ART_DEF_IMPROVEMENT_KASBAH",
        "BarbarianCamp": 0,
        "BuildableOnResources": 0,
        "CivilizationType": "CIVILIZATION_MOROCCO",
        "Civilopedia": "TXT_KEY_CIV5_IMPROVEMENTS_KASBAH_TEXT",
        "Coastal": 0,
        "CoastalLandUpgradeMod": 0,
        "CreatedByGreatPerson": 0,
        "CultureAdjacentSameType": 0,
        "CultureBombRadius": 0,
        "DefenseModifier": 50,
        "Description": "TXT_KEY_IMPROVEMENT_KASBAH",
        "DestroyedWhenPillaged": 0,
        "DisplacePillager": 0,
        "FeatureGrowth": 0,
        "FreshWaterMakesValid": 0,
        "FreshWaterUpgradeMod": 0,
        "GoldMaintenance": 0,
        "Goody": 0,
        "GoodyRange": 0,
        "GraphicalOnly": 0,
        "Help": "TXT_KEY_CIV5_IMPROVEMENTS_KASBAH_HELP",
        "HillsMakesValid": 0,
        "HillsUpgradeMod": 0,
        "ID": 26,
        "IconAtlas": "TERRAIN_IMPROVEMENT_ICON_ATLAS_EXP2",
        "IgnoreOwnership": 0,
        "ImprovementPillage": null,
        "ImprovementUpgrade": null,
        "InAdjacentFriendly": 0,
        "LuxuryCopiesSiphonedFromMinor": 0,
        "NearbyEnemyDamage": 0,
        "NoFreshWater": 0,
        "NoTwoAdjacent": 0,
        "OnlyCityStateTerritory": 0,
        "OutsideBorders": 0,
        "Permanent": 0,
        "PillageGold": 10,
        "PortraitIndex": 4,
        "PromptWhenComplete": 0,
        "RemovesResource": 0,
        "RequiresFeature": 0,
        "RequiresFlatlands": 0,
        "RequiresFlatlandsOrFreshWater": 0,
        "RequiresImprovement": 0,
        "RequiresXAdjacentLand": -1,
        "ResourceExtractionMod": 0,
        "RiverSideMakesValid": 0,
        "RiverSideUpgradeMod": 0,
        "SpecificCivRequired": 1,
        "TilesPerGoody": 0,
        "Type": "IMPROVEMENT_KASBAH",
        "UpgradeTime": 0,
        "Water": 0,
        "WorldSoundscapeAudioScript": null
    },
    {
        "AdjacentLuxury": 0,
        "AllowsWalkWater": 0,
        "ArtDefineTag": "ART_DEF_IMPROVEMENT_FEITORIA",
        "BarbarianCamp": 0,
        "BuildableOnResources": 0,
        "CivilizationType": "CIVILIZATION_PORTUGAL",
        "Civilopedia": "TXT_KEY_CIV5_IMPROVEMENTS_FEITORIA_TEXT",
        "Coastal": 1,
        "CoastalLandUpgradeMod": 0,
        "CreatedByGreatPerson": 0,
        "CultureAdjacentSameType": 0,
        "CultureBombRadius": 0,
        "DefenseModifier": 50,
        "Description": "TXT_KEY_IMPROVEMENT_FEITORIA",
        "DestroyedWhenPillaged": 0,
        "DisplacePillager": 0,
        "FeatureGrowth": 0,
        "FreshWaterMakesValid": 0,
        "FreshWaterUpgradeMod": 0,
        "GoldMaintenance": 0,
        "Goody": 0,
        "GoodyRange": 0,
        "GraphicalOnly": 0,
        "Help": "TXT_KEY_CIV5_IMPROVEMENTS_FEITORIA_HELP",
        "HillsMakesValid": 0,
        "HillsUpgradeMod": 0,
        "ID": 27,
        "IconAtlas": "TERRAIN_IMPROVEMENT_ICON_ATLAS_EXP2",
        "IgnoreOwnership": 0,
        "ImprovementPillage": null,
        "ImprovementUpgrade": null,
        "InAdjacentFriendly": 0,
        "LuxuryCopiesSiphonedFromMinor": 1,
        "NearbyEnemyDamage": 0,
        "NoFreshWater": 0,
        "NoTwoAdjacent": 0,
        "OnlyCityStateTerritory": 1,
        "OutsideBorders": 0,
        "Permanent": 0,
        "PillageGold": 20,
        "PortraitIndex": 3,
        "PromptWhenComplete": 0,
        "RemovesResource": 0,
        "RequiresFeature": 0,
        "RequiresFlatlands": 0,
        "RequiresFlatlandsOrFreshWater": 0,
        "RequiresImprovement": 0,
        "RequiresXAdjacentLand": -1,
        "ResourceExtractionMod": 0,
        "RiverSideMakesValid": 0,
        "RiverSideUpgradeMod": 0,
        "SpecificCivRequired": 1,
        "TilesPerGoody": 0,
        "Type": "IMPROVEMENT_FEITORIA",
        "UpgradeTime": 0,
        "Water": 0,
        "WorldSoundscapeAudioScript": null
    },
    {
        "AdjacentLuxury": 1,
        "AllowsWalkWater": 0,
        "ArtDefineTag": "ART_DEF_IMPROVEMENT_CHATEAU",
        "BarbarianCamp": 0,
        "BuildableOnResources": 0,
        "CivilizationType": "CIVILIZATION_FRANCE",
        "Civilopedia": "TXT_KEY_CIV5_IMPROVEMENTS_CHATEAU_TEXT",
        "Coastal": 0,
        "CoastalLandUpgradeMod": 0,
        "CreatedByGreatPerson": 0,
        "CultureAdjacentSameType": 0,
        "CultureBombRadius": 0,
        "DefenseModifier": 50,
        "Description": "TXT_KEY_IMPROVEMENT_CHATEAU",
        "DestroyedWhenPillaged": 0,
        "DisplacePillager": 0,
        "FeatureGrowth": 0,
        "FreshWaterMakesValid": 0,
        "FreshWaterUpgradeMod": 0,
        "GoldMaintenance": 0,
        "Goody": 0,
        "GoodyRange": 0,
        "GraphicalOnly": 0,
        "Help": "TXT_KEY_CIV5_IMPROVEMENTS_CHATEAU_HELP",
        "HillsMakesValid": 0,
        "HillsUpgradeMod": 0,
        "ID": 28,
        "IconAtlas": "TERRAIN_IMPROVEMENT_ICON_ATLAS_EXP2",
        "IgnoreOwnership": 0,
        "ImprovementPillage": null,
        "ImprovementUpgrade": null,
        "InAdjacentFriendly": 0,
        "LuxuryCopiesSiphonedFromMinor": 0,
        "NearbyEnemyDamage": 0,
        "NoFreshWater": 0,
        "NoTwoAdjacent": 1,
        "OnlyCityStateTerritory": 0,
        "OutsideBorders": 0,
        "Permanent": 0,
        "PillageGold": 30,
        "PortraitIndex": 2,
        "PromptWhenComplete": 0,
        "RemovesResource": 0,
        "RequiresFeature": 0,
        "RequiresFlatlands": 0,
        "RequiresFlatlandsOrFreshWater": 0,
        "RequiresImprovement": 0,
        "RequiresXAdjacentLand": -1,
        "ResourceExtractionMod": 0,
        "RiverSideMakesValid": 0,
        "RiverSideUpgradeMod": 0,
        "SpecificCivRequired": 1,
        "TilesPerGoody": 0,
        "Type": "IMPROVEMENT_CHATEAU",
        "UpgradeTime": 0,
        "Water": 0,
        "WorldSoundscapeAudioScript": null
    }
]