[
    {
        "AltDown": 0,
        "AltDownAlt": 0,
        "CtrlDown": 0,
        "CtrlDownAlt": 0,
        "CursorType": "CURSOR_DEFAULT",
        "Description": "TXT_KEY_INTERFACEMODE_DEBUG",
        "DisabledHelp": null,
        "GotoPlot": 0,
        "Help": null,
        "HighlightPlot": 0,
        "HotKey": null,
        "HotKeyAlt": null,
        "HotKeyPriority": 0,
        "HotKeyPriorityAlt": 0,
        "ID": 0,
        "IconAtlas": null,
        "IconIndex": -1,
        "Mission": null,
        "OrderPriority": 0,
        "SelectAll": 0,
        "SelectType": 0,
        "ShiftDown": 0,
        "ShiftDownAlt": 0,
        "Type": "INTERFACEMODE_DEBUG",
        "Visible": 0
    },
    {
        "AltDown": 0,
        "AltDownAlt": 0,
        "CtrlDown": 0,
        "CtrlDownAlt": 0,
        "CursorType": "CURSOR_DEFAULT",
        "Description": "TXT_KEY_INTERFACEMODE_SELECTION",
        "DisabledHelp": null,
        "GotoPlot": 0,
        "Help": null,
        "HighlightPlot": 0,
        "HotKey": null,
        "HotKeyAlt": null,
        "HotKeyPriority": 0,
        "HotKeyPriorityAlt": 0,
        "ID": 1,
        "IconAtlas": null,
        "IconIndex": -1,
        "Mission": null,
        "OrderPriority": 0,
        "SelectAll": 0,
        "SelectType": 0,
        "ShiftDown": 0,
        "ShiftDownAlt": 0,
        "Type": "INTERFACEMODE_SELECTION",
        "Visible": 0
    },
    {
        "AltDown": 0,
        "AltDownAlt": 0,
        "CtrlDown": 0,
        "CtrlDownAlt": 0,
        "CursorType": "CURSOR_PING",
        "Description": "TXT_KEY_INTERFACEMODE_PING",
        "DisabledHelp": null,
        "GotoPlot": 0,
        "Help": null,
        "HighlightPlot": 1,
        "HotKey": null,
        "HotKeyAlt": null,
        "HotKeyPriority": 0,
        "HotKeyPriorityAlt": 0,
        "ID": 2,
        "IconAtlas": null,
        "IconIndex": -1,
        "Mission": null,
        "OrderPriority": 0,
        "SelectAll": 0,
        "SelectType": 0,
        "ShiftDown": 0,
        "ShiftDownAlt": 0,
        "Type": "INTERFACEMODE_PING",
        "Visible": 0
    },
    {
        "AltDown": 0,
        "AltDownAlt": 0,
        "CtrlDown": 0,
        "CtrlDownAlt": 0,
        "CursorType": "CURSOR_GO_TO",
        "Description": "TXT_KEY_INTERFACEMODE_MOVE_TO",
        "DisabledHelp": null,
        "GotoPlot": 1,
        "Help": "TXT_KEY_INTERFACEMODE_MOVE_TO_HELP",
        "HighlightPlot": 0,
        "HotKey": "KB_M",
        "HotKeyAlt": null,
        "HotKeyPriority": 0,
        "HotKeyPriorityAlt": 0,
        "ID": 3,
        "IconAtlas": "UNIT_ACTION_ATLAS",
        "IconIndex": 9,
        "Mission": "MISSION_MOVE_TO",
        "OrderPriority": 197,
        "SelectAll": 0,
        "SelectType": 0,
        "ShiftDown": 0,
        "ShiftDownAlt": 0,
        "Type": "INTERFACEMODE_MOVE_TO",
        "Visible": 1
    },
    {
        "AltDown": 0,
        "AltDownAlt": 0,
        "CtrlDown": 1,
        "CtrlDownAlt": 0,
        "CursorType": "CURSOR_GO_TO",
        "Description": "TXT_KEY_INTERFACEMODE_MOVE_TO_TYPE",
        "DisabledHelp": null,
        "GotoPlot": 1,
        "Help": "TXT_KEY_INTERFACEMODE_MOVE_TO_TYPE_HELP",
        "HighlightPlot": 0,
        "HotKey": "KB_M",
        "HotKeyAlt": null,
        "HotKeyPriority": 0,
        "HotKeyPriorityAlt": 0,
        "ID": 4,
        "IconAtlas": null,
        "IconIndex": -1,
        "Mission": "MISSION_MOVE_TO",
        "OrderPriority": 0,
        "SelectAll": 0,
        "SelectType": 0,
        "ShiftDown": 0,
        "ShiftDownAlt": 0,
        "Type": "INTERFACEMODE_MOVE_TO_TYPE",
        "Visible": 1
    },
    {
        "AltDown": 1,
        "AltDownAlt": 0,
        "CtrlDown": 0,
        "CtrlDownAlt": 0,
        "CursorType": "CURSOR_GO_TO",
        "Description": "TXT_KEY_INTERFACEMODE_MOVE_TO_ALL",
        "DisabledHelp": null,
        "GotoPlot": 1,
        "Help": "TXT_KEY_INTERFACEMODE_MOVE_TO_ALL_HELP",
        "HighlightPlot": 0,
        "HotKey": "KB_M",
        "HotKeyAlt": null,
        "HotKeyPriority": 0,
        "HotKeyPriorityAlt": 0,
        "ID": 5,
        "IconAtlas": null,
        "IconIndex": -1,
        "Mission": "MISSION_MOVE_TO",
        "OrderPriority": 0,
        "SelectAll": 1,
        "SelectType": 0,
        "ShiftDown": 0,
        "ShiftDownAlt": 0,
        "Type": "INTERFACEMODE_MOVE_TO_ALL",
        "Visible": 1
    },
    {
        "AltDown": 0,
        "AltDownAlt": 0,
        "CtrlDown": 1,
        "CtrlDownAlt": 0,
        "CursorType": "CURSOR_ROUTE_TO",
        "Description": "TXT_KEY_INTERFACEMODE_ROUTE_TO",
        "DisabledHelp": null,
        "GotoPlot": 1,
        "Help": "TXT_KEY_INTERFACEMODE_ROUTE_TO_HELP",
        "HighlightPlot": 0,
        "HotKey": "KB_R",
        "HotKeyAlt": null,
        "HotKeyPriority": 0,
        "HotKeyPriorityAlt": 0,
        "ID": 6,
        "IconAtlas": "UNIT_ACTION_ATLAS",
        "IconIndex": 58,
        "Mission": "MISSION_ROUTE_TO",
        "OrderPriority": 196,
        "SelectAll": 0,
        "SelectType": 0,
        "ShiftDown": 1,
        "ShiftDownAlt": 0,
        "Type": "INTERFACEMODE_ROUTE_TO",
        "Visible": 1
    },
    {
        "AltDown": 0,
        "AltDownAlt": 0,
        "CtrlDown": 0,
        "CtrlDownAlt": 0,
        "CursorType": "CURSOR_AIRLIFT",
        "Description": "TXT_KEY_INTERFACEMODE_AIRLIFT",
        "DisabledHelp": null,
        "GotoPlot": 0,
        "Help": "TXT_KEY_INTERFACEMODE_AIRLIFT_HELP",
        "HighlightPlot": 1,
        "HotKey": "KB_A",
        "HotKeyAlt": null,
        "HotKeyPriority": 0,
        "HotKeyPriorityAlt": 0,
        "ID": 7,
        "IconAtlas": "UNIT_ACTION_ATLAS",
        "IconIndex": 16,
        "Mission": "MISSION_AIRLIFT",
        "OrderPriority": 198,
        "SelectAll": 0,
        "SelectType": 0,
        "ShiftDown": 1,
        "ShiftDownAlt": 0,
        "Type": "INTERFACEMODE_AIRLIFT",
        "Visible": 1
    },
    {
        "AltDown": 0,
        "AltDownAlt": 0,
        "CtrlDown": 0,
        "CtrlDownAlt": 0,
        "CursorType": "CURSOR_NUKE",
        "Description": "TXT_KEY_INTERFACEMODE_NUKE",
        "DisabledHelp": null,
        "GotoPlot": 0,
        "Help": "TXT_KEY_INTERFACEMODE_NUKE_HELP",
        "HighlightPlot": 1,
        "HotKey": "KB_N",
        "HotKeyAlt": null,
        "HotKeyPriority": 1,
        "HotKeyPriorityAlt": 0,
        "ID": 8,
        "IconAtlas": "UNIT_ACTION_ATLAS",
        "IconIndex": 17,
        "Mission": "MISSION_NUKE",
        "OrderPriority": 199,
        "SelectAll": 0,
        "SelectType": 0,
        "ShiftDown": 0,
        "ShiftDownAlt": 0,
        "Type": "INTERFACEMODE_NUKE",
        "Visible": 1
    },
    {
        "AltDown": 0,
        "AltDownAlt": 0,
        "CtrlDown": 0,
        "CtrlDownAlt": 0,
        "CursorType": "CURSOR_PARADROP",
        "Description": "TXT_KEY_INTERFACEMODE_PARADROP",
        "DisabledHelp": null,
        "GotoPlot": 0,
        "Help": "TXT_KEY_INTERFACEMODE_PARADROP_HELP",
        "HighlightPlot": 1,
        "HotKey": "KB_P",
        "HotKeyAlt": null,
        "HotKeyPriority": 0,
        "HotKeyPriorityAlt": 0,
        "ID": 9,
        "IconAtlas": "UNIT_ACTION_ATLAS",
        "IconIndex": 48,
        "Mission": "MISSION_PARADROP",
        "OrderPriority": 198,
        "SelectAll": 0,
        "SelectType": 0,
        "ShiftDown": 0,
        "ShiftDownAlt": 0,
        "Type": "INTERFACEMODE_PARADROP",
        "Visible": 1
    },
    {
        "AltDown": 0,
        "AltDownAlt": 0,
        "CtrlDown": 1,
        "CtrlDownAlt": 0,
        "CursorType": "CURSOR_AIRBOMB",
        "Description": "TXT_KEY_INTERFACEMODE_ATTACK",
        "DisabledHelp": "TXT_KEY_INTERFACEMODE_ATTACK_DISABLED_HELP",
        "GotoPlot": 0,
        "Help": "TXT_KEY_INTERFACEMODE_ATTACK_HELP",
        "HighlightPlot": 1,
        "HotKey": "KB_A",
        "HotKeyAlt": null,
        "HotKeyPriority": 0,
        "HotKeyPriorityAlt": 0,
        "ID": 10,
        "IconAtlas": "UNIT_ACTION_ATLAS",
        "IconIndex": 19,
        "Mission": "MISSION_MOVE_TO",
        "OrderPriority": 198,
        "SelectAll": 0,
        "SelectType": 0,
        "ShiftDown": 0,
        "ShiftDownAlt": 0,
        "Type": "INTERFACEMODE_ATTACK",
        "Visible": 1
    },
    {
        "AltDown": 0,
        "AltDownAlt": 0,
        "CtrlDown": 0,
        "CtrlDownAlt": 0,
        "CursorType": "CURSOR_AIRBOMB",
        "Description": "TXT_KEY_INTERFACEMODE_RANGE_ATTACK",
        "DisabledHelp": null,
        "GotoPlot": 0,
        "Help": "TXT_KEY_INTERFACEMODE_RANGE_ATTACK_HELP",
        "HighlightPlot": 1,
        "HotKey": "KB_B",
        "HotKeyAlt": null,
        "HotKeyPriority": 0,
        "HotKeyPriorityAlt": 0,
        "ID": 11,
        "IconAtlas": "UNIT_ACTION_ATLAS",
        "IconIndex": 13,
        "Mission": "MISSION_RANGE_ATTACK",
        "OrderPriority": 198,
        "SelectAll": 0,
        "SelectType": 0,
        "ShiftDown": 0,
        "ShiftDownAlt": 0,
        "Type": "INTERFACEMODE_RANGE_ATTACK",
        "Visible": 1
    },
    {
        "AltDown": 0,
        "AltDownAlt": 0,
        "CtrlDown": 0,
        "CtrlDownAlt": 0,
        "CursorType": "CURSOR_AIRSTRIKE",
        "Description": "TXT_KEY_INTERFACEMODE_AIRSTRIKE",
        "DisabledHelp": null,
        "GotoPlot": 0,
        "Help": "TXT_KEY_INTERFACEMODE_AIRSTRIKE_HELP",
        "HighlightPlot": 1,
        "HotKey": "KB_S",
        "HotKeyAlt": null,
        "HotKeyPriority": 0,
        "HotKeyPriorityAlt": 0,
        "ID": 12,
        "IconAtlas": "UNIT_ACTION_ATLAS",
        "IconIndex": 13,
        "Mission": "MISSION_MOVE_TO",
        "OrderPriority": 198,
        "SelectAll": 0,
        "SelectType": 0,
        "ShiftDown": 0,
        "ShiftDownAlt": 0,
        "Type": "INTERFACEMODE_AIRSTRIKE",
        "Visible": 1
    },
    {
        "AltDown": 1,
        "AltDownAlt": 0,
        "CtrlDown": 0,
        "CtrlDownAlt": 0,
        "CursorType": "CURSOR_AIRSTRIKE",
        "Description": "TXT_KEY_INTERFACEMODE_AIR_SWEEP",
        "DisabledHelp": null,
        "GotoPlot": 0,
        "Help": "TXT_KEY_INTERFACEMODE_AIR_SWEEP_HELP",
        "HighlightPlot": 1,
        "HotKey": "KB_S",
        "HotKeyAlt": null,
        "HotKeyPriority": 0,
        "HotKeyPriorityAlt": 0,
        "ID": 13,
        "IconAtlas": "UNIT_ACTION_ATLAS",
        "IconIndex": 46,
        "Mission": "MISSION_AIR_SWEEP",
        "OrderPriority": 197,
        "SelectAll": 0,
        "SelectType": 0,
        "ShiftDown": 0,
        "ShiftDownAlt": 0,
        "Type": "INTERFACEMODE_AIR_SWEEP",
        "Visible": 1
    },
    {
        "AltDown": 1,
        "AltDownAlt": 0,
        "CtrlDown": 0,
        "CtrlDownAlt": 0,
        "CursorType": "CURSOR_REBASE",
        "Description": "TXT_KEY_INTERFACEMODE_REBASE",
        "DisabledHelp": null,
        "GotoPlot": 0,
        "Help": "TXT_KEY_INTERFACEMODE_REBASE_HELP",
        "HighlightPlot": 1,
        "HotKey": "KB_R",
        "HotKeyAlt": null,
        "HotKeyPriority": 0,
        "HotKeyPriorityAlt": 0,
        "ID": 14,
        "IconAtlas": "UNIT_ACTION_ATLAS",
        "IconIndex": 20,
        "Mission": "MISSION_REBASE",
        "OrderPriority": 197,
        "SelectAll": 0,
        "SelectType": 0,
        "ShiftDown": 0,
        "ShiftDownAlt": 0,
        "Type": "INTERFACEMODE_REBASE",
        "Visible": 1
    },
    {
        "AltDown": 0,
        "AltDownAlt": 0,
        "CtrlDown": 0,
        "CtrlDownAlt": 0,
        "CursorType": "CURSOR_DEFAULT",
        "Description": "TXT_KEY_INTERFACEMODE_DEBUG",
        "DisabledHelp": null,
        "GotoPlot": 0,
        "Help": null,
        "HighlightPlot": 0,
        "HotKey": null,
        "HotKeyAlt": null,
        "HotKeyPriority": 0,
        "HotKeyPriorityAlt": 0,
        "ID": 15,
        "IconAtlas": null,
        "IconIndex": -1,
        "Mission": null,
        "OrderPriority": 0,
        "SelectAll": 0,
        "SelectType": 0,
        "ShiftDown": 0,
        "ShiftDownAlt": 0,
        "Type": "INTERFACEMODE_PLACE_UNIT",
        "Visible": 0
    },
    {
        "AltDown": 0,
        "AltDownAlt": 0,
        "CtrlDown": 0,
        "CtrlDownAlt": 0,
        "CursorType": "CURSOR_DEFAULT",
        "Description": "TXT_KEY_INTERFACEMODE_EMBARK",
        "DisabledHelp": null,
        "GotoPlot": 0,
        "Help": "TXT_KEY_INTERFACEMODE_EMBARK_HELP",
        "HighlightPlot": 0,
        "HotKey": "KB_K",
        "HotKeyAlt": null,
        "HotKeyPriority": 0,
        "HotKeyPriorityAlt": 0,
        "ID": 16,
        "IconAtlas": "UNIT_ACTION_ATLAS",
        "IconIndex": 14,
        "Mission": "MISSION_EMBARK",
        "OrderPriority": 125,
        "SelectAll": 0,
        "SelectType": 0,
        "ShiftDown": 0,
        "ShiftDownAlt": 0,
        "Type": "INTERFACEMODE_EMBARK",
        "Visible": 1
    },
    {
        "AltDown": 0,
        "AltDownAlt": 0,
        "CtrlDown": 0,
        "CtrlDownAlt": 0,
        "CursorType": "CURSOR_DEFAULT",
        "Description": "TXT_KEY_INTERFACEMODE_DISEMBARK",
        "DisabledHelp": null,
        "GotoPlot": 0,
        "Help": "TXT_KEY_INTERFACEMODE_DISEMBARK_HELP",
        "HighlightPlot": 0,
        "HotKey": "KB_K",
        "HotKeyAlt": null,
        "HotKeyPriority": 0,
        "HotKeyPriorityAlt": 0,
        "ID": 17,
        "IconAtlas": "UNIT_ACTION_ATLAS",
        "IconIndex": 15,
        "Mission": "MISSION_DISEMBARK",
        "OrderPriority": 125,
        "SelectAll": 0,
        "SelectType": 0,
        "ShiftDown": 0,
        "ShiftDownAlt": 0,
        "Type": "INTERFACEMODE_DISEMBARK",
        "Visible": 1
    },
    {
        "AltDown": 0,
        "AltDownAlt": 0,
        "CtrlDown": 0,
        "CtrlDownAlt": 0,
        "CursorType": "CURSOR_GIFT",
        "Description": "TXT_KEY_INTERFACEMODE_GIFT_UNIT",
        "DisabledHelp": null,
        "GotoPlot": 0,
        "Help": "TXT_KEY_INTERFACEMODE_GIFT_UNIT_HELP",
        "HighlightPlot": 0,
        "HotKey": null,
        "HotKeyAlt": null,
        "HotKeyPriority": 0,
        "HotKeyPriorityAlt": 0,
        "ID": 18,
        "IconAtlas": null,
        "IconIndex": -1,
        "Mission": "NONE",
        "OrderPriority": 0,
        "SelectAll": 0,
        "SelectType": 0,
        "ShiftDown": 0,
        "ShiftDownAlt": 0,
        "Type": "INTERFACEMODE_GIFT_UNIT",
        "Visible": 0
    },
    {
        "AltDown": 0,
        "AltDownAlt": 0,
        "CtrlDown": 0,
        "CtrlDownAlt": 0,
        "CursorType": "CURSOR_REBASE",
        "Description": "TXT_KEY_INTERFACEMODE_CITY_PLOT_SELECTION",
        "DisabledHelp": null,
        "GotoPlot": 0,
        "Help": "TXT_KEY_INTERFACEMODE_CITY_PLOT_SELECTION_HELP",
        "HighlightPlot": 0,
        "HotKey": null,
        "HotKeyAlt": null,
        "HotKeyPriority": 0,
        "HotKeyPriorityAlt": 0,
        "ID": 19,
        "IconAtlas": null,
        "IconIndex": -1,
        "Mission": "NONE",
        "OrderPriority": 0,
        "SelectAll": 0,
        "SelectType": 0,
        "ShiftDown": 0,
        "ShiftDownAlt": 0,
        "Type": "INTERFACEMODE_CITY_PLOT_SELECTION",
        "Visible": 0
    },
    {
        "AltDown": 0,
        "AltDownAlt": 0,
        "CtrlDown": 0,
        "CtrlDownAlt": 0,
        "CursorType": "CURSOR_GOLD",
        "Description": "TXT_KEY_INTERFACEMODE_PURCHASE_PLOT",
        "DisabledHelp": null,
        "GotoPlot": 0,
        "Help": "TXT_KEY_INTERFACEMODE_PURCHASE_PLOT",
        "HighlightPlot": 0,
        "HotKey": null,
        "HotKeyAlt": null,
        "HotKeyPriority": 0,
        "HotKeyPriorityAlt": 0,
        "ID": 20,
        "IconAtlas": null,
        "IconIndex": -1,
        "Mission": "NONE",
        "OrderPriority": 0,
        "SelectAll": 0,
        "SelectType": 0,
        "ShiftDown": 0,
        "ShiftDownAlt": 0,
        "Type": "INTERFACEMODE_PURCHASE_PLOT",
        "Visible": 0
    },
    {
        "AltDown": 0,
        "AltDownAlt": 0,
        "CtrlDown": 0,
        "CtrlDownAlt": 0,
        "CursorType": "CURSOR_AIRBOMB",
        "Description": "TXT_KEY_INTERFACEMODE_RANGE_ATTACK",
        "DisabledHelp": null,
        "GotoPlot": 0,
        "Help": "TXT_KEY_INTERFACEMODE_RANGE_ATTACK_HELP",
        "HighlightPlot": 1,
        "HotKey": "KB_B",
        "HotKeyAlt": null,
        "HotKeyPriority": 0,
        "HotKeyPriorityAlt": 0,
        "ID": 21,
        "IconAtlas": "UNIT_ACTION_ATLAS",
        "IconIndex": 13,
        "Mission": "MISSION_RANGE_ATTACK",
        "OrderPriority": 198,
        "SelectAll": 0,
        "SelectType": 0,
        "ShiftDown": 0,
        "ShiftDownAlt": 0,
        "Type": "INTERFACEMODE_CITY_RANGE_ATTACK",
        "Visible": 1
    },
    {
        "AltDown": 0,
        "AltDownAlt": 0,
        "CtrlDown": 0,
        "CtrlDownAlt": 0,
        "CursorType": "CURSOR_GIFT",
        "Description": "TXT_KEY_INTERFACEMODE_GIFT_TILE_IMPROVEMENT",
        "DisabledHelp": null,
        "GotoPlot": 0,
        "Help": "TXT_KEY_INTERFACEMODE_GIFT_TILE_IMPROVEMENT_HELP",
        "HighlightPlot": 0,
        "HotKey": null,
        "HotKeyAlt": null,
        "HotKeyPriority": 0,
        "HotKeyPriorityAlt": 0,
        "ID": 22,
        "IconAtlas": null,
        "IconIndex": -1,
        "Mission": "NONE",
        "OrderPriority": 0,
        "SelectAll": 0,
        "SelectType": 0,
        "ShiftDown": 0,
        "ShiftDownAlt": 0,
        "Type": "INTERFACEMODE_GIFT_TILE_IMPROVEMENT",
        "Visible": 0
    }
]