[
    {
        "ArtDefineTag": "Alexander_Scene.xml",
        "Boldness": 8,
        "Chattiness": 7,
        "Civilopedia": "TXT_KEY_LEADER_ALEXANDER_PEDIA",
        "CivilopediaTag": "TXT_KEY_CIVILOPEDIA_LEADERS_ALEXANDER",
        "DenounceWillingness": 7,
        "Description": "TXT_KEY_LEADER_ALEXANDER",
        "DiploBalance": 3,
        "DoFWillingness": 4,
        "Forgiveness": 5,
        "ID": 0,
        "IconAtlas": "LEADER_ATLAS",
        "Loyalty": 4,
        "Meanness": 7,
        "MinorCivCompetitiveness": 3,
        "Neediness": 4,
        "PackageID": null,
        "PortraitIndex": 9,
        "Type": "LEADER_ALEXANDER",
        "VictoryCompetitiveness": 8,
        "WarmongerHate": 2,
        "WonderCompetitiveness": 7,
        "WorkAgainstWillingness": 0,
        "WorkWithWillingness": 0
    },
    {
        "ArtDefineTag": "Askia_Scene.xml",
        "Boldness": 7,
        "Chattiness": 5,
        "Civilopedia": "TXT_KEY_LEADER_ASKIA_PEDIA",
        "CivilopediaTag": "TXT_KEY_CIVILOPEDIA_LEADERS_ASKIA",
        "DenounceWillingness": 5,
        "Description": "TXT_KEY_LEADER_ASKIA",
        "DiploBalance": 6,
        "DoFWillingness": 6,
        "Forgiveness": 4,
        "ID": 1,
        "IconAtlas": "LEADER_ATLAS",
        "Loyalty": 6,
        "Meanness": 6,
        "MinorCivCompetitiveness": 4,
        "Neediness": 4,
        "PackageID": null,
        "PortraitIndex": 20,
        "Type": "LEADER_ASKIA",
        "VictoryCompetitiveness": 5,
        "WarmongerHate": 4,
        "WonderCompetitiveness": 8,
        "WorkAgainstWillingness": 0,
        "WorkWithWillingness": 0
    },
    {
        "ArtDefineTag": "Augustus_Scene.xml",
        "Boldness": 6,
        "Chattiness": 4,
        "Civilopedia": "TXT_KEY_LEADER_AUGUSTUS_CAESAR_PEDIA",
        "CivilopediaTag": "TXT_KEY_CIVILOPEDIA_LEADERS_AUGUSTUS",
        "DenounceWillingness": 7,
        "Description": "TXT_KEY_LEADER_AUGUSTUS",
        "DiploBalance": 7,
        "DoFWillingness": 5,
        "Forgiveness": 4,
        "ID": 2,
        "IconAtlas": "LEADER_ATLAS",
        "Loyalty": 4,
        "Meanness": 7,
        "MinorCivCompetitiveness": 8,
        "Neediness": 7,
        "PackageID": null,
        "PortraitIndex": 17,
        "Type": "LEADER_AUGUSTUS",
        "VictoryCompetitiveness": 7,
        "WarmongerHate": 4,
        "WonderCompetitiveness": 6,
        "WorkAgainstWillingness": 0,
        "WorkWithWillingness": 0
    },
    {
        "ArtDefineTag": "ART_DEF_LEADER_BARBARIAN",
        "Boldness": 0,
        "Chattiness": 0,
        "Civilopedia": "TXT_KEY_LEADER_BARBARIAN_PEDIA",
        "CivilopediaTag": null,
        "DenounceWillingness": 0,
        "Description": "TXT_KEY_LEADER_BARBARIAN",
        "DiploBalance": 0,
        "DoFWillingness": 0,
        "Forgiveness": 0,
        "ID": 3,
        "IconAtlas": null,
        "Loyalty": 0,
        "Meanness": 0,
        "MinorCivCompetitiveness": 0,
        "Neediness": 0,
        "PackageID": null,
        "PortraitIndex": -1,
        "Type": "LEADER_BARBARIAN",
        "VictoryCompetitiveness": 0,
        "WarmongerHate": 0,
        "WonderCompetitiveness": 0,
        "WorkAgainstWillingness": 0,
        "WorkWithWillingness": 0
    },
    {
        "ArtDefineTag": "Bismark_Scene.xml",
        "Boldness": 4,
        "Chattiness": 5,
        "Civilopedia": "TXT_KEY_LEADER_BISMARCK_PEDIA",
        "CivilopediaTag": "TXT_KEY_CIVILOPEDIA_LEADERS_BISMARCK",
        "DenounceWillingness": 8,
        "Description": "TXT_KEY_LEADER_BISMARCK",
        "DiploBalance": 8,
        "DoFWillingness": 6,
        "Forgiveness": 6,
        "ID": 4,
        "IconAtlas": "LEADER_ATLAS",
        "Loyalty": 6,
        "Meanness": 4,
        "MinorCivCompetitiveness": 7,
        "Neediness": 7,
        "PackageID": null,
        "PortraitIndex": 8,
        "Type": "LEADER_BISMARCK",
        "VictoryCompetitiveness": 7,
        "WarmongerHate": 6,
        "WonderCompetitiveness": 6,
        "WorkAgainstWillingness": 0,
        "WorkWithWillingness": 0
    },
    {
        "ArtDefineTag": "Catherine_Scene.xml",
        "Boldness": 3,
        "Chattiness": 7,
        "Civilopedia": "TXT_KEY_LEADER_CATHERINE_PEDIA",
        "CivilopediaTag": "TXT_KEY_CIVILOPEDIA_LEADERS_CATHERINE",
        "DenounceWillingness": 6,
        "Description": "TXT_KEY_LEADER_CATHERINE",
        "DiploBalance": 6,
        "DoFWillingness": 6,
        "Forgiveness": 4,
        "ID": 5,
        "IconAtlas": "LEADER_ATLAS",
        "Loyalty": 6,
        "Meanness": 4,
        "MinorCivCompetitiveness": 7,
        "Neediness": 6,
        "PackageID": null,
        "PortraitIndex": 18,
        "Type": "LEADER_CATHERINE",
        "VictoryCompetitiveness": 6,
        "WarmongerHate": 5,
        "WonderCompetitiveness": 7,
        "WorkAgainstWillingness": 0,
        "WorkWithWillingness": 0
    },
    {
        "ArtDefineTag": "Darius_Scene.xml",
        "Boldness": 3,
        "Chattiness": 4,
        "Civilopedia": "TXT_KEY_LEADER_DARIUS_PEDIA",
        "CivilopediaTag": "TXT_KEY_CIVILOPEDIA_LEADERS_DARIUS",
        "DenounceWillingness": 4,
        "Description": "TXT_KEY_LEADER_DARIUS",
        "DiploBalance": 5,
        "DoFWillingness": 4,
        "Forgiveness": 3,
        "ID": 6,
        "IconAtlas": "LEADER_ATLAS",
        "Loyalty": 7,
        "Meanness": 4,
        "MinorCivCompetitiveness": 4,
        "Neediness": 6,
        "PackageID": null,
        "PortraitIndex": 16,
        "Type": "LEADER_DARIUS",
        "VictoryCompetitiveness": 7,
        "WarmongerHate": 5,
        "WonderCompetitiveness": 4,
        "WorkAgainstWillingness": 0,
        "WorkWithWillingness": 0
    },
    {
        "ArtDefineTag": "Elizabeth_Scene.xml",
        "Boldness": 4,
        "Chattiness": 5,
        "Civilopedia": "TXT_KEY_LEADER_ELIZABETH_PEDIA",
        "CivilopediaTag": "TXT_KEY_CIVILOPEDIA_LEADERS_ELIZABETH",
        "DenounceWillingness": 6,
        "Description": "TXT_KEY_LEADER_ELIZABETH",
        "DiploBalance": 7,
        "DoFWillingness": 4,
        "Forgiveness": 5,
        "ID": 7,
        "IconAtlas": "LEADER_ATLAS",
        "Loyalty": 5,
        "Meanness": 6,
        "MinorCivCompetitiveness": 8,
        "Neediness": 7,
        "PackageID": null,
        "PortraitIndex": 6,
        "Type": "LEADER_ELIZABETH",
        "VictoryCompetitiveness": 5,
        "WarmongerHate": 7,
        "WonderCompetitiveness": 5,
        "WorkAgainstWillingness": 0,
        "WorkWithWillingness": 0
    },
    {
        "ArtDefineTag": "Gandhi_Scene.xml",
        "Boldness": 2,
        "Chattiness": 6,
        "Civilopedia": "TXT_KEY_LEADER_GANDHI_PEDIA",
        "CivilopediaTag": "TXT_KEY_CIVILOPEDIA_LEADERS_GANDHI",
        "DenounceWillingness": 6,
        "Description": "TXT_KEY_LEADER_GANDHI",
        "DiploBalance": 4,
        "DoFWillingness": 8,
        "Forgiveness": 3,
        "ID": 8,
        "IconAtlas": "LEADER_ATLAS",
        "Loyalty": 7,
        "Meanness": 3,
        "MinorCivCompetitiveness": 3,
        "Neediness": 7,
        "PackageID": null,
        "PortraitIndex": 11,
        "Type": "LEADER_GANDHI",
        "VictoryCompetitiveness": 2,
        "WarmongerHate": 7,
        "WonderCompetitiveness": 3,
        "WorkAgainstWillingness": 0,
        "WorkWithWillingness": 0
    },
    {
        "ArtDefineTag": "Al_Rashid_Scene.xml",
        "Boldness": 3,
        "Chattiness": 5,
        "Civilopedia": "TXT_KEY_LEADER_HARUN_PEDIA",
        "CivilopediaTag": "TXT_KEY_CIVILOPEDIA_LEADERS_HARUN",
        "DenounceWillingness": 3,
        "Description": "TXT_KEY_LEADER_HARUN",
        "DiploBalance": 5,
        "DoFWillingness": 6,
        "Forgiveness": 6,
        "ID": 9,
        "IconAtlas": "LEADER_ATLAS",
        "Loyalty": 6,
        "Meanness": 4,
        "MinorCivCompetitiveness": 4,
        "Neediness": 6,
        "PackageID": null,
        "PortraitIndex": 1,
        "Type": "LEADER_HARUN_AL_RASHID",
        "VictoryCompetitiveness": 4,
        "WarmongerHate": 5,
        "WonderCompetitiveness": 7,
        "WorkAgainstWillingness": 0,
        "WorkWithWillingness": 0
    },
    {
        "ArtDefineTag": "Hiawatha_Scene.xml",
        "Boldness": 2,
        "Chattiness": 3,
        "Civilopedia": "TXT_KEY_LEADER_HIAWATHA_PEDIA",
        "CivilopediaTag": "TXT_KEY_CIVILOPEDIA_LEADERS_HIAWATHA",
        "DenounceWillingness": 4,
        "Description": "TXT_KEY_LEADER_HIAWATHA",
        "DiploBalance": 4,
        "DoFWillingness": 6,
        "Forgiveness": 6,
        "ID": 10,
        "IconAtlas": "LEADER_ATLAS",
        "Loyalty": 7,
        "Meanness": 3,
        "MinorCivCompetitiveness": 3,
        "Neediness": 7,
        "PackageID": null,
        "PortraitIndex": 12,
        "Type": "LEADER_HIAWATHA",
        "VictoryCompetitiveness": 3,
        "WarmongerHate": 6,
        "WonderCompetitiveness": 4,
        "WorkAgainstWillingness": 0,
        "WorkWithWillingness": 0
    },
    {
        "ArtDefineTag": "Montezuma_Scene.xml",
        "Boldness": 9,
        "Chattiness": 4,
        "Civilopedia": "TXT_KEY_LEADER_MONTEZUMA_PEDIA",
        "CivilopediaTag": "TXT_KEY_CIVILOPEDIA_LEADERS_MONTEZUMA",
        "DenounceWillingness": 6,
        "Description": "TXT_KEY_LEADER_MONTEZUMA",
        "DiploBalance": 5,
        "DoFWillingness": 3,
        "Forgiveness": 4,
        "ID": 11,
        "IconAtlas": "LEADER_ATLAS",
        "Loyalty": 4,
        "Meanness": 5,
        "MinorCivCompetitiveness": 5,
        "Neediness": 4,
        "PackageID": null,
        "PortraitIndex": 2,
        "Type": "LEADER_MONTEZUMA",
        "VictoryCompetitiveness": 6,
        "WarmongerHate": 1,
        "WonderCompetitiveness": 2,
        "WorkAgainstWillingness": 0,
        "WorkWithWillingness": 0
    },
    {
        "ArtDefineTag": "Napoleon_Scene.xml",
        "Boldness": 9,
        "Chattiness": 6,
        "Civilopedia": "TXT_KEY_LEADER_NAPOLEON_PEDIA",
        "CivilopediaTag": "TXT_KEY_CIVILOPEDIA_LEADERS_NAPOLEON",
        "DenounceWillingness": 3,
        "Description": "TXT_KEY_LEADER_NAPOLEON",
        "DiploBalance": 3,
        "DoFWillingness": 4,
        "Forgiveness": 7,
        "ID": 12,
        "IconAtlas": "LEADER_ATLAS",
        "Loyalty": 3,
        "Meanness": 6,
        "MinorCivCompetitiveness": 7,
        "Neediness": 4,
        "PackageID": null,
        "PortraitIndex": 7,
        "Type": "LEADER_NAPOLEON",
        "VictoryCompetitiveness": 8,
        "WarmongerHate": 3,
        "WonderCompetitiveness": 6,
        "WorkAgainstWillingness": 0,
        "WorkWithWillingness": 0
    },
    {
        "ArtDefineTag": "OdaNobunaga_Scene.xml",
        "Boldness": 8,
        "Chattiness": 3,
        "Civilopedia": "TXT_KEY_LEADER_ODA_NOBUNAGA_PEDIA",
        "CivilopediaTag": "TXT_KEY_CIVILOPEDIA_LEADERS_ODA",
        "DenounceWillingness": 7,
        "Description": "TXT_KEY_LEADER_ODA_NOBUNAGA",
        "DiploBalance": 7,
        "DoFWillingness": 6,
        "Forgiveness": 5,
        "ID": 13,
        "IconAtlas": "LEADER_ATLAS",
        "Loyalty": 3,
        "Meanness": 4,
        "MinorCivCompetitiveness": 6,
        "Neediness": 6,
        "PackageID": null,
        "PortraitIndex": 13,
        "Type": "LEADER_ODA_NOBUNAGA",
        "VictoryCompetitiveness": 7,
        "WarmongerHate": 6,
        "WonderCompetitiveness": 5,
        "WorkAgainstWillingness": 0,
        "WorkWithWillingness": 0
    },
    {
        "ArtDefineTag": "Ramesses_Scene.xml",
        "Boldness": 5,
        "Chattiness": 4,
        "Civilopedia": "TXT_KEY_LEADER_RAMESSES_II_PEDIA",
        "CivilopediaTag": "TXT_KEY_CIVILOPEDIA_LEADERS_RAMESSES",
        "DenounceWillingness": 4,
        "Description": "TXT_KEY_LEADER_RAMESSES",
        "DiploBalance": 5,
        "DoFWillingness": 6,
        "Forgiveness": 3,
        "ID": 14,
        "IconAtlas": "LEADER_ATLAS",
        "Loyalty": 4,
        "Meanness": 6,
        "MinorCivCompetitiveness": 5,
        "Neediness": 5,
        "PackageID": null,
        "PortraitIndex": 5,
        "Type": "LEADER_RAMESSES",
        "VictoryCompetitiveness": 4,
        "WarmongerHate": 6,
        "WonderCompetitiveness": 9,
        "WorkAgainstWillingness": 0,
        "WorkWithWillingness": 0
    },
    {
        "ArtDefineTag": "Ramkhamaeng_Scene.xml",
        "Boldness": 5,
        "Chattiness": 6,
        "Civilopedia": "TXT_KEY_LEADER_RAMKHAMHAENG_PEDIA",
        "CivilopediaTag": "TXT_KEY_CIVILOPEDIA_LEADERS_RAMKHAMHAENG",
        "DenounceWillingness": 5,
        "Description": "TXT_KEY_LEADER_RAMKHAMHAENG",
        "DiploBalance": 7,
        "DoFWillingness": 6,
        "Forgiveness": 6,
        "ID": 15,
        "IconAtlas": "LEADER_ATLAS",
        "Loyalty": 6,
        "Meanness": 3,
        "MinorCivCompetitiveness": 4,
        "Neediness": 7,
        "PackageID": null,
        "PortraitIndex": 19,
        "Type": "LEADER_RAMKHAMHAENG",
        "VictoryCompetitiveness": 3,
        "WarmongerHate": 8,
        "WonderCompetitiveness": 4,
        "WorkAgainstWillingness": 0,
        "WorkWithWillingness": 0
    },
    {
        "ArtDefineTag": "Sulieman_Scene.xml",
        "Boldness": 8,
        "Chattiness": 6,
        "Civilopedia": "TXT_KEY_LEADER_SULEIMAN_PEDIA",
        "CivilopediaTag": "TXT_KEY_CIVILOPEDIA_LEADERS_SULEIMAN",
        "DenounceWillingness": 7,
        "Description": "TXT_KEY_LEADER_SULEIMAN",
        "DiploBalance": 6,
        "DoFWillingness": 5,
        "Forgiveness": 5,
        "ID": 16,
        "IconAtlas": "LEADER_ATLAS",
        "Loyalty": 5,
        "Meanness": 3,
        "MinorCivCompetitiveness": 6,
        "Neediness": 3,
        "PackageID": null,
        "PortraitIndex": 15,
        "Type": "LEADER_SULEIMAN",
        "VictoryCompetitiveness": 5,
        "WarmongerHate": 4,
        "WonderCompetitiveness": 5,
        "WorkAgainstWillingness": 0,
        "WorkWithWillingness": 0
    },
    {
        "ArtDefineTag": "Washington_Scene.xml",
        "Boldness": 7,
        "Chattiness": 5,
        "Civilopedia": "TXT_KEY_LEADER_WASHINGTON_PEDIA",
        "CivilopediaTag": "TXT_KEY_CIVILOPEDIA_LEADERS_GEORGE",
        "DenounceWillingness": 4,
        "Description": "TXT_KEY_LEADER_WASHINGTON",
        "DiploBalance": 6,
        "DoFWillingness": 6,
        "Forgiveness": 7,
        "ID": 17,
        "IconAtlas": "LEADER_ATLAS",
        "Loyalty": 6,
        "Meanness": 4,
        "MinorCivCompetitiveness": 5,
        "Neediness": 7,
        "PackageID": null,
        "PortraitIndex": 0,
        "Type": "LEADER_WASHINGTON",
        "VictoryCompetitiveness": 4,
        "WarmongerHate": 7,
        "WonderCompetitiveness": 3,
        "WorkAgainstWillingness": 0,
        "WorkWithWillingness": 0
    },
    {
        "ArtDefineTag": "Wu_Scene.xml",
        "Boldness": 7,
        "Chattiness": 6,
        "Civilopedia": "TXT_KEY_LEADER_WU_ZETIAN_PEDIA",
        "CivilopediaTag": "TXT_KEY_CIVILOPEDIA_LEADERS_WUZETIAN",
        "DenounceWillingness": 7,
        "Description": "TXT_KEY_LEADER_WU_ZETIAN",
        "DiploBalance": 6,
        "DoFWillingness": 4,
        "Forgiveness": 4,
        "ID": 18,
        "IconAtlas": "LEADER_ATLAS",
        "Loyalty": 3,
        "Meanness": 7,
        "MinorCivCompetitiveness": 7,
        "Neediness": 6,
        "PackageID": null,
        "PortraitIndex": 4,
        "Type": "LEADER_WU_ZETIAN",
        "VictoryCompetitiveness": 3,
        "WarmongerHate": 5,
        "WonderCompetitiveness": 5,
        "WorkAgainstWillingness": 0,
        "WorkWithWillingness": 0
    },
    {
        "ArtDefineTag": "Genghis_Scene.xml",
        "Boldness": 8,
        "Chattiness": 5,
        "Civilopedia": "TXT_KEY_LEADER_GENGHIS_KHAN_PEDIA",
        "CivilopediaTag": "TXT_KEY_CIV5_GENGHIS",
        "DenounceWillingness": 5,
        "Description": "TXT_KEY_LEADER_GENGHIS_KHAN",
        "DiploBalance": 4,
        "DoFWillingness": 5,
        "Forgiveness": 3,
        "ID": 19,
        "IconAtlas": "GENGHIS_LEADER_ATLAS",
        "Loyalty": 7,
        "Meanness": 6,
        "MinorCivCompetitiveness": 3,
        "Neediness": 5,
        "PackageID": "293C1EE3117644F6AC1F59663826DE74",
        "PortraitIndex": 0,
        "Type": "LEADER_GENGHIS_KHAN",
        "VictoryCompetitiveness": 8,
        "WarmongerHate": 4,
        "WonderCompetitiveness": 4,
        "WorkAgainstWillingness": 0,
        "WorkWithWillingness": 0
    },
    {
        "ArtDefineTag": "Isabella_Scene.xml",
        "Boldness": 5,
        "Chattiness": 5,
        "Civilopedia": "TXT_KEY_LEADER_ISABELLA_PEDIA",
        "CivilopediaTag": "TXT_KEY_CIV5_ISABELLA",
        "DenounceWillingness": 6,
        "Description": "TXT_KEY_LEADER_ISABELLA",
        "DiploBalance": 3,
        "DoFWillingness": 7,
        "Forgiveness": 6,
        "ID": 20,
        "IconAtlas": "ISABELLA_LEADER_ATLAS",
        "Loyalty": 5,
        "Meanness": 4,
        "MinorCivCompetitiveness": 4,
        "Neediness": 7,
        "PackageID": "B685D5DE7CCA4E7581B42F60754E6330",
        "PortraitIndex": 1,
        "Type": "LEADER_ISABELLA",
        "VictoryCompetitiveness": 6,
        "WarmongerHate": 6,
        "WonderCompetitiveness": 4,
        "WorkAgainstWillingness": 0,
        "WorkWithWillingness": 0
    },
    {
        "ArtDefineTag": "Inca_Pachacuti_Scene.xml",
        "Boldness": 4,
        "Chattiness": 7,
        "Civilopedia": "TXT_KEY_LEADER_PACHACUTI_PEDIA",
        "CivilopediaTag": "TXT_KEY_CIV5_PACHACUTI",
        "DenounceWillingness": 5,
        "Description": "TXT_KEY_LEADER_PACHACUTI",
        "DiploBalance": 4,
        "DoFWillingness": 6,
        "Forgiveness": 5,
        "ID": 21,
        "IconAtlas": "PACHACUTI_LEADER_ATLAS",
        "Loyalty": 5,
        "Meanness": 4,
        "MinorCivCompetitiveness": 3,
        "Neediness": 6,
        "PackageID": "B685D5DE7CCA4E7581B42F60754E6330",
        "PortraitIndex": 0,
        "Type": "LEADER_PACHACUTI",
        "VictoryCompetitiveness": 5,
        "WarmongerHate": 5,
        "WonderCompetitiveness": 7,
        "WorkAgainstWillingness": 0,
        "WorkWithWillingness": 0
    },
    {
        "ArtDefineTag": "Polynesia_Kamehameha_Scene.xml",
        "Boldness": 5,
        "Chattiness": 6,
        "Civilopedia": "TXT_KEY_LEADER_KAMEHAMEHA_PEDIA",
        "CivilopediaTag": "TXT_KEY_CIV5_KAMEHAMEHA",
        "DenounceWillingness": 7,
        "Description": "TXT_KEY_LEADER_KAMEHAMEHA",
        "DiploBalance": 4,
        "DoFWillingness": 7,
        "Forgiveness": 6,
        "ID": 22,
        "IconAtlas": "KAMEHAMEHA_LEADER_ATLAS",
        "Loyalty": 7,
        "Meanness": 4,
        "MinorCivCompetitiveness": 5,
        "Neediness": 4,
        "PackageID": "ECF7C605BA114CAC8D80D71306AAC471",
        "PortraitIndex": 0,
        "Type": "LEADER_KAMEHAMEHA",
        "VictoryCompetitiveness": 3,
        "WarmongerHate": 7,
        "WonderCompetitiveness": 3,
        "WorkAgainstWillingness": 0,
        "WorkWithWillingness": 0
    },
    {
        "ArtDefineTag": "Denmark_Bluetooth_Scene.xml",
        "Boldness": 7,
        "Chattiness": 4,
        "Civilopedia": "TXT_KEY_LEADER_HARALD_PEDIA",
        "CivilopediaTag": "TXT_KEY_CIV5_HARALD",
        "DenounceWillingness": 5,
        "Description": "TXT_KEY_LEADER_HARALD",
        "DiploBalance": 4,
        "DoFWillingness": 5,
        "Forgiveness": 5,
        "ID": 23,
        "IconAtlas": "HARALD_LEADER_ATLAS",
        "Loyalty": 7,
        "Meanness": 6,
        "MinorCivCompetitiveness": 5,
        "Neediness": 4,
        "PackageID": "B3030D39C0D84BC791B17AD1CAF585AB",
        "PortraitIndex": 0,
        "Type": "LEADER_HARALD",
        "VictoryCompetitiveness": 3,
        "WarmongerHate": 4,
        "WonderCompetitiveness": 3,
        "WorkAgainstWillingness": 0,
        "WorkWithWillingness": 0
    },
    {
        "ArtDefineTag": "Korea_Sejong_Scene.xml",
        "Boldness": 4,
        "Chattiness": 4,
        "Civilopedia": "TXT_KEY_LEADER_SEJONG_PEDIA",
        "CivilopediaTag": "TXT_KEY_CIV5_SEJONG",
        "DenounceWillingness": 4,
        "Description": "TXT_KEY_LEADER_SEJONG",
        "DiploBalance": 6,
        "DoFWillingness": 7,
        "Forgiveness": 7,
        "ID": 24,
        "IconAtlas": "SEJONG_LEADER_ATLAS",
        "Loyalty": 7,
        "Meanness": 4,
        "MinorCivCompetitiveness": 4,
        "Neediness": 6,
        "PackageID": "112C22B2530842B6B734171CCAB3037B",
        "PortraitIndex": 0,
        "Type": "LEADER_SEJONG",
        "VictoryCompetitiveness": 6,
        "WarmongerHate": 4,
        "WonderCompetitiveness": 6,
        "WorkAgainstWillingness": 0,
        "WorkWithWillingness": 0
    },
    {
        "ArtDefineTag": "NEBUCHADNEZZAR_Scene.xml",
        "Boldness": 5,
        "Chattiness": 6,
        "Civilopedia": "TXT_KEY_LEADER_NEBUCHADNEZZAR_PEDIA",
        "CivilopediaTag": "TXT_KEY_CIV5_NEBUCHADNEZZAR",
        "DenounceWillingness": 6,
        "Description": "TXT_KEY_LEADER_NEBUCHADNEZZAR",
        "DiploBalance": 6,
        "DoFWillingness": 5,
        "Forgiveness": 3,
        "ID": 25,
        "IconAtlas": "NEB_LEADER_ATLAS",
        "Loyalty": 4,
        "Meanness": 7,
        "MinorCivCompetitiveness": 4,
        "Neediness": 3,
        "PackageID": "7459BA32576444AE8E9501AD0E0EFD48",
        "PortraitIndex": 0,
        "Type": "LEADER_NEBUCHADNEZZAR",
        "VictoryCompetitiveness": 6,
        "WarmongerHate": 4,
        "WonderCompetitiveness": 8,
        "WorkAgainstWillingness": 0,
        "WorkWithWillingness": 0
    },
    {
        "ArtDefineTag": "Huns_Attila_Scene.xml",
        "Boldness": 8,
        "Chattiness": 5,
        "Civilopedia": "TXT_KEY_LEADER_ATTILA_PEDIA",
        "CivilopediaTag": "TXT_KEY_CIVILOPEDIA_LEADERS_ATTILA",
        "DenounceWillingness": 6,
        "Description": "TXT_KEY_LEADER_ATTILA",
        "DiploBalance": 4,
        "DoFWillingness": 3,
        "Forgiveness": 4,
        "ID": 26,
        "IconAtlas": "EXPANSION_LEADER_ATLAS",
        "Loyalty": 4,
        "Meanness": 8,
        "MinorCivCompetitiveness": 3,
        "Neediness": 3,
        "PackageID": "0E3751A1F8404E1B9706519BF484E59D",
        "PortraitIndex": 8,
        "Type": "LEADER_ATTILA",
        "VictoryCompetitiveness": 7,
        "WarmongerHate": 3,
        "WonderCompetitiveness": 3,
        "WorkAgainstWillingness": 0,
        "WorkWithWillingness": 0
    },
    {
        "ArtDefineTag": "Celts_Boudicca_Scene.xml",
        "Boldness": 6,
        "Chattiness": 5,
        "Civilopedia": "TXT_KEY_LEADER_BOUDICCA_PEDIA",
        "CivilopediaTag": "TXT_KEY_CIVILOPEDIA_LEADERS_BOUDICCA",
        "DenounceWillingness": 6,
        "Description": "TXT_KEY_LEADER_BOUDICCA",
        "DiploBalance": 4,
        "DoFWillingness": 4,
        "Forgiveness": 3,
        "ID": 27,
        "IconAtlas": "EXPANSION_LEADER_ATLAS",
        "Loyalty": 6,
        "Meanness": 7,
        "MinorCivCompetitiveness": 5,
        "Neediness": 5,
        "PackageID": "0E3751A1F8404E1B9706519BF484E59D",
        "PortraitIndex": 0,
        "Type": "LEADER_BOUDICCA",
        "VictoryCompetitiveness": 6,
        "WarmongerHate": 4,
        "WonderCompetitiveness": 4,
        "WorkAgainstWillingness": 0,
        "WorkWithWillingness": 0
    },
    {
        "ArtDefineTag": "Carthage_Dido.xml",
        "Boldness": 6,
        "Chattiness": 7,
        "Civilopedia": "TXT_KEY_LEADER_DIDO_PEDIA",
        "CivilopediaTag": "TXT_KEY_CIVILOPEDIA_LEADERS_DIDO",
        "DenounceWillingness": 5,
        "Description": "TXT_KEY_LEADER_DIDO",
        "DiploBalance": 5,
        "DoFWillingness": 6,
        "Forgiveness": 5,
        "ID": 28,
        "IconAtlas": "EXPANSION_LEADER_ATLAS",
        "Loyalty": 6,
        "Meanness": 4,
        "MinorCivCompetitiveness": 5,
        "Neediness": 5,
        "PackageID": "0E3751A1F8404E1B9706519BF484E59D",
        "PortraitIndex": 1,
        "Type": "LEADER_DIDO",
        "VictoryCompetitiveness": 7,
        "WarmongerHate": 4,
        "WonderCompetitiveness": 4,
        "WorkAgainstWillingness": 0,
        "WorkWithWillingness": 0
    },
    {
        "ArtDefineTag": "Sweden_Gustavus_Adolphus_Scene.xml",
        "Boldness": 5,
        "Chattiness": 6,
        "Civilopedia": "TXT_KEY_LEADER_GUSTAVUS_ADOLPHUS_PEDIA",
        "CivilopediaTag": "TXT_KEY_CIVILOPEDIA_LEADERS_GUSTAVUS_ADOLPHUS",
        "DenounceWillingness": 5,
        "Description": "TXT_KEY_LEADER_GUSTAVUS_ADOLPHUS",
        "DiploBalance": 7,
        "DoFWillingness": 6,
        "Forgiveness": 6,
        "ID": 29,
        "IconAtlas": "EXPANSION_LEADER_ATLAS",
        "Loyalty": 6,
        "Meanness": 4,
        "MinorCivCompetitiveness": 5,
        "Neediness": 4,
        "PackageID": "0E3751A1F8404E1B9706519BF484E59D",
        "PortraitIndex": 2,
        "Type": "LEADER_GUSTAVUS_ADOLPHUS",
        "VictoryCompetitiveness": 4,
        "WarmongerHate": 5,
        "WonderCompetitiveness": 5,
        "WorkAgainstWillingness": 0,
        "WorkWithWillingness": 0
    },
    {
        "ArtDefineTag": "Austria_Maria_Theresa_Scene.xml",
        "Boldness": 4,
        "Chattiness": 7,
        "Civilopedia": "TXT_KEY_LEADER_MARIA_PEDIA",
        "CivilopediaTag": "TXT_KEY_CIVILOPEDIA_LEADERS_MARIA",
        "DenounceWillingness": 7,
        "Description": "TXT_KEY_LEADER_MARIA",
        "DiploBalance": 5,
        "DoFWillingness": 6,
        "Forgiveness": 4,
        "ID": 30,
        "IconAtlas": "EXPANSION_LEADER_ATLAS",
        "Loyalty": 6,
        "Meanness": 3,
        "MinorCivCompetitiveness": 8,
        "Neediness": 6,
        "PackageID": "0E3751A1F8404E1B9706519BF484E59D",
        "PortraitIndex": 4,
        "Type": "LEADER_MARIA",
        "VictoryCompetitiveness": 4,
        "WarmongerHate": 7,
        "WonderCompetitiveness": 6,
        "WorkAgainstWillingness": 0,
        "WorkWithWillingness": 0
    },
    {
        "ArtDefineTag": "Maya_Pacal_Scene.xml",
        "Boldness": 3,
        "Chattiness": 3,
        "Civilopedia": "TXT_KEY_LEADER_PACAL_PEDIA",
        "CivilopediaTag": "TXT_KEY_CIVILOPEDIA_LEADERS_PACAL",
        "DenounceWillingness": 4,
        "Description": "TXT_KEY_LEADER_PACAL",
        "DiploBalance": 6,
        "DoFWillingness": 6,
        "Forgiveness": 5,
        "ID": 31,
        "IconAtlas": "EXPANSION_LEADER_ATLAS",
        "Loyalty": 6,
        "Meanness": 5,
        "MinorCivCompetitiveness": 4,
        "Neediness": 5,
        "PackageID": "0E3751A1F8404E1B9706519BF484E59D",
        "PortraitIndex": 5,
        "Type": "LEADER_PACAL",
        "VictoryCompetitiveness": 5,
        "WarmongerHate": 6,
        "WonderCompetitiveness": 7,
        "WorkAgainstWillingness": 0,
        "WorkWithWillingness": 0
    },
    {
        "ArtDefineTag": "Byzantium_Theodora_Scene.xml",
        "Boldness": 4,
        "Chattiness": 8,
        "Civilopedia": "TXT_KEY_LEADER_THEODORA_PEDIA",
        "CivilopediaTag": "TXT_KEY_CIVILOPEDIA_LEADERS_THEODORA",
        "DenounceWillingness": 5,
        "Description": "TXT_KEY_LEADER_THEODORA",
        "DiploBalance": 6,
        "DoFWillingness": 7,
        "Forgiveness": 7,
        "ID": 32,
        "IconAtlas": "EXPANSION_LEADER_ATLAS",
        "Loyalty": 4,
        "Meanness": 5,
        "MinorCivCompetitiveness": 6,
        "Neediness": 4,
        "PackageID": "0E3751A1F8404E1B9706519BF484E59D",
        "PortraitIndex": 6,
        "Type": "LEADER_THEODORA",
        "VictoryCompetitiveness": 5,
        "WarmongerHate": 6,
        "WonderCompetitiveness": 7,
        "WorkAgainstWillingness": 0,
        "WorkWithWillingness": 0
    },
    {
        "ArtDefineTag": "Ethiopia_Selassie_Scene.xml",
        "Boldness": 4,
        "Chattiness": 4,
        "Civilopedia": "TXT_KEY_LEADER_SELASSIE_PEDIA",
        "CivilopediaTag": "TXT_KEY_CIVILOPEDIA_LEADERS_SELASSIE",
        "DenounceWillingness": 5,
        "Description": "TXT_KEY_LEADER_SELASSIE",
        "DiploBalance": 6,
        "DoFWillingness": 6,
        "Forgiveness": 6,
        "ID": 33,
        "IconAtlas": "EXPANSION_LEADER_ATLAS",
        "Loyalty": 6,
        "Meanness": 4,
        "MinorCivCompetitiveness": 4,
        "Neediness": 7,
        "PackageID": "0E3751A1F8404E1B9706519BF484E59D",
        "PortraitIndex": 3,
        "Type": "LEADER_SELASSIE",
        "VictoryCompetitiveness": 3,
        "WarmongerHate": 8,
        "WonderCompetitiveness": 5,
        "WorkAgainstWillingness": 0,
        "WorkWithWillingness": 0
    },
    {
        "ArtDefineTag": "Netherlands_William_Scene.xml",
        "Boldness": 4,
        "Chattiness": 4,
        "Civilopedia": "TXT_KEY_LEADER_WILLIAM_PEDIA",
        "CivilopediaTag": "TXT_KEY_CIVILOPEDIA_LEADERS_WILLIAM",
        "DenounceWillingness": 5,
        "Description": "TXT_KEY_LEADER_WILLIAM",
        "DiploBalance": 6,
        "DoFWillingness": 7,
        "Forgiveness": 6,
        "ID": 34,
        "IconAtlas": "EXPANSION_LEADER_ATLAS",
        "Loyalty": 7,
        "Meanness": 5,
        "MinorCivCompetitiveness": 6,
        "Neediness": 5,
        "PackageID": "0E3751A1F8404E1B9706519BF484E59D",
        "PortraitIndex": 7,
        "Type": "LEADER_WILLIAM",
        "VictoryCompetitiveness": 5,
        "WarmongerHate": 6,
        "WonderCompetitiveness": 4,
        "WorkAgainstWillingness": 0,
        "WorkWithWillingness": 0
    },
    {
        "ArtDefineTag": "Morocco_Almansur_Scene.xml",
        "Boldness": 4,
        "Chattiness": 6,
        "Civilopedia": "TXT_KEY_LEADER_AHMAD_ALMANSUR_PEDIA",
        "CivilopediaTag": "TXT_KEY_CIVILOPEDIA_LEADERS_AHMAD_ALMANSUR",
        "DenounceWillingness": 5,
        "Description": "TXT_KEY_LEADER_AHMAD_ALMANSUR",
        "DiploBalance": 5,
        "DoFWillingness": 6,
        "Forgiveness": 5,
        "ID": 35,
        "IconAtlas": "EXPANSION2_LEADER_ATLAS",
        "Loyalty": 6,
        "Meanness": 5,
        "MinorCivCompetitiveness": 5,
        "Neediness": 6,
        "PackageID": "6DA0763641234018B6436575B4EC336B",
        "PortraitIndex": 3,
        "Type": "LEADER_AHMAD_ALMANSUR",
        "VictoryCompetitiveness": 5,
        "WarmongerHate": 5,
        "WonderCompetitiveness": 4,
        "WorkAgainstWillingness": 0,
        "WorkWithWillingness": 0
    },
    {
        "ArtDefineTag": "Assyria_Ashurbanipal_Scene.xml",
        "Boldness": 6,
        "Chattiness": 3,
        "Civilopedia": "TXT_KEY_LEADER_ASHURBANIPAL_PEDIA",
        "CivilopediaTag": "TXT_KEY_CIVILOPEDIA_LEADERS_ASHURBANIPAL",
        "DenounceWillingness": 6,
        "Description": "TXT_KEY_LEADER_ASHURBANIPAL",
        "DiploBalance": 5,
        "DoFWillingness": 5,
        "Forgiveness": 4,
        "ID": 36,
        "IconAtlas": "EXPANSION2_LEADER_ATLAS",
        "Loyalty": 5,
        "Meanness": 5,
        "MinorCivCompetitiveness": 3,
        "Neediness": 4,
        "PackageID": "6DA0763641234018B6436575B4EC336B",
        "PortraitIndex": 0,
        "Type": "LEADER_ASHURBANIPAL",
        "VictoryCompetitiveness": 5,
        "WarmongerHate": 4,
        "WonderCompetitiveness": 5,
        "WorkAgainstWillingness": 0,
        "WorkWithWillingness": 0
    },
    {
        "ArtDefineTag": "Poland_Casimir_Scene.xml",
        "Boldness": 6,
        "Chattiness": 5,
        "Civilopedia": "TXT_KEY_LEADER_CASIMIR_PEDIA",
        "CivilopediaTag": "TXT_KEY_CIVILOPEDIA_LEADERS_CASIMIR",
        "DenounceWillingness": 4,
        "Description": "TXT_KEY_LEADER_CASIMIR",
        "DiploBalance": 6,
        "DoFWillingness": 6,
        "Forgiveness": 5,
        "ID": 37,
        "IconAtlas": "EXPANSION2_LEADER_ATLAS",
        "Loyalty": 7,
        "Meanness": 4,
        "MinorCivCompetitiveness": 6,
        "Neediness": 5,
        "PackageID": "6DA0763641234018B6436575B4EC336B",
        "PortraitIndex": 4,
        "Type": "LEADER_CASIMIR",
        "VictoryCompetitiveness": 5,
        "WarmongerHate": 7,
        "WonderCompetitiveness": 5,
        "WorkAgainstWillingness": 0,
        "WorkWithWillingness": 0
    },
    {
        "ArtDefineTag": "Venice_Dandolo_Scene.xml",
        "Boldness": 3,
        "Chattiness": 7,
        "Civilopedia": "TXT_KEY_LEADER_ENRICO_DANDOLO_PEDIA",
        "CivilopediaTag": "TXT_KEY_CIVILOPEDIA_LEADERS_ENRICO_DANDOLO",
        "DenounceWillingness": 6,
        "Description": "TXT_KEY_LEADER_ENRICO_DANDOLO",
        "DiploBalance": 5,
        "DoFWillingness": 7,
        "Forgiveness": 5,
        "ID": 38,
        "IconAtlas": "EXPANSION2_LEADER_ATLAS",
        "Loyalty": 3,
        "Meanness": 3,
        "MinorCivCompetitiveness": 7,
        "Neediness": 5,
        "PackageID": "6DA0763641234018B6436575B4EC336B",
        "PortraitIndex": 7,
        "Type": "LEADER_ENRICO_DANDOLO",
        "VictoryCompetitiveness": 5,
        "WarmongerHate": 5,
        "WonderCompetitiveness": 3,
        "WorkAgainstWillingness": 0,
        "WorkWithWillingness": 0
    },
    {
        "ArtDefineTag": "Indonesia_Gajah_Scene.xml",
        "Boldness": 6,
        "Chattiness": 4,
        "Civilopedia": "TXT_KEY_LEADER_GAJAH_MADA_PEDIA",
        "CivilopediaTag": "TXT_KEY_CIVILOPEDIA_LEADERS_GAJAH_MADA",
        "DenounceWillingness": 6,
        "Description": "TXT_KEY_LEADER_GAJAH_MADA",
        "DiploBalance": 5,
        "DoFWillingness": 5,
        "Forgiveness": 5,
        "ID": 39,
        "IconAtlas": "EXPANSION2_LEADER_ATLAS",
        "Loyalty": 4,
        "Meanness": 5,
        "MinorCivCompetitiveness": 5,
        "Neediness": 5,
        "PackageID": "6DA0763641234018B6436575B4EC336B",
        "PortraitIndex": 2,
        "Type": "LEADER_GAJAH_MADA",
        "VictoryCompetitiveness": 5,
        "WarmongerHate": 5,
        "WonderCompetitiveness": 4,
        "WorkAgainstWillingness": 0,
        "WorkWithWillingness": 0
    },
    {
        "ArtDefineTag": "Portugal_Maria_Scene.xml",
        "Boldness": 4,
        "Chattiness": 7,
        "Civilopedia": "TXT_KEY_LEADER_MARIA_I_PEDIA",
        "CivilopediaTag": "TXT_KEY_CIVILOPEDIA_LEADERS_MARIA_I",
        "DenounceWillingness": 7,
        "Description": "TXT_KEY_LEADER_MARIA_I",
        "DiploBalance": 5,
        "DoFWillingness": 7,
        "Forgiveness": 5,
        "ID": 40,
        "IconAtlas": "EXPANSION2_LEADER_ATLAS",
        "Loyalty": 5,
        "Meanness": 6,
        "MinorCivCompetitiveness": 6,
        "Neediness": 6,
        "PackageID": "6DA0763641234018B6436575B4EC336B",
        "PortraitIndex": 5,
        "Type": "LEADER_MARIA_I",
        "VictoryCompetitiveness": 5,
        "WarmongerHate": 5,
        "WonderCompetitiveness": 5,
        "WorkAgainstWillingness": 0,
        "WorkWithWillingness": 0
    },
    {
        "ArtDefineTag": "Brazil_Pedro_Scene.xml",
        "Boldness": 4,
        "Chattiness": 5,
        "Civilopedia": "TXT_KEY_LEADER_PEDRO_PEDIA",
        "CivilopediaTag": "TXT_KEY_CIVILOPEDIA_LEADERS_PEDRO",
        "DenounceWillingness": 6,
        "Description": "TXT_KEY_LEADER_PEDRO",
        "DiploBalance": 5,
        "DoFWillingness": 7,
        "Forgiveness": 5,
        "ID": 41,
        "IconAtlas": "EXPANSION2_LEADER_ATLAS",
        "Loyalty": 7,
        "Meanness": 4,
        "MinorCivCompetitiveness": 5,
        "Neediness": 6,
        "PackageID": "6DA0763641234018B6436575B4EC336B",
        "PortraitIndex": 1,
        "Type": "LEADER_PEDRO",
        "VictoryCompetitiveness": 6,
        "WarmongerHate": 6,
        "WonderCompetitiveness": 6,
        "WorkAgainstWillingness": 0,
        "WorkWithWillingness": 0
    },
    {
        "ArtDefineTag": "Shoshone_Pocatello_Scene.xml",
        "Boldness": 5,
        "Chattiness": 5,
        "Civilopedia": "TXT_KEY_LEADER_POCATELLO_PEDIA",
        "CivilopediaTag": "TXT_KEY_CIVILOPEDIA_LEADERS_POCATELLO",
        "DenounceWillingness": 5,
        "Description": "TXT_KEY_LEADER_POCATELLO",
        "DiploBalance": 5,
        "DoFWillingness": 5,
        "Forgiveness": 5,
        "ID": 42,
        "IconAtlas": "EXPANSION2_LEADER_ATLAS",
        "Loyalty": 5,
        "Meanness": 5,
        "MinorCivCompetitiveness": 5,
        "Neediness": 5,
        "PackageID": "6DA0763641234018B6436575B4EC336B",
        "PortraitIndex": 6,
        "Type": "LEADER_POCATELLO",
        "VictoryCompetitiveness": 5,
        "WarmongerHate": 5,
        "WonderCompetitiveness": 5,
        "WorkAgainstWillingness": 0,
        "WorkWithWillingness": 0
    },
    {
        "ArtDefineTag": "Zulu_Shaka_Scene.xml",
        "Boldness": 8,
        "Chattiness": 5,
        "Civilopedia": "TXT_KEY_LEADER_SHAKA_PEDIA",
        "CivilopediaTag": "TXT_KEY_CIVILOPEDIA_LEADERS_SHAKA",
        "DenounceWillingness": 8,
        "Description": "TXT_KEY_LEADER_SHAKA",
        "DiploBalance": 4,
        "DoFWillingness": 4,
        "Forgiveness": 5,
        "ID": 43,
        "IconAtlas": "EXPANSION2_LEADER_ATLAS",
        "Loyalty": 8,
        "Meanness": 8,
        "MinorCivCompetitiveness": 5,
        "Neediness": 5,
        "PackageID": "6DA0763641234018B6436575B4EC336B",
        "PortraitIndex": 8,
        "Type": "LEADER_SHAKA",
        "VictoryCompetitiveness": 8,
        "WarmongerHate": 4,
        "WonderCompetitiveness": 6,
        "WorkAgainstWillingness": 0,
        "WorkWithWillingness": 0
    }
]