[
    {
        "LeaderType": "LEADER_ALEXANDER",
        "TraitType": "TRAIT_CITY_STATE_FRIENDSHIP"
    },
    {
        "LeaderType": "LEADER_ASKIA",
        "TraitType": "TRAIT_AMPHIB_WARLORD"
    },
    {
        "LeaderType": "LEADER_AUGUSTUS",
        "TraitType": "TRAIT_CAPITAL_BUILDINGS_CHEAPER"
    },
    {
        "LeaderType": "LEADER_BISMARCK",
        "TraitType": "TRAIT_CONVERTS_LAND_BARBARIANS"
    },
    {
        "LeaderType": "LEADER_CATHERINE",
        "TraitType": "TRAIT_STRATEGIC_RICHES"
    },
    {
        "LeaderType": "LEADER_DARIUS",
        "TraitType": "TRAIT_ENHANCED_GOLDEN_AGES"
    },
    {
        "LeaderType": "LEADER_ELIZABETH",
        "TraitType": "TRAIT_OCEAN_MOVEMENT"
    },
    {
        "LeaderType": "LEADER_GANDHI",
        "TraitType": "TRAIT_POPULATION_GROWTH"
    },
    {
        "LeaderType": "LEADER_HARUN_AL_RASHID",
        "TraitType": "TRAIT_LAND_TRADE_GOLD"
    },
    {
        "LeaderType": "LEADER_HIAWATHA",
        "TraitType": "TRAIT_IGNORE_TERRAIN_IN_FOREST"
    },
    {
        "LeaderType": "LEADER_MONTEZUMA",
        "TraitType": "TRAIT_CULTURE_FROM_KILLS"
    },
    {
        "LeaderType": "LEADER_NAPOLEON",
        "TraitType": "TRAIT_ENHANCED_CULTURE"
    },
    {
        "LeaderType": "LEADER_ODA_NOBUNAGA",
        "TraitType": "TRAIT_FIGHT_WELL_DAMAGED"
    },
    {
        "LeaderType": "LEADER_RAMESSES",
        "TraitType": "TRAIT_WONDER_BUILDER"
    },
    {
        "LeaderType": "LEADER_RAMKHAMHAENG",
        "TraitType": "TRAIT_CITY_STATE_BONUSES"
    },
    {
        "LeaderType": "LEADER_SULEIMAN",
        "TraitType": "TRAIT_CONVERTS_SEA_BARBARIANS"
    },
    {
        "LeaderType": "LEADER_WASHINGTON",
        "TraitType": "TRAIT_RIVER_EXPANSION"
    },
    {
        "LeaderType": "LEADER_WU_ZETIAN",
        "TraitType": "TRAIT_ART_OF_WAR"
    },
    {
        "LeaderType": "LEADER_GENGHIS_KHAN",
        "TraitType": "TRAIT_TERROR"
    },
    {
        "LeaderType": "LEADER_PACHACUTI",
        "TraitType": "TRAIT_GREAT_ANDEAN_ROAD"
    },
    {
        "LeaderType": "LEADER_KAMEHAMEHA",
        "TraitType": "TRAIT_WAYFINDING"
    },
    {
        "LeaderType": "LEADER_HARALD",
        "TraitType": "TRAIT_VIKING_FURY"
    },
    {
        "LeaderType": "LEADER_SEJONG",
        "TraitType": "TRAIT_SCHOLARS_JADE_HALL"
    },
    {
        "LeaderType": "LEADER_NEBUCHADNEZZAR",
        "TraitType": "TRAIT_INGENIOUS"
    },
    {
        "LeaderType": "LEADER_ISABELLA",
        "TraitType": "TRAIT_SEVEN_CITIES"
    },
    {
        "LeaderType": "LEADER_ATTILA",
        "TraitType": "TRAIT_RAZE_AND_HORSES"
    },
    {
        "LeaderType": "LEADER_BOUDICCA",
        "TraitType": "TRAIT_FAITH_FROM_NATURE"
    },
    {
        "LeaderType": "LEADER_DIDO",
        "TraitType": "TRAIT_PHOENICIAN_HERITAGE"
    },
    {
        "LeaderType": "LEADER_GUSTAVUS_ADOLPHUS",
        "TraitType": "TRAIT_DIPLOMACY_GREAT_PEOPLE"
    },
    {
        "LeaderType": "LEADER_MARIA",
        "TraitType": "TRAIT_ANNEX_CITY_STATE"
    },
    {
        "LeaderType": "LEADER_PACAL",
        "TraitType": "TRAIT_LONG_COUNT"
    },
    {
        "LeaderType": "LEADER_THEODORA",
        "TraitType": "TRAIT_EXTRA_BELIEF"
    },
    {
        "LeaderType": "LEADER_WILLIAM",
        "TraitType": "TRAIT_LUXURY_RETENTION"
    },
    {
        "LeaderType": "LEADER_SELASSIE",
        "TraitType": "TRAIT_BONUS_AGAINST_TECH"
    },
    {
        "LeaderType": "LEADER_AHMAD_ALMANSUR",
        "TraitType": "TRAIT_GATEWAY_AFRICA"
    },
    {
        "LeaderType": "LEADER_ASHURBANIPAL",
        "TraitType": "TRAIT_SLAYER_OF_TIAMAT"
    },
    {
        "LeaderType": "LEADER_CASIMIR",
        "TraitType": "TRAIT_SOLIDARITY"
    },
    {
        "LeaderType": "LEADER_ENRICO_DANDOLO",
        "TraitType": "TRAIT_SUPER_CITY_STATE"
    },
    {
        "LeaderType": "LEADER_GAJAH_MADA",
        "TraitType": "TRAIT_SPICE"
    },
    {
        "LeaderType": "LEADER_MARIA_I",
        "TraitType": "TRAIT_EXTRA_TRADE"
    },
    {
        "LeaderType": "LEADER_PEDRO",
        "TraitType": "TRAIT_CARNIVAL"
    },
    {
        "LeaderType": "LEADER_POCATELLO",
        "TraitType": "TRAIT_GREAT_EXPANSE"
    },
    {
        "LeaderType": "LEADER_SHAKA",
        "TraitType": "TRAIT_BUFFALO_HORNS"
    }
]