[
    {
        "BaseBeakersTurnsToCount": 4,
        "Building": null,
        "CityStateInfluenceBoost": 0,
        "CultureBonusTurns": 0,
        "Description": "TXT_KEY_LEAGUE_PROJECT_REWARD_ISS_1",
        "FreeSocialPolicies": 0,
        "FreeUnitClass": null,
        "GoldenAgePoints": 0,
        "Happiness": 0,
        "Help": "TXT_KEY_LEAGUE_PROJECT_REWARD_ISS_1_HELP",
        "ID": 0,
        "TourismBonusTurns": 0,
        "Type": "LEAGUE_PROJECT_REWARD_ISS_1"
    },
    {
        "BaseBeakersTurnsToCount": 0,
        "Building": null,
        "CityStateInfluenceBoost": 0,
        "CultureBonusTurns": 0,
        "Description": "TXT_KEY_LEAGUE_PROJECT_REWARD_ISS_2",
        "FreeSocialPolicies": 0,
        "FreeUnitClass": "UNITCLASS_SCIENTIST",
        "GoldenAgePoints": 0,
        "Happiness": 0,
        "Help": "TXT_KEY_LEAGUE_PROJECT_REWARD_ISS_2_HELP",
        "ID": 1,
        "TourismBonusTurns": 0,
        "Type": "LEAGUE_PROJECT_REWARD_ISS_2"
    },
    {
        "BaseBeakersTurnsToCount": 0,
        "Building": "BUILDING_INTERNATIONAL_SPACE_STATION",
        "CityStateInfluenceBoost": 0,
        "CultureBonusTurns": 0,
        "Description": "TXT_KEY_LEAGUE_PROJECT_REWARD_ISS_3",
        "FreeSocialPolicies": 0,
        "FreeUnitClass": null,
        "GoldenAgePoints": 0,
        "Happiness": 0,
        "Help": "TXT_KEY_LEAGUE_PROJECT_REWARD_ISS_3_HELP",
        "ID": 2,
        "TourismBonusTurns": 0,
        "Type": "LEAGUE_PROJECT_REWARD_ISS_3"
    },
    {
        "BaseBeakersTurnsToCount": 0,
        "Building": null,
        "CityStateInfluenceBoost": 0,
        "CultureBonusTurns": 0,
        "Description": "TXT_KEY_LEAGUE_PROJECT_REWARD_WORLD_FAIR_1",
        "FreeSocialPolicies": 0,
        "FreeUnitClass": null,
        "GoldenAgePoints": 500,
        "Happiness": 0,
        "Help": "TXT_KEY_LEAGUE_PROJECT_REWARD_WORLD_FAIR_1_HELP",
        "ID": 3,
        "TourismBonusTurns": 0,
        "Type": "LEAGUE_PROJECT_REWARD_WORLD_FAIR_1"
    },
    {
        "BaseBeakersTurnsToCount": 0,
        "Building": null,
        "CityStateInfluenceBoost": 0,
        "CultureBonusTurns": 0,
        "Description": "TXT_KEY_LEAGUE_PROJECT_REWARD_WORLD_FAIR_2",
        "FreeSocialPolicies": 1,
        "FreeUnitClass": null,
        "GoldenAgePoints": 0,
        "Happiness": 0,
        "Help": "TXT_KEY_LEAGUE_PROJECT_REWARD_WORLD_FAIR_2_HELP",
        "ID": 4,
        "TourismBonusTurns": 0,
        "Type": "LEAGUE_PROJECT_REWARD_WORLD_FAIR_2"
    },
    {
        "BaseBeakersTurnsToCount": 0,
        "Building": null,
        "CityStateInfluenceBoost": 0,
        "CultureBonusTurns": 20,
        "Description": "TXT_KEY_LEAGUE_PROJECT_REWARD_WORLD_FAIR_3",
        "FreeSocialPolicies": 0,
        "FreeUnitClass": null,
        "GoldenAgePoints": 0,
        "Happiness": 0,
        "Help": "TXT_KEY_LEAGUE_PROJECT_REWARD_WORLD_FAIR_3_HELP",
        "ID": 5,
        "TourismBonusTurns": 0,
        "Type": "LEAGUE_PROJECT_REWARD_WORLD_FAIR_3"
    },
    {
        "BaseBeakersTurnsToCount": 0,
        "Building": null,
        "CityStateInfluenceBoost": 0,
        "CultureBonusTurns": 0,
        "Description": "TXT_KEY_LEAGUE_PROJECT_REWARD_WORLD_GAMES_1",
        "FreeSocialPolicies": 0,
        "FreeUnitClass": null,
        "GoldenAgePoints": 0,
        "Happiness": 3,
        "Help": "TXT_KEY_LEAGUE_PROJECT_REWARD_WORLD_GAMES_1_HELP",
        "ID": 6,
        "TourismBonusTurns": 0,
        "Type": "LEAGUE_PROJECT_REWARD_WORLD_GAMES_1"
    },
    {
        "BaseBeakersTurnsToCount": 0,
        "Building": null,
        "CityStateInfluenceBoost": 30,
        "CultureBonusTurns": 0,
        "Description": "TXT_KEY_LEAGUE_PROJECT_REWARD_WORLD_GAMES_2",
        "FreeSocialPolicies": 0,
        "FreeUnitClass": null,
        "GoldenAgePoints": 0,
        "Happiness": 3,
        "Help": "TXT_KEY_LEAGUE_PROJECT_REWARD_WORLD_GAMES_2_HELP",
        "ID": 7,
        "TourismBonusTurns": 0,
        "Type": "LEAGUE_PROJECT_REWARD_WORLD_GAMES_2"
    },
    {
        "BaseBeakersTurnsToCount": 0,
        "Building": null,
        "CityStateInfluenceBoost": 0,
        "CultureBonusTurns": 0,
        "Description": "TXT_KEY_LEAGUE_PROJECT_REWARD_WORLD_GAMES_3",
        "FreeSocialPolicies": 1,
        "FreeUnitClass": null,
        "GoldenAgePoints": 0,
        "Happiness": 0,
        "Help": "TXT_KEY_LEAGUE_PROJECT_REWARD_WORLD_GAMES_3_HELP",
        "ID": 8,
        "TourismBonusTurns": 20,
        "Type": "LEAGUE_PROJECT_REWARD_WORLD_GAMES_3"
    }
]