[
    {
        "ID": 0,
        "Type": "MAJOR_CIV_APPROACH_WAR"
    },
    {
        "ID": 1,
        "Type": "MAJOR_CIV_APPROACH_HOSTILE"
    },
    {
        "ID": 2,
        "Type": "MAJOR_CIV_APPROACH_DECEPTIVE"
    },
    {
        "ID": 3,
        "Type": "MAJOR_CIV_APPROACH_GUARDED"
    },
    {
        "ID": 4,
        "Type": "MAJOR_CIV_APPROACH_AFRAID"
    },
    {
        "ID": 5,
        "Type": "MAJOR_CIV_APPROACH_FRIENDLY"
    },
    {
        "ID": 6,
        "Type": "MAJOR_CIV_APPROACH_NEUTRAL"
    }
]