[
    {
        "DefaultCityStates": null,
        "Description": "TXT_KEY_MAP_ARCHIPELAGO_HELP",
        "FileName": "Assets\\Maps\\Archipelago.lua",
        "FolderType": null,
        "Hidden": 0,
        "IconAtlas": "WORLDTYPE_ATLAS",
        "IconIndex": 2,
        "IsAdvancedMap": 0,
        "Name": "TXT_KEY_MAP_ARCHIPELAGO",
        "SupportsMultiplayer": 1,
        "SupportsSinglePlayer": 1
    },
    {
        "DefaultCityStates": null,
        "Description": "TXT_KEY_MAP_CONTINENTS_HELP",
        "FileName": "Assets\\Maps\\Continents.lua",
        "FolderType": null,
        "Hidden": 0,
        "IconAtlas": "WORLDTYPE_ATLAS",
        "IconIndex": 1,
        "IsAdvancedMap": 0,
        "Name": "TXT_KEY_MAP_CONTINENTS",
        "SupportsMultiplayer": 1,
        "SupportsSinglePlayer": 1
    },
    {
        "DefaultCityStates": null,
        "Description": "TXT_KEY_MAP_FOUR_CORNERS_HELP",
        "FileName": "Assets\\Maps\\Four_Corners.lua",
        "FolderType": null,
        "Hidden": 0,
        "IconAtlas": "WORLDTYPE_ATLAS",
        "IconIndex": 8,
        "IsAdvancedMap": 1,
        "Name": "TXT_KEY_MAP_FOUR_CORNERS",
        "SupportsMultiplayer": 1,
        "SupportsSinglePlayer": 1
    },
    {
        "DefaultCityStates": null,
        "Description": "TXT_KEY_MAP_FRACTAL_HELP",
        "FileName": "Assets\\Maps\\Fractal.lua",
        "FolderType": null,
        "Hidden": 0,
        "IconAtlas": "WORLDTYPE_ATLAS",
        "IconIndex": 5,
        "IsAdvancedMap": 1,
        "Name": "TXT_KEY_MAP_FRACTAL",
        "SupportsMultiplayer": 1,
        "SupportsSinglePlayer": 1
    },
    {
        "DefaultCityStates": null,
        "Description": "TXT_KEY_MAP_GREAT_PLAINS_HELP",
        "FileName": "Assets\\Maps\\Great_Plains.lua",
        "FolderType": null,
        "Hidden": 0,
        "IconAtlas": "WORLDTYPE_ATLAS_3",
        "IconIndex": 21,
        "IsAdvancedMap": 1,
        "Name": "TXT_KEY_MAP_GREAT_PLAINS",
        "SupportsMultiplayer": 1,
        "SupportsSinglePlayer": 1
    },
    {
        "DefaultCityStates": null,
        "Description": "TXT_KEY_MAP_HIGHLANDS_HELP",
        "FileName": "Assets\\Maps\\Highlands.lua",
        "FolderType": null,
        "Hidden": 0,
        "IconAtlas": "WORLDTYPE_ATLAS",
        "IconIndex": 10,
        "IsAdvancedMap": 0,
        "Name": "TXT_KEY_MAP_HIGHLANDS",
        "SupportsMultiplayer": 1,
        "SupportsSinglePlayer": 1
    },
    {
        "DefaultCityStates": null,
        "Description": "TXT_KEY_MAP_ICE_AGE_HELP",
        "FileName": "Assets\\Maps\\Ice_Age.lua",
        "FolderType": null,
        "Hidden": 0,
        "IconAtlas": "WORLDTYPE_ATLAS_3",
        "IconIndex": 22,
        "IsAdvancedMap": 0,
        "Name": "TXT_KEY_MAP_ICE_AGE",
        "SupportsMultiplayer": 1,
        "SupportsSinglePlayer": 1
    },
    {
        "DefaultCityStates": null,
        "Description": "TXT_KEY_MAP_INLAND_SEA_HELP",
        "FileName": "Assets\\Maps\\InlandSea.lua",
        "FolderType": null,
        "Hidden": 0,
        "IconAtlas": "WORLDTYPE_ATLAS",
        "IconIndex": 12,
        "IsAdvancedMap": 0,
        "Name": "TXT_KEY_MAP_INLAND_SEA",
        "SupportsMultiplayer": 1,
        "SupportsSinglePlayer": 1
    },
    {
        "DefaultCityStates": null,
        "Description": "TXT_KEY_MAP_LAKES_HELP",
        "FileName": "Assets\\Maps\\Lakes.lua",
        "FolderType": null,
        "Hidden": 0,
        "IconAtlas": "WORLDTYPE_ATLAS",
        "IconIndex": 13,
        "IsAdvancedMap": 0,
        "Name": "TXT_KEY_MAP_LAKES",
        "SupportsMultiplayer": 1,
        "SupportsSinglePlayer": 1
    },
    {
        "DefaultCityStates": null,
        "Description": "TXT_KEY_MAP_NORTH_VS_SOUTH_HELP",
        "FileName": "Assets\\Maps\\North_vs_South.lua",
        "FolderType": null,
        "Hidden": 0,
        "IconAtlas": "WORLDTYPE_ATLAS",
        "IconIndex": 14,
        "IsAdvancedMap": 1,
        "Name": "TXT_KEY_MAP_NORTH_VS_SOUTH",
        "SupportsMultiplayer": 1,
        "SupportsSinglePlayer": 1
    },
    {
        "DefaultCityStates": null,
        "Description": "TXT_KEY_MAP_OVAL_HELP",
        "FileName": "Assets\\Maps\\Oval.lua",
        "FolderType": null,
        "Hidden": 0,
        "IconAtlas": "WORLDTYPE_ATLAS",
        "IconIndex": 15,
        "IsAdvancedMap": 0,
        "Name": "TXT_KEY_MAP_OVAL",
        "SupportsMultiplayer": 1,
        "SupportsSinglePlayer": 1
    },
    {
        "DefaultCityStates": null,
        "Description": "TXT_KEY_MAP_PANGAEA_HELP",
        "FileName": "Assets\\Maps\\Pangaea.lua",
        "FolderType": null,
        "Hidden": 0,
        "IconAtlas": "WORLDTYPE_ATLAS",
        "IconIndex": 0,
        "IsAdvancedMap": 0,
        "Name": "TXT_KEY_MAP_PANGAEA",
        "SupportsMultiplayer": 1,
        "SupportsSinglePlayer": 1
    },
    {
        "DefaultCityStates": 5,
        "Description": "TXT_KEY_MAP_RING_HELP",
        "FileName": "Assets\\Maps\\Ring.lua",
        "FolderType": null,
        "Hidden": 0,
        "IconAtlas": "WORLDTYPE_ATLAS_2",
        "IconIndex": 2,
        "IsAdvancedMap": 1,
        "Name": "TXT_KEY_MAP_RING",
        "SupportsMultiplayer": 1,
        "SupportsSinglePlayer": 1
    },
    {
        "DefaultCityStates": 0,
        "Description": "TXT_KEY_MAP_SKIRMISH_HELP",
        "FileName": "Assets\\Maps\\Skirmish.lua",
        "FolderType": null,
        "Hidden": 0,
        "IconAtlas": "WORLDTYPE_ATLAS_2",
        "IconIndex": 0,
        "IsAdvancedMap": 1,
        "Name": "TXT_KEY_MAP_SKIRMISH",
        "SupportsMultiplayer": 1,
        "SupportsSinglePlayer": 1
    },
    {
        "DefaultCityStates": null,
        "Description": "TXT_KEY_MAP_SMALL_CONTINENTS_HELP",
        "FileName": "Assets\\Maps\\SmallContinents.lua",
        "FolderType": null,
        "Hidden": 0,
        "IconAtlas": "WORLDTYPE_ATLAS",
        "IconIndex": 1,
        "IsAdvancedMap": 0,
        "Name": "TXT_KEY_MAP_SMALL_CONTINENTS",
        "SupportsMultiplayer": 1,
        "SupportsSinglePlayer": 1
    },
    {
        "DefaultCityStates": null,
        "Description": "TXT_KEY_MAP_TERRA_HELP",
        "FileName": "Assets\\Maps\\Terra.lua",
        "FolderType": null,
        "Hidden": 0,
        "IconAtlas": "WORLDTYPE_ATLAS",
        "IconIndex": 3,
        "IsAdvancedMap": 0,
        "Name": "TXT_KEY_MAP_TERRA",
        "SupportsMultiplayer": 1,
        "SupportsSinglePlayer": 1
    },
    {
        "DefaultCityStates": null,
        "Description": "TXT_KEY_MAP_TINY_ISLANDS_HELP",
        "FileName": "Assets\\Maps\\TinyIslands.lua",
        "FolderType": null,
        "Hidden": 0,
        "IconAtlas": "WORLDTYPE_ATLAS",
        "IconIndex": 17,
        "IsAdvancedMap": 0,
        "Name": "TXT_KEY_MAP_TINY_ISLANDS",
        "SupportsMultiplayer": 1,
        "SupportsSinglePlayer": 1
    },
    {
        "DefaultCityStates": null,
        "Description": "TXT_KEY_MAP_WEST_VS_EAST_HELP",
        "FileName": "Assets\\Maps\\West_vs_East.lua",
        "FolderType": null,
        "Hidden": 0,
        "IconAtlas": "WORLDTYPE_ATLAS",
        "IconIndex": 18,
        "IsAdvancedMap": 1,
        "Name": "TXT_KEY_MAP_WEST_VS_EAST",
        "SupportsMultiplayer": 1,
        "SupportsSinglePlayer": 1
    },
    {
        "DefaultCityStates": null,
        "Description": "TXT_KEY_MAP_AMAZON_HELP",
        "FileName": "Assets\\DLC\\DLC_SP_Maps\\Maps\\Amazon.lua",
        "FolderType": "MAP_FOLDER_SP_DLC_1",
        "Hidden": 0,
        "IconAtlas": "WORLDTYPE_ATLAS_3",
        "IconIndex": 7,
        "IsAdvancedMap": 1,
        "Name": "TXT_KEY_MAP_AMAZON",
        "SupportsMultiplayer": 1,
        "SupportsSinglePlayer": 1
    },
    {
        "DefaultCityStates": null,
        "Description": "TXT_KEY_MAP_CONTINENTS_PLUS_HELP",
        "FileName": "Assets\\DLC\\DLC_SP_Maps\\Maps\\ContinentsPlus.lua",
        "FolderType": "MAP_FOLDER_SP_DLC_1",
        "Hidden": 0,
        "IconAtlas": "WORLDTYPE_ATLAS",
        "IconIndex": 1,
        "IsAdvancedMap": 0,
        "Name": "TXT_KEY_MAP_CONTINENTS_PLUS",
        "SupportsMultiplayer": 1,
        "SupportsSinglePlayer": 1
    },
    {
        "DefaultCityStates": null,
        "Description": "TXT_KEY_MAP_DONUT_HELP",
        "FileName": "Assets\\DLC\\DLC_SP_Maps\\Maps\\Donut.lua",
        "FolderType": "MAP_FOLDER_SP_DLC_1",
        "Hidden": 0,
        "IconAtlas": "WORLDTYPE_ATLAS_3",
        "IconIndex": 18,
        "IsAdvancedMap": 1,
        "Name": "TXT_KEY_MAP_DONUT",
        "SupportsMultiplayer": 1,
        "SupportsSinglePlayer": 1
    },
    {
        "DefaultCityStates": null,
        "Description": "TXT_KEY_MAP_PANGAEA_PLUS_HELP",
        "FileName": "Assets\\DLC\\DLC_SP_Maps\\Maps\\PangaeaPlus.lua",
        "FolderType": "MAP_FOLDER_SP_DLC_1",
        "Hidden": 0,
        "IconAtlas": "WORLDTYPE_ATLAS",
        "IconIndex": 0,
        "IsAdvancedMap": 0,
        "Name": "TXT_KEY_MAP_PANGAEA_PLUS",
        "SupportsMultiplayer": 1,
        "SupportsSinglePlayer": 1
    },
    {
        "DefaultCityStates": null,
        "Description": "TXT_KEY_MAP_SANDSTORM_HELP",
        "FileName": "Assets\\DLC\\DLC_SP_Maps\\Maps\\Sandstorm.lua",
        "FolderType": "MAP_FOLDER_SP_DLC_1",
        "Hidden": 0,
        "IconAtlas": "WORLDTYPE_ATLAS_3",
        "IconIndex": 14,
        "IsAdvancedMap": 1,
        "Name": "TXT_KEY_MAP_SANDSTORM",
        "SupportsMultiplayer": 1,
        "SupportsSinglePlayer": 1
    },
    {
        "DefaultCityStates": null,
        "Description": "TXT_KEY_CW_MAP_PACK_OCEANIA_DESC",
        "FileName": "Assets\\DLC\\DLC_SP_Maps_2\\Maps\\Script_Oceania.lua",
        "FolderType": "MAP_FOLDER_SP_DLC_2",
        "Hidden": 0,
        "IconAtlas": "WORLDTYPE_ATLAS",
        "IconIndex": 17,
        "IsAdvancedMap": 0,
        "Name": "TXT_KEY_CW_MAP_PACK_OCEANIA",
        "SupportsMultiplayer": 1,
        "SupportsSinglePlayer": 1
    },
    {
        "DefaultCityStates": null,
        "Description": "TXT_KEY_CW_MAP_PACK_SMALL_CONT_PLUS_DESC",
        "FileName": "Assets\\DLC\\DLC_SP_Maps_2\\Maps\\Script_Small_Continents_Plus.lua",
        "FolderType": "MAP_FOLDER_SP_DLC_2",
        "Hidden": 0,
        "IconAtlas": "WORLDTYPE_ATLAS",
        "IconIndex": 1,
        "IsAdvancedMap": 0,
        "Name": "TXT_KEY_CW_MAP_PACK_SMALL_CONT_PLUS",
        "SupportsMultiplayer": 1,
        "SupportsSinglePlayer": 1
    },
    {
        "DefaultCityStates": null,
        "Description": "TXT_KEY_CW_MAP_PACK_CHINA_DESC",
        "FileName": "Assets\\DLC\\DLC_SP_Maps_3\\Maps\\Script_Random_China.lua",
        "FolderType": "MAP_FOLDER_SP_DLC_3",
        "Hidden": 0,
        "IconAtlas": "WORLDTYPE_ATLAS_3",
        "IconIndex": 26,
        "IsAdvancedMap": 1,
        "Name": "TXT_KEY_CW_MAP_PACK_CHINA",
        "SupportsMultiplayer": 1,
        "SupportsSinglePlayer": 1
    },
    {
        "DefaultCityStates": null,
        "Description": "TXT_KEY_MAP_AMAZON_HELP",
        "FileName": "Assets\\DLC\\Expansion\\Maps\\Amazon_XP.lua",
        "FolderType": null,
        "Hidden": 0,
        "IconAtlas": "WORLDTYPE_ATLAS_3",
        "IconIndex": 7,
        "IsAdvancedMap": 1,
        "Name": "TXT_KEY_MAP_AMAZON_XP",
        "SupportsMultiplayer": 1,
        "SupportsSinglePlayer": 1
    },
    {
        "DefaultCityStates": null,
        "Description": "TXT_KEY_MAP_ARBOREA_HELP",
        "FileName": "Assets\\DLC\\Expansion\\Maps\\Arborea.lua",
        "FolderType": null,
        "Hidden": 0,
        "IconAtlas": "WORLDTYPE_ATLAS",
        "IconIndex": 1,
        "IsAdvancedMap": 0,
        "Name": "TXT_KEY_MAP_ARBOREA",
        "SupportsMultiplayer": 1,
        "SupportsSinglePlayer": 1
    },
    {
        "DefaultCityStates": null,
        "Description": "TXT_KEY_MAP_BOREAL_HELP",
        "FileName": "Assets\\DLC\\Expansion\\Maps\\Boreal.lua",
        "FolderType": null,
        "Hidden": 0,
        "IconAtlas": "WORLDTYPE_ATLAS",
        "IconIndex": 0,
        "IsAdvancedMap": 0,
        "Name": "TXT_KEY_MAP_BOREAL",
        "SupportsMultiplayer": 1,
        "SupportsSinglePlayer": 1
    },
    {
        "DefaultCityStates": null,
        "Description": "TXT_KEY_MAP_EUROPE_HELP",
        "FileName": "Assets\\DLC\\Expansion\\Maps\\Europe.lua",
        "FolderType": null,
        "Hidden": 0,
        "IconAtlas": "WORLDTYPE_ATLAS_3",
        "IconIndex": 6,
        "IsAdvancedMap": 0,
        "Name": "TXT_KEY_MAP_EUROPE",
        "SupportsMultiplayer": 1,
        "SupportsSinglePlayer": 1
    },
    {
        "DefaultCityStates": null,
        "Description": "TXT_KEY_MAP_FRONTIER_HELP",
        "FileName": "Assets\\DLC\\Expansion\\Maps\\Frontier.lua",
        "FolderType": null,
        "Hidden": 0,
        "IconAtlas": "WORLDTYPE_ATLAS",
        "IconIndex": 1,
        "IsAdvancedMap": 0,
        "Name": "TXT_KEY_MAP_FRONTIER",
        "SupportsMultiplayer": 1,
        "SupportsSinglePlayer": 1
    },
    {
        "DefaultCityStates": null,
        "Description": "TXT_KEY_MAP_GREAT_PLAINS_HELP",
        "FileName": "Assets\\DLC\\Expansion\\Maps\\Great_Plains_XP.lua",
        "FolderType": null,
        "Hidden": 0,
        "IconAtlas": "WORLDTYPE_ATLAS_3",
        "IconIndex": 21,
        "IsAdvancedMap": 1,
        "Name": "TXT_KEY_MAP_GREAT_PLAINS_XP",
        "SupportsMultiplayer": 1,
        "SupportsSinglePlayer": 1
    },
    {
        "DefaultCityStates": null,
        "Description": "TXT_KEY_MAP_HEMISPHERES_HELP",
        "FileName": "Assets\\DLC\\Expansion\\Maps\\Hemispheres.lua",
        "FolderType": null,
        "Hidden": 0,
        "IconAtlas": "WORLDTYPE_ATLAS",
        "IconIndex": 1,
        "IsAdvancedMap": 0,
        "Name": "TXT_KEY_MAP_HEMISPHERES",
        "SupportsMultiplayer": 1,
        "SupportsSinglePlayer": 1
    },
    {
        "DefaultCityStates": null,
        "Description": "TXT_KEY_MAP_LARGE_ISLANDS_HELP",
        "FileName": "Assets\\DLC\\Expansion\\Maps\\Large_Islands.lua",
        "FolderType": null,
        "Hidden": 0,
        "IconAtlas": "WORLDTYPE_ATLAS",
        "IconIndex": 2,
        "IsAdvancedMap": 0,
        "Name": "TXT_KEY_MAP_LARGE_ISLANDS",
        "SupportsMultiplayer": 1,
        "SupportsSinglePlayer": 1
    },
    {
        "DefaultCityStates": null,
        "Description": "TXT_KEY_MAP_RAINFOREST_HELP",
        "FileName": "Assets\\DLC\\Expansion\\Maps\\Rainforest.lua",
        "FolderType": null,
        "Hidden": 0,
        "IconAtlas": "WORLDTYPE_ATLAS",
        "IconIndex": 1,
        "IsAdvancedMap": 0,
        "Name": "TXT_KEY_MAP_RAINFOREST",
        "SupportsMultiplayer": 1,
        "SupportsSinglePlayer": 1
    },
    {
        "DefaultCityStates": null,
        "Description": "TXT_KEY_MAP_SHUFFLE_HELP",
        "FileName": "Assets\\DLC\\Expansion\\Maps\\Shuffle.lua",
        "FolderType": null,
        "Hidden": 0,
        "IconAtlas": "WORLDTYPE_ATLAS",
        "IconIndex": 1,
        "IsAdvancedMap": 0,
        "Name": "TXT_KEY_MAP_SHUFFLE",
        "SupportsMultiplayer": 1,
        "SupportsSinglePlayer": 1
    },
    {
        "DefaultCityStates": null,
        "Description": "TXT_KEY_MAP_TILTED_AXIS_HELP",
        "FileName": "Assets\\DLC\\Expansion\\Maps\\Tilted_Axis.lua",
        "FolderType": null,
        "Hidden": 0,
        "IconAtlas": "WORLDTYPE_ATLAS",
        "IconIndex": 1,
        "IsAdvancedMap": 0,
        "Name": "TXT_KEY_MAP_TILTED_AXIS",
        "SupportsMultiplayer": 1,
        "SupportsSinglePlayer": 1
    }
]