[
    {
        "Adjective": "TXT_KEY_CITYSTATE_BRATISLAVA_ADJ",
        "ArtDefineTag": "ART_DEF_CIVILIZATION_MINOR",
        "ArtStylePrefix": "EUROPEAN",
        "ArtStyleSuffix": "_EURO",
        "ArtStyleType": "ARTSTYLE_EUROPEAN",
        "Civilopedia": "TXT_KEY_CIV5_BRATISLAVA_TEXT",
        "DefaultPlayerColor": "PLAYERCOLOR_MINOR_WHITE",
        "Description": "TXT_KEY_CITYSTATE_BRATISLAVA",
        "ID": 1,
        "MinorCivTrait": "MINOR_TRAIT_CULTURED",
        "ShortDescription": "TXT_KEY_CITYSTATE_BRATISLAVA",
        "Type": "MINOR_CIV_BRATISLAVA"
    },
    {
        "Adjective": "TXT_KEY_CITYSTATE_BUDAPEST_ADJ",
        "ArtDefineTag": "ART_DEF_CIVILIZATION_MINOR",
        "ArtStylePrefix": "EUROPEAN",
        "ArtStyleSuffix": "_EURO",
        "ArtStyleType": "ARTSTYLE_EUROPEAN",
        "Civilopedia": "TXT_KEY_CIV5_BUDAPEST_TEXT",
        "DefaultPlayerColor": "PLAYERCOLOR_MINOR_GRAY",
        "Description": "TXT_KEY_CITYSTATE_BUDAPEST",
        "ID": 2,
        "MinorCivTrait": "MINOR_TRAIT_MILITARISTIC",
        "ShortDescription": "TXT_KEY_CITYSTATE_BUDAPEST",
        "Type": "MINOR_CIV_BUDAPEST"
    },
    {
        "Adjective": "TXT_KEY_CITYSTATE_GENEVA_ADJ",
        "ArtDefineTag": "ART_DEF_CIVILIZATION_MINOR",
        "ArtStylePrefix": "EUROPEAN",
        "ArtStyleSuffix": "_EURO",
        "ArtStyleType": "ARTSTYLE_EUROPEAN",
        "Civilopedia": "TXT_KEY_CIV5_GENEVA_TEXT",
        "DefaultPlayerColor": "PLAYERCOLOR_MINOR_MIDDLE_BLUE",
        "Description": "TXT_KEY_CITYSTATE_GENEVA",
        "ID": 3,
        "MinorCivTrait": "MINOR_TRAIT_RELIGIOUS",
        "ShortDescription": "TXT_KEY_CITYSTATE_GENEVA",
        "Type": "MINOR_CIV_GENEVA"
    },
    {
        "Adjective": "TXT_KEY_CITYSTATE_RIGA_ADJ",
        "ArtDefineTag": "ART_DEF_CIVILIZATION_MINOR",
        "ArtStylePrefix": "EUROPEAN",
        "ArtStyleSuffix": "_EURO",
        "ArtStyleType": "ARTSTYLE_EUROPEAN",
        "Civilopedia": "TXT_KEY_CIV5_RIGA_TEXT",
        "DefaultPlayerColor": "PLAYERCOLOR_MINOR_CYAN",
        "Description": "TXT_KEY_CITYSTATE_RIGA",
        "ID": 4,
        "MinorCivTrait": "MINOR_TRAIT_MARITIME",
        "ShortDescription": "TXT_KEY_CITYSTATE_RIGA",
        "Type": "MINOR_CIV_RIGA"
    },
    {
        "Adjective": "TXT_KEY_CITYSTATE_GENOA_ADJ",
        "ArtDefineTag": "ART_DEF_CIVILIZATION_MINOR",
        "ArtStylePrefix": "MEDITERRANEAN",
        "ArtStyleSuffix": "_MED",
        "ArtStyleType": "ARTSTYLE_GRECO_ROMAN",
        "Civilopedia": "TXT_KEY_CIV5_GENOA_TEXT",
        "DefaultPlayerColor": "PLAYERCOLOR_MINOR_MIDDLE_CYAN",
        "Description": "TXT_KEY_CITYSTATE_GENOA",
        "ID": 5,
        "MinorCivTrait": "MINOR_TRAIT_MERCANTILE",
        "ShortDescription": "TXT_KEY_CITYSTATE_GENOA",
        "Type": "MINOR_CIV_GENOA"
    },
    {
        "Adjective": "TXT_KEY_CITYSTATE_FLORENCE_ADJ",
        "ArtDefineTag": "ART_DEF_CIVILIZATION_MINOR",
        "ArtStylePrefix": "MEDITERRANEAN",
        "ArtStyleSuffix": "_MED",
        "ArtStyleType": "ARTSTYLE_GRECO_ROMAN",
        "Civilopedia": "TXT_KEY_CIV5_FLORENCE_TEXT",
        "DefaultPlayerColor": "PLAYERCOLOR_MINOR_CYAN",
        "Description": "TXT_KEY_CITYSTATE_FLORENCE",
        "ID": 6,
        "MinorCivTrait": "MINOR_TRAIT_CULTURED",
        "ShortDescription": "TXT_KEY_CITYSTATE_FLORENCE",
        "Type": "MINOR_CIV_FLORENCE"
    },
    {
        "Adjective": "TXT_KEY_CITYSTATE_RAGUSA_ADJ",
        "ArtDefineTag": "ART_DEF_CIVILIZATION_MINOR",
        "ArtStylePrefix": "EUROPEAN",
        "ArtStyleSuffix": "_EURO",
        "ArtStyleType": "ARTSTYLE_EUROPEAN",
        "Civilopedia": "TXT_KEY_CIV5_RAGUSA_TEXT",
        "DefaultPlayerColor": "PLAYERCOLOR_MINOR_MIDDLE_CYAN",
        "Description": "TXT_KEY_CITYSTATE_RAGUSA",
        "ID": 7,
        "MinorCivTrait": "MINOR_TRAIT_MARITIME",
        "ShortDescription": "TXT_KEY_CITYSTATE_RAGUSA",
        "Type": "MINOR_CIV_RAGUSA"
    },
    {
        "Adjective": "TXT_KEY_CITYSTATE_SYDNEY_ADJ",
        "ArtDefineTag": "ART_DEF_CIVILIZATION_MINOR",
        "ArtStylePrefix": "EUROPEAN",
        "ArtStyleSuffix": "_EURO",
        "ArtStyleType": "ARTSTYLE_EUROPEAN",
        "Civilopedia": "TXT_KEY_CIV5_COPENHAGEN_TEXT",
        "DefaultPlayerColor": "PLAYERCOLOR_MINOR_MIDDLE_BLUE",
        "Description": "TXT_KEY_CITYSTATE_SYDNEY",
        "ID": 8,
        "MinorCivTrait": "MINOR_TRAIT_MARITIME",
        "ShortDescription": "TXT_KEY_CITYSTATE_SYDNEY",
        "Type": "MINOR_CIV_SYDNEY"
    },
    {
        "Adjective": "TXT_KEY_CITYSTATE_QUEBEC_CITY_ADJ",
        "ArtDefineTag": "ART_DEF_CIVILIZATION_MINOR",
        "ArtStylePrefix": "EUROPEAN",
        "ArtStyleSuffix": "_EURO",
        "ArtStyleType": "ARTSTYLE_EUROPEAN",
        "Civilopedia": "TXT_KEY_CIV5_OSLO_TEXT",
        "DefaultPlayerColor": "PLAYERCOLOR_MINOR_BLUE",
        "Description": "TXT_KEY_CITYSTATE_QUEBEC_CITY",
        "ID": 9,
        "MinorCivTrait": "MINOR_TRAIT_MARITIME",
        "ShortDescription": "TXT_KEY_CITYSTATE_QUEBEC_CITY",
        "Type": "MINOR_CIV_QUEBEC_CITY"
    },
    {
        "Adjective": "TXT_KEY_CITYSTATE_BUCHAREST_ADJ",
        "ArtDefineTag": "ART_DEF_CIVILIZATION_MINOR",
        "ArtStylePrefix": "EUROPEAN",
        "ArtStyleSuffix": "_EURO",
        "ArtStyleType": "ARTSTYLE_EUROPEAN",
        "Civilopedia": "TXT_KEY_CIV5_BUCHAREST_TEXT",
        "DefaultPlayerColor": "PLAYERCOLOR_MINOR_LIGHT_GREEN",
        "Description": "TXT_KEY_CITYSTATE_BUCHAREST",
        "ID": 10,
        "MinorCivTrait": "MINOR_TRAIT_CULTURED",
        "ShortDescription": "TXT_KEY_CITYSTATE_BUCHAREST",
        "Type": "MINOR_CIV_BUCHAREST"
    },
    {
        "Adjective": "TXT_KEY_CITYSTATE_BELGRADE_ADJ",
        "ArtDefineTag": "ART_DEF_CIVILIZATION_MINOR",
        "ArtStylePrefix": "EUROPEAN",
        "ArtStyleSuffix": "_EURO",
        "ArtStyleType": "ARTSTYLE_EUROPEAN",
        "Civilopedia": "TXT_KEY_CIV5_BELGRADE_TEXT",
        "DefaultPlayerColor": "PLAYERCOLOR_MINOR_GREEN",
        "Description": "TXT_KEY_CITYSTATE_BELGRADE",
        "ID": 11,
        "MinorCivTrait": "MINOR_TRAIT_MILITARISTIC",
        "ShortDescription": "TXT_KEY_CITYSTATE_BELGRADE",
        "Type": "MINOR_CIV_BELGRADE"
    },
    {
        "Adjective": "TXT_KEY_CITYSTATE_BRUSSELS_ADJ",
        "ArtDefineTag": "ART_DEF_CIVILIZATION_MINOR",
        "ArtStylePrefix": "EUROPEAN",
        "ArtStyleSuffix": "_EURO",
        "ArtStyleType": "ARTSTYLE_EUROPEAN",
        "Civilopedia": "TXT_KEY_CIV5_BRUSSELS_TEXT",
        "DefaultPlayerColor": "PLAYERCOLOR_MINOR_LIGHT_BLUE",
        "Description": "TXT_KEY_CITYSTATE_BRUSSELS",
        "ID": 12,
        "MinorCivTrait": "MINOR_TRAIT_CULTURED",
        "ShortDescription": "TXT_KEY_CITYSTATE_BRUSSELS",
        "Type": "MINOR_CIV_BRUSSELS"
    },
    {
        "Adjective": "TXT_KEY_CITYSTATE_MONACO_ADJ",
        "ArtDefineTag": "ART_DEF_CIVILIZATION_MINOR",
        "ArtStylePrefix": "MEDITERRANEAN",
        "ArtStyleSuffix": "_MED",
        "ArtStyleType": "ARTSTYLE_GRECO_ROMAN",
        "Civilopedia": "TXT_KEY_CIV5_MONACO_TEXT",
        "DefaultPlayerColor": "PLAYERCOLOR_MINOR_PURPLE",
        "Description": "TXT_KEY_CITYSTATE_MONACO",
        "ID": 13,
        "MinorCivTrait": "MINOR_TRAIT_CULTURED",
        "ShortDescription": "TXT_KEY_CITYSTATE_MONACO",
        "Type": "MINOR_CIV_MONACO"
    },
    {
        "Adjective": "TXT_KEY_CITYSTATE_KATHMANDU_ADJ",
        "ArtDefineTag": "ART_DEF_CIVILIZATION_MINOR",
        "ArtStylePrefix": "ASIAN",
        "ArtStyleSuffix": "_ASIA",
        "ArtStyleType": "ARTSTYLE_ASIAN",
        "Civilopedia": "TXT_KEY_CIV5_SEOUL_TEXT",
        "DefaultPlayerColor": "PLAYERCOLOR_MINOR_MIDDLE_PURPLE",
        "Description": "TXT_KEY_CITYSTATE_KATHMANDU",
        "ID": 14,
        "MinorCivTrait": "MINOR_TRAIT_RELIGIOUS",
        "ShortDescription": "TXT_KEY_CITYSTATE_KATHMANDU",
        "Type": "MINOR_CIV_KATHMANDU"
    },
    {
        "Adjective": "TXT_KEY_CITYSTATE_HANOI_ADJ",
        "ArtDefineTag": "ART_DEF_CIVILIZATION_MINOR",
        "ArtStylePrefix": "ASIAN",
        "ArtStyleSuffix": "_ASIA",
        "ArtStyleType": "ARTSTYLE_ASIAN",
        "Civilopedia": "TXT_KEY_CIV5_HANOI_TEXT",
        "DefaultPlayerColor": "PLAYERCOLOR_MINOR_LIGHT_PURPLE",
        "Description": "TXT_KEY_CITYSTATE_HANOI",
        "ID": 15,
        "MinorCivTrait": "MINOR_TRAIT_MILITARISTIC",
        "ShortDescription": "TXT_KEY_CITYSTATE_HANOI",
        "Type": "MINOR_CIV_HANOI"
    },
    {
        "Adjective": "TXT_KEY_CITYSTATE_LHASA_ADJ",
        "ArtDefineTag": "ART_DEF_CIVILIZATION_MINOR",
        "ArtStylePrefix": "ASIAN",
        "ArtStyleSuffix": "_ASIA",
        "ArtStyleType": "ARTSTYLE_ASIAN",
        "Civilopedia": "TXT_KEY_CIV5_LHASA_TEXT",
        "DefaultPlayerColor": "PLAYERCOLOR_MINOR_LIGHT_GREEN",
        "Description": "TXT_KEY_CITYSTATE_LHASA",
        "ID": 16,
        "MinorCivTrait": "MINOR_TRAIT_RELIGIOUS",
        "ShortDescription": "TXT_KEY_CITYSTATE_LHASA",
        "Type": "MINOR_CIV_LHASA"
    },
    {
        "Adjective": "TXT_KEY_CITYSTATE_ALMATY_ADJ",
        "ArtDefineTag": "ART_DEF_CIVILIZATION_MINOR",
        "ArtStylePrefix": "ASIAN",
        "ArtStyleSuffix": "_ASIA",
        "ArtStyleType": "ARTSTYLE_ASIAN",
        "Civilopedia": "TXT_KEY_CIV5_ALMATY_TEXT",
        "DefaultPlayerColor": "PLAYERCOLOR_MINOR_LIGHT_ORANGE",
        "Description": "TXT_KEY_CITYSTATE_ALMATY",
        "ID": 17,
        "MinorCivTrait": "MINOR_TRAIT_MILITARISTIC",
        "ShortDescription": "TXT_KEY_CITYSTATE_ALMATY",
        "Type": "MINOR_CIV_ALMATY"
    },
    {
        "Adjective": "TXT_KEY_CITYSTATE_KUALA_LUMPUR_ADJ",
        "ArtDefineTag": "ART_DEF_CIVILIZATION_MINOR",
        "ArtStylePrefix": "ASIAN",
        "ArtStyleSuffix": "_ASIA",
        "ArtStyleType": "ARTSTYLE_ASIAN",
        "Civilopedia": "TXT_KEY_CIV5_KUALALAMPUR_TEXT",
        "DefaultPlayerColor": "PLAYERCOLOR_MINOR_YELLOW",
        "Description": "TXT_KEY_CITYSTATE_KUALA_LUMPUR",
        "ID": 18,
        "MinorCivTrait": "MINOR_TRAIT_CULTURED",
        "ShortDescription": "TXT_KEY_CITYSTATE_KUALA_LUMPUR",
        "Type": "MINOR_CIV_KUALA_LUMPUR"
    },
    {
        "Adjective": "TXT_KEY_CITYSTATE_SINGAPORE_ADJ",
        "ArtDefineTag": "ART_DEF_CIVILIZATION_MINOR",
        "ArtStylePrefix": "ASIAN",
        "ArtStyleSuffix": "_ASIA",
        "ArtStyleType": "ARTSTYLE_ASIAN",
        "Civilopedia": "TXT_KEY_CIV5_SINGAPORE_TEXT",
        "DefaultPlayerColor": "PLAYERCOLOR_MINOR_LIGHT_YELLOW",
        "Description": "TXT_KEY_CITYSTATE_SINGAPORE",
        "ID": 19,
        "MinorCivTrait": "MINOR_TRAIT_MERCANTILE",
        "ShortDescription": "TXT_KEY_CITYSTATE_SINGAPORE",
        "Type": "MINOR_CIV_SINGAPORE"
    },
    {
        "Adjective": "TXT_KEY_CITYSTATE_PANAMA_CITY",
        "ArtDefineTag": "ART_DEF_CIVILIZATION_MINOR",
        "ArtStylePrefix": "AMERICAN",
        "ArtStyleSuffix": "_AMER",
        "ArtStyleType": "ARTSTYLE_SOUTH_AMERICA",
        "Civilopedia": "TXT_KEY_CIV5_PANAMA_CITY_TEXT",
        "DefaultPlayerColor": "PLAYERCOLOR_MINOR_LIGHT_YELLOW",
        "Description": "TXT_KEY_CITYSTATE_PANAMA_CITY",
        "ID": 20,
        "MinorCivTrait": "MINOR_TRAIT_MARITIME",
        "ShortDescription": "TXT_KEY_CITYSTATE_PANAMA_CITY",
        "Type": "MINOR_CIV_PANAMA_CITY"
    },
    {
        "Adjective": "TXT_KEY_CITYSTATE_CAPE_TOWN_ADJ",
        "ArtDefineTag": "ART_DEF_CIVILIZATION_MINOR",
        "ArtStylePrefix": "AFRICAN",
        "ArtStyleSuffix": "_AFRI",
        "ArtStyleType": "ARTSTYLE_MIDDLE_EAST",
        "Civilopedia": "TXT_KEY_CIV5_CAPETOWN_TEXT",
        "DefaultPlayerColor": "PLAYERCOLOR_MINOR_LIGHT_ORANGE",
        "Description": "TXT_KEY_CITYSTATE_CAPE_TOWN",
        "ID": 21,
        "MinorCivTrait": "MINOR_TRAIT_MARITIME",
        "ShortDescription": "TXT_KEY_CITYSTATE_CAPE_TOWN",
        "Type": "MINOR_CIV_CAPE_TOWN"
    },
    {
        "Adjective": "TXT_KEY_CITYSTATE_SIDON_ADJ",
        "ArtDefineTag": "ART_DEF_CIVILIZATION_MINOR",
        "ArtStylePrefix": "AFRICAN",
        "ArtStyleSuffix": "_AFRI",
        "ArtStyleType": "ARTSTYLE_MIDDLE_EAST",
        "Civilopedia": "TXT_KEY_CIV5_SIDON_TEXT",
        "DefaultPlayerColor": "PLAYERCOLOR_MINOR_MIDDLE_PURPLE",
        "Description": "TXT_KEY_CITYSTATE_SIDON",
        "ID": 22,
        "MinorCivTrait": "MINOR_TRAIT_MILITARISTIC",
        "ShortDescription": "TXT_KEY_CITYSTATE_SIDON",
        "Type": "MINOR_CIV_SIDON"
    },
    {
        "Adjective": "TXT_KEY_CITYSTATE_TYRE_ADJ",
        "ArtDefineTag": "ART_DEF_CIVILIZATION_MINOR",
        "ArtStylePrefix": "AFRICAN",
        "ArtStyleSuffix": "_AFRI",
        "ArtStyleType": "ARTSTYLE_MIDDLE_EAST",
        "Civilopedia": "TXT_KEY_CIV5_TYRE_TEXT",
        "DefaultPlayerColor": "PLAYERCOLOR_MINOR_GREEN",
        "Description": "TXT_KEY_CITYSTATE_TYRE",
        "ID": 23,
        "MinorCivTrait": "MINOR_TRAIT_MERCANTILE",
        "ShortDescription": "TXT_KEY_CITYSTATE_TYRE",
        "Type": "MINOR_CIV_TYRE"
    },
    {
        "Adjective": "TXT_KEY_CITYSTATE_ANTWERP_ADJ",
        "ArtDefineTag": "ART_DEF_CIVILIZATION_MINOR",
        "ArtStylePrefix": "EUROPEAN",
        "ArtStyleSuffix": "_EURO",
        "ArtStyleType": "ARTSTYLE_EUROPEAN",
        "Civilopedia": "TXT_KEY_CIV5_ANTWERP_TEXT",
        "DefaultPlayerColor": "PLAYERCOLOR_MINOR_PURPLE",
        "Description": "TXT_KEY_CITYSTATE_ANTWERP",
        "ID": 24,
        "MinorCivTrait": "MINOR_TRAIT_MERCANTILE",
        "ShortDescription": "TXT_KEY_CITYSTATE_ANTWERP",
        "Type": "MINOR_CIV_ANTWERP"
    },
    {
        "Adjective": "TXT_KEY_CITYSTATE_CAHOKIA_ADJ",
        "ArtDefineTag": "ART_DEF_CIVILIZATION_MINOR",
        "ArtStylePrefix": "AMERICAN",
        "ArtStyleSuffix": "_AMER",
        "ArtStyleType": "ARTSTYLE_SOUTH_AMERICA",
        "Civilopedia": "TXT_KEY_CIV5_CAHOKIA_TEXT",
        "DefaultPlayerColor": "PLAYERCOLOR_MINOR_WHITE",
        "Description": "TXT_KEY_CITYSTATE_CAHOKIA",
        "ID": 25,
        "MinorCivTrait": "MINOR_TRAIT_MERCANTILE",
        "ShortDescription": "TXT_KEY_CITYSTATE_CAHOKIA",
        "Type": "MINOR_CIV_CAHOKIA"
    },
    {
        "Adjective": "TXT_KEY_CITYSTATE_COLOMBO_ADJ",
        "ArtDefineTag": "ART_DEF_CIVILIZATION_MINOR",
        "ArtStylePrefix": "ASIAN",
        "ArtStyleSuffix": "_ASIA",
        "ArtStyleType": "ARTSTYLE_ASIAN",
        "Civilopedia": "TXT_KEY_CIV5_COLOMBO_TEXT",
        "DefaultPlayerColor": "PLAYERCOLOR_MINOR_LIGHT_PURPLE",
        "Description": "TXT_KEY_CITYSTATE_COLOMBO",
        "ID": 26,
        "MinorCivTrait": "MINOR_TRAIT_MERCANTILE",
        "ShortDescription": "TXT_KEY_CITYSTATE_COLOMBO",
        "Type": "MINOR_CIV_COLOMBO"
    },
    {
        "Adjective": "TXT_KEY_CITYSTATE_HONG_KONG_ADJ",
        "ArtDefineTag": "ART_DEF_CIVILIZATION_MINOR",
        "ArtStylePrefix": "ASIAN",
        "ArtStyleSuffix": "_ASIA",
        "ArtStyleType": "ARTSTYLE_ASIAN",
        "Civilopedia": "TXT_KEY_CIV5_HONG_KONG_TEXT",
        "DefaultPlayerColor": "PLAYERCOLOR_MINOR_BLUE",
        "Description": "TXT_KEY_CITYSTATE_HONG_KONG",
        "ID": 27,
        "MinorCivTrait": "MINOR_TRAIT_MERCANTILE",
        "ShortDescription": "TXT_KEY_CITYSTATE_HONG_KONG",
        "Type": "MINOR_CIV_HONG_KONG"
    },
    {
        "Adjective": "TXT_KEY_CITYSTATE_ORMUS_ADJ",
        "ArtDefineTag": "ART_DEF_CIVILIZATION_MINOR",
        "ArtStylePrefix": "ASIAN",
        "ArtStyleSuffix": "_ASIA",
        "ArtStyleType": "ARTSTYLE_MIDDLE_EAST",
        "Civilopedia": "TXT_KEY_CIV5_ORMUS_TEXT",
        "DefaultPlayerColor": "PLAYERCOLOR_MINOR_GRAY",
        "Description": "TXT_KEY_CITYSTATE_ORMUS",
        "ID": 28,
        "MinorCivTrait": "MINOR_TRAIT_MARITIME",
        "ShortDescription": "TXT_KEY_CITYSTATE_ORMUS",
        "Type": "MINOR_CIV_ORMUS"
    },
    {
        "Adjective": "TXT_KEY_CITYSTATE_JERUSALEM_ADJ",
        "ArtDefineTag": "ART_DEF_CIVILIZATION_MINOR",
        "ArtStylePrefix": "ASIAN",
        "ArtStyleSuffix": "_ASIA",
        "ArtStyleType": "ARTSTYLE_MIDDLE_EAST",
        "Civilopedia": "TXT_KEY_CIV5_JERUSALEM_TEXT",
        "DefaultPlayerColor": "PLAYERCOLOR_MINOR_WHITE",
        "Description": "TXT_KEY_CITYSTATE_JERUSALEM",
        "ID": 29,
        "MinorCivTrait": "MINOR_TRAIT_RELIGIOUS",
        "ShortDescription": "TXT_KEY_CITYSTATE_JERUSALEM",
        "Type": "MINOR_CIV_JERUSALEM"
    },
    {
        "Adjective": "TXT_KEY_CITYSTATE_LA_VENTA_ADJ",
        "ArtDefineTag": "ART_DEF_CIVILIZATION_MINOR",
        "ArtStylePrefix": "AMERICAN",
        "ArtStyleSuffix": "_AMER",
        "ArtStyleType": "ARTSTYLE_SOUTH_AMERICA",
        "Civilopedia": "TXT_KEY_CIV5_LA_VENTA_TEXT",
        "DefaultPlayerColor": "PLAYERCOLOR_MINOR_CYAN",
        "Description": "TXT_KEY_CITYSTATE_LA_VENTA",
        "ID": 30,
        "MinorCivTrait": "MINOR_TRAIT_RELIGIOUS",
        "ShortDescription": "TXT_KEY_CITYSTATE_LA_VENTA",
        "Type": "MINOR_CIV_LA_VENTA"
    },
    {
        "Adjective": "TXT_KEY_CITYSTATE_VANCOUVER_ADJ",
        "ArtDefineTag": "ART_DEF_CIVILIZATION_MINOR",
        "ArtStylePrefix": "EUROPEAN",
        "ArtStyleSuffix": "_EURO",
        "ArtStyleType": "ARTSTYLE_EUROPEAN",
        "Civilopedia": "TXT_KEY_CIV5_VANCOUVER_TEXT",
        "DefaultPlayerColor": "PLAYERCOLOR_MINOR_PURPLE",
        "Description": "TXT_KEY_CITYSTATE_VANCOUVER",
        "ID": 31,
        "MinorCivTrait": "MINOR_TRAIT_MARITIME",
        "ShortDescription": "TXT_KEY_CITYSTATE_VANCOUVER",
        "Type": "MINOR_CIV_VANCOUVER"
    },
    {
        "Adjective": "TXT_KEY_CITYSTATE_MANILA_ADJ",
        "ArtDefineTag": "ART_DEF_CIVILIZATION_MINOR",
        "ArtStylePrefix": "ASIAN",
        "ArtStyleSuffix": "_ASIA",
        "ArtStyleType": "ARTSTYLE_ASIAN",
        "Civilopedia": "TXT_KEY_CIV5_MANILA_TEXT",
        "DefaultPlayerColor": "PLAYERCOLOR_MINOR_LIGHT_GREEN",
        "Description": "TXT_KEY_CITYSTATE_MANILA",
        "ID": 32,
        "MinorCivTrait": "MINOR_TRAIT_MARITIME",
        "ShortDescription": "TXT_KEY_CITYSTATE_MANILA",
        "Type": "MINOR_CIV_MANILA"
    },
    {
        "Adjective": "TXT_KEY_CITYSTATE_ANTANANARIVO_ADJ",
        "ArtDefineTag": "ART_DEF_CIVILIZATION_MINOR",
        "ArtStylePrefix": "AFRICAN",
        "ArtStyleSuffix": "_AFRI",
        "ArtStyleType": "ARTSTYLE_MIDDLE_EAST",
        "Civilopedia": "TXT_KEY_CIV5_ANTANANARIVO_TEXT",
        "DefaultPlayerColor": "PLAYERCOLOR_MINOR_PEACH",
        "Description": "TXT_KEY_CITYSTATE_ANTANANARIVO",
        "ID": 33,
        "MinorCivTrait": "MINOR_TRAIT_MERCANTILE",
        "ShortDescription": "TXT_KEY_CITYSTATE_ANTANANARIVO",
        "Type": "MINOR_CIV_ANTANANARIVO"
    },
    {
        "Adjective": "TXT_KEY_CITYSTATE_MILAN_ADJ",
        "ArtDefineTag": "ART_DEF_CIVILIZATION_MINOR",
        "ArtStylePrefix": "MEDITERRANEAN",
        "ArtStyleSuffix": "_MED",
        "ArtStyleType": "ARTSTYLE_GRECO_ROMAN",
        "Civilopedia": "TXT_KEY_CIV5_MILAN_TEXT",
        "DefaultPlayerColor": "PLAYERCOLOR_MINOR_LIGHT_ORANGE",
        "Description": "TXT_KEY_CITYSTATE_MILAN",
        "ID": 34,
        "MinorCivTrait": "MINOR_TRAIT_CULTURED",
        "ShortDescription": "TXT_KEY_CITYSTATE_MILAN",
        "Type": "MINOR_CIV_MILAN"
    },
    {
        "Adjective": "TXT_KEY_CITYSTATE_MOMBASA_ADJ",
        "ArtDefineTag": "ART_DEF_CIVILIZATION_MINOR",
        "ArtStylePrefix": "AFRICAN",
        "ArtStyleSuffix": "_AFRI",
        "ArtStyleType": "ARTSTYLE_MIDDLE_EAST",
        "Civilopedia": "TXT_KEY_CIV5_MOMBASA_TEXT",
        "DefaultPlayerColor": "PLAYERCOLOR_MINOR_GREEN",
        "Description": "TXT_KEY_CITYSTATE_MOMBASA",
        "ID": 35,
        "MinorCivTrait": "MINOR_TRAIT_MARITIME",
        "ShortDescription": "TXT_KEY_CITYSTATE_MOMBASA",
        "Type": "MINOR_CIV_MOMBASA"
    },
    {
        "Adjective": "TXT_KEY_CITYSTATE_PRAGUE_ADJ",
        "ArtDefineTag": "ART_DEF_CIVILIZATION_MINOR",
        "ArtStylePrefix": "EUROPEAN",
        "ArtStyleSuffix": "_EURO",
        "ArtStyleType": "ARTSTYLE_EUROPEAN",
        "Civilopedia": "TXT_KEY_CIV5_PRAGUE_TEXT",
        "DefaultPlayerColor": "PLAYERCOLOR_MINOR_BLUE",
        "Description": "TXT_KEY_CITYSTATE_PRAGUE",
        "ID": 36,
        "MinorCivTrait": "MINOR_TRAIT_CULTURED",
        "ShortDescription": "TXT_KEY_CITYSTATE_PRAGUE",
        "Type": "MINOR_CIV_PRAGUE"
    },
    {
        "Adjective": "TXT_KEY_CITYSTATE_VALLETTA_ADJ",
        "ArtDefineTag": "ART_DEF_CIVILIZATION_MINOR",
        "ArtStylePrefix": "EUROPEAN",
        "ArtStyleSuffix": "_EURO",
        "ArtStyleType": "ARTSTYLE_EUROPEAN",
        "Civilopedia": "TXT_KEY_CIV5_VALLETTA_TEXT",
        "DefaultPlayerColor": "PLAYERCOLOR_MINOR_YELLOW",
        "Description": "TXT_KEY_CITYSTATE_VALLETTA",
        "ID": 37,
        "MinorCivTrait": "MINOR_TRAIT_MILITARISTIC",
        "ShortDescription": "TXT_KEY_CITYSTATE_VALLETTA",
        "Type": "MINOR_CIV_VALLETTA"
    },
    {
        "Adjective": "TXT_KEY_CITYSTATE_VATICAN_CITY_ADJ",
        "ArtDefineTag": "ART_DEF_CIVILIZATION_MINOR",
        "ArtStylePrefix": "EUROPEAN",
        "ArtStyleSuffix": "_EURO",
        "ArtStyleType": "ARTSTYLE_GRECO_ROMAN",
        "Civilopedia": "TXT_KEY_CIV5_VATICAN_CITY_TEXT",
        "DefaultPlayerColor": "PLAYERCOLOR_MINOR_LIGHT_YELLOW",
        "Description": "TXT_KEY_CITYSTATE_VATICAN_CITY",
        "ID": 38,
        "MinorCivTrait": "MINOR_TRAIT_RELIGIOUS",
        "ShortDescription": "TXT_KEY_CITYSTATE_VATICAN_CITY",
        "Type": "MINOR_CIV_VATICAN_CITY"
    },
    {
        "Adjective": "TXT_KEY_CITYSTATE_WITTENBERG_ADJ",
        "ArtDefineTag": "ART_DEF_CIVILIZATION_MINOR",
        "ArtStylePrefix": "EUROPEAN",
        "ArtStyleSuffix": "_EURO",
        "ArtStyleType": "ARTSTYLE_EUROPEAN",
        "Civilopedia": "TXT_KEY_CIV5_WITTENBERG_TEXT",
        "DefaultPlayerColor": "PLAYERCOLOR_MINOR_LIGHT_PURPLE",
        "Description": "TXT_KEY_CITYSTATE_WITTENBERG",
        "ID": 39,
        "MinorCivTrait": "MINOR_TRAIT_RELIGIOUS",
        "ShortDescription": "TXT_KEY_CITYSTATE_WITTENBERG",
        "Type": "MINOR_CIV_WITTENBERG"
    },
    {
        "Adjective": "TXT_KEY_CITYSTATE_YEREVAN_ADJ",
        "ArtDefineTag": "ART_DEF_CIVILIZATION_MINOR",
        "ArtStylePrefix": "ASIAN",
        "ArtStyleSuffix": "_ASIA",
        "ArtStyleType": "ARTSTYLE_MIDDLE_EAST",
        "Civilopedia": "TXT_KEY_CIV5_YEREVAN_TEXT",
        "DefaultPlayerColor": "PLAYERCOLOR_MINOR_PEACH",
        "Description": "TXT_KEY_CITYSTATE_YEREVAN",
        "ID": 40,
        "MinorCivTrait": "MINOR_TRAIT_CULTURED",
        "ShortDescription": "TXT_KEY_CITYSTATE_YEREVAN",
        "Type": "MINOR_CIV_YEREVAN"
    },
    {
        "Adjective": "TXT_KEY_CITYSTATE_ZANZIBAR_ADJ",
        "ArtDefineTag": "ART_DEF_CIVILIZATION_MINOR",
        "ArtStylePrefix": "AFRICAN",
        "ArtStyleSuffix": "_AFRI",
        "ArtStyleType": "ARTSTYLE_ASIAN",
        "Civilopedia": "TXT_KEY_CIV5_ZANZIBAR_TEXT",
        "DefaultPlayerColor": "PLAYERCOLOR_MINOR_LIGHT_BLUE",
        "Description": "TXT_KEY_CITYSTATE_ZANZIBAR",
        "ID": 41,
        "MinorCivTrait": "MINOR_TRAIT_MERCANTILE",
        "ShortDescription": "TXT_KEY_CITYSTATE_ZANZIBAR",
        "Type": "MINOR_CIV_ZANZIBAR"
    },
    {
        "Adjective": "TXT_KEY_CITYSTATE_ZURICH_ADJ",
        "ArtDefineTag": "ART_DEF_CIVILIZATION_MINOR",
        "ArtStylePrefix": "EUROPEAN",
        "ArtStyleSuffix": "_EURO",
        "ArtStyleType": "ARTSTYLE_EUROPEAN",
        "Civilopedia": "TXT_KEY_CIV5_ZURICH_TEXT",
        "DefaultPlayerColor": "PLAYERCOLOR_MINOR_GRAY",
        "Description": "TXT_KEY_CITYSTATE_ZURICH",
        "ID": 42,
        "MinorCivTrait": "MINOR_TRAIT_MERCANTILE",
        "ShortDescription": "TXT_KEY_CITYSTATE_ZURICH",
        "Type": "MINOR_CIV_ZURICH"
    },
    {
        "Adjective": "TXT_KEY_CITYSTATE_SAMARKAND_ADJ",
        "ArtDefineTag": "ART_DEF_CIVILIZATION_MINOR",
        "ArtStylePrefix": "ASIAN",
        "ArtStyleSuffix": "_ASIA",
        "ArtStyleType": "ARTSTYLE_ASIAN",
        "Civilopedia": "TXT_KEY_CIV5_SAMARKAND_TEXT",
        "DefaultPlayerColor": "PLAYERCOLOR_MINOR_MIDDLE_BLUE",
        "Description": "TXT_KEY_CITYSTATE_SAMARKAND",
        "ID": 43,
        "MinorCivTrait": "MINOR_TRAIT_MERCANTILE",
        "ShortDescription": "TXT_KEY_CITYSTATE_SAMARKAND",
        "Type": "MINOR_CIV_SAMARKAND"
    },
    {
        "Adjective": "TXT_KEY_CITYSTATE_MALACCA_ADJ",
        "ArtDefineTag": "ART_DEF_CIVILIZATION_MINOR",
        "ArtStylePrefix": "ASIAN",
        "ArtStyleSuffix": "_ASIA",
        "ArtStyleType": "ARTSTYLE_ASIAN",
        "Civilopedia": "TXT_KEY_CIV5_MALACCA_TEXT",
        "DefaultPlayerColor": "PLAYERCOLOR_MINOR_CYAN",
        "Description": "TXT_KEY_CITYSTATE_MALACCA",
        "ID": 44,
        "MinorCivTrait": "MINOR_TRAIT_MERCANTILE",
        "ShortDescription": "TXT_KEY_CITYSTATE_MALACCA",
        "Type": "MINOR_CIV_MALACCA"
    },
    {
        "Adjective": "TXT_KEY_CITYSTATE_MOGADISHU_ADJ",
        "ArtDefineTag": "ART_DEF_CIVILIZATION_MINOR",
        "ArtStylePrefix": "AFRICAN",
        "ArtStyleSuffix": "_AFRI",
        "ArtStyleType": "ARTSTYLE_MIDDLE_EAST",
        "Civilopedia": "TXT_KEY_CIV5_MOGADISHU_TEXT",
        "DefaultPlayerColor": "PLAYERCOLOR_MINOR_LIGHT_BLUE",
        "Description": "TXT_KEY_CITYSTATE_MOGADISHU",
        "ID": 45,
        "MinorCivTrait": "MINOR_TRAIT_MARITIME",
        "ShortDescription": "TXT_KEY_CITYSTATE_MOGADISHU",
        "Type": "MINOR_CIV_MOGADISHU"
    },
    {
        "Adjective": "TXT_KEY_CITYSTATE_BYBLOS_ADJ",
        "ArtDefineTag": "ART_DEF_CIVILIZATION_MINOR",
        "ArtStylePrefix": "AFRICAN",
        "ArtStyleSuffix": "_AFRI",
        "ArtStyleType": "ARTSTYLE_MIDDLE_EAST",
        "Civilopedia": "TXT_KEY_CIV5_BYBLOS_TEXT",
        "DefaultPlayerColor": "PLAYERCOLOR_MINOR_MIDDLE_PURPLE",
        "Description": "TXT_KEY_CITYSTATE_BYBLOS",
        "ID": 46,
        "MinorCivTrait": "MINOR_TRAIT_MARITIME",
        "ShortDescription": "TXT_KEY_CITYSTATE_BYBLOS",
        "Type": "MINOR_CIV_BYBLOS"
    },
    {
        "Adjective": "TXT_KEY_CITYSTATE_KYZYL_ADJ",
        "ArtDefineTag": "ART_DEF_CIVILIZATION_MINOR",
        "ArtStylePrefix": "ASIAN",
        "ArtStyleSuffix": "_ASIA",
        "ArtStyleType": "ARTSTYLE_ASIAN",
        "Civilopedia": "TXT_KEY_CIV5_KYZYL_TEXT",
        "DefaultPlayerColor": "PLAYERCOLOR_MINOR_MIDDLE_CYAN",
        "Description": "TXT_KEY_CITYSTATE_KYZYL",
        "ID": 47,
        "MinorCivTrait": "MINOR_TRAIT_CULTURED",
        "ShortDescription": "TXT_KEY_CITYSTATE_KYZYL",
        "Type": "MINOR_CIV_KYZYL"
    },
    {
        "Adjective": "TXT_KEY_CITYSTATE_IFE_ADJ",
        "ArtDefineTag": "ART_DEF_CIVILIZATION_MINOR",
        "ArtStylePrefix": "AFRICAN",
        "ArtStyleSuffix": "_AFRI",
        "ArtStyleType": "ARTSTYLE_MIDDLE_EAST",
        "Civilopedia": "TXT_KEY_CIV5_IFE_TEXT",
        "DefaultPlayerColor": "PLAYERCOLOR_MINOR_GRAY",
        "Description": "TXT_KEY_CITYSTATE_IFE",
        "ID": 48,
        "MinorCivTrait": "MINOR_TRAIT_RELIGIOUS",
        "ShortDescription": "TXT_KEY_CITYSTATE_IFE",
        "Type": "MINOR_CIV_IFE"
    },
    {
        "Adjective": "TXT_KEY_CITYSTATE_KIEV_ADJ",
        "ArtDefineTag": "ART_DEF_CIVILIZATION_MINOR",
        "ArtStylePrefix": "EUROPEAN",
        "ArtStyleSuffix": "_EURO",
        "ArtStyleType": "ARTSTYLE_EUROPEAN",
        "Civilopedia": "TXT_KEY_CIV5_KIEV_TEXT",
        "DefaultPlayerColor": "PLAYERCOLOR_MINOR_BLUE",
        "Description": "TXT_KEY_CITYSTATE_KIEV",
        "ID": 49,
        "MinorCivTrait": "MINOR_TRAIT_CULTURED",
        "ShortDescription": "TXT_KEY_CITYSTATE_KIEV",
        "Type": "MINOR_CIV_KIEV"
    },
    {
        "Adjective": "TXT_KEY_CITYSTATE_BUENOS_AIRES_ADJ",
        "ArtDefineTag": "ART_DEF_CIVILIZATION_MINOR",
        "ArtStylePrefix": "AMERICAN",
        "ArtStyleSuffix": "_AMER",
        "ArtStyleType": "ARTSTYLE_SOUTH_AMERICA",
        "Civilopedia": "TXT_KEY_CIV5_BUENOS_AIRES_TEXT",
        "DefaultPlayerColor": "PLAYERCOLOR_MINOR_LIGHT_PURPLE",
        "Description": "TXT_KEY_CITYSTATE_BUENOS_AIRES",
        "ID": 50,
        "MinorCivTrait": "MINOR_TRAIT_CULTURED",
        "ShortDescription": "TXT_KEY_CITYSTATE_BUENOS_AIRES",
        "Type": "MINOR_CIV_BUENOS_AIRES"
    },
    {
        "Adjective": "TXT_KEY_CITYSTATE_MBANZA_KONGO_ADJ",
        "ArtDefineTag": "ART_DEF_CIVILIZATION_MINOR",
        "ArtStylePrefix": "AFRICAN",
        "ArtStyleSuffix": "_AFRI",
        "ArtStyleType": "ARTSTYLE_MIDDLE_EAST",
        "Civilopedia": "TXT_KEY_CIV5_MBANZA_KONGO_TEXT",
        "DefaultPlayerColor": "PLAYERCOLOR_MINOR_CYAN",
        "Description": "TXT_KEY_CITYSTATE_MBANZA_KONGO",
        "ID": 51,
        "MinorCivTrait": "MINOR_TRAIT_MILITARISTIC",
        "ShortDescription": "TXT_KEY_CITYSTATE_MBANZA_KONGO",
        "Type": "MINOR_CIV_MBANZA_KONGO"
    },
    {
        "Adjective": "TXT_KEY_CITYSTATE_KABUL_ADJ",
        "ArtDefineTag": "ART_DEF_CIVILIZATION_MINOR",
        "ArtStylePrefix": "ASIAN",
        "ArtStyleSuffix": "_ASIA",
        "ArtStyleType": "ARTSTYLE_ASIAN",
        "Civilopedia": "TXT_KEY_CIV5_KABUL_TEXT",
        "DefaultPlayerColor": "PLAYERCOLOR_MINOR_GREEN",
        "Description": "TXT_KEY_CITYSTATE_KABUL",
        "ID": 52,
        "MinorCivTrait": "MINOR_TRAIT_CULTURED",
        "ShortDescription": "TXT_KEY_CITYSTATE_KABUL",
        "Type": "MINOR_CIV_KABUL"
    },
    {
        "Adjective": "TXT_KEY_CITYSTATE_SOFIA_ADJ",
        "ArtDefineTag": "ART_DEF_CIVILIZATION_MINOR",
        "ArtStylePrefix": "EUROPEAN",
        "ArtStyleSuffix": "_EURO",
        "ArtStyleType": "ARTSTYLE_EUROPEAN",
        "Civilopedia": "TXT_KEY_CIV5_SOFIA_TEXT",
        "DefaultPlayerColor": "PLAYERCOLOR_MINOR_LIGHT_GREEN",
        "Description": "TXT_KEY_CITYSTATE_SOFIA",
        "ID": 53,
        "MinorCivTrait": "MINOR_TRAIT_MILITARISTIC",
        "ShortDescription": "TXT_KEY_CITYSTATE_SOFIA",
        "Type": "MINOR_CIV_SOFIA"
    },
    {
        "Adjective": "TXT_KEY_CITYSTATE_UR_ADJ",
        "ArtDefineTag": "ART_DEF_CIVILIZATION_MINOR",
        "ArtStylePrefix": "AFRICAN",
        "ArtStyleSuffix": "_AFRI",
        "ArtStyleType": "ARTSTYLE_MIDDLE_EAST",
        "Civilopedia": "TXT_KEY_CIV5_UR_TEXT",
        "DefaultPlayerColor": "PLAYERCOLOR_MINOR_LIGHT_PURPLE",
        "Description": "TXT_KEY_CITYSTATE_UR",
        "ID": 54,
        "MinorCivTrait": "MINOR_TRAIT_MARITIME",
        "ShortDescription": "TXT_KEY_CITYSTATE_UR",
        "Type": "MINOR_CIV_UR"
    },
    {
        "Adjective": "TXT_KEY_CITYSTATE_MELBOURNE_ADJ",
        "ArtDefineTag": "ART_DEF_CIVILIZATION_MINOR",
        "ArtStylePrefix": "EUROPEAN",
        "ArtStyleSuffix": "_EURO",
        "ArtStyleType": "ARTSTYLE_EUROPEAN",
        "Civilopedia": "TXT_KEY_CIV5_MELBOURNE_TEXT",
        "DefaultPlayerColor": "PLAYERCOLOR_MINOR_LIGHT_GREEN",
        "Description": "TXT_KEY_CITYSTATE_MELBOURNE",
        "ID": 55,
        "MinorCivTrait": "MINOR_TRAIT_MERCANTILE",
        "ShortDescription": "TXT_KEY_CITYSTATE_MELBOURNE",
        "Type": "MINOR_CIV_MELBOURNE"
    },
    {
        "Adjective": "TXT_KEY_CITYSTATE_BOGOTA_ADJ",
        "ArtDefineTag": "ART_DEF_CIVILIZATION_MINOR",
        "ArtStylePrefix": "AMERICAN",
        "ArtStyleSuffix": "_AMER",
        "ArtStyleType": "ARTSTYLE_SOUTH_AMERICA",
        "Civilopedia": "TXT_KEY_CIV5_BOGOTA_TEXT",
        "DefaultPlayerColor": "PLAYERCOLOR_MINOR_MIDDLE_PURPLE",
        "Description": "TXT_KEY_CITYSTATE_BOGOTA",
        "ID": 56,
        "MinorCivTrait": "MINOR_TRAIT_CULTURED",
        "ShortDescription": "TXT_KEY_CITYSTATE_BOGOTA",
        "Type": "MINOR_CIV_BOGOTA"
    },
    {
        "Adjective": "TXT_KEY_CITYSTATE_VILNIUS_ADJ",
        "ArtDefineTag": "ART_DEF_CIVILIZATION_MINOR",
        "ArtStylePrefix": "EUROPEAN",
        "ArtStyleSuffix": "_EURO",
        "ArtStyleType": "ARTSTYLE_EUROPEAN",
        "Civilopedia": "TXT_KEY_CIV5_VILNIUS_TEXT",
        "DefaultPlayerColor": "PLAYERCOLOR_MINOR_LIGHT_ORANGE",
        "Description": "TXT_KEY_CITYSTATE_VILNIUS",
        "ID": 57,
        "MinorCivTrait": "MINOR_TRAIT_MERCANTILE",
        "ShortDescription": "TXT_KEY_CITYSTATE_VILNIUS",
        "Type": "MINOR_CIV_VILNIUS"
    },
    {
        "Adjective": "TXT_KEY_CITYSTATE_WELLINGTON_ADJ",
        "ArtDefineTag": "ART_DEF_CIVILIZATION_MINOR",
        "ArtStylePrefix": "EUROPEAN",
        "ArtStyleSuffix": "_EURO",
        "ArtStyleType": "ARTSTYLE_EUROPEAN",
        "Civilopedia": "TXT_KEY_CIV5_WELLINGTON_TEXT",
        "DefaultPlayerColor": "PLAYERCOLOR_MINOR_PEACH",
        "Description": "TXT_KEY_CITYSTATE_WELLINGTON",
        "ID": 58,
        "MinorCivTrait": "MINOR_TRAIT_MARITIME",
        "ShortDescription": "TXT_KEY_CITYSTATE_WELLINGTON",
        "Type": "MINOR_CIV_WELLINGTON"
    }
]