[
    {
        "CityName": "TXT_KEY_CITYSTATE_BRATISLAVA",
        "MinorCivType": "MINOR_CIV_BRATISLAVA"
    },
    {
        "CityName": "TXT_KEY_CITYSTATE_BUDAPEST",
        "MinorCivType": "MINOR_CIV_BUDAPEST"
    },
    {
        "CityName": "TXT_KEY_CITYSTATE_GENEVA",
        "MinorCivType": "MINOR_CIV_GENEVA"
    },
    {
        "CityName": "TXT_KEY_CITYSTATE_RIGA",
        "MinorCivType": "MINOR_CIV_RIGA"
    },
    {
        "CityName": "TXT_KEY_CITYSTATE_GENOA",
        "MinorCivType": "MINOR_CIV_GENOA"
    },
    {
        "CityName": "TXT_KEY_CITYSTATE_FLORENCE",
        "MinorCivType": "MINOR_CIV_FLORENCE"
    },
    {
        "CityName": "TXT_KEY_CITYSTATE_RAGUSA",
        "MinorCivType": "MINOR_CIV_RAGUSA"
    },
    {
        "CityName": "TXT_KEY_CITYSTATE_SYDNEY",
        "MinorCivType": "MINOR_CIV_SYDNEY"
    },
    {
        "CityName": "TXT_KEY_CITYSTATE_QUEBEC_CITY",
        "MinorCivType": "MINOR_CIV_QUEBEC_CITY"
    },
    {
        "CityName": "TXT_KEY_CITYSTATE_BUCHAREST",
        "MinorCivType": "MINOR_CIV_BUCHAREST"
    },
    {
        "CityName": "TXT_KEY_CITYSTATE_BELGRADE",
        "MinorCivType": "MINOR_CIV_BELGRADE"
    },
    {
        "CityName": "TXT_KEY_CITYSTATE_BRUSSELS",
        "MinorCivType": "MINOR_CIV_BRUSSELS"
    },
    {
        "CityName": "TXT_KEY_CITYSTATE_MONACO",
        "MinorCivType": "MINOR_CIV_MONACO"
    },
    {
        "CityName": "TXT_KEY_CITYSTATE_KATHMANDU",
        "MinorCivType": "MINOR_CIV_KATHMANDU"
    },
    {
        "CityName": "TXT_KEY_CITYSTATE_HANOI",
        "MinorCivType": "MINOR_CIV_HANOI"
    },
    {
        "CityName": "TXT_KEY_CITYSTATE_LHASA",
        "MinorCivType": "MINOR_CIV_LHASA"
    },
    {
        "CityName": "TXT_KEY_CITYSTATE_ALMATY",
        "MinorCivType": "MINOR_CIV_ALMATY"
    },
    {
        "CityName": "TXT_KEY_CITYSTATE_KUALA_LUMPUR",
        "MinorCivType": "MINOR_CIV_KUALA_LUMPUR"
    },
    {
        "CityName": "TXT_KEY_CITYSTATE_SINGAPORE",
        "MinorCivType": "MINOR_CIV_SINGAPORE"
    },
    {
        "CityName": "TXT_KEY_CITYSTATE_PANAMA_CITY",
        "MinorCivType": "MINOR_CIV_PANAMA_CITY"
    },
    {
        "CityName": "TXT_KEY_CITYSTATE_CAPE_TOWN",
        "MinorCivType": "MINOR_CIV_CAPE_TOWN"
    },
    {
        "CityName": "TXT_KEY_CITYSTATE_SIDON",
        "MinorCivType": "MINOR_CIV_SIDON"
    },
    {
        "CityName": "TXT_KEY_CITYSTATE_TYRE",
        "MinorCivType": "MINOR_CIV_TYRE"
    },
    {
        "CityName": "TXT_KEY_CITYSTATE_ANTWERP",
        "MinorCivType": "MINOR_CIV_ANTWERP"
    },
    {
        "CityName": "TXT_KEY_CITYSTATE_CAHOKIA",
        "MinorCivType": "MINOR_CIV_CAHOKIA"
    },
    {
        "CityName": "TXT_KEY_CITYSTATE_COLOMBO",
        "MinorCivType": "MINOR_CIV_COLOMBO"
    },
    {
        "CityName": "TXT_KEY_CITYSTATE_HONG_KONG",
        "MinorCivType": "MINOR_CIV_HONG_KONG"
    },
    {
        "CityName": "TXT_KEY_CITYSTATE_ORMUS",
        "MinorCivType": "MINOR_CIV_ORMUS"
    },
    {
        "CityName": "TXT_KEY_CITYSTATE_JERUSALEM",
        "MinorCivType": "MINOR_CIV_JERUSALEM"
    },
    {
        "CityName": "TXT_KEY_CITYSTATE_LA_VENTA",
        "MinorCivType": "MINOR_CIV_LA_VENTA"
    },
    {
        "CityName": "TXT_KEY_CITYSTATE_VANCOUVER",
        "MinorCivType": "MINOR_CIV_VANCOUVER"
    },
    {
        "CityName": "TXT_KEY_CITYSTATE_MANILA",
        "MinorCivType": "MINOR_CIV_MANILA"
    },
    {
        "CityName": "TXT_KEY_CITYSTATE_ANTANANARIVO",
        "MinorCivType": "MINOR_CIV_ANTANANARIVO"
    },
    {
        "CityName": "TXT_KEY_CITYSTATE_MILAN",
        "MinorCivType": "MINOR_CIV_MILAN"
    },
    {
        "CityName": "TXT_KEY_CITYSTATE_MOMBASA",
        "MinorCivType": "MINOR_CIV_MOMBASA"
    },
    {
        "CityName": "TXT_KEY_CITYSTATE_PRAGUE",
        "MinorCivType": "MINOR_CIV_PRAGUE"
    },
    {
        "CityName": "TXT_KEY_CITYSTATE_VALLETTA",
        "MinorCivType": "MINOR_CIV_VALLETTA"
    },
    {
        "CityName": "TXT_KEY_CITYSTATE_VATICAN_CITY",
        "MinorCivType": "MINOR_CIV_VATICAN_CITY"
    },
    {
        "CityName": "TXT_KEY_CITYSTATE_WITTENBERG",
        "MinorCivType": "MINOR_CIV_WITTENBERG"
    },
    {
        "CityName": "TXT_KEY_CITYSTATE_YEREVAN",
        "MinorCivType": "MINOR_CIV_YEREVAN"
    },
    {
        "CityName": "TXT_KEY_CITYSTATE_ZANZIBAR",
        "MinorCivType": "MINOR_CIV_ZANZIBAR"
    },
    {
        "CityName": "TXT_KEY_CITYSTATE_ZURICH",
        "MinorCivType": "MINOR_CIV_ZURICH"
    },
    {
        "CityName": "TXT_KEY_CITYSTATE_SAMARKAND",
        "MinorCivType": "MINOR_CIV_SAMARKAND"
    },
    {
        "CityName": "TXT_KEY_CITYSTATE_MALACCA",
        "MinorCivType": "MINOR_CIV_MALACCA"
    },
    {
        "CityName": "TXT_KEY_CITYSTATE_MOGADISHU",
        "MinorCivType": "MINOR_CIV_MOGADISHU"
    },
    {
        "CityName": "TXT_KEY_CITYSTATE_BYBLOS",
        "MinorCivType": "MINOR_CIV_BYBLOS"
    },
    {
        "CityName": "TXT_KEY_CITYSTATE_KYZYL",
        "MinorCivType": "MINOR_CIV_KYZYL"
    },
    {
        "CityName": "TXT_KEY_CITYSTATE_IFE",
        "MinorCivType": "MINOR_CIV_IFE"
    },
    {
        "CityName": "TXT_KEY_CITYSTATE_KIEV",
        "MinorCivType": "MINOR_CIV_KIEV"
    },
    {
        "CityName": "TXT_KEY_CITYSTATE_BUENOS_AIRES",
        "MinorCivType": "MINOR_CIV_BUENOS_AIRES"
    },
    {
        "CityName": "TXT_KEY_CITYSTATE_MBANZA_KONGO",
        "MinorCivType": "MINOR_CIV_MBANZA_KONGO"
    },
    {
        "CityName": "TXT_KEY_CITYSTATE_KABUL",
        "MinorCivType": "MINOR_CIV_KABUL"
    },
    {
        "CityName": "TXT_KEY_CITYSTATE_SOFIA",
        "MinorCivType": "MINOR_CIV_SOFIA"
    },
    {
        "CityName": "TXT_KEY_CITYSTATE_UR",
        "MinorCivType": "MINOR_CIV_UR"
    },
    {
        "CityName": "TXT_KEY_CITYSTATE_MELBOURNE",
        "MinorCivType": "MINOR_CIV_MELBOURNE"
    },
    {
        "CityName": "TXT_KEY_CITYSTATE_BOGOTA",
        "MinorCivType": "MINOR_CIV_BOGOTA"
    },
    {
        "CityName": "TXT_KEY_CITYSTATE_VILNIUS",
        "MinorCivType": "MINOR_CIV_VILNIUS"
    },
    {
        "CityName": "TXT_KEY_CITYSTATE_WELLINGTON",
        "MinorCivType": "MINOR_CIV_WELLINGTON"
    }
]