[
    {
        "AltDown": 0,
        "AltDownAlt": 0,
        "Build": 0,
        "CtrlDown": 0,
        "CtrlDownAlt": 0,
        "Description": "TXT_KEY_MISSION_MOVE_TO",
        "DisabledHelp": null,
        "EntityEventType": null,
        "Help": "TXT_KEY_MISSION_MOVE_TO_HELP",
        "HotKey": null,
        "HotKeyAlt": null,
        "HotKeyPriority": 0,
        "HotKeyPriorityAlt": 0,
        "ID": 0,
        "IconAtlas": "UNIT_ACTION_ATLAS",
        "IconIndex": 9,
        "OrderPriority": 0,
        "ShiftDown": 0,
        "ShiftDownAlt": 0,
        "Sound": 0,
        "Target": 1,
        "Time": 10,
        "Type": "MISSION_MOVE_TO",
        "Visible": 0,
        "Waypoint": "EFFECT_FOOTSTEP_ON"
    },
    {
        "AltDown": 0,
        "AltDownAlt": 0,
        "Build": 0,
        "CtrlDown": 0,
        "CtrlDownAlt": 0,
        "Description": "TXT_KEY_MISSION_ROUTE_TO",
        "DisabledHelp": null,
        "EntityEventType": null,
        "Help": "TXT_KEY_MISSION_ROUTE_TO_HELP",
        "HotKey": null,
        "HotKeyAlt": null,
        "HotKeyPriority": 0,
        "HotKeyPriorityAlt": 0,
        "ID": 1,
        "IconAtlas": "UNIT_ACTION_ATLAS",
        "IconIndex": 58,
        "OrderPriority": 0,
        "ShiftDown": 0,
        "ShiftDownAlt": 0,
        "Sound": 1,
        "Target": 1,
        "Time": 10,
        "Type": "MISSION_ROUTE_TO",
        "Visible": 0,
        "Waypoint": "EFFECT_FOOTSTEP_ON"
    },
    {
        "AltDown": 0,
        "AltDownAlt": 0,
        "Build": 0,
        "CtrlDown": 0,
        "CtrlDownAlt": 0,
        "Description": "TXT_KEY_MISSION_MOVE_TO_UNIT",
        "DisabledHelp": null,
        "EntityEventType": null,
        "Help": "TXT_KEY_MISSION_MOVE_TO_UNIT_HELP",
        "HotKey": null,
        "HotKeyAlt": null,
        "HotKeyPriority": 0,
        "HotKeyPriorityAlt": 0,
        "ID": 2,
        "IconAtlas": "UNIT_ACTION_ATLAS",
        "IconIndex": 9,
        "OrderPriority": 0,
        "ShiftDown": 0,
        "ShiftDownAlt": 0,
        "Sound": 1,
        "Target": 0,
        "Time": 10,
        "Type": "MISSION_MOVE_TO_UNIT",
        "Visible": 0,
        "Waypoint": "EFFECT_FOOTSTEP_ON"
    },
    {
        "AltDown": 0,
        "AltDownAlt": 0,
        "Build": 0,
        "CtrlDown": 0,
        "CtrlDownAlt": 0,
        "Description": null,
        "DisabledHelp": null,
        "EntityEventType": null,
        "Help": null,
        "HotKey": null,
        "HotKeyAlt": null,
        "HotKeyPriority": 0,
        "HotKeyPriorityAlt": 0,
        "ID": 3,
        "IconAtlas": "UNIT_ACTION_ATLAS",
        "IconIndex": 10,
        "OrderPriority": 0,
        "ShiftDown": 0,
        "ShiftDownAlt": 0,
        "Sound": 0,
        "Target": 1,
        "Time": 10,
        "Type": "MISSION_SWAP_UNITS",
        "Visible": 0,
        "Waypoint": "EFFECT_FOOTSTEP_ON"
    },
    {
        "AltDown": 0,
        "AltDownAlt": 0,
        "Build": 0,
        "CtrlDown": 0,
        "CtrlDownAlt": 0,
        "Description": "TXT_KEY_MISSION_SKIP",
        "DisabledHelp": null,
        "EntityEventType": null,
        "Help": "TXT_KEY_MISSION_SKIP_HELP",
        "HotKey": "KB_SPACE",
        "HotKeyAlt": "KB_NUMPAD0",
        "HotKeyPriority": 1,
        "HotKeyPriorityAlt": 0,
        "ID": 4,
        "IconAtlas": "UNIT_ACTION_ATLAS",
        "IconIndex": 8,
        "OrderPriority": 196,
        "ShiftDown": 0,
        "ShiftDownAlt": 0,
        "Sound": 0,
        "Target": 0,
        "Time": 0,
        "Type": "MISSION_SKIP",
        "Visible": 1,
        "Waypoint": null
    },
    {
        "AltDown": 0,
        "AltDownAlt": 0,
        "Build": 0,
        "CtrlDown": 0,
        "CtrlDownAlt": 0,
        "Description": "TXT_KEY_MISSION_SLEEP",
        "DisabledHelp": null,
        "EntityEventType": "ENTITY_EVENT_SLEEP",
        "Help": "TXT_KEY_MISSION_SLEEP_HELP",
        "HotKey": "KB_F",
        "HotKeyAlt": "KB_NUMPADPERIOD",
        "HotKeyPriority": 0,
        "HotKeyPriorityAlt": 0,
        "ID": 5,
        "IconAtlas": "UNIT_ACTION_ATLAS",
        "IconIndex": 4,
        "OrderPriority": 150,
        "ShiftDown": 0,
        "ShiftDownAlt": 0,
        "Sound": 1,
        "Target": 0,
        "Time": 0,
        "Type": "MISSION_SLEEP",
        "Visible": 1,
        "Waypoint": null
    },
    {
        "AltDown": 0,
        "AltDownAlt": 0,
        "Build": 0,
        "CtrlDown": 0,
        "CtrlDownAlt": 0,
        "Description": "TXT_KEY_MISSION_ALERT",
        "DisabledHelp": null,
        "EntityEventType": "ENTITY_EVENT_FORTIFY",
        "Help": "TXT_KEY_MISSION_ALERT_HELP",
        "HotKey": "KB_A",
        "HotKeyAlt": null,
        "HotKeyPriority": 0,
        "HotKeyPriorityAlt": 0,
        "ID": 6,
        "IconAtlas": "UNIT_ACTION_ATLAS",
        "IconIndex": 2,
        "OrderPriority": 175,
        "ShiftDown": 0,
        "ShiftDownAlt": 0,
        "Sound": 1,
        "Target": 0,
        "Time": 0,
        "Type": "MISSION_ALERT",
        "Visible": 1,
        "Waypoint": null
    },
    {
        "AltDown": 0,
        "AltDownAlt": 0,
        "Build": 0,
        "CtrlDown": 0,
        "CtrlDownAlt": 0,
        "Description": "TXT_KEY_MISSION_FORTIFY",
        "DisabledHelp": null,
        "EntityEventType": "ENTITY_EVENT_FORTIFY",
        "Help": "TXT_KEY_MISSION_FORTIFY_HELP",
        "HotKey": "KB_F",
        "HotKeyAlt": "KB_NUMPADPERIOD",
        "HotKeyPriority": 0,
        "HotKeyPriorityAlt": 0,
        "ID": 7,
        "IconAtlas": "UNIT_ACTION_ATLAS",
        "IconIndex": 1,
        "OrderPriority": 99,
        "ShiftDown": 0,
        "ShiftDownAlt": 0,
        "Sound": 1,
        "Target": 0,
        "Time": 10,
        "Type": "MISSION_FORTIFY",
        "Visible": 1,
        "Waypoint": null
    },
    {
        "AltDown": 0,
        "AltDownAlt": 0,
        "Build": 0,
        "CtrlDown": 0,
        "CtrlDownAlt": 0,
        "Description": "TXT_KEY_MISSION_GARRISON",
        "DisabledHelp": "TXT_KEY_MISSION_GARRISON_DISABLED_HELP",
        "EntityEventType": "ENTITY_EVENT_FORTIFY",
        "Help": "TXT_KEY_MISSION_GARRISON_HELP",
        "HotKey": "KB_F",
        "HotKeyAlt": "KB_NUMPADPERIOD",
        "HotKeyPriority": 0,
        "HotKeyPriorityAlt": 0,
        "ID": 8,
        "IconAtlas": "UNIT_ACTION_ATLAS",
        "IconIndex": 40,
        "OrderPriority": 198,
        "ShiftDown": 0,
        "ShiftDownAlt": 0,
        "Sound": 1,
        "Target": 0,
        "Time": 0,
        "Type": "MISSION_GARRISON",
        "Visible": 1,
        "Waypoint": null
    },
    {
        "AltDown": 0,
        "AltDownAlt": 0,
        "Build": 0,
        "CtrlDown": 0,
        "CtrlDownAlt": 0,
        "Description": "TXT_KEY_MISSION_SET_UP",
        "DisabledHelp": null,
        "EntityEventType": null,
        "Help": "TXT_KEY_MISSION_SET_UP_HELP",
        "HotKey": "KB_S",
        "HotKeyAlt": null,
        "HotKeyPriority": 0,
        "HotKeyPriorityAlt": 0,
        "ID": 9,
        "IconAtlas": "UNIT_ACTION_ATLAS",
        "IconIndex": 12,
        "OrderPriority": 198,
        "ShiftDown": 0,
        "ShiftDownAlt": 0,
        "Sound": 1,
        "Target": 0,
        "Time": 10,
        "Type": "MISSION_SET_UP_FOR_RANGED_ATTACK",
        "Visible": 1,
        "Waypoint": null
    },
    {
        "AltDown": 0,
        "AltDownAlt": 0,
        "Build": 0,
        "CtrlDown": 0,
        "CtrlDownAlt": 0,
        "Description": "TXT_KEY_MISSION_EMBARK",
        "DisabledHelp": null,
        "EntityEventType": null,
        "Help": "TXT_KEY_MISSION_EMBARK_HELP",
        "HotKey": "KB_E",
        "HotKeyAlt": null,
        "HotKeyPriority": 0,
        "HotKeyPriorityAlt": 0,
        "ID": 10,
        "IconAtlas": "UNIT_ACTION_ATLAS",
        "IconIndex": 14,
        "OrderPriority": 0,
        "ShiftDown": 0,
        "ShiftDownAlt": 0,
        "Sound": 1,
        "Target": 0,
        "Time": 10,
        "Type": "MISSION_EMBARK",
        "Visible": 0,
        "Waypoint": null
    },
    {
        "AltDown": 0,
        "AltDownAlt": 0,
        "Build": 0,
        "CtrlDown": 0,
        "CtrlDownAlt": 0,
        "Description": "TXT_KEY_MISSION_DISEMBARK",
        "DisabledHelp": null,
        "EntityEventType": null,
        "Help": "TXT_KEY_MISSION_DISEMBARK_HELP",
        "HotKey": "KB_D",
        "HotKeyAlt": null,
        "HotKeyPriority": 0,
        "HotKeyPriorityAlt": 0,
        "ID": 11,
        "IconAtlas": "UNIT_ACTION_ATLAS",
        "IconIndex": 15,
        "OrderPriority": 0,
        "ShiftDown": 0,
        "ShiftDownAlt": 0,
        "Sound": 1,
        "Target": 0,
        "Time": 10,
        "Type": "MISSION_DISEMBARK",
        "Visible": 0,
        "Waypoint": null
    },
    {
        "AltDown": 0,
        "AltDownAlt": 0,
        "Build": 0,
        "CtrlDown": 0,
        "CtrlDownAlt": 0,
        "Description": "TXT_KEY_MISSION_INTERCEPT",
        "DisabledHelp": null,
        "EntityEventType": "ENTITY_EVENT_AIRPATROL",
        "Help": "TXT_KEY_MISSION_INTERCEPT_HELP",
        "HotKey": "KB_I",
        "HotKeyAlt": null,
        "HotKeyPriority": 1,
        "HotKeyPriorityAlt": 0,
        "ID": 12,
        "IconAtlas": "UNIT_ACTION_ATLAS",
        "IconIndex": 47,
        "OrderPriority": 197,
        "ShiftDown": 0,
        "ShiftDownAlt": 0,
        "Sound": 1,
        "Target": 0,
        "Time": 0,
        "Type": "MISSION_AIRPATROL",
        "Visible": 1,
        "Waypoint": null
    },
    {
        "AltDown": 0,
        "AltDownAlt": 0,
        "Build": 0,
        "CtrlDown": 0,
        "CtrlDownAlt": 0,
        "Description": "TXT_KEY_MISSION_HEAL",
        "DisabledHelp": "TXT_KEY_MISSION_HEAL_DISABLED_HELP",
        "EntityEventType": "ENTITY_EVENT_HEAL",
        "Help": "TXT_KEY_MISSION_HEAL_HELP",
        "HotKey": "KB_H",
        "HotKeyAlt": null,
        "HotKeyPriority": 0,
        "HotKeyPriorityAlt": 0,
        "ID": 13,
        "IconAtlas": "UNIT_ACTION_ATLAS",
        "IconIndex": 3,
        "OrderPriority": 199,
        "ShiftDown": 0,
        "ShiftDownAlt": 0,
        "Sound": 1,
        "Target": 0,
        "Time": 0,
        "Type": "MISSION_HEAL",
        "Visible": 1,
        "Waypoint": null
    },
    {
        "AltDown": 0,
        "AltDownAlt": 0,
        "Build": 0,
        "CtrlDown": 0,
        "CtrlDownAlt": 0,
        "Description": "TXT_KEY_MISSION_AIRLIFT",
        "DisabledHelp": null,
        "EntityEventType": null,
        "Help": "TXT_KEY_MISSION_AIRLIFT_HELP",
        "HotKey": null,
        "HotKeyAlt": null,
        "HotKeyPriority": 0,
        "HotKeyPriorityAlt": 0,
        "ID": 14,
        "IconAtlas": "UNIT_ACTION_ATLAS",
        "IconIndex": 16,
        "OrderPriority": 0,
        "ShiftDown": 0,
        "ShiftDownAlt": 0,
        "Sound": 1,
        "Target": 0,
        "Time": 10,
        "Type": "MISSION_AIRLIFT",
        "Visible": 0,
        "Waypoint": null
    },
    {
        "AltDown": 0,
        "AltDownAlt": 0,
        "Build": 0,
        "CtrlDown": 0,
        "CtrlDownAlt": 0,
        "Description": "TXT_KEY_MISSION_NUKE",
        "DisabledHelp": null,
        "EntityEventType": "ENTITY_EVENT_NUKE",
        "Help": "TXT_KEY_MISSION_NUKE_HELP",
        "HotKey": null,
        "HotKeyAlt": null,
        "HotKeyPriority": 0,
        "HotKeyPriorityAlt": 0,
        "ID": 15,
        "IconAtlas": "UNIT_ACTION_ATLAS",
        "IconIndex": 17,
        "OrderPriority": 0,
        "ShiftDown": 0,
        "ShiftDownAlt": 0,
        "Sound": 1,
        "Target": 0,
        "Time": 30,
        "Type": "MISSION_NUKE",
        "Visible": 0,
        "Waypoint": null
    },
    {
        "AltDown": 0,
        "AltDownAlt": 0,
        "Build": 0,
        "CtrlDown": 0,
        "CtrlDownAlt": 0,
        "Description": "TXT_KEY_MISSION_PARADROP",
        "DisabledHelp": null,
        "EntityEventType": "ENTITY_EVENT_PARADROP",
        "Help": "TXT_KEY_MISSION_PARADROP_HELP",
        "HotKey": null,
        "HotKeyAlt": null,
        "HotKeyPriority": 0,
        "HotKeyPriorityAlt": 0,
        "ID": 16,
        "IconAtlas": "UNIT_ACTION_ATLAS",
        "IconIndex": 48,
        "OrderPriority": 0,
        "ShiftDown": 0,
        "ShiftDownAlt": 0,
        "Sound": 1,
        "Target": 0,
        "Time": 30,
        "Type": "MISSION_PARADROP",
        "Visible": 0,
        "Waypoint": null
    },
    {
        "AltDown": 0,
        "AltDownAlt": 0,
        "Build": 0,
        "CtrlDown": 0,
        "CtrlDownAlt": 0,
        "Description": null,
        "DisabledHelp": null,
        "EntityEventType": null,
        "Help": null,
        "HotKey": "KB_S",
        "HotKeyAlt": null,
        "HotKeyPriority": 0,
        "HotKeyPriorityAlt": 0,
        "ID": 17,
        "IconAtlas": null,
        "IconIndex": -1,
        "OrderPriority": 0,
        "ShiftDown": 0,
        "ShiftDownAlt": 0,
        "Sound": 1,
        "Target": 0,
        "Time": 10,
        "Type": "MISSION_AIR_SWEEP",
        "Visible": 0,
        "Waypoint": null
    },
    {
        "AltDown": 0,
        "AltDownAlt": 0,
        "Build": 0,
        "CtrlDown": 0,
        "CtrlDownAlt": 1,
        "Description": null,
        "DisabledHelp": null,
        "EntityEventType": null,
        "Help": null,
        "HotKey": "KB_R",
        "HotKeyAlt": null,
        "HotKeyPriority": 0,
        "HotKeyPriorityAlt": 0,
        "ID": 18,
        "IconAtlas": null,
        "IconIndex": -1,
        "OrderPriority": 0,
        "ShiftDown": 0,
        "ShiftDownAlt": 0,
        "Sound": 1,
        "Target": 0,
        "Time": 15,
        "Type": "MISSION_REBASE",
        "Visible": 0,
        "Waypoint": null
    },
    {
        "AltDown": 0,
        "AltDownAlt": 0,
        "Build": 0,
        "CtrlDown": 0,
        "CtrlDownAlt": 0,
        "Description": null,
        "DisabledHelp": null,
        "EntityEventType": null,
        "Help": null,
        "HotKey": "KB_B",
        "HotKeyAlt": null,
        "HotKeyPriority": 0,
        "HotKeyPriorityAlt": 0,
        "ID": 19,
        "IconAtlas": "UNIT_ACTION_ATLAS",
        "IconIndex": 13,
        "OrderPriority": 0,
        "ShiftDown": 0,
        "ShiftDownAlt": 0,
        "Sound": 1,
        "Target": 0,
        "Time": 25,
        "Type": "MISSION_RANGE_ATTACK",
        "Visible": 1,
        "Waypoint": null
    },
    {
        "AltDown": 0,
        "AltDownAlt": 0,
        "Build": 0,
        "CtrlDown": 0,
        "CtrlDownAlt": 0,
        "Description": "TXT_KEY_MISSION_PILLAGE",
        "DisabledHelp": null,
        "EntityEventType": "ENTITY_EVENT_PILLAGE",
        "Help": "TXT_KEY_MISSION_PILLAGE_HELP",
        "HotKey": "KB_P",
        "HotKeyAlt": null,
        "HotKeyPriority": 0,
        "HotKeyPriorityAlt": 0,
        "ID": 20,
        "IconAtlas": "UNIT_ACTION_ATLAS",
        "IconIndex": 37,
        "OrderPriority": 150,
        "ShiftDown": 1,
        "ShiftDownAlt": 0,
        "Sound": 1,
        "Target": 0,
        "Time": 20,
        "Type": "MISSION_PILLAGE",
        "Visible": 1,
        "Waypoint": null
    },
    {
        "AltDown": 0,
        "AltDownAlt": 0,
        "Build": 0,
        "CtrlDown": 0,
        "CtrlDownAlt": 0,
        "Description": "TXT_KEY_MISSION_BUILD_CITY",
        "DisabledHelp": "TXT_KEY_MISSION_BUILD_CITY_DISABLED_HELP",
        "EntityEventType": "ENTITY_EVENT_FOUND",
        "Help": "TXT_KEY_MISSION_BUILD_CITY_HELP",
        "HotKey": "KB_B",
        "HotKeyAlt": null,
        "HotKeyPriority": 1,
        "HotKeyPriorityAlt": 0,
        "ID": 21,
        "IconAtlas": "UNIT_ACTION_ATLAS",
        "IconIndex": 0,
        "OrderPriority": 199,
        "ShiftDown": 0,
        "ShiftDownAlt": 0,
        "Sound": 1,
        "Target": 0,
        "Time": 25,
        "Type": "MISSION_FOUND",
        "Visible": 1,
        "Waypoint": null
    },
    {
        "AltDown": 0,
        "AltDownAlt": 0,
        "Build": 0,
        "CtrlDown": 0,
        "CtrlDownAlt": 0,
        "Description": "TXT_KEY_MISSION_JOIN_CITY",
        "DisabledHelp": null,
        "EntityEventType": "ENTITY_EVENT_GREAT_EVENT",
        "Help": "TXT_KEY_MISSION_JOIN_CITY_HELP",
        "HotKey": null,
        "HotKeyAlt": null,
        "HotKeyPriority": 0,
        "HotKeyPriorityAlt": 0,
        "ID": 22,
        "IconAtlas": "UNIT_ACTION_ATLAS",
        "IconIndex": 18,
        "OrderPriority": 0,
        "ShiftDown": 0,
        "ShiftDownAlt": 0,
        "Sound": 0,
        "Target": 0,
        "Time": 25,
        "Type": "MISSION_JOIN",
        "Visible": 0,
        "Waypoint": null
    },
    {
        "AltDown": 0,
        "AltDownAlt": 0,
        "Build": 0,
        "CtrlDown": 0,
        "CtrlDownAlt": 0,
        "Description": "TXT_KEY_MISSION_CONSTRUCT",
        "DisabledHelp": null,
        "EntityEventType": "ENTITY_EVENT_GREAT_EVENT",
        "Help": "TXT_KEY_MISSION_CONSTRUCT_HELP",
        "HotKey": null,
        "HotKeyAlt": null,
        "HotKeyPriority": 0,
        "HotKeyPriorityAlt": 0,
        "ID": 23,
        "IconAtlas": "UNIT_ACTION_ATLAS",
        "IconIndex": 54,
        "OrderPriority": 0,
        "ShiftDown": 0,
        "ShiftDownAlt": 0,
        "Sound": 0,
        "Target": 0,
        "Time": 25,
        "Type": "MISSION_CONSTRUCT",
        "Visible": 0,
        "Waypoint": null
    },
    {
        "AltDown": 0,
        "AltDownAlt": 0,
        "Build": 0,
        "CtrlDown": 0,
        "CtrlDownAlt": 0,
        "Description": "TXT_KEY_MISSION_DISCOVER_TECH",
        "DisabledHelp": "TXT_KEY_MISSION_DISCOVER_TECH_DISABLED_HELP",
        "EntityEventType": "ENTITY_EVENT_GREAT_EVENT",
        "Help": "TXT_KEY_MISSION_DISCOVER_TECH_HELP",
        "HotKey": null,
        "HotKeyAlt": null,
        "HotKeyPriority": 0,
        "HotKeyPriorityAlt": 0,
        "ID": 24,
        "IconAtlas": "UNIT_ACTION_ATLAS",
        "IconIndex": 50,
        "OrderPriority": 199,
        "ShiftDown": 0,
        "ShiftDownAlt": 0,
        "Sound": 0,
        "Target": 0,
        "Time": 25,
        "Type": "MISSION_DISCOVER",
        "Visible": 1,
        "Waypoint": null
    },
    {
        "AltDown": 0,
        "AltDownAlt": 0,
        "Build": 0,
        "CtrlDown": 0,
        "CtrlDownAlt": 0,
        "Description": "TXT_KEY_MISSION_HURRY_PRODUCTION",
        "DisabledHelp": null,
        "EntityEventType": "ENTITY_EVENT_GREAT_EVENT",
        "Help": "TXT_KEY_MISSION_HURRY_PRODUCTION_HELP",
        "HotKey": null,
        "HotKeyAlt": null,
        "HotKeyPriority": 0,
        "HotKeyPriorityAlt": 0,
        "ID": 25,
        "IconAtlas": "UNIT_ACTION_ATLAS",
        "IconIndex": 55,
        "OrderPriority": 199,
        "ShiftDown": 0,
        "ShiftDownAlt": 0,
        "Sound": 0,
        "Target": 0,
        "Time": 25,
        "Type": "MISSION_HURRY",
        "Visible": 1,
        "Waypoint": null
    },
    {
        "AltDown": 0,
        "AltDownAlt": 0,
        "Build": 0,
        "CtrlDown": 0,
        "CtrlDownAlt": 0,
        "Description": "TXT_KEY_MISSION_CONDUCT_TRADE_MISSION",
        "DisabledHelp": "TXT_KEY_MISSION_CONDUCT_TRADE_MISSION_DISABLED_HELP",
        "EntityEventType": "ENTITY_EVENT_GREAT_EVENT",
        "Help": "TXT_KEY_MISSION_CONDUCT_TRADE_MISSION_HELP",
        "HotKey": null,
        "HotKeyAlt": null,
        "HotKeyPriority": 0,
        "HotKeyPriorityAlt": 0,
        "ID": 26,
        "IconAtlas": "UNIT_ACTION_ATLAS",
        "IconIndex": 52,
        "OrderPriority": 199,
        "ShiftDown": 0,
        "ShiftDownAlt": 0,
        "Sound": 0,
        "Target": 0,
        "Time": 25,
        "Type": "MISSION_TRADE",
        "Visible": 1,
        "Waypoint": null
    },
    {
        "AltDown": 0,
        "AltDownAlt": 0,
        "Build": 0,
        "CtrlDown": 0,
        "CtrlDownAlt": 0,
        "Description": "TXT_KEY_MISSION_BUY_CITY_STATE",
        "DisabledHelp": "TXT_KEY_MISSION_BUY_CITY_STATE_DISABLED_HELP",
        "EntityEventType": "ENTITY_EVENT_GREAT_EVENT",
        "Help": "TXT_KEY_MISSION_BUY_CITY_STATE_HELP",
        "HotKey": null,
        "HotKeyAlt": null,
        "HotKeyPriority": 0,
        "HotKeyPriorityAlt": 0,
        "ID": 27,
        "IconAtlas": "UNIT_ACTION_BUY_CITYSTATE",
        "IconIndex": 0,
        "OrderPriority": 199,
        "ShiftDown": 0,
        "ShiftDownAlt": 0,
        "Sound": 0,
        "Target": 0,
        "Time": 25,
        "Type": "MISSION_BUY_CITY_STATE",
        "Visible": 1,
        "Waypoint": null
    },
    {
        "AltDown": 0,
        "AltDownAlt": 0,
        "Build": 0,
        "CtrlDown": 0,
        "CtrlDownAlt": 0,
        "Description": "TXT_KEY_MISSION_REPAIR_FLEET",
        "DisabledHelp": null,
        "EntityEventType": "ENTITY_EVENT_GREAT_EVENT",
        "Help": "TXT_KEY_MISSION_REPAIR_FLEET_HELP",
        "HotKey": null,
        "HotKeyAlt": null,
        "HotKeyPriority": 0,
        "HotKeyPriorityAlt": 0,
        "ID": 28,
        "IconAtlas": "UNIT_ACTION_ATLAS_RELIGION",
        "IconIndex": 3,
        "OrderPriority": 199,
        "ShiftDown": 0,
        "ShiftDownAlt": 0,
        "Sound": 0,
        "Target": 0,
        "Time": 25,
        "Type": "MISSION_REPAIR_FLEET",
        "Visible": 1,
        "Waypoint": null
    },
    {
        "AltDown": 0,
        "AltDownAlt": 0,
        "Build": 0,
        "CtrlDown": 0,
        "CtrlDownAlt": 0,
        "Description": "TXT_KEY_MISSION_BUILD_SPACESHIP",
        "DisabledHelp": "TXT_KEY_MISSION_BUILD_SPACESHIP_DISABLED_HELP",
        "EntityEventType": "ENTITY_EVENT_GREAT_EVENT",
        "Help": "TXT_KEY_MISSION_BUILD_SPACESHIP_HELP",
        "HotKey": null,
        "HotKeyAlt": null,
        "HotKeyPriority": 0,
        "HotKeyPriorityAlt": 0,
        "ID": 29,
        "IconAtlas": "UNIT_ACTION_ATLAS",
        "IconIndex": 49,
        "OrderPriority": 199,
        "ShiftDown": 0,
        "ShiftDownAlt": 0,
        "Sound": 0,
        "Target": 0,
        "Time": 10,
        "Type": "MISSION_SPACESHIP",
        "Visible": 1,
        "Waypoint": null
    },
    {
        "AltDown": 0,
        "AltDownAlt": 0,
        "Build": 0,
        "CtrlDown": 0,
        "CtrlDownAlt": 0,
        "Description": "TXT_KEY_MISSION_CULTURE_BOMB",
        "DisabledHelp": "TXT_KEY_MISSION_CULTURE_BOMB_DISABLED_HELP",
        "EntityEventType": "ENTITY_EVENT_GREAT_EVENT",
        "Help": "TXT_KEY_MISSION_CULTURE_BOMB_HELP",
        "HotKey": null,
        "HotKeyAlt": null,
        "HotKeyPriority": 0,
        "HotKeyPriorityAlt": 0,
        "ID": 30,
        "IconAtlas": "UNIT_ACTION_ATLAS",
        "IconIndex": 53,
        "OrderPriority": 199,
        "ShiftDown": 0,
        "ShiftDownAlt": 0,
        "Sound": 0,
        "Target": 0,
        "Time": 20,
        "Type": "MISSION_CULTURE_BOMB",
        "Visible": 1,
        "Waypoint": null
    },
    {
        "AltDown": 0,
        "AltDownAlt": 0,
        "Build": 0,
        "CtrlDown": 0,
        "CtrlDownAlt": 0,
        "Description": "TXT_KEY_MISSION_FOUND_RELIGION",
        "DisabledHelp": "TXT_KEY_MISSION_FOUND_RELIGION_DISABLED_HELP",
        "EntityEventType": "ENTITY_EVENT_GREAT_EVENT",
        "Help": "TXT_KEY_MISSION_FOUND_RELIGION_HELP",
        "HotKey": null,
        "HotKeyAlt": null,
        "HotKeyPriority": 0,
        "HotKeyPriorityAlt": 0,
        "ID": 31,
        "IconAtlas": "UNIT_ACTION_ATLAS_RELIGION",
        "IconIndex": 0,
        "OrderPriority": 199,
        "ShiftDown": 0,
        "ShiftDownAlt": 0,
        "Sound": 0,
        "Target": 0,
        "Time": 20,
        "Type": "MISSION_FOUND_RELIGION",
        "Visible": 1,
        "Waypoint": null
    },
    {
        "AltDown": 0,
        "AltDownAlt": 0,
        "Build": 0,
        "CtrlDown": 0,
        "CtrlDownAlt": 0,
        "Description": "TXT_KEY_MISSION_START_GOLDENAGE",
        "DisabledHelp": "TXT_KEY_MISSION_START_GOLDENAGE_DISABLED_HELP",
        "EntityEventType": "ENTITY_EVENT_GREAT_EVENT",
        "Help": "TXT_KEY_MISSION_START_GOLDENAGE_HELP",
        "HotKey": null,
        "HotKeyAlt": null,
        "HotKeyPriority": 0,
        "HotKeyPriorityAlt": 0,
        "ID": 32,
        "IconAtlas": "UNIT_ACTION_ATLAS",
        "IconIndex": 45,
        "OrderPriority": 199,
        "ShiftDown": 0,
        "ShiftDownAlt": 0,
        "Sound": 0,
        "Target": 0,
        "Time": 30,
        "Type": "MISSION_GOLDEN_AGE",
        "Visible": 1,
        "Waypoint": null
    },
    {
        "AltDown": 0,
        "AltDownAlt": 0,
        "Build": 1,
        "CtrlDown": 0,
        "CtrlDownAlt": 0,
        "Description": "TXT_KEY_MISSION_BUILD_IMPROVEMENT",
        "DisabledHelp": null,
        "EntityEventType": null,
        "Help": null,
        "HotKey": null,
        "HotKeyAlt": null,
        "HotKeyPriority": 0,
        "HotKeyPriorityAlt": 0,
        "ID": 33,
        "IconAtlas": "UNIT_ACTION_ATLAS",
        "IconIndex": 63,
        "OrderPriority": 0,
        "ShiftDown": 0,
        "ShiftDownAlt": 0,
        "Sound": 1,
        "Target": 0,
        "Time": 0,
        "Type": "MISSION_BUILD",
        "Visible": 0,
        "Waypoint": null
    },
    {
        "AltDown": 0,
        "AltDownAlt": 0,
        "Build": 0,
        "CtrlDown": 0,
        "CtrlDownAlt": 0,
        "Description": null,
        "DisabledHelp": null,
        "EntityEventType": "ENTITY_EVENT_GREAT_EVENT",
        "Help": null,
        "HotKey": null,
        "HotKeyAlt": null,
        "HotKeyPriority": 0,
        "HotKeyPriorityAlt": 0,
        "ID": 34,
        "IconAtlas": "UNIT_ACTION_ATLAS",
        "IconIndex": 63,
        "OrderPriority": 0,
        "ShiftDown": 0,
        "ShiftDownAlt": 0,
        "Sound": 0,
        "Target": 0,
        "Time": 40,
        "Type": "MISSION_LEAD",
        "Visible": 1,
        "Waypoint": null
    },
    {
        "AltDown": 0,
        "AltDownAlt": 0,
        "Build": 0,
        "CtrlDown": 0,
        "CtrlDownAlt": 0,
        "Description": null,
        "DisabledHelp": null,
        "EntityEventType": "ENTITY_EVENT_DIE_ANIMATION",
        "Help": null,
        "HotKey": "KB_K",
        "HotKeyAlt": null,
        "HotKeyPriority": 0,
        "HotKeyPriorityAlt": 0,
        "ID": 35,
        "IconAtlas": "UNIT_ACTION_ATLAS",
        "IconIndex": 63,
        "OrderPriority": 0,
        "ShiftDown": 0,
        "ShiftDownAlt": 0,
        "Sound": 1,
        "Target": 0,
        "Time": 40,
        "Type": "MISSION_DIE_ANIMATION",
        "Visible": 1,
        "Waypoint": null
    },
    {
        "AltDown": 0,
        "AltDownAlt": 0,
        "Build": 0,
        "CtrlDown": 0,
        "CtrlDownAlt": 0,
        "Description": "TXT_KEY_MISSION_BUILD_IMPROVEMENT",
        "DisabledHelp": null,
        "EntityEventType": "ENTITY_EVENT_BEGIN_COMBAT",
        "Help": "TXT_KEY_MISSION_BUILD_IMPROVEMENT",
        "HotKey": null,
        "HotKeyAlt": null,
        "HotKeyPriority": 0,
        "HotKeyPriorityAlt": 0,
        "ID": 36,
        "IconAtlas": "UNIT_ACTION_ATLAS",
        "IconIndex": 63,
        "OrderPriority": 0,
        "ShiftDown": 0,
        "ShiftDownAlt": 0,
        "Sound": 0,
        "Target": 0,
        "Time": 0,
        "Type": "MISSION_BEGIN_COMBAT",
        "Visible": 0,
        "Waypoint": null
    },
    {
        "AltDown": 0,
        "AltDownAlt": 0,
        "Build": 0,
        "CtrlDown": 0,
        "CtrlDownAlt": 0,
        "Description": "TXT_KEY_MISSION_BUILD_IMPROVEMENT",
        "DisabledHelp": null,
        "EntityEventType": "ENTITY_EVENT_END_COMBAT",
        "Help": "TXT_KEY_MISSION_BUILD_IMPROVEMENT",
        "HotKey": null,
        "HotKeyAlt": null,
        "HotKeyPriority": 0,
        "HotKeyPriorityAlt": 0,
        "ID": 37,
        "IconAtlas": "UNIT_ACTION_ATLAS",
        "IconIndex": 63,
        "OrderPriority": 0,
        "ShiftDown": 0,
        "ShiftDownAlt": 0,
        "Sound": 0,
        "Target": 0,
        "Time": 0,
        "Type": "MISSION_END_COMBAT",
        "Visible": 0,
        "Waypoint": null
    },
    {
        "AltDown": 0,
        "AltDownAlt": 0,
        "Build": 0,
        "CtrlDown": 0,
        "CtrlDownAlt": 0,
        "Description": "TXT_KEY_MISSION_BUILD_IMPROVEMENT",
        "DisabledHelp": null,
        "EntityEventType": "ENTITY_EVENT_AIRSTRIKE",
        "Help": "TXT_KEY_MISSION_BUILD_IMPROVEMENT",
        "HotKey": null,
        "HotKeyAlt": null,
        "HotKeyPriority": 0,
        "HotKeyPriorityAlt": 0,
        "ID": 38,
        "IconAtlas": "UNIT_ACTION_ATLAS",
        "IconIndex": 63,
        "OrderPriority": 0,
        "ShiftDown": 0,
        "ShiftDownAlt": 0,
        "Sound": 0,
        "Target": 0,
        "Time": 40,
        "Type": "MISSION_AIRSTRIKE",
        "Visible": 0,
        "Waypoint": null
    },
    {
        "AltDown": 0,
        "AltDownAlt": 0,
        "Build": 0,
        "CtrlDown": 0,
        "CtrlDownAlt": 0,
        "Description": "TXT_KEY_MISSION_BUILD_IMPROVEMENT",
        "DisabledHelp": null,
        "EntityEventType": "ENTITY_EVENT_SURRENDER",
        "Help": "TXT_KEY_MISSION_BUILD_IMPROVEMENT",
        "HotKey": null,
        "HotKeyAlt": null,
        "HotKeyPriority": 0,
        "HotKeyPriorityAlt": 0,
        "ID": 39,
        "IconAtlas": "UNIT_ACTION_ATLAS",
        "IconIndex": 63,
        "OrderPriority": 0,
        "ShiftDown": 0,
        "ShiftDownAlt": 0,
        "Sound": 0,
        "Target": 0,
        "Time": 25,
        "Type": "MISSION_SURRENDER",
        "Visible": 0,
        "Waypoint": null
    },
    {
        "AltDown": 0,
        "AltDownAlt": 0,
        "Build": 0,
        "CtrlDown": 0,
        "CtrlDownAlt": 0,
        "Description": "TXT_KEY_MISSION_BUILD_IMPROVEMENT",
        "DisabledHelp": null,
        "EntityEventType": "ENTITY_EVENT_CAPTURED",
        "Help": "TXT_KEY_MISSION_BUILD_IMPROVEMENT",
        "HotKey": null,
        "HotKeyAlt": null,
        "HotKeyPriority": 0,
        "HotKeyPriorityAlt": 0,
        "ID": 40,
        "IconAtlas": "UNIT_ACTION_ATLAS",
        "IconIndex": 63,
        "OrderPriority": 0,
        "ShiftDown": 0,
        "ShiftDownAlt": 0,
        "Sound": 0,
        "Target": 0,
        "Time": 20,
        "Type": "MISSION_CAPTURED",
        "Visible": 0,
        "Waypoint": null
    },
    {
        "AltDown": 0,
        "AltDownAlt": 0,
        "Build": 0,
        "CtrlDown": 0,
        "CtrlDownAlt": 0,
        "Description": "TXT_KEY_MISSION_BUILD_IMPROVEMENT",
        "DisabledHelp": null,
        "EntityEventType": "ENTITY_EVENT_IDLE",
        "Help": "TXT_KEY_MISSION_BUILD_IMPROVEMENT",
        "HotKey": null,
        "HotKeyAlt": null,
        "HotKeyPriority": 0,
        "HotKeyPriorityAlt": 0,
        "ID": 41,
        "IconAtlas": "UNIT_ACTION_ATLAS",
        "IconIndex": 63,
        "OrderPriority": 0,
        "ShiftDown": 0,
        "ShiftDownAlt": 0,
        "Sound": 0,
        "Target": 0,
        "Time": 0,
        "Type": "MISSION_IDLE",
        "Visible": 0,
        "Waypoint": null
    },
    {
        "AltDown": 0,
        "AltDownAlt": 0,
        "Build": 0,
        "CtrlDown": 0,
        "CtrlDownAlt": 0,
        "Description": "TXT_KEY_MISSION_BUILD_IMPROVEMENT",
        "DisabledHelp": null,
        "EntityEventType": "ENTITY_EVENT_DIE",
        "Help": "TXT_KEY_MISSION_BUILD_IMPROVEMENT",
        "HotKey": null,
        "HotKeyAlt": null,
        "HotKeyPriority": 0,
        "HotKeyPriorityAlt": 0,
        "ID": 42,
        "IconAtlas": "UNIT_ACTION_ATLAS",
        "IconIndex": 63,
        "OrderPriority": 0,
        "ShiftDown": 0,
        "ShiftDownAlt": 0,
        "Sound": 0,
        "Target": 0,
        "Time": 0,
        "Type": "MISSION_DIE",
        "Visible": 0,
        "Waypoint": null
    },
    {
        "AltDown": 0,
        "AltDownAlt": 0,
        "Build": 0,
        "CtrlDown": 0,
        "CtrlDownAlt": 0,
        "Description": "TXT_KEY_MISSION_BUILD_IMPROVEMENT",
        "DisabledHelp": null,
        "EntityEventType": "ENTITY_EVENT_DAMAGE",
        "Help": "TXT_KEY_MISSION_BUILD_IMPROVEMENT",
        "HotKey": null,
        "HotKeyAlt": null,
        "HotKeyPriority": 0,
        "HotKeyPriorityAlt": 0,
        "ID": 43,
        "IconAtlas": "UNIT_ACTION_ATLAS",
        "IconIndex": 63,
        "OrderPriority": 0,
        "ShiftDown": 0,
        "ShiftDownAlt": 0,
        "Sound": 0,
        "Target": 0,
        "Time": 0,
        "Type": "MISSION_DAMAGE",
        "Visible": 0,
        "Waypoint": null
    },
    {
        "AltDown": 0,
        "AltDownAlt": 0,
        "Build": 0,
        "CtrlDown": 0,
        "CtrlDownAlt": 0,
        "Description": "TXT_KEY_MISSION_BUILD_IMPROVEMENT",
        "DisabledHelp": null,
        "EntityEventType": "ENTITY_EVENT_MULTI_SELECT",
        "Help": "TXT_KEY_MISSION_BUILD_IMPROVEMENT",
        "HotKey": null,
        "HotKeyAlt": null,
        "HotKeyPriority": 0,
        "HotKeyPriorityAlt": 0,
        "ID": 44,
        "IconAtlas": "UNIT_ACTION_ATLAS",
        "IconIndex": 63,
        "OrderPriority": 0,
        "ShiftDown": 0,
        "ShiftDownAlt": 0,
        "Sound": 0,
        "Target": 0,
        "Time": 0,
        "Type": "MISSION_MULTI_SELECT",
        "Visible": 0,
        "Waypoint": null
    },
    {
        "AltDown": 0,
        "AltDownAlt": 0,
        "Build": 0,
        "CtrlDown": 0,
        "CtrlDownAlt": 0,
        "Description": "TXT_KEY_MISSION_BUILD_IMPROVEMENT",
        "DisabledHelp": null,
        "EntityEventType": "ENTITY_EVENT_MULTI_DESELECT",
        "Help": "TXT_KEY_MISSION_BUILD_IMPROVEMENT",
        "HotKey": null,
        "HotKeyAlt": null,
        "HotKeyPriority": 0,
        "HotKeyPriorityAlt": 0,
        "ID": 45,
        "IconAtlas": null,
        "IconIndex": -1,
        "OrderPriority": 0,
        "ShiftDown": 0,
        "ShiftDownAlt": 0,
        "Sound": 0,
        "Target": 0,
        "Time": 0,
        "Type": "MISSION_MULTI_DESELECT",
        "Visible": 0,
        "Waypoint": null
    },
    {
        "AltDown": 0,
        "AltDownAlt": 0,
        "Build": 0,
        "CtrlDown": 0,
        "CtrlDownAlt": 0,
        "Description": "TXT_KEY_MISSION_SKIP",
        "DisabledHelp": null,
        "EntityEventType": null,
        "Help": "TXT_KEY_MISSION_SKIP_HELP",
        "HotKey": null,
        "HotKeyAlt": null,
        "HotKeyPriority": 0,
        "HotKeyPriorityAlt": 0,
        "ID": 46,
        "IconAtlas": null,
        "IconIndex": -1,
        "OrderPriority": 0,
        "ShiftDown": 0,
        "ShiftDownAlt": 0,
        "Sound": 0,
        "Target": 0,
        "Time": 0,
        "Type": "MISSION_WAIT_FOR",
        "Visible": 0,
        "Waypoint": null
    },
    {
        "AltDown": 0,
        "AltDownAlt": 0,
        "Build": 0,
        "CtrlDown": 0,
        "CtrlDownAlt": 0,
        "Description": "TXT_KEY_MISSION_SPREAD_RELIGION",
        "DisabledHelp": "TXT_KEY_MISSION_SPREAD_RELIGION_DISABLED_HELP",
        "EntityEventType": "ENTITY_EVENT_GREAT_EVENT",
        "Help": "TXT_KEY_MISSION_SPREAD_RELIGION_HELP",
        "HotKey": null,
        "HotKeyAlt": null,
        "HotKeyPriority": 0,
        "HotKeyPriorityAlt": 0,
        "ID": 47,
        "IconAtlas": "UNIT_ACTION_ATLAS_RELIGION",
        "IconIndex": 1,
        "OrderPriority": 199,
        "ShiftDown": 0,
        "ShiftDownAlt": 0,
        "Sound": 0,
        "Target": 0,
        "Time": 20,
        "Type": "MISSION_SPREAD_RELIGION",
        "Visible": 1,
        "Waypoint": null
    },
    {
        "AltDown": 0,
        "AltDownAlt": 0,
        "Build": 0,
        "CtrlDown": 0,
        "CtrlDownAlt": 0,
        "Description": "TXT_KEY_MISSION_ENHANCE_RELIGION",
        "DisabledHelp": "TXT_KEY_MISSION_ENHANCE_RELIGION_DISABLED_HELP",
        "EntityEventType": "ENTITY_EVENT_GREAT_EVENT",
        "Help": "TXT_KEY_MISSION_ENHANCE_RELIGION_HELP",
        "HotKey": null,
        "HotKeyAlt": null,
        "HotKeyPriority": 0,
        "HotKeyPriorityAlt": 0,
        "ID": 48,
        "IconAtlas": "UNIT_ACTION_ATLAS_RELIGION",
        "IconIndex": 2,
        "OrderPriority": 199,
        "ShiftDown": 0,
        "ShiftDownAlt": 0,
        "Sound": 0,
        "Target": 0,
        "Time": 20,
        "Type": "MISSION_ENHANCE_RELIGION",
        "Visible": 1,
        "Waypoint": null
    },
    {
        "AltDown": 0,
        "AltDownAlt": 0,
        "Build": 0,
        "CtrlDown": 0,
        "CtrlDownAlt": 0,
        "Description": "TXT_KEY_MISSION_REMOVE_HERESY",
        "DisabledHelp": "TXT_KEY_MISSION_REMOVE_HERESY_DISABLED_HELP",
        "EntityEventType": "ENTITY_EVENT_GREAT_EVENT",
        "Help": "TXT_KEY_MISSION_REMOVE_HERESY_HELP",
        "HotKey": null,
        "HotKeyAlt": null,
        "HotKeyPriority": 0,
        "HotKeyPriorityAlt": 0,
        "ID": 49,
        "IconAtlas": "UNIT_ACTION_ATLAS_RELIGION",
        "IconIndex": 1,
        "OrderPriority": 199,
        "ShiftDown": 0,
        "ShiftDownAlt": 0,
        "Sound": 0,
        "Target": 0,
        "Time": 20,
        "Type": "MISSION_REMOVE_HERESY",
        "Visible": 1,
        "Waypoint": null
    },
    {
        "AltDown": 0,
        "AltDownAlt": 0,
        "Build": 0,
        "CtrlDown": 0,
        "CtrlDownAlt": 0,
        "Description": "TXT_KEY_MISSION_ESTABLISH_TRADE_ROUTE",
        "DisabledHelp": null,
        "EntityEventType": null,
        "Help": "TXT_KEY_MISSION_ESTABLISH_TRADE_ROUTE_HELP",
        "HotKey": null,
        "HotKeyAlt": null,
        "HotKeyPriority": 0,
        "HotKeyPriorityAlt": 0,
        "ID": 50,
        "IconAtlas": "UNIT_ACTION_ATLAS_TRADE",
        "IconIndex": 0,
        "OrderPriority": 199,
        "ShiftDown": 0,
        "ShiftDownAlt": 0,
        "Sound": 0,
        "Target": 0,
        "Time": 30,
        "Type": "MISSION_ESTABLISH_TRADE_ROUTE",
        "Visible": 1,
        "Waypoint": null
    },
    {
        "AltDown": 0,
        "AltDownAlt": 0,
        "Build": 0,
        "CtrlDown": 0,
        "CtrlDownAlt": 0,
        "Description": "TXT_KEY_MISSION_PLUNDER_TRADE_ROUTE",
        "DisabledHelp": "TXT_KEY_MISSION_PLUNDER_TRADE_ROUTE_DISABLED_HELP",
        "EntityEventType": null,
        "Help": "TXT_KEY_MISSION_PLUNDER_TRADE_ROUTE_HELP",
        "HotKey": null,
        "HotKeyAlt": null,
        "HotKeyPriority": 0,
        "HotKeyPriorityAlt": 0,
        "ID": 51,
        "IconAtlas": "UNIT_ACTION_ATLAS_PLUNDER_TRADE",
        "IconIndex": 0,
        "OrderPriority": 199,
        "ShiftDown": 1,
        "ShiftDownAlt": 0,
        "Sound": 1,
        "Target": 0,
        "Time": 20,
        "Type": "MISSION_PLUNDER_TRADE_ROUTE",
        "Visible": 1,
        "Waypoint": null
    },
    {
        "AltDown": 0,
        "AltDownAlt": 0,
        "Build": 0,
        "CtrlDown": 0,
        "CtrlDownAlt": 0,
        "Description": "TXT_KEY_MISSION_ONE_SHOT_TOURISM",
        "DisabledHelp": "TXT_KEY_MISSION_ONE_SHOT_TOURISM_DISABLED_HELP",
        "EntityEventType": "ENTITY_EVENT_GREAT_EVENT",
        "Help": "TXT_KEY_MISSION_ONE_SHOT_TOURISM_HELP",
        "HotKey": null,
        "HotKeyAlt": null,
        "HotKeyPriority": 0,
        "HotKeyPriorityAlt": 0,
        "ID": 52,
        "IconAtlas": "UNIT_ACTION_PERFORM_CONCERT",
        "IconIndex": 0,
        "OrderPriority": 199,
        "ShiftDown": 0,
        "ShiftDownAlt": 0,
        "Sound": 0,
        "Target": 0,
        "Time": 20,
        "Type": "MISSION_ONE_SHOT_TOURISM",
        "Visible": 1,
        "Waypoint": null
    },
    {
        "AltDown": 0,
        "AltDownAlt": 0,
        "Build": 0,
        "CtrlDown": 0,
        "CtrlDownAlt": 0,
        "Description": "TXT_KEY_MISSION_CREATE_GREAT_WORK",
        "DisabledHelp": "TXT_KEY_MISSION_CREATE_GREAT_WORK_DISABLED_HELP",
        "EntityEventType": null,
        "Help": "TXT_KEY_MISSION_CREATE_GREAT_WORK_HELP",
        "HotKey": null,
        "HotKeyAlt": null,
        "HotKeyPriority": 0,
        "HotKeyPriorityAlt": 0,
        "ID": 53,
        "IconAtlas": "UNIT_ACTION_ATLAS_GREATWORK",
        "IconIndex": 0,
        "OrderPriority": 202,
        "ShiftDown": 0,
        "ShiftDownAlt": 0,
        "Sound": 0,
        "Target": 0,
        "Time": 20,
        "Type": "MISSION_CREATE_GREAT_WORK",
        "Visible": 1,
        "Waypoint": null
    },
    {
        "AltDown": 0,
        "AltDownAlt": 0,
        "Build": 0,
        "CtrlDown": 0,
        "CtrlDownAlt": 0,
        "Description": "TXT_KEY_MISSION_CHANGE_TRADE_UNIT_HOME_CITY",
        "DisabledHelp": null,
        "EntityEventType": null,
        "Help": "TXT_KEY_MISSION_CHANGE_TRADE_UNIT_HOME_CITY_HELP",
        "HotKey": null,
        "HotKeyAlt": null,
        "HotKeyPriority": 0,
        "HotKeyPriorityAlt": 0,
        "ID": 54,
        "IconAtlas": "UNIT_ACTION_CHANGE_HOME_CITY",
        "IconIndex": 0,
        "OrderPriority": 198,
        "ShiftDown": 0,
        "ShiftDownAlt": 0,
        "Sound": 0,
        "Target": 0,
        "Time": 30,
        "Type": "MISSION_CHANGE_TRADE_UNIT_HOME_CITY",
        "Visible": 1,
        "Waypoint": null
    },
    {
        "AltDown": 0,
        "AltDownAlt": 0,
        "Build": 0,
        "CtrlDown": 0,
        "CtrlDownAlt": 0,
        "Description": "TXT_KEY_MISSION_SELL_EXOTIC_GOODS",
        "DisabledHelp": "TXT_KEY_MISSION_SELL_EXOTIC_GOODS_DISABLED_HELP",
        "EntityEventType": "ENTITY_EVENT_GREAT_EVENT",
        "Help": "TXT_KEY_MISSION_SELL_EXOTIC_GOODS_HELP",
        "HotKey": null,
        "HotKeyAlt": null,
        "HotKeyPriority": 0,
        "HotKeyPriorityAlt": 0,
        "ID": 55,
        "IconAtlas": "UNIT_ACTION_ATLAS",
        "IconIndex": 16,
        "OrderPriority": 199,
        "ShiftDown": 0,
        "ShiftDownAlt": 0,
        "Sound": 0,
        "Target": 0,
        "Time": 20,
        "Type": "MISSION_SELL_EXOTIC_GOODS",
        "Visible": 1,
        "Waypoint": null
    },
    {
        "AltDown": 0,
        "AltDownAlt": 0,
        "Build": 0,
        "CtrlDown": 0,
        "CtrlDownAlt": 0,
        "Description": "TXT_KEY_MISSION_GIVE_POLICIES",
        "DisabledHelp": null,
        "EntityEventType": "ENTITY_EVENT_GREAT_EVENT",
        "Help": "TXT_KEY_MISSION_GIVE_POLICIES_HELP",
        "HotKey": null,
        "HotKeyAlt": null,
        "HotKeyPriority": 0,
        "HotKeyPriorityAlt": 0,
        "ID": 56,
        "IconAtlas": "UNIT_ACTION_WRITE_TREATISE",
        "IconIndex": 0,
        "OrderPriority": 199,
        "ShiftDown": 0,
        "ShiftDownAlt": 0,
        "Sound": 0,
        "Target": 0,
        "Time": 20,
        "Type": "MISSION_GIVE_POLICIES",
        "Visible": 1,
        "Waypoint": null
    },
    {
        "AltDown": 0,
        "AltDownAlt": 0,
        "Build": 0,
        "CtrlDown": 0,
        "CtrlDownAlt": 0,
        "Description": "TXT_KEY_MISSION_CHANGE_ADMIRAL_PORT",
        "DisabledHelp": null,
        "EntityEventType": null,
        "Help": "TXT_KEY_MISSION_CHANGE_ADMIRAL_PORT_HELP",
        "HotKey": null,
        "HotKeyAlt": null,
        "HotKeyPriority": 0,
        "HotKeyPriorityAlt": 0,
        "ID": 57,
        "IconAtlas": "UNIT_ACTION_CHANGE_HOME_CITY",
        "IconIndex": 0,
        "OrderPriority": 198,
        "ShiftDown": 0,
        "ShiftDownAlt": 0,
        "Sound": 0,
        "Target": 0,
        "Time": 30,
        "Type": "MISSION_CHANGE_ADMIRAL_PORT",
        "Visible": 1,
        "Waypoint": null
    }
]