[
    {
        "Description": "TXT_KEY_MONTH1",
        "ID": 0,
        "Type": "MONTH_JANUARY"
    },
    {
        "Description": "TXT_KEY_MONTH2",
        "ID": 1,
        "Type": "MONTH_FEBRUARY"
    },
    {
        "Description": "TXT_KEY_MONTH3",
        "ID": 2,
        "Type": "MONTH_MARCH"
    },
    {
        "Description": "TXT_KEY_MONTH4",
        "ID": 3,
        "Type": "MONTH_APRIL"
    },
    {
        "Description": "TXT_KEY_MONTH5",
        "ID": 4,
        "Type": "MONTH_MAY"
    },
    {
        "Description": "TXT_KEY_MONTH6",
        "ID": 5,
        "Type": "MONTH_JUNE"
    },
    {
        "Description": "TXT_KEY_MONTH7",
        "ID": 6,
        "Type": "MONTH_JULY"
    },
    {
        "Description": "TXT_KEY_MONTH8",
        "ID": 7,
        "Type": "MONTH_AUGUST"
    },
    {
        "Description": "TXT_KEY_MONTH9",
        "ID": 8,
        "Type": "MONTH_SEPTEMBER"
    },
    {
        "Description": "TXT_KEY_MONTH10",
        "ID": 9,
        "Type": "MONTH_OCTOBER"
    },
    {
        "Description": "TXT_KEY_MONTH11",
        "ID": 10,
        "Type": "MONTH_NOVEMBER"
    },
    {
        "Description": "TXT_KEY_MONTH12",
        "ID": 11,
        "Type": "MONTH_DECEMBER"
    }
]