[
    {
        "AdjacentTilesAvoidAnyland": 0,
        "AdjacentTilesAvoidAtoll": 0,
        "AdjacentTilesAvoidDeepWater": 0,
        "AdjacentTilesAvoidDesert": 0,
        "AdjacentTilesAvoidFlatland": 0,
        "AdjacentTilesAvoidFloodPlains": 0,
        "AdjacentTilesAvoidForest": 0,
        "AdjacentTilesAvoidGrass": 1,
        "AdjacentTilesAvoidHills": 0,
        "AdjacentTilesAvoidHillsPlusMountains": 1,
        "AdjacentTilesAvoidIce": 1,
        "AdjacentTilesAvoidJungle": 0,
        "AdjacentTilesAvoidMarsh": 0,
        "AdjacentTilesAvoidMountain": 1,
        "AdjacentTilesAvoidNoFeature": 0,
        "AdjacentTilesAvoidOasis": 0,
        "AdjacentTilesAvoidOcean": 0,
        "AdjacentTilesAvoidPlains": 0,
        "AdjacentTilesAvoidShallowWater": 0,
        "AdjacentTilesAvoidSnow": 1,
        "AdjacentTilesAvoidTundra": 0,
        "AdjacentTilesCareAboutFeatureTypes": 0,
        "AdjacentTilesCareAboutPlotTypes": 1,
        "AdjacentTilesCareAboutTerrainTypes": 1,
        "AdjacentTilesRequireAtoll": 0,
        "AdjacentTilesRequireDeepWater": 0,
        "AdjacentTilesRequireDesert": 0,
        "AdjacentTilesRequireFlatland": 0,
        "AdjacentTilesRequireFloodPlains": 0,
        "AdjacentTilesRequireForest": 0,
        "AdjacentTilesRequireGrass": 0,
        "AdjacentTilesRequireHills": 0,
        "AdjacentTilesRequireHillsPlusMountains": 0,
        "AdjacentTilesRequireIce": 0,
        "AdjacentTilesRequireJungle": 0,
        "AdjacentTilesRequireMarsh": 0,
        "AdjacentTilesRequireMountain": 0,
        "AdjacentTilesRequireNoFeature": 0,
        "AdjacentTilesRequireOasis": 0,
        "AdjacentTilesRequireOcean": 0,
        "AdjacentTilesRequirePlains": 0,
        "AdjacentTilesRequireShallowWater": 0,
        "AdjacentTilesRequireSnow": 0,
        "AdjacentTilesRequireTundra": 0,
        "AvoidBiggestLandmass": 0,
        "AvoidFreshWater": 1,
        "AvoidLandAdjacentToOcean": 1,
        "AvoidLandOnePlotInland": 0,
        "AvoidLandTwoOrMorePlotsInland": 0,
        "ChangeCoreTileTerrainToGrass": 0,
        "ChangeCoreTileTerrainToPlains": 0,
        "ChangeCoreTileToFlatland": 0,
        "ChangeCoreTileToMountain": 1,
        "CoreTileCanBeAnyFeatureType": 1,
        "CoreTileCanBeAnyPlotType": 1,
        "CoreTileCanBeAnyTerrainType": 0,
        "CoreTileCanBeAtoll": 0,
        "CoreTileCanBeDeepWater": 0,
        "CoreTileCanBeDesert": 1,
        "CoreTileCanBeFlatland": 0,
        "CoreTileCanBeFloodPlains": 0,
        "CoreTileCanBeForest": 0,
        "CoreTileCanBeGrass": 0,
        "CoreTileCanBeHills": 0,
        "CoreTileCanBeIce": 0,
        "CoreTileCanBeJungle": 0,
        "CoreTileCanBeMarsh": 0,
        "CoreTileCanBeMountain": 0,
        "CoreTileCanBeNoFeature": 0,
        "CoreTileCanBeOasis": 0,
        "CoreTileCanBeOcean": 0,
        "CoreTileCanBePlains": 0,
        "CoreTileCanBeShallowWater": 0,
        "CoreTileCanBeSnow": 0,
        "CoreTileCanBeTundra": 1,
        "EligibilityMethodNumber": -1,
        "ID": 0,
        "LandBased": 1,
        "MaximumAllowedAdjacentAtoll": 99,
        "MaximumAllowedAdjacentDeepWater": 99,
        "MaximumAllowedAdjacentDesert": 99,
        "MaximumAllowedAdjacentFlatland": 99,
        "MaximumAllowedAdjacentFloodPlains": 99,
        "MaximumAllowedAdjacentForest": 99,
        "MaximumAllowedAdjacentGrass": 0,
        "MaximumAllowedAdjacentHills": 99,
        "MaximumAllowedAdjacentHillsPlusMountains": 4,
        "MaximumAllowedAdjacentIce": 0,
        "MaximumAllowedAdjacentJungle": 99,
        "MaximumAllowedAdjacentMarsh": 99,
        "MaximumAllowedAdjacentMountain": 2,
        "MaximumAllowedAdjacentNoFeature": 99,
        "MaximumAllowedAdjacentOasis": 99,
        "MaximumAllowedAdjacentOcean": 99,
        "MaximumAllowedAdjacentPlains": 99,
        "MaximumAllowedAdjacentShallowWater": 99,
        "MaximumAllowedAdjacentSnow": 0,
        "MaximumAllowedAdjacentTundra": 99,
        "NaturalWonderType": "FEATURE_CRATER",
        "OccurrenceFrequency": 10,
        "RequireBiggestLandmass": 0,
        "RequireFreshWater": 0,
        "RequireLandAdjacentToOcean": 0,
        "RequireLandOnePlotInland": 0,
        "RequireLandTwoOrMorePlotsInland": 0,
        "RequiredNumberOfAdjacentAtoll": 0,
        "RequiredNumberOfAdjacentDeepWater": 0,
        "RequiredNumberOfAdjacentDesert": 0,
        "RequiredNumberOfAdjacentFlatland": 0,
        "RequiredNumberOfAdjacentFloodPlains": 0,
        "RequiredNumberOfAdjacentForest": 0,
        "RequiredNumberOfAdjacentGrass": 0,
        "RequiredNumberOfAdjacentHills": 0,
        "RequiredNumberOfAdjacentHillsPlusMountains": 0,
        "RequiredNumberOfAdjacentIce": 0,
        "RequiredNumberOfAdjacentJungle": 0,
        "RequiredNumberOfAdjacentMarsh": 0,
        "RequiredNumberOfAdjacentMountain": 0,
        "RequiredNumberOfAdjacentNoFeature": 0,
        "RequiredNumberOfAdjacentOasis": 0,
        "RequiredNumberOfAdjacentOcean": 0,
        "RequiredNumberOfAdjacentPlains": 0,
        "RequiredNumberOfAdjacentShallowWater": 0,
        "RequiredNumberOfAdjacentSnow": 0,
        "RequiredNumberOfAdjacentTundra": 0,
        "SetAdjacentTilesToShallowWater": 0,
        "TileChangesMethodNumber": -1
    },
    {
        "AdjacentTilesAvoidAnyland": 0,
        "AdjacentTilesAvoidAtoll": 0,
        "AdjacentTilesAvoidDeepWater": 0,
        "AdjacentTilesAvoidDesert": 1,
        "AdjacentTilesAvoidFlatland": 0,
        "AdjacentTilesAvoidFloodPlains": 0,
        "AdjacentTilesAvoidForest": 0,
        "AdjacentTilesAvoidGrass": 0,
        "AdjacentTilesAvoidHills": 1,
        "AdjacentTilesAvoidHillsPlusMountains": 0,
        "AdjacentTilesAvoidIce": 1,
        "AdjacentTilesAvoidJungle": 0,
        "AdjacentTilesAvoidMarsh": 1,
        "AdjacentTilesAvoidMountain": 1,
        "AdjacentTilesAvoidNoFeature": 0,
        "AdjacentTilesAvoidOasis": 0,
        "AdjacentTilesAvoidOcean": 0,
        "AdjacentTilesAvoidPlains": 0,
        "AdjacentTilesAvoidShallowWater": 0,
        "AdjacentTilesAvoidSnow": 1,
        "AdjacentTilesAvoidTundra": 1,
        "AdjacentTilesCareAboutFeatureTypes": 1,
        "AdjacentTilesCareAboutPlotTypes": 1,
        "AdjacentTilesCareAboutTerrainTypes": 1,
        "AdjacentTilesRequireAtoll": 0,
        "AdjacentTilesRequireDeepWater": 0,
        "AdjacentTilesRequireDesert": 0,
        "AdjacentTilesRequireFlatland": 0,
        "AdjacentTilesRequireFloodPlains": 0,
        "AdjacentTilesRequireForest": 0,
        "AdjacentTilesRequireGrass": 0,
        "AdjacentTilesRequireHills": 0,
        "AdjacentTilesRequireHillsPlusMountains": 0,
        "AdjacentTilesRequireIce": 0,
        "AdjacentTilesRequireJungle": 0,
        "AdjacentTilesRequireMarsh": 0,
        "AdjacentTilesRequireMountain": 0,
        "AdjacentTilesRequireNoFeature": 0,
        "AdjacentTilesRequireOasis": 0,
        "AdjacentTilesRequireOcean": 0,
        "AdjacentTilesRequirePlains": 0,
        "AdjacentTilesRequireShallowWater": 0,
        "AdjacentTilesRequireSnow": 0,
        "AdjacentTilesRequireTundra": 0,
        "AvoidBiggestLandmass": 1,
        "AvoidFreshWater": 1,
        "AvoidLandAdjacentToOcean": 1,
        "AvoidLandOnePlotInland": 0,
        "AvoidLandTwoOrMorePlotsInland": 0,
        "ChangeCoreTileTerrainToGrass": 1,
        "ChangeCoreTileTerrainToPlains": 0,
        "ChangeCoreTileToFlatland": 0,
        "ChangeCoreTileToMountain": 1,
        "CoreTileCanBeAnyFeatureType": 1,
        "CoreTileCanBeAnyPlotType": 1,
        "CoreTileCanBeAnyTerrainType": 0,
        "CoreTileCanBeAtoll": 0,
        "CoreTileCanBeDeepWater": 0,
        "CoreTileCanBeDesert": 0,
        "CoreTileCanBeFlatland": 0,
        "CoreTileCanBeFloodPlains": 0,
        "CoreTileCanBeForest": 0,
        "CoreTileCanBeGrass": 1,
        "CoreTileCanBeHills": 0,
        "CoreTileCanBeIce": 0,
        "CoreTileCanBeJungle": 0,
        "CoreTileCanBeMarsh": 0,
        "CoreTileCanBeMountain": 0,
        "CoreTileCanBeNoFeature": 0,
        "CoreTileCanBeOasis": 0,
        "CoreTileCanBeOcean": 0,
        "CoreTileCanBePlains": 1,
        "CoreTileCanBeShallowWater": 0,
        "CoreTileCanBeSnow": 0,
        "CoreTileCanBeTundra": 0,
        "EligibilityMethodNumber": -1,
        "ID": 1,
        "LandBased": 1,
        "MaximumAllowedAdjacentAtoll": 99,
        "MaximumAllowedAdjacentDeepWater": 99,
        "MaximumAllowedAdjacentDesert": 0,
        "MaximumAllowedAdjacentFlatland": 99,
        "MaximumAllowedAdjacentFloodPlains": 99,
        "MaximumAllowedAdjacentForest": 99,
        "MaximumAllowedAdjacentGrass": 99,
        "MaximumAllowedAdjacentHills": 2,
        "MaximumAllowedAdjacentHillsPlusMountains": 99,
        "MaximumAllowedAdjacentIce": 0,
        "MaximumAllowedAdjacentJungle": 99,
        "MaximumAllowedAdjacentMarsh": 0,
        "MaximumAllowedAdjacentMountain": 0,
        "MaximumAllowedAdjacentNoFeature": 99,
        "MaximumAllowedAdjacentOasis": 99,
        "MaximumAllowedAdjacentOcean": 99,
        "MaximumAllowedAdjacentPlains": 99,
        "MaximumAllowedAdjacentShallowWater": 99,
        "MaximumAllowedAdjacentSnow": 0,
        "MaximumAllowedAdjacentTundra": 0,
        "NaturalWonderType": "FEATURE_FUJI",
        "OccurrenceFrequency": 10,
        "RequireBiggestLandmass": 0,
        "RequireFreshWater": 0,
        "RequireLandAdjacentToOcean": 0,
        "RequireLandOnePlotInland": 0,
        "RequireLandTwoOrMorePlotsInland": 0,
        "RequiredNumberOfAdjacentAtoll": 0,
        "RequiredNumberOfAdjacentDeepWater": 0,
        "RequiredNumberOfAdjacentDesert": 0,
        "RequiredNumberOfAdjacentFlatland": 0,
        "RequiredNumberOfAdjacentFloodPlains": 0,
        "RequiredNumberOfAdjacentForest": 0,
        "RequiredNumberOfAdjacentGrass": 0,
        "RequiredNumberOfAdjacentHills": 0,
        "RequiredNumberOfAdjacentHillsPlusMountains": 0,
        "RequiredNumberOfAdjacentIce": 0,
        "RequiredNumberOfAdjacentJungle": 0,
        "RequiredNumberOfAdjacentMarsh": 0,
        "RequiredNumberOfAdjacentMountain": 0,
        "RequiredNumberOfAdjacentNoFeature": 0,
        "RequiredNumberOfAdjacentOasis": 0,
        "RequiredNumberOfAdjacentOcean": 0,
        "RequiredNumberOfAdjacentPlains": 0,
        "RequiredNumberOfAdjacentShallowWater": 0,
        "RequiredNumberOfAdjacentSnow": 0,
        "RequiredNumberOfAdjacentTundra": 0,
        "SetAdjacentTilesToShallowWater": 0,
        "TileChangesMethodNumber": -1
    },
    {
        "AdjacentTilesAvoidAnyland": 0,
        "AdjacentTilesAvoidAtoll": 0,
        "AdjacentTilesAvoidDeepWater": 0,
        "AdjacentTilesAvoidDesert": 0,
        "AdjacentTilesAvoidFlatland": 0,
        "AdjacentTilesAvoidFloodPlains": 0,
        "AdjacentTilesAvoidForest": 0,
        "AdjacentTilesAvoidGrass": 1,
        "AdjacentTilesAvoidHills": 0,
        "AdjacentTilesAvoidHillsPlusMountains": 0,
        "AdjacentTilesAvoidIce": 1,
        "AdjacentTilesAvoidJungle": 0,
        "AdjacentTilesAvoidMarsh": 0,
        "AdjacentTilesAvoidMountain": 1,
        "AdjacentTilesAvoidNoFeature": 0,
        "AdjacentTilesAvoidOasis": 0,
        "AdjacentTilesAvoidOcean": 0,
        "AdjacentTilesAvoidPlains": 0,
        "AdjacentTilesAvoidShallowWater": 0,
        "AdjacentTilesAvoidSnow": 1,
        "AdjacentTilesAvoidTundra": 0,
        "AdjacentTilesCareAboutFeatureTypes": 0,
        "AdjacentTilesCareAboutPlotTypes": 1,
        "AdjacentTilesCareAboutTerrainTypes": 1,
        "AdjacentTilesRequireAtoll": 0,
        "AdjacentTilesRequireDeepWater": 0,
        "AdjacentTilesRequireDesert": 0,
        "AdjacentTilesRequireFlatland": 0,
        "AdjacentTilesRequireFloodPlains": 0,
        "AdjacentTilesRequireForest": 0,
        "AdjacentTilesRequireGrass": 0,
        "AdjacentTilesRequireHills": 1,
        "AdjacentTilesRequireHillsPlusMountains": 0,
        "AdjacentTilesRequireIce": 0,
        "AdjacentTilesRequireJungle": 0,
        "AdjacentTilesRequireMarsh": 0,
        "AdjacentTilesRequireMountain": 0,
        "AdjacentTilesRequireNoFeature": 0,
        "AdjacentTilesRequireOasis": 0,
        "AdjacentTilesRequireOcean": 0,
        "AdjacentTilesRequirePlains": 0,
        "AdjacentTilesRequireShallowWater": 0,
        "AdjacentTilesRequireSnow": 0,
        "AdjacentTilesRequireTundra": 0,
        "AvoidBiggestLandmass": 0,
        "AvoidFreshWater": 1,
        "AvoidLandAdjacentToOcean": 1,
        "AvoidLandOnePlotInland": 0,
        "AvoidLandTwoOrMorePlotsInland": 0,
        "ChangeCoreTileTerrainToGrass": 0,
        "ChangeCoreTileTerrainToPlains": 0,
        "ChangeCoreTileToFlatland": 0,
        "ChangeCoreTileToMountain": 1,
        "CoreTileCanBeAnyFeatureType": 1,
        "CoreTileCanBeAnyPlotType": 1,
        "CoreTileCanBeAnyTerrainType": 0,
        "CoreTileCanBeAtoll": 0,
        "CoreTileCanBeDeepWater": 0,
        "CoreTileCanBeDesert": 1,
        "CoreTileCanBeFlatland": 0,
        "CoreTileCanBeFloodPlains": 0,
        "CoreTileCanBeForest": 0,
        "CoreTileCanBeGrass": 0,
        "CoreTileCanBeHills": 0,
        "CoreTileCanBeIce": 0,
        "CoreTileCanBeJungle": 0,
        "CoreTileCanBeMarsh": 0,
        "CoreTileCanBeMountain": 0,
        "CoreTileCanBeNoFeature": 0,
        "CoreTileCanBeOasis": 0,
        "CoreTileCanBeOcean": 0,
        "CoreTileCanBePlains": 1,
        "CoreTileCanBeShallowWater": 0,
        "CoreTileCanBeSnow": 0,
        "CoreTileCanBeTundra": 1,
        "EligibilityMethodNumber": -1,
        "ID": 2,
        "LandBased": 1,
        "MaximumAllowedAdjacentAtoll": 99,
        "MaximumAllowedAdjacentDeepWater": 99,
        "MaximumAllowedAdjacentDesert": 99,
        "MaximumAllowedAdjacentFlatland": 99,
        "MaximumAllowedAdjacentFloodPlains": 99,
        "MaximumAllowedAdjacentForest": 99,
        "MaximumAllowedAdjacentGrass": 0,
        "MaximumAllowedAdjacentHills": 99,
        "MaximumAllowedAdjacentHillsPlusMountains": 99,
        "MaximumAllowedAdjacentIce": 0,
        "MaximumAllowedAdjacentJungle": 99,
        "MaximumAllowedAdjacentMarsh": 99,
        "MaximumAllowedAdjacentMountain": 2,
        "MaximumAllowedAdjacentNoFeature": 99,
        "MaximumAllowedAdjacentOasis": 99,
        "MaximumAllowedAdjacentOcean": 99,
        "MaximumAllowedAdjacentPlains": 99,
        "MaximumAllowedAdjacentShallowWater": 99,
        "MaximumAllowedAdjacentSnow": 0,
        "MaximumAllowedAdjacentTundra": 99,
        "NaturalWonderType": "FEATURE_MESA",
        "OccurrenceFrequency": 10,
        "RequireBiggestLandmass": 0,
        "RequireFreshWater": 0,
        "RequireLandAdjacentToOcean": 0,
        "RequireLandOnePlotInland": 0,
        "RequireLandTwoOrMorePlotsInland": 0,
        "RequiredNumberOfAdjacentAtoll": 0,
        "RequiredNumberOfAdjacentDeepWater": 0,
        "RequiredNumberOfAdjacentDesert": 0,
        "RequiredNumberOfAdjacentFlatland": 0,
        "RequiredNumberOfAdjacentFloodPlains": 0,
        "RequiredNumberOfAdjacentForest": 0,
        "RequiredNumberOfAdjacentGrass": 0,
        "RequiredNumberOfAdjacentHills": 2,
        "RequiredNumberOfAdjacentHillsPlusMountains": 0,
        "RequiredNumberOfAdjacentIce": 0,
        "RequiredNumberOfAdjacentJungle": 0,
        "RequiredNumberOfAdjacentMarsh": 0,
        "RequiredNumberOfAdjacentMountain": 0,
        "RequiredNumberOfAdjacentNoFeature": 0,
        "RequiredNumberOfAdjacentOasis": 0,
        "RequiredNumberOfAdjacentOcean": 0,
        "RequiredNumberOfAdjacentPlains": 0,
        "RequiredNumberOfAdjacentShallowWater": 0,
        "RequiredNumberOfAdjacentSnow": 0,
        "RequiredNumberOfAdjacentTundra": 0,
        "SetAdjacentTilesToShallowWater": 0,
        "TileChangesMethodNumber": -1
    },
    {
        "AdjacentTilesAvoidAnyland": 0,
        "AdjacentTilesAvoidAtoll": 0,
        "AdjacentTilesAvoidDeepWater": 0,
        "AdjacentTilesAvoidDesert": 0,
        "AdjacentTilesAvoidFlatland": 0,
        "AdjacentTilesAvoidFloodPlains": 0,
        "AdjacentTilesAvoidForest": 0,
        "AdjacentTilesAvoidGrass": 0,
        "AdjacentTilesAvoidHills": 0,
        "AdjacentTilesAvoidHillsPlusMountains": 0,
        "AdjacentTilesAvoidIce": 1,
        "AdjacentTilesAvoidJungle": 0,
        "AdjacentTilesAvoidMarsh": 0,
        "AdjacentTilesAvoidMountain": 0,
        "AdjacentTilesAvoidNoFeature": 0,
        "AdjacentTilesAvoidOasis": 0,
        "AdjacentTilesAvoidOcean": 0,
        "AdjacentTilesAvoidPlains": 0,
        "AdjacentTilesAvoidShallowWater": 0,
        "AdjacentTilesAvoidSnow": 1,
        "AdjacentTilesAvoidTundra": 0,
        "AdjacentTilesCareAboutFeatureTypes": 0,
        "AdjacentTilesCareAboutPlotTypes": 0,
        "AdjacentTilesCareAboutTerrainTypes": 0,
        "AdjacentTilesRequireAtoll": 0,
        "AdjacentTilesRequireDeepWater": 0,
        "AdjacentTilesRequireDesert": 0,
        "AdjacentTilesRequireFlatland": 0,
        "AdjacentTilesRequireFloodPlains": 0,
        "AdjacentTilesRequireForest": 0,
        "AdjacentTilesRequireGrass": 0,
        "AdjacentTilesRequireHills": 0,
        "AdjacentTilesRequireHillsPlusMountains": 0,
        "AdjacentTilesRequireIce": 0,
        "AdjacentTilesRequireJungle": 0,
        "AdjacentTilesRequireMarsh": 0,
        "AdjacentTilesRequireMountain": 0,
        "AdjacentTilesRequireNoFeature": 0,
        "AdjacentTilesRequireOasis": 0,
        "AdjacentTilesRequireOcean": 0,
        "AdjacentTilesRequirePlains": 0,
        "AdjacentTilesRequireShallowWater": 0,
        "AdjacentTilesRequireSnow": 0,
        "AdjacentTilesRequireTundra": 0,
        "AvoidBiggestLandmass": 0,
        "AvoidFreshWater": 1,
        "AvoidLandAdjacentToOcean": 0,
        "AvoidLandOnePlotInland": 0,
        "AvoidLandTwoOrMorePlotsInland": 0,
        "ChangeCoreTileTerrainToGrass": 0,
        "ChangeCoreTileTerrainToPlains": 0,
        "ChangeCoreTileToFlatland": 0,
        "ChangeCoreTileToMountain": 0,
        "CoreTileCanBeAnyFeatureType": 1,
        "CoreTileCanBeAnyPlotType": 1,
        "CoreTileCanBeAnyTerrainType": 1,
        "CoreTileCanBeAtoll": 0,
        "CoreTileCanBeDeepWater": 0,
        "CoreTileCanBeDesert": 0,
        "CoreTileCanBeFlatland": 0,
        "CoreTileCanBeFloodPlains": 0,
        "CoreTileCanBeForest": 0,
        "CoreTileCanBeGrass": 0,
        "CoreTileCanBeHills": 0,
        "CoreTileCanBeIce": 0,
        "CoreTileCanBeJungle": 0,
        "CoreTileCanBeMarsh": 0,
        "CoreTileCanBeMountain": 0,
        "CoreTileCanBeNoFeature": 0,
        "CoreTileCanBeOasis": 0,
        "CoreTileCanBeOcean": 0,
        "CoreTileCanBePlains": 0,
        "CoreTileCanBeShallowWater": 0,
        "CoreTileCanBeSnow": 0,
        "CoreTileCanBeTundra": 0,
        "EligibilityMethodNumber": 1,
        "ID": 3,
        "LandBased": 1,
        "MaximumAllowedAdjacentAtoll": 99,
        "MaximumAllowedAdjacentDeepWater": 99,
        "MaximumAllowedAdjacentDesert": 99,
        "MaximumAllowedAdjacentFlatland": 99,
        "MaximumAllowedAdjacentFloodPlains": 99,
        "MaximumAllowedAdjacentForest": 99,
        "MaximumAllowedAdjacentGrass": 99,
        "MaximumAllowedAdjacentHills": 99,
        "MaximumAllowedAdjacentHillsPlusMountains": 99,
        "MaximumAllowedAdjacentIce": 0,
        "MaximumAllowedAdjacentJungle": 99,
        "MaximumAllowedAdjacentMarsh": 99,
        "MaximumAllowedAdjacentMountain": 99,
        "MaximumAllowedAdjacentNoFeature": 99,
        "MaximumAllowedAdjacentOasis": 99,
        "MaximumAllowedAdjacentOcean": 99,
        "MaximumAllowedAdjacentPlains": 99,
        "MaximumAllowedAdjacentShallowWater": 99,
        "MaximumAllowedAdjacentSnow": 0,
        "MaximumAllowedAdjacentTundra": 99,
        "NaturalWonderType": "FEATURE_REEF",
        "OccurrenceFrequency": 10,
        "RequireBiggestLandmass": 0,
        "RequireFreshWater": 0,
        "RequireLandAdjacentToOcean": 0,
        "RequireLandOnePlotInland": 0,
        "RequireLandTwoOrMorePlotsInland": 0,
        "RequiredNumberOfAdjacentAtoll": 0,
        "RequiredNumberOfAdjacentDeepWater": 0,
        "RequiredNumberOfAdjacentDesert": 0,
        "RequiredNumberOfAdjacentFlatland": 0,
        "RequiredNumberOfAdjacentFloodPlains": 0,
        "RequiredNumberOfAdjacentForest": 0,
        "RequiredNumberOfAdjacentGrass": 0,
        "RequiredNumberOfAdjacentHills": 0,
        "RequiredNumberOfAdjacentHillsPlusMountains": 0,
        "RequiredNumberOfAdjacentIce": 0,
        "RequiredNumberOfAdjacentJungle": 0,
        "RequiredNumberOfAdjacentMarsh": 0,
        "RequiredNumberOfAdjacentMountain": 0,
        "RequiredNumberOfAdjacentNoFeature": 0,
        "RequiredNumberOfAdjacentOasis": 0,
        "RequiredNumberOfAdjacentOcean": 0,
        "RequiredNumberOfAdjacentPlains": 0,
        "RequiredNumberOfAdjacentShallowWater": 0,
        "RequiredNumberOfAdjacentSnow": 0,
        "RequiredNumberOfAdjacentTundra": 0,
        "SetAdjacentTilesToShallowWater": 0,
        "TileChangesMethodNumber": 1
    },
    {
        "AdjacentTilesAvoidAnyland": 1,
        "AdjacentTilesAvoidAtoll": 0,
        "AdjacentTilesAvoidDeepWater": 0,
        "AdjacentTilesAvoidDesert": 0,
        "AdjacentTilesAvoidFlatland": 0,
        "AdjacentTilesAvoidFloodPlains": 0,
        "AdjacentTilesAvoidForest": 0,
        "AdjacentTilesAvoidGrass": 0,
        "AdjacentTilesAvoidHills": 0,
        "AdjacentTilesAvoidHillsPlusMountains": 0,
        "AdjacentTilesAvoidIce": 1,
        "AdjacentTilesAvoidJungle": 0,
        "AdjacentTilesAvoidMarsh": 0,
        "AdjacentTilesAvoidMountain": 0,
        "AdjacentTilesAvoidNoFeature": 0,
        "AdjacentTilesAvoidOasis": 0,
        "AdjacentTilesAvoidOcean": 0,
        "AdjacentTilesAvoidPlains": 0,
        "AdjacentTilesAvoidShallowWater": 0,
        "AdjacentTilesAvoidSnow": 1,
        "AdjacentTilesAvoidTundra": 0,
        "AdjacentTilesCareAboutFeatureTypes": 1,
        "AdjacentTilesCareAboutPlotTypes": 1,
        "AdjacentTilesCareAboutTerrainTypes": 0,
        "AdjacentTilesRequireAtoll": 0,
        "AdjacentTilesRequireDeepWater": 0,
        "AdjacentTilesRequireDesert": 0,
        "AdjacentTilesRequireFlatland": 0,
        "AdjacentTilesRequireFloodPlains": 0,
        "AdjacentTilesRequireForest": 0,
        "AdjacentTilesRequireGrass": 0,
        "AdjacentTilesRequireHills": 0,
        "AdjacentTilesRequireHillsPlusMountains": 0,
        "AdjacentTilesRequireIce": 0,
        "AdjacentTilesRequireJungle": 0,
        "AdjacentTilesRequireMarsh": 0,
        "AdjacentTilesRequireMountain": 0,
        "AdjacentTilesRequireNoFeature": 0,
        "AdjacentTilesRequireOasis": 0,
        "AdjacentTilesRequireOcean": 0,
        "AdjacentTilesRequirePlains": 0,
        "AdjacentTilesRequireShallowWater": 1,
        "AdjacentTilesRequireSnow": 0,
        "AdjacentTilesRequireTundra": 0,
        "AvoidBiggestLandmass": 0,
        "AvoidFreshWater": 1,
        "AvoidLandAdjacentToOcean": 0,
        "AvoidLandOnePlotInland": 0,
        "AvoidLandTwoOrMorePlotsInland": 0,
        "ChangeCoreTileTerrainToGrass": 1,
        "ChangeCoreTileTerrainToPlains": 0,
        "ChangeCoreTileToFlatland": 0,
        "ChangeCoreTileToMountain": 1,
        "CoreTileCanBeAnyFeatureType": 1,
        "CoreTileCanBeAnyPlotType": 1,
        "CoreTileCanBeAnyTerrainType": 1,
        "CoreTileCanBeAtoll": 0,
        "CoreTileCanBeDeepWater": 0,
        "CoreTileCanBeDesert": 0,
        "CoreTileCanBeFlatland": 0,
        "CoreTileCanBeFloodPlains": 0,
        "CoreTileCanBeForest": 0,
        "CoreTileCanBeGrass": 0,
        "CoreTileCanBeHills": 0,
        "CoreTileCanBeIce": 0,
        "CoreTileCanBeJungle": 0,
        "CoreTileCanBeMarsh": 0,
        "CoreTileCanBeMountain": 0,
        "CoreTileCanBeNoFeature": 0,
        "CoreTileCanBeOasis": 0,
        "CoreTileCanBeOcean": 0,
        "CoreTileCanBePlains": 0,
        "CoreTileCanBeShallowWater": 0,
        "CoreTileCanBeSnow": 0,
        "CoreTileCanBeTundra": 0,
        "EligibilityMethodNumber": -1,
        "ID": 4,
        "LandBased": 0,
        "MaximumAllowedAdjacentAtoll": 99,
        "MaximumAllowedAdjacentDeepWater": 99,
        "MaximumAllowedAdjacentDesert": 99,
        "MaximumAllowedAdjacentFlatland": 99,
        "MaximumAllowedAdjacentFloodPlains": 99,
        "MaximumAllowedAdjacentForest": 99,
        "MaximumAllowedAdjacentGrass": 99,
        "MaximumAllowedAdjacentHills": 99,
        "MaximumAllowedAdjacentHillsPlusMountains": 99,
        "MaximumAllowedAdjacentIce": 0,
        "MaximumAllowedAdjacentJungle": 99,
        "MaximumAllowedAdjacentMarsh": 99,
        "MaximumAllowedAdjacentMountain": 99,
        "MaximumAllowedAdjacentNoFeature": 99,
        "MaximumAllowedAdjacentOasis": 99,
        "MaximumAllowedAdjacentOcean": 99,
        "MaximumAllowedAdjacentPlains": 99,
        "MaximumAllowedAdjacentShallowWater": 99,
        "MaximumAllowedAdjacentSnow": 0,
        "MaximumAllowedAdjacentTundra": 99,
        "NaturalWonderType": "FEATURE_VOLCANO",
        "OccurrenceFrequency": 10,
        "RequireBiggestLandmass": 0,
        "RequireFreshWater": 0,
        "RequireLandAdjacentToOcean": 0,
        "RequireLandOnePlotInland": 0,
        "RequireLandTwoOrMorePlotsInland": 0,
        "RequiredNumberOfAdjacentAtoll": 0,
        "RequiredNumberOfAdjacentDeepWater": 0,
        "RequiredNumberOfAdjacentDesert": 0,
        "RequiredNumberOfAdjacentFlatland": 0,
        "RequiredNumberOfAdjacentFloodPlains": 0,
        "RequiredNumberOfAdjacentForest": 0,
        "RequiredNumberOfAdjacentGrass": 0,
        "RequiredNumberOfAdjacentHills": 0,
        "RequiredNumberOfAdjacentHillsPlusMountains": 0,
        "RequiredNumberOfAdjacentIce": 0,
        "RequiredNumberOfAdjacentJungle": 0,
        "RequiredNumberOfAdjacentMarsh": 0,
        "RequiredNumberOfAdjacentMountain": 0,
        "RequiredNumberOfAdjacentNoFeature": 0,
        "RequiredNumberOfAdjacentOasis": 0,
        "RequiredNumberOfAdjacentOcean": 0,
        "RequiredNumberOfAdjacentPlains": 0,
        "RequiredNumberOfAdjacentShallowWater": 1,
        "RequiredNumberOfAdjacentSnow": 0,
        "RequiredNumberOfAdjacentTundra": 0,
        "SetAdjacentTilesToShallowWater": 1,
        "TileChangesMethodNumber": -1
    },
    {
        "AdjacentTilesAvoidAnyland": 0,
        "AdjacentTilesAvoidAtoll": 0,
        "AdjacentTilesAvoidDeepWater": 0,
        "AdjacentTilesAvoidDesert": 0,
        "AdjacentTilesAvoidFlatland": 0,
        "AdjacentTilesAvoidFloodPlains": 0,
        "AdjacentTilesAvoidForest": 0,
        "AdjacentTilesAvoidGrass": 0,
        "AdjacentTilesAvoidHills": 0,
        "AdjacentTilesAvoidHillsPlusMountains": 0,
        "AdjacentTilesAvoidIce": 1,
        "AdjacentTilesAvoidJungle": 0,
        "AdjacentTilesAvoidMarsh": 0,
        "AdjacentTilesAvoidMountain": 0,
        "AdjacentTilesAvoidNoFeature": 0,
        "AdjacentTilesAvoidOasis": 0,
        "AdjacentTilesAvoidOcean": 0,
        "AdjacentTilesAvoidPlains": 0,
        "AdjacentTilesAvoidShallowWater": 0,
        "AdjacentTilesAvoidSnow": 1,
        "AdjacentTilesAvoidTundra": 0,
        "AdjacentTilesCareAboutFeatureTypes": 0,
        "AdjacentTilesCareAboutPlotTypes": 0,
        "AdjacentTilesCareAboutTerrainTypes": 0,
        "AdjacentTilesRequireAtoll": 0,
        "AdjacentTilesRequireDeepWater": 0,
        "AdjacentTilesRequireDesert": 0,
        "AdjacentTilesRequireFlatland": 0,
        "AdjacentTilesRequireFloodPlains": 0,
        "AdjacentTilesRequireForest": 0,
        "AdjacentTilesRequireGrass": 0,
        "AdjacentTilesRequireHills": 0,
        "AdjacentTilesRequireHillsPlusMountains": 0,
        "AdjacentTilesRequireIce": 0,
        "AdjacentTilesRequireJungle": 0,
        "AdjacentTilesRequireMarsh": 0,
        "AdjacentTilesRequireMountain": 0,
        "AdjacentTilesRequireNoFeature": 0,
        "AdjacentTilesRequireOasis": 0,
        "AdjacentTilesRequireOcean": 0,
        "AdjacentTilesRequirePlains": 0,
        "AdjacentTilesRequireShallowWater": 0,
        "AdjacentTilesRequireSnow": 0,
        "AdjacentTilesRequireTundra": 0,
        "AvoidBiggestLandmass": 0,
        "AvoidFreshWater": 1,
        "AvoidLandAdjacentToOcean": 0,
        "AvoidLandOnePlotInland": 0,
        "AvoidLandTwoOrMorePlotsInland": 0,
        "ChangeCoreTileTerrainToGrass": 0,
        "ChangeCoreTileTerrainToPlains": 0,
        "ChangeCoreTileToFlatland": 0,
        "ChangeCoreTileToMountain": 0,
        "CoreTileCanBeAnyFeatureType": 1,
        "CoreTileCanBeAnyPlotType": 1,
        "CoreTileCanBeAnyTerrainType": 1,
        "CoreTileCanBeAtoll": 0,
        "CoreTileCanBeDeepWater": 0,
        "CoreTileCanBeDesert": 0,
        "CoreTileCanBeFlatland": 0,
        "CoreTileCanBeFloodPlains": 0,
        "CoreTileCanBeForest": 0,
        "CoreTileCanBeGrass": 0,
        "CoreTileCanBeHills": 0,
        "CoreTileCanBeIce": 0,
        "CoreTileCanBeJungle": 0,
        "CoreTileCanBeMarsh": 0,
        "CoreTileCanBeMountain": 0,
        "CoreTileCanBeNoFeature": 0,
        "CoreTileCanBeOasis": 0,
        "CoreTileCanBeOcean": 0,
        "CoreTileCanBePlains": 0,
        "CoreTileCanBeShallowWater": 0,
        "CoreTileCanBeSnow": 0,
        "CoreTileCanBeTundra": 0,
        "EligibilityMethodNumber": 2,
        "ID": 5,
        "LandBased": 1,
        "MaximumAllowedAdjacentAtoll": 99,
        "MaximumAllowedAdjacentDeepWater": 99,
        "MaximumAllowedAdjacentDesert": 99,
        "MaximumAllowedAdjacentFlatland": 99,
        "MaximumAllowedAdjacentFloodPlains": 99,
        "MaximumAllowedAdjacentForest": 99,
        "MaximumAllowedAdjacentGrass": 99,
        "MaximumAllowedAdjacentHills": 99,
        "MaximumAllowedAdjacentHillsPlusMountains": 99,
        "MaximumAllowedAdjacentIce": 0,
        "MaximumAllowedAdjacentJungle": 99,
        "MaximumAllowedAdjacentMarsh": 99,
        "MaximumAllowedAdjacentMountain": 99,
        "MaximumAllowedAdjacentNoFeature": 99,
        "MaximumAllowedAdjacentOasis": 99,
        "MaximumAllowedAdjacentOcean": 99,
        "MaximumAllowedAdjacentPlains": 99,
        "MaximumAllowedAdjacentShallowWater": 99,
        "MaximumAllowedAdjacentSnow": 0,
        "MaximumAllowedAdjacentTundra": 99,
        "NaturalWonderType": "FEATURE_GIBRALTAR",
        "OccurrenceFrequency": 10,
        "RequireBiggestLandmass": 0,
        "RequireFreshWater": 0,
        "RequireLandAdjacentToOcean": 0,
        "RequireLandOnePlotInland": 0,
        "RequireLandTwoOrMorePlotsInland": 0,
        "RequiredNumberOfAdjacentAtoll": 0,
        "RequiredNumberOfAdjacentDeepWater": 0,
        "RequiredNumberOfAdjacentDesert": 0,
        "RequiredNumberOfAdjacentFlatland": 0,
        "RequiredNumberOfAdjacentFloodPlains": 0,
        "RequiredNumberOfAdjacentForest": 0,
        "RequiredNumberOfAdjacentGrass": 0,
        "RequiredNumberOfAdjacentHills": 0,
        "RequiredNumberOfAdjacentHillsPlusMountains": 0,
        "RequiredNumberOfAdjacentIce": 0,
        "RequiredNumberOfAdjacentJungle": 0,
        "RequiredNumberOfAdjacentMarsh": 0,
        "RequiredNumberOfAdjacentMountain": 0,
        "RequiredNumberOfAdjacentNoFeature": 0,
        "RequiredNumberOfAdjacentOasis": 0,
        "RequiredNumberOfAdjacentOcean": 0,
        "RequiredNumberOfAdjacentPlains": 0,
        "RequiredNumberOfAdjacentShallowWater": 0,
        "RequiredNumberOfAdjacentSnow": 0,
        "RequiredNumberOfAdjacentTundra": 0,
        "SetAdjacentTilesToShallowWater": 0,
        "TileChangesMethodNumber": 2
    },
    {
        "AdjacentTilesAvoidAnyland": 0,
        "AdjacentTilesAvoidAtoll": 0,
        "AdjacentTilesAvoidDeepWater": 0,
        "AdjacentTilesAvoidDesert": 1,
        "AdjacentTilesAvoidFlatland": 0,
        "AdjacentTilesAvoidFloodPlains": 0,
        "AdjacentTilesAvoidForest": 0,
        "AdjacentTilesAvoidGrass": 0,
        "AdjacentTilesAvoidHills": 0,
        "AdjacentTilesAvoidHillsPlusMountains": 0,
        "AdjacentTilesAvoidIce": 1,
        "AdjacentTilesAvoidJungle": 0,
        "AdjacentTilesAvoidMarsh": 0,
        "AdjacentTilesAvoidMountain": 1,
        "AdjacentTilesAvoidNoFeature": 0,
        "AdjacentTilesAvoidOasis": 0,
        "AdjacentTilesAvoidOcean": 0,
        "AdjacentTilesAvoidPlains": 0,
        "AdjacentTilesAvoidShallowWater": 0,
        "AdjacentTilesAvoidSnow": 1,
        "AdjacentTilesAvoidTundra": 1,
        "AdjacentTilesCareAboutFeatureTypes": 0,
        "AdjacentTilesCareAboutPlotTypes": 1,
        "AdjacentTilesCareAboutTerrainTypes": 0,
        "AdjacentTilesRequireAtoll": 0,
        "AdjacentTilesRequireDeepWater": 0,
        "AdjacentTilesRequireDesert": 0,
        "AdjacentTilesRequireFlatland": 0,
        "AdjacentTilesRequireFloodPlains": 0,
        "AdjacentTilesRequireForest": 0,
        "AdjacentTilesRequireGrass": 0,
        "AdjacentTilesRequireHills": 0,
        "AdjacentTilesRequireHillsPlusMountains": 1,
        "AdjacentTilesRequireIce": 0,
        "AdjacentTilesRequireJungle": 0,
        "AdjacentTilesRequireMarsh": 0,
        "AdjacentTilesRequireMountain": 0,
        "AdjacentTilesRequireNoFeature": 0,
        "AdjacentTilesRequireOasis": 0,
        "AdjacentTilesRequireOcean": 0,
        "AdjacentTilesRequirePlains": 0,
        "AdjacentTilesRequireShallowWater": 0,
        "AdjacentTilesRequireSnow": 0,
        "AdjacentTilesRequireTundra": 0,
        "AvoidBiggestLandmass": 0,
        "AvoidFreshWater": 1,
        "AvoidLandAdjacentToOcean": 1,
        "AvoidLandOnePlotInland": 0,
        "AvoidLandTwoOrMorePlotsInland": 0,
        "ChangeCoreTileTerrainToGrass": 0,
        "ChangeCoreTileTerrainToPlains": 0,
        "ChangeCoreTileToFlatland": 0,
        "ChangeCoreTileToMountain": 1,
        "CoreTileCanBeAnyFeatureType": 1,
        "CoreTileCanBeAnyPlotType": 1,
        "CoreTileCanBeAnyTerrainType": 1,
        "CoreTileCanBeAtoll": 0,
        "CoreTileCanBeDeepWater": 0,
        "CoreTileCanBeDesert": 0,
        "CoreTileCanBeFlatland": 0,
        "CoreTileCanBeFloodPlains": 0,
        "CoreTileCanBeForest": 0,
        "CoreTileCanBeGrass": 0,
        "CoreTileCanBeHills": 0,
        "CoreTileCanBeIce": 0,
        "CoreTileCanBeJungle": 0,
        "CoreTileCanBeMarsh": 0,
        "CoreTileCanBeMountain": 0,
        "CoreTileCanBeNoFeature": 0,
        "CoreTileCanBeOasis": 0,
        "CoreTileCanBeOcean": 0,
        "CoreTileCanBePlains": 0,
        "CoreTileCanBeShallowWater": 0,
        "CoreTileCanBeSnow": 0,
        "CoreTileCanBeTundra": 0,
        "EligibilityMethodNumber": -1,
        "ID": 6,
        "LandBased": 1,
        "MaximumAllowedAdjacentAtoll": 99,
        "MaximumAllowedAdjacentDeepWater": 99,
        "MaximumAllowedAdjacentDesert": 3,
        "MaximumAllowedAdjacentFlatland": 99,
        "MaximumAllowedAdjacentFloodPlains": 99,
        "MaximumAllowedAdjacentForest": 99,
        "MaximumAllowedAdjacentGrass": 99,
        "MaximumAllowedAdjacentHills": 99,
        "MaximumAllowedAdjacentHillsPlusMountains": 99,
        "MaximumAllowedAdjacentIce": 0,
        "MaximumAllowedAdjacentJungle": 99,
        "MaximumAllowedAdjacentMarsh": 99,
        "MaximumAllowedAdjacentMountain": 4,
        "MaximumAllowedAdjacentNoFeature": 99,
        "MaximumAllowedAdjacentOasis": 99,
        "MaximumAllowedAdjacentOcean": 99,
        "MaximumAllowedAdjacentPlains": 99,
        "MaximumAllowedAdjacentShallowWater": 99,
        "MaximumAllowedAdjacentSnow": 0,
        "MaximumAllowedAdjacentTundra": 3,
        "NaturalWonderType": "FEATURE_GEYSER",
        "OccurrenceFrequency": 10,
        "RequireBiggestLandmass": 0,
        "RequireFreshWater": 0,
        "RequireLandAdjacentToOcean": 0,
        "RequireLandOnePlotInland": 0,
        "RequireLandTwoOrMorePlotsInland": 0,
        "RequiredNumberOfAdjacentAtoll": 0,
        "RequiredNumberOfAdjacentDeepWater": 0,
        "RequiredNumberOfAdjacentDesert": 0,
        "RequiredNumberOfAdjacentFlatland": 0,
        "RequiredNumberOfAdjacentFloodPlains": 0,
        "RequiredNumberOfAdjacentForest": 0,
        "RequiredNumberOfAdjacentGrass": 0,
        "RequiredNumberOfAdjacentHills": 0,
        "RequiredNumberOfAdjacentHillsPlusMountains": 3,
        "RequiredNumberOfAdjacentIce": 0,
        "RequiredNumberOfAdjacentJungle": 0,
        "RequiredNumberOfAdjacentMarsh": 0,
        "RequiredNumberOfAdjacentMountain": 0,
        "RequiredNumberOfAdjacentNoFeature": 0,
        "RequiredNumberOfAdjacentOasis": 0,
        "RequiredNumberOfAdjacentOcean": 0,
        "RequiredNumberOfAdjacentPlains": 0,
        "RequiredNumberOfAdjacentShallowWater": 0,
        "RequiredNumberOfAdjacentSnow": 0,
        "RequiredNumberOfAdjacentTundra": 0,
        "SetAdjacentTilesToShallowWater": 0,
        "TileChangesMethodNumber": -1
    },
    {
        "AdjacentTilesAvoidAnyland": 0,
        "AdjacentTilesAvoidAtoll": 0,
        "AdjacentTilesAvoidDeepWater": 0,
        "AdjacentTilesAvoidDesert": 0,
        "AdjacentTilesAvoidFlatland": 0,
        "AdjacentTilesAvoidFloodPlains": 0,
        "AdjacentTilesAvoidForest": 0,
        "AdjacentTilesAvoidGrass": 0,
        "AdjacentTilesAvoidHills": 0,
        "AdjacentTilesAvoidHillsPlusMountains": 0,
        "AdjacentTilesAvoidIce": 1,
        "AdjacentTilesAvoidJungle": 0,
        "AdjacentTilesAvoidMarsh": 0,
        "AdjacentTilesAvoidMountain": 0,
        "AdjacentTilesAvoidNoFeature": 0,
        "AdjacentTilesAvoidOasis": 0,
        "AdjacentTilesAvoidOcean": 0,
        "AdjacentTilesAvoidPlains": 0,
        "AdjacentTilesAvoidShallowWater": 0,
        "AdjacentTilesAvoidSnow": 1,
        "AdjacentTilesAvoidTundra": 0,
        "AdjacentTilesCareAboutFeatureTypes": 0,
        "AdjacentTilesCareAboutPlotTypes": 0,
        "AdjacentTilesCareAboutTerrainTypes": 0,
        "AdjacentTilesRequireAtoll": 0,
        "AdjacentTilesRequireDeepWater": 0,
        "AdjacentTilesRequireDesert": 0,
        "AdjacentTilesRequireFlatland": 0,
        "AdjacentTilesRequireFloodPlains": 0,
        "AdjacentTilesRequireForest": 0,
        "AdjacentTilesRequireGrass": 0,
        "AdjacentTilesRequireHills": 0,
        "AdjacentTilesRequireHillsPlusMountains": 0,
        "AdjacentTilesRequireIce": 0,
        "AdjacentTilesRequireJungle": 0,
        "AdjacentTilesRequireMarsh": 0,
        "AdjacentTilesRequireMountain": 0,
        "AdjacentTilesRequireNoFeature": 0,
        "AdjacentTilesRequireOasis": 0,
        "AdjacentTilesRequireOcean": 0,
        "AdjacentTilesRequirePlains": 0,
        "AdjacentTilesRequireShallowWater": 0,
        "AdjacentTilesRequireSnow": 0,
        "AdjacentTilesRequireTundra": 0,
        "AvoidBiggestLandmass": 0,
        "AvoidFreshWater": 1,
        "AvoidLandAdjacentToOcean": 1,
        "AvoidLandOnePlotInland": 0,
        "AvoidLandTwoOrMorePlotsInland": 0,
        "ChangeCoreTileTerrainToGrass": 0,
        "ChangeCoreTileTerrainToPlains": 1,
        "ChangeCoreTileToFlatland": 1,
        "ChangeCoreTileToMountain": 0,
        "CoreTileCanBeAnyFeatureType": 1,
        "CoreTileCanBeAnyPlotType": 1,
        "CoreTileCanBeAnyTerrainType": 1,
        "CoreTileCanBeAtoll": 0,
        "CoreTileCanBeDeepWater": 0,
        "CoreTileCanBeDesert": 0,
        "CoreTileCanBeFlatland": 0,
        "CoreTileCanBeFloodPlains": 0,
        "CoreTileCanBeForest": 0,
        "CoreTileCanBeGrass": 0,
        "CoreTileCanBeHills": 0,
        "CoreTileCanBeIce": 0,
        "CoreTileCanBeJungle": 0,
        "CoreTileCanBeMarsh": 0,
        "CoreTileCanBeMountain": 0,
        "CoreTileCanBeNoFeature": 0,
        "CoreTileCanBeOasis": 0,
        "CoreTileCanBeOcean": 0,
        "CoreTileCanBePlains": 0,
        "CoreTileCanBeShallowWater": 0,
        "CoreTileCanBeSnow": 0,
        "CoreTileCanBeTundra": 0,
        "EligibilityMethodNumber": -1,
        "ID": 7,
        "LandBased": 1,
        "MaximumAllowedAdjacentAtoll": 99,
        "MaximumAllowedAdjacentDeepWater": 99,
        "MaximumAllowedAdjacentDesert": 99,
        "MaximumAllowedAdjacentFlatland": 99,
        "MaximumAllowedAdjacentFloodPlains": 99,
        "MaximumAllowedAdjacentForest": 99,
        "MaximumAllowedAdjacentGrass": 99,
        "MaximumAllowedAdjacentHills": 99,
        "MaximumAllowedAdjacentHillsPlusMountains": 99,
        "MaximumAllowedAdjacentIce": 0,
        "MaximumAllowedAdjacentJungle": 99,
        "MaximumAllowedAdjacentMarsh": 99,
        "MaximumAllowedAdjacentMountain": 99,
        "MaximumAllowedAdjacentNoFeature": 99,
        "MaximumAllowedAdjacentOasis": 99,
        "MaximumAllowedAdjacentOcean": 99,
        "MaximumAllowedAdjacentPlains": 99,
        "MaximumAllowedAdjacentShallowWater": 99,
        "MaximumAllowedAdjacentSnow": 0,
        "MaximumAllowedAdjacentTundra": 99,
        "NaturalWonderType": "FEATURE_FOUNTAIN_YOUTH",
        "OccurrenceFrequency": 1,
        "RequireBiggestLandmass": 0,
        "RequireFreshWater": 0,
        "RequireLandAdjacentToOcean": 0,
        "RequireLandOnePlotInland": 0,
        "RequireLandTwoOrMorePlotsInland": 0,
        "RequiredNumberOfAdjacentAtoll": 0,
        "RequiredNumberOfAdjacentDeepWater": 0,
        "RequiredNumberOfAdjacentDesert": 0,
        "RequiredNumberOfAdjacentFlatland": 0,
        "RequiredNumberOfAdjacentFloodPlains": 0,
        "RequiredNumberOfAdjacentForest": 0,
        "RequiredNumberOfAdjacentGrass": 0,
        "RequiredNumberOfAdjacentHills": 0,
        "RequiredNumberOfAdjacentHillsPlusMountains": 0,
        "RequiredNumberOfAdjacentIce": 0,
        "RequiredNumberOfAdjacentJungle": 0,
        "RequiredNumberOfAdjacentMarsh": 0,
        "RequiredNumberOfAdjacentMountain": 0,
        "RequiredNumberOfAdjacentNoFeature": 0,
        "RequiredNumberOfAdjacentOasis": 0,
        "RequiredNumberOfAdjacentOcean": 0,
        "RequiredNumberOfAdjacentPlains": 0,
        "RequiredNumberOfAdjacentShallowWater": 0,
        "RequiredNumberOfAdjacentSnow": 0,
        "RequiredNumberOfAdjacentTundra": 0,
        "SetAdjacentTilesToShallowWater": 0,
        "TileChangesMethodNumber": -1
    },
    {
        "AdjacentTilesAvoidAnyland": 0,
        "AdjacentTilesAvoidAtoll": 0,
        "AdjacentTilesAvoidDeepWater": 0,
        "AdjacentTilesAvoidDesert": 0,
        "AdjacentTilesAvoidFlatland": 0,
        "AdjacentTilesAvoidFloodPlains": 0,
        "AdjacentTilesAvoidForest": 0,
        "AdjacentTilesAvoidGrass": 0,
        "AdjacentTilesAvoidHills": 0,
        "AdjacentTilesAvoidHillsPlusMountains": 0,
        "AdjacentTilesAvoidIce": 1,
        "AdjacentTilesAvoidJungle": 0,
        "AdjacentTilesAvoidMarsh": 0,
        "AdjacentTilesAvoidMountain": 0,
        "AdjacentTilesAvoidNoFeature": 0,
        "AdjacentTilesAvoidOasis": 0,
        "AdjacentTilesAvoidOcean": 0,
        "AdjacentTilesAvoidPlains": 0,
        "AdjacentTilesAvoidShallowWater": 0,
        "AdjacentTilesAvoidSnow": 1,
        "AdjacentTilesAvoidTundra": 0,
        "AdjacentTilesCareAboutFeatureTypes": 0,
        "AdjacentTilesCareAboutPlotTypes": 1,
        "AdjacentTilesCareAboutTerrainTypes": 0,
        "AdjacentTilesRequireAtoll": 0,
        "AdjacentTilesRequireDeepWater": 0,
        "AdjacentTilesRequireDesert": 0,
        "AdjacentTilesRequireFlatland": 0,
        "AdjacentTilesRequireFloodPlains": 0,
        "AdjacentTilesRequireForest": 0,
        "AdjacentTilesRequireGrass": 0,
        "AdjacentTilesRequireHills": 1,
        "AdjacentTilesRequireHillsPlusMountains": 0,
        "AdjacentTilesRequireIce": 0,
        "AdjacentTilesRequireJungle": 0,
        "AdjacentTilesRequireMarsh": 0,
        "AdjacentTilesRequireMountain": 0,
        "AdjacentTilesRequireNoFeature": 0,
        "AdjacentTilesRequireOasis": 0,
        "AdjacentTilesRequireOcean": 0,
        "AdjacentTilesRequirePlains": 0,
        "AdjacentTilesRequireShallowWater": 0,
        "AdjacentTilesRequireSnow": 0,
        "AdjacentTilesRequireTundra": 0,
        "AvoidBiggestLandmass": 0,
        "AvoidFreshWater": 1,
        "AvoidLandAdjacentToOcean": 1,
        "AvoidLandOnePlotInland": 0,
        "AvoidLandTwoOrMorePlotsInland": 0,
        "ChangeCoreTileTerrainToGrass": 0,
        "ChangeCoreTileTerrainToPlains": 0,
        "ChangeCoreTileToFlatland": 0,
        "ChangeCoreTileToMountain": 1,
        "CoreTileCanBeAnyFeatureType": 1,
        "CoreTileCanBeAnyPlotType": 1,
        "CoreTileCanBeAnyTerrainType": 1,
        "CoreTileCanBeAtoll": 0,
        "CoreTileCanBeDeepWater": 0,
        "CoreTileCanBeDesert": 0,
        "CoreTileCanBeFlatland": 0,
        "CoreTileCanBeFloodPlains": 0,
        "CoreTileCanBeForest": 0,
        "CoreTileCanBeGrass": 0,
        "CoreTileCanBeHills": 0,
        "CoreTileCanBeIce": 0,
        "CoreTileCanBeJungle": 0,
        "CoreTileCanBeMarsh": 0,
        "CoreTileCanBeMountain": 0,
        "CoreTileCanBeNoFeature": 0,
        "CoreTileCanBeOasis": 0,
        "CoreTileCanBeOcean": 0,
        "CoreTileCanBePlains": 0,
        "CoreTileCanBeShallowWater": 0,
        "CoreTileCanBeSnow": 0,
        "CoreTileCanBeTundra": 0,
        "EligibilityMethodNumber": -1,
        "ID": 8,
        "LandBased": 1,
        "MaximumAllowedAdjacentAtoll": 99,
        "MaximumAllowedAdjacentDeepWater": 99,
        "MaximumAllowedAdjacentDesert": 99,
        "MaximumAllowedAdjacentFlatland": 99,
        "MaximumAllowedAdjacentFloodPlains": 99,
        "MaximumAllowedAdjacentForest": 99,
        "MaximumAllowedAdjacentGrass": 99,
        "MaximumAllowedAdjacentHills": 99,
        "MaximumAllowedAdjacentHillsPlusMountains": 99,
        "MaximumAllowedAdjacentIce": 0,
        "MaximumAllowedAdjacentJungle": 99,
        "MaximumAllowedAdjacentMarsh": 99,
        "MaximumAllowedAdjacentMountain": 99,
        "MaximumAllowedAdjacentNoFeature": 99,
        "MaximumAllowedAdjacentOasis": 99,
        "MaximumAllowedAdjacentOcean": 99,
        "MaximumAllowedAdjacentPlains": 99,
        "MaximumAllowedAdjacentShallowWater": 99,
        "MaximumAllowedAdjacentSnow": 0,
        "MaximumAllowedAdjacentTundra": 99,
        "NaturalWonderType": "FEATURE_POTOSI",
        "OccurrenceFrequency": 5,
        "RequireBiggestLandmass": 0,
        "RequireFreshWater": 0,
        "RequireLandAdjacentToOcean": 0,
        "RequireLandOnePlotInland": 0,
        "RequireLandTwoOrMorePlotsInland": 0,
        "RequiredNumberOfAdjacentAtoll": 0,
        "RequiredNumberOfAdjacentDeepWater": 0,
        "RequiredNumberOfAdjacentDesert": 0,
        "RequiredNumberOfAdjacentFlatland": 0,
        "RequiredNumberOfAdjacentFloodPlains": 0,
        "RequiredNumberOfAdjacentForest": 0,
        "RequiredNumberOfAdjacentGrass": 0,
        "RequiredNumberOfAdjacentHills": 1,
        "RequiredNumberOfAdjacentHillsPlusMountains": 0,
        "RequiredNumberOfAdjacentIce": 0,
        "RequiredNumberOfAdjacentJungle": 0,
        "RequiredNumberOfAdjacentMarsh": 0,
        "RequiredNumberOfAdjacentMountain": 0,
        "RequiredNumberOfAdjacentNoFeature": 0,
        "RequiredNumberOfAdjacentOasis": 0,
        "RequiredNumberOfAdjacentOcean": 0,
        "RequiredNumberOfAdjacentPlains": 0,
        "RequiredNumberOfAdjacentShallowWater": 0,
        "RequiredNumberOfAdjacentSnow": 0,
        "RequiredNumberOfAdjacentTundra": 0,
        "SetAdjacentTilesToShallowWater": 0,
        "TileChangesMethodNumber": -1
    },
    {
        "AdjacentTilesAvoidAnyland": 0,
        "AdjacentTilesAvoidAtoll": 0,
        "AdjacentTilesAvoidDeepWater": 0,
        "AdjacentTilesAvoidDesert": 0,
        "AdjacentTilesAvoidFlatland": 0,
        "AdjacentTilesAvoidFloodPlains": 0,
        "AdjacentTilesAvoidForest": 0,
        "AdjacentTilesAvoidGrass": 0,
        "AdjacentTilesAvoidHills": 0,
        "AdjacentTilesAvoidHillsPlusMountains": 0,
        "AdjacentTilesAvoidIce": 1,
        "AdjacentTilesAvoidJungle": 0,
        "AdjacentTilesAvoidMarsh": 0,
        "AdjacentTilesAvoidMountain": 0,
        "AdjacentTilesAvoidNoFeature": 0,
        "AdjacentTilesAvoidOasis": 0,
        "AdjacentTilesAvoidOcean": 0,
        "AdjacentTilesAvoidPlains": 0,
        "AdjacentTilesAvoidShallowWater": 0,
        "AdjacentTilesAvoidSnow": 1,
        "AdjacentTilesAvoidTundra": 0,
        "AdjacentTilesCareAboutFeatureTypes": 1,
        "AdjacentTilesCareAboutPlotTypes": 0,
        "AdjacentTilesCareAboutTerrainTypes": 0,
        "AdjacentTilesRequireAtoll": 0,
        "AdjacentTilesRequireDeepWater": 0,
        "AdjacentTilesRequireDesert": 0,
        "AdjacentTilesRequireFlatland": 0,
        "AdjacentTilesRequireFloodPlains": 0,
        "AdjacentTilesRequireForest": 0,
        "AdjacentTilesRequireGrass": 0,
        "AdjacentTilesRequireHills": 0,
        "AdjacentTilesRequireHillsPlusMountains": 0,
        "AdjacentTilesRequireIce": 0,
        "AdjacentTilesRequireJungle": 1,
        "AdjacentTilesRequireMarsh": 0,
        "AdjacentTilesRequireMountain": 0,
        "AdjacentTilesRequireNoFeature": 0,
        "AdjacentTilesRequireOasis": 0,
        "AdjacentTilesRequireOcean": 0,
        "AdjacentTilesRequirePlains": 0,
        "AdjacentTilesRequireShallowWater": 0,
        "AdjacentTilesRequireSnow": 0,
        "AdjacentTilesRequireTundra": 0,
        "AvoidBiggestLandmass": 0,
        "AvoidFreshWater": 1,
        "AvoidLandAdjacentToOcean": 1,
        "AvoidLandOnePlotInland": 0,
        "AvoidLandTwoOrMorePlotsInland": 0,
        "ChangeCoreTileTerrainToGrass": 0,
        "ChangeCoreTileTerrainToPlains": 1,
        "ChangeCoreTileToFlatland": 1,
        "ChangeCoreTileToMountain": 0,
        "CoreTileCanBeAnyFeatureType": 1,
        "CoreTileCanBeAnyPlotType": 1,
        "CoreTileCanBeAnyTerrainType": 1,
        "CoreTileCanBeAtoll": 0,
        "CoreTileCanBeDeepWater": 0,
        "CoreTileCanBeDesert": 0,
        "CoreTileCanBeFlatland": 0,
        "CoreTileCanBeFloodPlains": 0,
        "CoreTileCanBeForest": 0,
        "CoreTileCanBeGrass": 0,
        "CoreTileCanBeHills": 0,
        "CoreTileCanBeIce": 0,
        "CoreTileCanBeJungle": 0,
        "CoreTileCanBeMarsh": 0,
        "CoreTileCanBeMountain": 0,
        "CoreTileCanBeNoFeature": 0,
        "CoreTileCanBeOasis": 0,
        "CoreTileCanBeOcean": 0,
        "CoreTileCanBePlains": 0,
        "CoreTileCanBeShallowWater": 0,
        "CoreTileCanBeSnow": 0,
        "CoreTileCanBeTundra": 0,
        "EligibilityMethodNumber": -1,
        "ID": 9,
        "LandBased": 1,
        "MaximumAllowedAdjacentAtoll": 99,
        "MaximumAllowedAdjacentDeepWater": 99,
        "MaximumAllowedAdjacentDesert": 99,
        "MaximumAllowedAdjacentFlatland": 99,
        "MaximumAllowedAdjacentFloodPlains": 99,
        "MaximumAllowedAdjacentForest": 99,
        "MaximumAllowedAdjacentGrass": 99,
        "MaximumAllowedAdjacentHills": 99,
        "MaximumAllowedAdjacentHillsPlusMountains": 99,
        "MaximumAllowedAdjacentIce": 0,
        "MaximumAllowedAdjacentJungle": 99,
        "MaximumAllowedAdjacentMarsh": 99,
        "MaximumAllowedAdjacentMountain": 99,
        "MaximumAllowedAdjacentNoFeature": 99,
        "MaximumAllowedAdjacentOasis": 99,
        "MaximumAllowedAdjacentOcean": 99,
        "MaximumAllowedAdjacentPlains": 99,
        "MaximumAllowedAdjacentShallowWater": 99,
        "MaximumAllowedAdjacentSnow": 0,
        "MaximumAllowedAdjacentTundra": 99,
        "NaturalWonderType": "FEATURE_EL_DORADO",
        "OccurrenceFrequency": 2,
        "RequireBiggestLandmass": 0,
        "RequireFreshWater": 0,
        "RequireLandAdjacentToOcean": 0,
        "RequireLandOnePlotInland": 0,
        "RequireLandTwoOrMorePlotsInland": 0,
        "RequiredNumberOfAdjacentAtoll": 0,
        "RequiredNumberOfAdjacentDeepWater": 0,
        "RequiredNumberOfAdjacentDesert": 0,
        "RequiredNumberOfAdjacentFlatland": 0,
        "RequiredNumberOfAdjacentFloodPlains": 0,
        "RequiredNumberOfAdjacentForest": 0,
        "RequiredNumberOfAdjacentGrass": 0,
        "RequiredNumberOfAdjacentHills": 0,
        "RequiredNumberOfAdjacentHillsPlusMountains": 0,
        "RequiredNumberOfAdjacentIce": 0,
        "RequiredNumberOfAdjacentJungle": 1,
        "RequiredNumberOfAdjacentMarsh": 0,
        "RequiredNumberOfAdjacentMountain": 0,
        "RequiredNumberOfAdjacentNoFeature": 0,
        "RequiredNumberOfAdjacentOasis": 0,
        "RequiredNumberOfAdjacentOcean": 0,
        "RequiredNumberOfAdjacentPlains": 0,
        "RequiredNumberOfAdjacentShallowWater": 0,
        "RequiredNumberOfAdjacentSnow": 0,
        "RequiredNumberOfAdjacentTundra": 0,
        "SetAdjacentTilesToShallowWater": 0,
        "TileChangesMethodNumber": -1
    },
    {
        "AdjacentTilesAvoidAnyland": 0,
        "AdjacentTilesAvoidAtoll": 0,
        "AdjacentTilesAvoidDeepWater": 0,
        "AdjacentTilesAvoidDesert": 1,
        "AdjacentTilesAvoidFlatland": 0,
        "AdjacentTilesAvoidFloodPlains": 0,
        "AdjacentTilesAvoidForest": 0,
        "AdjacentTilesAvoidGrass": 0,
        "AdjacentTilesAvoidHills": 0,
        "AdjacentTilesAvoidHillsPlusMountains": 0,
        "AdjacentTilesAvoidIce": 1,
        "AdjacentTilesAvoidJungle": 0,
        "AdjacentTilesAvoidMarsh": 1,
        "AdjacentTilesAvoidMountain": 0,
        "AdjacentTilesAvoidNoFeature": 0,
        "AdjacentTilesAvoidOasis": 0,
        "AdjacentTilesAvoidOcean": 0,
        "AdjacentTilesAvoidPlains": 0,
        "AdjacentTilesAvoidShallowWater": 0,
        "AdjacentTilesAvoidSnow": 1,
        "AdjacentTilesAvoidTundra": 1,
        "AdjacentTilesCareAboutFeatureTypes": 1,
        "AdjacentTilesCareAboutPlotTypes": 0,
        "AdjacentTilesCareAboutTerrainTypes": 1,
        "AdjacentTilesRequireAtoll": 0,
        "AdjacentTilesRequireDeepWater": 0,
        "AdjacentTilesRequireDesert": 0,
        "AdjacentTilesRequireFlatland": 0,
        "AdjacentTilesRequireFloodPlains": 0,
        "AdjacentTilesRequireForest": 0,
        "AdjacentTilesRequireGrass": 0,
        "AdjacentTilesRequireHills": 0,
        "AdjacentTilesRequireHillsPlusMountains": 0,
        "AdjacentTilesRequireIce": 0,
        "AdjacentTilesRequireJungle": 0,
        "AdjacentTilesRequireMarsh": 0,
        "AdjacentTilesRequireMountain": 0,
        "AdjacentTilesRequireNoFeature": 0,
        "AdjacentTilesRequireOasis": 0,
        "AdjacentTilesRequireOcean": 0,
        "AdjacentTilesRequirePlains": 0,
        "AdjacentTilesRequireShallowWater": 0,
        "AdjacentTilesRequireSnow": 0,
        "AdjacentTilesRequireTundra": 0,
        "AvoidBiggestLandmass": 1,
        "AvoidFreshWater": 1,
        "AvoidLandAdjacentToOcean": 0,
        "AvoidLandOnePlotInland": 0,
        "AvoidLandTwoOrMorePlotsInland": 0,
        "ChangeCoreTileTerrainToGrass": 0,
        "ChangeCoreTileTerrainToPlains": 0,
        "ChangeCoreTileToFlatland": 0,
        "ChangeCoreTileToMountain": 1,
        "CoreTileCanBeAnyFeatureType": 1,
        "CoreTileCanBeAnyPlotType": 1,
        "CoreTileCanBeAnyTerrainType": 0,
        "CoreTileCanBeAtoll": 0,
        "CoreTileCanBeDeepWater": 0,
        "CoreTileCanBeDesert": 0,
        "CoreTileCanBeFlatland": 0,
        "CoreTileCanBeFloodPlains": 0,
        "CoreTileCanBeForest": 0,
        "CoreTileCanBeGrass": 1,
        "CoreTileCanBeHills": 0,
        "CoreTileCanBeIce": 0,
        "CoreTileCanBeJungle": 0,
        "CoreTileCanBeMarsh": 0,
        "CoreTileCanBeMountain": 0,
        "CoreTileCanBeNoFeature": 0,
        "CoreTileCanBeOasis": 0,
        "CoreTileCanBeOcean": 0,
        "CoreTileCanBePlains": 1,
        "CoreTileCanBeShallowWater": 0,
        "CoreTileCanBeSnow": 0,
        "CoreTileCanBeTundra": 0,
        "EligibilityMethodNumber": -1,
        "ID": 14,
        "LandBased": 1,
        "MaximumAllowedAdjacentAtoll": 99,
        "MaximumAllowedAdjacentDeepWater": 99,
        "MaximumAllowedAdjacentDesert": 0,
        "MaximumAllowedAdjacentFlatland": 99,
        "MaximumAllowedAdjacentFloodPlains": 99,
        "MaximumAllowedAdjacentForest": 99,
        "MaximumAllowedAdjacentGrass": 99,
        "MaximumAllowedAdjacentHills": 99,
        "MaximumAllowedAdjacentHillsPlusMountains": 99,
        "MaximumAllowedAdjacentIce": 0,
        "MaximumAllowedAdjacentJungle": 99,
        "MaximumAllowedAdjacentMarsh": 0,
        "MaximumAllowedAdjacentMountain": 99,
        "MaximumAllowedAdjacentNoFeature": 99,
        "MaximumAllowedAdjacentOasis": 99,
        "MaximumAllowedAdjacentOcean": 99,
        "MaximumAllowedAdjacentPlains": 99,
        "MaximumAllowedAdjacentShallowWater": 99,
        "MaximumAllowedAdjacentSnow": 0,
        "MaximumAllowedAdjacentTundra": 0,
        "NaturalWonderType": "FEATURE_SRI_PADA",
        "OccurrenceFrequency": 10,
        "RequireBiggestLandmass": 0,
        "RequireFreshWater": 0,
        "RequireLandAdjacentToOcean": 0,
        "RequireLandOnePlotInland": 0,
        "RequireLandTwoOrMorePlotsInland": 0,
        "RequiredNumberOfAdjacentAtoll": 0,
        "RequiredNumberOfAdjacentDeepWater": 0,
        "RequiredNumberOfAdjacentDesert": 0,
        "RequiredNumberOfAdjacentFlatland": 0,
        "RequiredNumberOfAdjacentFloodPlains": 0,
        "RequiredNumberOfAdjacentForest": 0,
        "RequiredNumberOfAdjacentGrass": 0,
        "RequiredNumberOfAdjacentHills": 0,
        "RequiredNumberOfAdjacentHillsPlusMountains": 0,
        "RequiredNumberOfAdjacentIce": 0,
        "RequiredNumberOfAdjacentJungle": 0,
        "RequiredNumberOfAdjacentMarsh": 0,
        "RequiredNumberOfAdjacentMountain": 0,
        "RequiredNumberOfAdjacentNoFeature": 0,
        "RequiredNumberOfAdjacentOasis": 0,
        "RequiredNumberOfAdjacentOcean": 0,
        "RequiredNumberOfAdjacentPlains": 0,
        "RequiredNumberOfAdjacentShallowWater": 0,
        "RequiredNumberOfAdjacentSnow": 0,
        "RequiredNumberOfAdjacentTundra": 0,
        "SetAdjacentTilesToShallowWater": 0,
        "TileChangesMethodNumber": -1
    },
    {
        "AdjacentTilesAvoidAnyland": 0,
        "AdjacentTilesAvoidAtoll": 0,
        "AdjacentTilesAvoidDeepWater": 0,
        "AdjacentTilesAvoidDesert": 0,
        "AdjacentTilesAvoidFlatland": 0,
        "AdjacentTilesAvoidFloodPlains": 0,
        "AdjacentTilesAvoidForest": 0,
        "AdjacentTilesAvoidGrass": 1,
        "AdjacentTilesAvoidHills": 0,
        "AdjacentTilesAvoidHillsPlusMountains": 0,
        "AdjacentTilesAvoidIce": 1,
        "AdjacentTilesAvoidJungle": 0,
        "AdjacentTilesAvoidMarsh": 1,
        "AdjacentTilesAvoidMountain": 0,
        "AdjacentTilesAvoidNoFeature": 0,
        "AdjacentTilesAvoidOasis": 0,
        "AdjacentTilesAvoidOcean": 0,
        "AdjacentTilesAvoidPlains": 0,
        "AdjacentTilesAvoidShallowWater": 0,
        "AdjacentTilesAvoidSnow": 1,
        "AdjacentTilesAvoidTundra": 1,
        "AdjacentTilesCareAboutFeatureTypes": 1,
        "AdjacentTilesCareAboutPlotTypes": 0,
        "AdjacentTilesCareAboutTerrainTypes": 1,
        "AdjacentTilesRequireAtoll": 0,
        "AdjacentTilesRequireDeepWater": 0,
        "AdjacentTilesRequireDesert": 1,
        "AdjacentTilesRequireFlatland": 0,
        "AdjacentTilesRequireFloodPlains": 0,
        "AdjacentTilesRequireForest": 0,
        "AdjacentTilesRequireGrass": 0,
        "AdjacentTilesRequireHills": 0,
        "AdjacentTilesRequireHillsPlusMountains": 0,
        "AdjacentTilesRequireIce": 0,
        "AdjacentTilesRequireJungle": 0,
        "AdjacentTilesRequireMarsh": 0,
        "AdjacentTilesRequireMountain": 0,
        "AdjacentTilesRequireNoFeature": 0,
        "AdjacentTilesRequireOasis": 0,
        "AdjacentTilesRequireOcean": 0,
        "AdjacentTilesRequirePlains": 0,
        "AdjacentTilesRequireShallowWater": 0,
        "AdjacentTilesRequireSnow": 0,
        "AdjacentTilesRequireTundra": 0,
        "AvoidBiggestLandmass": 0,
        "AvoidFreshWater": 1,
        "AvoidLandAdjacentToOcean": 1,
        "AvoidLandOnePlotInland": 0,
        "AvoidLandTwoOrMorePlotsInland": 0,
        "ChangeCoreTileTerrainToGrass": 0,
        "ChangeCoreTileTerrainToPlains": 0,
        "ChangeCoreTileToFlatland": 0,
        "ChangeCoreTileToMountain": 1,
        "CoreTileCanBeAnyFeatureType": 1,
        "CoreTileCanBeAnyPlotType": 1,
        "CoreTileCanBeAnyTerrainType": 0,
        "CoreTileCanBeAtoll": 0,
        "CoreTileCanBeDeepWater": 0,
        "CoreTileCanBeDesert": 1,
        "CoreTileCanBeFlatland": 0,
        "CoreTileCanBeFloodPlains": 0,
        "CoreTileCanBeForest": 0,
        "CoreTileCanBeGrass": 0,
        "CoreTileCanBeHills": 0,
        "CoreTileCanBeIce": 0,
        "CoreTileCanBeJungle": 0,
        "CoreTileCanBeMarsh": 0,
        "CoreTileCanBeMountain": 0,
        "CoreTileCanBeNoFeature": 0,
        "CoreTileCanBeOasis": 0,
        "CoreTileCanBeOcean": 0,
        "CoreTileCanBePlains": 1,
        "CoreTileCanBeShallowWater": 0,
        "CoreTileCanBeSnow": 0,
        "CoreTileCanBeTundra": 0,
        "EligibilityMethodNumber": -1,
        "ID": 15,
        "LandBased": 1,
        "MaximumAllowedAdjacentAtoll": 99,
        "MaximumAllowedAdjacentDeepWater": 99,
        "MaximumAllowedAdjacentDesert": 99,
        "MaximumAllowedAdjacentFlatland": 99,
        "MaximumAllowedAdjacentFloodPlains": 99,
        "MaximumAllowedAdjacentForest": 99,
        "MaximumAllowedAdjacentGrass": 0,
        "MaximumAllowedAdjacentHills": 99,
        "MaximumAllowedAdjacentHillsPlusMountains": 99,
        "MaximumAllowedAdjacentIce": 0,
        "MaximumAllowedAdjacentJungle": 99,
        "MaximumAllowedAdjacentMarsh": 0,
        "MaximumAllowedAdjacentMountain": 99,
        "MaximumAllowedAdjacentNoFeature": 99,
        "MaximumAllowedAdjacentOasis": 99,
        "MaximumAllowedAdjacentOcean": 99,
        "MaximumAllowedAdjacentPlains": 99,
        "MaximumAllowedAdjacentShallowWater": 99,
        "MaximumAllowedAdjacentSnow": 0,
        "MaximumAllowedAdjacentTundra": 0,
        "NaturalWonderType": "FEATURE_MT_SINAI",
        "OccurrenceFrequency": 10,
        "RequireBiggestLandmass": 0,
        "RequireFreshWater": 0,
        "RequireLandAdjacentToOcean": 0,
        "RequireLandOnePlotInland": 0,
        "RequireLandTwoOrMorePlotsInland": 0,
        "RequiredNumberOfAdjacentAtoll": 0,
        "RequiredNumberOfAdjacentDeepWater": 0,
        "RequiredNumberOfAdjacentDesert": 3,
        "RequiredNumberOfAdjacentFlatland": 0,
        "RequiredNumberOfAdjacentFloodPlains": 0,
        "RequiredNumberOfAdjacentForest": 0,
        "RequiredNumberOfAdjacentGrass": 0,
        "RequiredNumberOfAdjacentHills": 0,
        "RequiredNumberOfAdjacentHillsPlusMountains": 0,
        "RequiredNumberOfAdjacentIce": 0,
        "RequiredNumberOfAdjacentJungle": 0,
        "RequiredNumberOfAdjacentMarsh": 0,
        "RequiredNumberOfAdjacentMountain": 0,
        "RequiredNumberOfAdjacentNoFeature": 0,
        "RequiredNumberOfAdjacentOasis": 0,
        "RequiredNumberOfAdjacentOcean": 0,
        "RequiredNumberOfAdjacentPlains": 0,
        "RequiredNumberOfAdjacentShallowWater": 0,
        "RequiredNumberOfAdjacentSnow": 0,
        "RequiredNumberOfAdjacentTundra": 0,
        "SetAdjacentTilesToShallowWater": 0,
        "TileChangesMethodNumber": -1
    },
    {
        "AdjacentTilesAvoidAnyland": 0,
        "AdjacentTilesAvoidAtoll": 0,
        "AdjacentTilesAvoidDeepWater": 0,
        "AdjacentTilesAvoidDesert": 1,
        "AdjacentTilesAvoidFlatland": 0,
        "AdjacentTilesAvoidFloodPlains": 0,
        "AdjacentTilesAvoidForest": 0,
        "AdjacentTilesAvoidGrass": 0,
        "AdjacentTilesAvoidHills": 0,
        "AdjacentTilesAvoidHillsPlusMountains": 0,
        "AdjacentTilesAvoidIce": 1,
        "AdjacentTilesAvoidJungle": 0,
        "AdjacentTilesAvoidMarsh": 1,
        "AdjacentTilesAvoidMountain": 0,
        "AdjacentTilesAvoidNoFeature": 0,
        "AdjacentTilesAvoidOasis": 0,
        "AdjacentTilesAvoidOcean": 0,
        "AdjacentTilesAvoidPlains": 0,
        "AdjacentTilesAvoidShallowWater": 0,
        "AdjacentTilesAvoidSnow": 1,
        "AdjacentTilesAvoidTundra": 0,
        "AdjacentTilesCareAboutFeatureTypes": 1,
        "AdjacentTilesCareAboutPlotTypes": 0,
        "AdjacentTilesCareAboutTerrainTypes": 1,
        "AdjacentTilesRequireAtoll": 0,
        "AdjacentTilesRequireDeepWater": 0,
        "AdjacentTilesRequireDesert": 0,
        "AdjacentTilesRequireFlatland": 0,
        "AdjacentTilesRequireFloodPlains": 0,
        "AdjacentTilesRequireForest": 0,
        "AdjacentTilesRequireGrass": 0,
        "AdjacentTilesRequireHills": 0,
        "AdjacentTilesRequireHillsPlusMountains": 1,
        "AdjacentTilesRequireIce": 0,
        "AdjacentTilesRequireJungle": 0,
        "AdjacentTilesRequireMarsh": 0,
        "AdjacentTilesRequireMountain": 0,
        "AdjacentTilesRequireNoFeature": 0,
        "AdjacentTilesRequireOasis": 0,
        "AdjacentTilesRequireOcean": 0,
        "AdjacentTilesRequirePlains": 0,
        "AdjacentTilesRequireShallowWater": 0,
        "AdjacentTilesRequireSnow": 0,
        "AdjacentTilesRequireTundra": 0,
        "AvoidBiggestLandmass": 0,
        "AvoidFreshWater": 1,
        "AvoidLandAdjacentToOcean": 1,
        "AvoidLandOnePlotInland": 0,
        "AvoidLandTwoOrMorePlotsInland": 0,
        "ChangeCoreTileTerrainToGrass": 0,
        "ChangeCoreTileTerrainToPlains": 0,
        "ChangeCoreTileToFlatland": 0,
        "ChangeCoreTileToMountain": 1,
        "CoreTileCanBeAnyFeatureType": 1,
        "CoreTileCanBeAnyPlotType": 1,
        "CoreTileCanBeAnyTerrainType": 0,
        "CoreTileCanBeAtoll": 0,
        "CoreTileCanBeDeepWater": 0,
        "CoreTileCanBeDesert": 0,
        "CoreTileCanBeFlatland": 0,
        "CoreTileCanBeFloodPlains": 0,
        "CoreTileCanBeForest": 0,
        "CoreTileCanBeGrass": 1,
        "CoreTileCanBeHills": 0,
        "CoreTileCanBeIce": 0,
        "CoreTileCanBeJungle": 0,
        "CoreTileCanBeMarsh": 0,
        "CoreTileCanBeMountain": 0,
        "CoreTileCanBeNoFeature": 0,
        "CoreTileCanBeOasis": 0,
        "CoreTileCanBeOcean": 0,
        "CoreTileCanBePlains": 1,
        "CoreTileCanBeShallowWater": 0,
        "CoreTileCanBeSnow": 0,
        "CoreTileCanBeTundra": 0,
        "EligibilityMethodNumber": -1,
        "ID": 16,
        "LandBased": 1,
        "MaximumAllowedAdjacentAtoll": 99,
        "MaximumAllowedAdjacentDeepWater": 99,
        "MaximumAllowedAdjacentDesert": 1,
        "MaximumAllowedAdjacentFlatland": 99,
        "MaximumAllowedAdjacentFloodPlains": 99,
        "MaximumAllowedAdjacentForest": 99,
        "MaximumAllowedAdjacentGrass": 99,
        "MaximumAllowedAdjacentHills": 99,
        "MaximumAllowedAdjacentHillsPlusMountains": 99,
        "MaximumAllowedAdjacentIce": 0,
        "MaximumAllowedAdjacentJungle": 99,
        "MaximumAllowedAdjacentMarsh": 0,
        "MaximumAllowedAdjacentMountain": 99,
        "MaximumAllowedAdjacentNoFeature": 99,
        "MaximumAllowedAdjacentOasis": 99,
        "MaximumAllowedAdjacentOcean": 99,
        "MaximumAllowedAdjacentPlains": 99,
        "MaximumAllowedAdjacentShallowWater": 99,
        "MaximumAllowedAdjacentSnow": 0,
        "MaximumAllowedAdjacentTundra": 99,
        "NaturalWonderType": "FEATURE_MT_KAILASH",
        "OccurrenceFrequency": 10,
        "RequireBiggestLandmass": 0,
        "RequireFreshWater": 0,
        "RequireLandAdjacentToOcean": 0,
        "RequireLandOnePlotInland": 0,
        "RequireLandTwoOrMorePlotsInland": 0,
        "RequiredNumberOfAdjacentAtoll": 0,
        "RequiredNumberOfAdjacentDeepWater": 0,
        "RequiredNumberOfAdjacentDesert": 0,
        "RequiredNumberOfAdjacentFlatland": 0,
        "RequiredNumberOfAdjacentFloodPlains": 0,
        "RequiredNumberOfAdjacentForest": 0,
        "RequiredNumberOfAdjacentGrass": 0,
        "RequiredNumberOfAdjacentHills": 0,
        "RequiredNumberOfAdjacentHillsPlusMountains": 4,
        "RequiredNumberOfAdjacentIce": 0,
        "RequiredNumberOfAdjacentJungle": 0,
        "RequiredNumberOfAdjacentMarsh": 0,
        "RequiredNumberOfAdjacentMountain": 0,
        "RequiredNumberOfAdjacentNoFeature": 0,
        "RequiredNumberOfAdjacentOasis": 0,
        "RequiredNumberOfAdjacentOcean": 0,
        "RequiredNumberOfAdjacentPlains": 0,
        "RequiredNumberOfAdjacentShallowWater": 0,
        "RequiredNumberOfAdjacentSnow": 0,
        "RequiredNumberOfAdjacentTundra": 0,
        "SetAdjacentTilesToShallowWater": 0,
        "TileChangesMethodNumber": -1
    },
    {
        "AdjacentTilesAvoidAnyland": 0,
        "AdjacentTilesAvoidAtoll": 0,
        "AdjacentTilesAvoidDeepWater": 0,
        "AdjacentTilesAvoidDesert": 0,
        "AdjacentTilesAvoidFlatland": 0,
        "AdjacentTilesAvoidFloodPlains": 0,
        "AdjacentTilesAvoidForest": 0,
        "AdjacentTilesAvoidGrass": 1,
        "AdjacentTilesAvoidHills": 0,
        "AdjacentTilesAvoidHillsPlusMountains": 0,
        "AdjacentTilesAvoidIce": 1,
        "AdjacentTilesAvoidJungle": 0,
        "AdjacentTilesAvoidMarsh": 1,
        "AdjacentTilesAvoidMountain": 0,
        "AdjacentTilesAvoidNoFeature": 0,
        "AdjacentTilesAvoidOasis": 0,
        "AdjacentTilesAvoidOcean": 0,
        "AdjacentTilesAvoidPlains": 0,
        "AdjacentTilesAvoidShallowWater": 0,
        "AdjacentTilesAvoidSnow": 1,
        "AdjacentTilesAvoidTundra": 1,
        "AdjacentTilesCareAboutFeatureTypes": 1,
        "AdjacentTilesCareAboutPlotTypes": 0,
        "AdjacentTilesCareAboutTerrainTypes": 1,
        "AdjacentTilesRequireAtoll": 0,
        "AdjacentTilesRequireDeepWater": 0,
        "AdjacentTilesRequireDesert": 0,
        "AdjacentTilesRequireFlatland": 0,
        "AdjacentTilesRequireFloodPlains": 0,
        "AdjacentTilesRequireForest": 0,
        "AdjacentTilesRequireGrass": 0,
        "AdjacentTilesRequireHills": 0,
        "AdjacentTilesRequireHillsPlusMountains": 0,
        "AdjacentTilesRequireIce": 0,
        "AdjacentTilesRequireJungle": 0,
        "AdjacentTilesRequireMarsh": 0,
        "AdjacentTilesRequireMountain": 0,
        "AdjacentTilesRequireNoFeature": 0,
        "AdjacentTilesRequireOasis": 0,
        "AdjacentTilesRequireOcean": 0,
        "AdjacentTilesRequirePlains": 1,
        "AdjacentTilesRequireShallowWater": 0,
        "AdjacentTilesRequireSnow": 0,
        "AdjacentTilesRequireTundra": 0,
        "AvoidBiggestLandmass": 0,
        "AvoidFreshWater": 1,
        "AvoidLandAdjacentToOcean": 1,
        "AvoidLandOnePlotInland": 0,
        "AvoidLandTwoOrMorePlotsInland": 0,
        "ChangeCoreTileTerrainToGrass": 0,
        "ChangeCoreTileTerrainToPlains": 0,
        "ChangeCoreTileToFlatland": 0,
        "ChangeCoreTileToMountain": 1,
        "CoreTileCanBeAnyFeatureType": 1,
        "CoreTileCanBeAnyPlotType": 1,
        "CoreTileCanBeAnyTerrainType": 0,
        "CoreTileCanBeAtoll": 0,
        "CoreTileCanBeDeepWater": 0,
        "CoreTileCanBeDesert": 1,
        "CoreTileCanBeFlatland": 0,
        "CoreTileCanBeFloodPlains": 0,
        "CoreTileCanBeForest": 0,
        "CoreTileCanBeGrass": 0,
        "CoreTileCanBeHills": 0,
        "CoreTileCanBeIce": 0,
        "CoreTileCanBeJungle": 0,
        "CoreTileCanBeMarsh": 0,
        "CoreTileCanBeMountain": 0,
        "CoreTileCanBeNoFeature": 0,
        "CoreTileCanBeOasis": 0,
        "CoreTileCanBeOcean": 0,
        "CoreTileCanBePlains": 1,
        "CoreTileCanBeShallowWater": 0,
        "CoreTileCanBeSnow": 0,
        "CoreTileCanBeTundra": 0,
        "EligibilityMethodNumber": -1,
        "ID": 17,
        "LandBased": 1,
        "MaximumAllowedAdjacentAtoll": 99,
        "MaximumAllowedAdjacentDeepWater": 99,
        "MaximumAllowedAdjacentDesert": 99,
        "MaximumAllowedAdjacentFlatland": 99,
        "MaximumAllowedAdjacentFloodPlains": 99,
        "MaximumAllowedAdjacentForest": 99,
        "MaximumAllowedAdjacentGrass": 0,
        "MaximumAllowedAdjacentHills": 99,
        "MaximumAllowedAdjacentHillsPlusMountains": 99,
        "MaximumAllowedAdjacentIce": 0,
        "MaximumAllowedAdjacentJungle": 99,
        "MaximumAllowedAdjacentMarsh": 0,
        "MaximumAllowedAdjacentMountain": 99,
        "MaximumAllowedAdjacentNoFeature": 99,
        "MaximumAllowedAdjacentOasis": 99,
        "MaximumAllowedAdjacentOcean": 99,
        "MaximumAllowedAdjacentPlains": 99,
        "MaximumAllowedAdjacentShallowWater": 99,
        "MaximumAllowedAdjacentSnow": 0,
        "MaximumAllowedAdjacentTundra": 0,
        "NaturalWonderType": "FEATURE_ULURU",
        "OccurrenceFrequency": 10,
        "RequireBiggestLandmass": 0,
        "RequireFreshWater": 0,
        "RequireLandAdjacentToOcean": 0,
        "RequireLandOnePlotInland": 0,
        "RequireLandTwoOrMorePlotsInland": 0,
        "RequiredNumberOfAdjacentAtoll": 0,
        "RequiredNumberOfAdjacentDeepWater": 0,
        "RequiredNumberOfAdjacentDesert": 0,
        "RequiredNumberOfAdjacentFlatland": 0,
        "RequiredNumberOfAdjacentFloodPlains": 0,
        "RequiredNumberOfAdjacentForest": 0,
        "RequiredNumberOfAdjacentGrass": 0,
        "RequiredNumberOfAdjacentHills": 0,
        "RequiredNumberOfAdjacentHillsPlusMountains": 0,
        "RequiredNumberOfAdjacentIce": 0,
        "RequiredNumberOfAdjacentJungle": 0,
        "RequiredNumberOfAdjacentMarsh": 0,
        "RequiredNumberOfAdjacentMountain": 0,
        "RequiredNumberOfAdjacentNoFeature": 0,
        "RequiredNumberOfAdjacentOasis": 0,
        "RequiredNumberOfAdjacentOcean": 0,
        "RequiredNumberOfAdjacentPlains": 3,
        "RequiredNumberOfAdjacentShallowWater": 0,
        "RequiredNumberOfAdjacentSnow": 0,
        "RequiredNumberOfAdjacentTundra": 0,
        "SetAdjacentTilesToShallowWater": 0,
        "TileChangesMethodNumber": -1
    },
    {
        "AdjacentTilesAvoidAnyland": 0,
        "AdjacentTilesAvoidAtoll": 0,
        "AdjacentTilesAvoidDeepWater": 0,
        "AdjacentTilesAvoidDesert": 0,
        "AdjacentTilesAvoidFlatland": 0,
        "AdjacentTilesAvoidFloodPlains": 0,
        "AdjacentTilesAvoidForest": 0,
        "AdjacentTilesAvoidGrass": 0,
        "AdjacentTilesAvoidHills": 0,
        "AdjacentTilesAvoidHillsPlusMountains": 0,
        "AdjacentTilesAvoidIce": 1,
        "AdjacentTilesAvoidJungle": 0,
        "AdjacentTilesAvoidMarsh": 0,
        "AdjacentTilesAvoidMountain": 0,
        "AdjacentTilesAvoidNoFeature": 0,
        "AdjacentTilesAvoidOasis": 0,
        "AdjacentTilesAvoidOcean": 0,
        "AdjacentTilesAvoidPlains": 0,
        "AdjacentTilesAvoidShallowWater": 0,
        "AdjacentTilesAvoidSnow": 1,
        "AdjacentTilesAvoidTundra": 0,
        "AdjacentTilesCareAboutFeatureTypes": 0,
        "AdjacentTilesCareAboutPlotTypes": 0,
        "AdjacentTilesCareAboutTerrainTypes": 0,
        "AdjacentTilesRequireAtoll": 0,
        "AdjacentTilesRequireDeepWater": 0,
        "AdjacentTilesRequireDesert": 0,
        "AdjacentTilesRequireFlatland": 0,
        "AdjacentTilesRequireFloodPlains": 0,
        "AdjacentTilesRequireForest": 0,
        "AdjacentTilesRequireGrass": 0,
        "AdjacentTilesRequireHills": 0,
        "AdjacentTilesRequireHillsPlusMountains": 0,
        "AdjacentTilesRequireIce": 0,
        "AdjacentTilesRequireJungle": 0,
        "AdjacentTilesRequireMarsh": 0,
        "AdjacentTilesRequireMountain": 0,
        "AdjacentTilesRequireNoFeature": 0,
        "AdjacentTilesRequireOasis": 0,
        "AdjacentTilesRequireOcean": 0,
        "AdjacentTilesRequirePlains": 0,
        "AdjacentTilesRequireShallowWater": 0,
        "AdjacentTilesRequireSnow": 0,
        "AdjacentTilesRequireTundra": 0,
        "AvoidBiggestLandmass": 0,
        "AvoidFreshWater": 1,
        "AvoidLandAdjacentToOcean": 1,
        "AvoidLandOnePlotInland": 0,
        "AvoidLandTwoOrMorePlotsInland": 0,
        "ChangeCoreTileTerrainToGrass": 0,
        "ChangeCoreTileTerrainToPlains": 1,
        "ChangeCoreTileToFlatland": 1,
        "ChangeCoreTileToMountain": 0,
        "CoreTileCanBeAnyFeatureType": 1,
        "CoreTileCanBeAnyPlotType": 1,
        "CoreTileCanBeAnyTerrainType": 1,
        "CoreTileCanBeAtoll": 0,
        "CoreTileCanBeDeepWater": 0,
        "CoreTileCanBeDesert": 0,
        "CoreTileCanBeFlatland": 0,
        "CoreTileCanBeFloodPlains": 0,
        "CoreTileCanBeForest": 0,
        "CoreTileCanBeGrass": 0,
        "CoreTileCanBeHills": 0,
        "CoreTileCanBeIce": 0,
        "CoreTileCanBeJungle": 0,
        "CoreTileCanBeMarsh": 0,
        "CoreTileCanBeMountain": 0,
        "CoreTileCanBeNoFeature": 0,
        "CoreTileCanBeOasis": 0,
        "CoreTileCanBeOcean": 0,
        "CoreTileCanBePlains": 0,
        "CoreTileCanBeShallowWater": 0,
        "CoreTileCanBeSnow": 0,
        "CoreTileCanBeTundra": 0,
        "EligibilityMethodNumber": -1,
        "ID": 18,
        "LandBased": 1,
        "MaximumAllowedAdjacentAtoll": 99,
        "MaximumAllowedAdjacentDeepWater": 99,
        "MaximumAllowedAdjacentDesert": 99,
        "MaximumAllowedAdjacentFlatland": 99,
        "MaximumAllowedAdjacentFloodPlains": 99,
        "MaximumAllowedAdjacentForest": 99,
        "MaximumAllowedAdjacentGrass": 99,
        "MaximumAllowedAdjacentHills": 99,
        "MaximumAllowedAdjacentHillsPlusMountains": 99,
        "MaximumAllowedAdjacentIce": 0,
        "MaximumAllowedAdjacentJungle": 99,
        "MaximumAllowedAdjacentMarsh": 99,
        "MaximumAllowedAdjacentMountain": 99,
        "MaximumAllowedAdjacentNoFeature": 99,
        "MaximumAllowedAdjacentOasis": 99,
        "MaximumAllowedAdjacentOcean": 99,
        "MaximumAllowedAdjacentPlains": 99,
        "MaximumAllowedAdjacentShallowWater": 99,
        "MaximumAllowedAdjacentSnow": 0,
        "MaximumAllowedAdjacentTundra": 99,
        "NaturalWonderType": "FEATURE_LAKE_VICTORIA",
        "OccurrenceFrequency": 10,
        "RequireBiggestLandmass": 0,
        "RequireFreshWater": 0,
        "RequireLandAdjacentToOcean": 0,
        "RequireLandOnePlotInland": 0,
        "RequireLandTwoOrMorePlotsInland": 0,
        "RequiredNumberOfAdjacentAtoll": 0,
        "RequiredNumberOfAdjacentDeepWater": 0,
        "RequiredNumberOfAdjacentDesert": 0,
        "RequiredNumberOfAdjacentFlatland": 0,
        "RequiredNumberOfAdjacentFloodPlains": 0,
        "RequiredNumberOfAdjacentForest": 0,
        "RequiredNumberOfAdjacentGrass": 0,
        "RequiredNumberOfAdjacentHills": 0,
        "RequiredNumberOfAdjacentHillsPlusMountains": 0,
        "RequiredNumberOfAdjacentIce": 0,
        "RequiredNumberOfAdjacentJungle": 0,
        "RequiredNumberOfAdjacentMarsh": 0,
        "RequiredNumberOfAdjacentMountain": 0,
        "RequiredNumberOfAdjacentNoFeature": 0,
        "RequiredNumberOfAdjacentOasis": 0,
        "RequiredNumberOfAdjacentOcean": 0,
        "RequiredNumberOfAdjacentPlains": 0,
        "RequiredNumberOfAdjacentShallowWater": 0,
        "RequiredNumberOfAdjacentSnow": 0,
        "RequiredNumberOfAdjacentTundra": 0,
        "SetAdjacentTilesToShallowWater": 0,
        "TileChangesMethodNumber": -1
    },
    {
        "AdjacentTilesAvoidAnyland": 0,
        "AdjacentTilesAvoidAtoll": 0,
        "AdjacentTilesAvoidDeepWater": 0,
        "AdjacentTilesAvoidDesert": 0,
        "AdjacentTilesAvoidFlatland": 0,
        "AdjacentTilesAvoidFloodPlains": 0,
        "AdjacentTilesAvoidForest": 0,
        "AdjacentTilesAvoidGrass": 0,
        "AdjacentTilesAvoidHills": 0,
        "AdjacentTilesAvoidHillsPlusMountains": 0,
        "AdjacentTilesAvoidIce": 1,
        "AdjacentTilesAvoidJungle": 0,
        "AdjacentTilesAvoidMarsh": 0,
        "AdjacentTilesAvoidMountain": 1,
        "AdjacentTilesAvoidNoFeature": 0,
        "AdjacentTilesAvoidOasis": 0,
        "AdjacentTilesAvoidOcean": 0,
        "AdjacentTilesAvoidPlains": 0,
        "AdjacentTilesAvoidShallowWater": 0,
        "AdjacentTilesAvoidSnow": 1,
        "AdjacentTilesAvoidTundra": 0,
        "AdjacentTilesCareAboutFeatureTypes": 0,
        "AdjacentTilesCareAboutPlotTypes": 1,
        "AdjacentTilesCareAboutTerrainTypes": 0,
        "AdjacentTilesRequireAtoll": 0,
        "AdjacentTilesRequireDeepWater": 0,
        "AdjacentTilesRequireDesert": 0,
        "AdjacentTilesRequireFlatland": 0,
        "AdjacentTilesRequireFloodPlains": 0,
        "AdjacentTilesRequireForest": 0,
        "AdjacentTilesRequireGrass": 0,
        "AdjacentTilesRequireHills": 1,
        "AdjacentTilesRequireHillsPlusMountains": 0,
        "AdjacentTilesRequireIce": 0,
        "AdjacentTilesRequireJungle": 0,
        "AdjacentTilesRequireMarsh": 0,
        "AdjacentTilesRequireMountain": 0,
        "AdjacentTilesRequireNoFeature": 0,
        "AdjacentTilesRequireOasis": 0,
        "AdjacentTilesRequireOcean": 0,
        "AdjacentTilesRequirePlains": 0,
        "AdjacentTilesRequireShallowWater": 0,
        "AdjacentTilesRequireSnow": 0,
        "AdjacentTilesRequireTundra": 0,
        "AvoidBiggestLandmass": 0,
        "AvoidFreshWater": 1,
        "AvoidLandAdjacentToOcean": 1,
        "AvoidLandOnePlotInland": 0,
        "AvoidLandTwoOrMorePlotsInland": 0,
        "ChangeCoreTileTerrainToGrass": 0,
        "ChangeCoreTileTerrainToPlains": 0,
        "ChangeCoreTileToFlatland": 0,
        "ChangeCoreTileToMountain": 1,
        "CoreTileCanBeAnyFeatureType": 1,
        "CoreTileCanBeAnyPlotType": 1,
        "CoreTileCanBeAnyTerrainType": 0,
        "CoreTileCanBeAtoll": 0,
        "CoreTileCanBeDeepWater": 0,
        "CoreTileCanBeDesert": 0,
        "CoreTileCanBeFlatland": 0,
        "CoreTileCanBeFloodPlains": 0,
        "CoreTileCanBeForest": 0,
        "CoreTileCanBeGrass": 1,
        "CoreTileCanBeHills": 0,
        "CoreTileCanBeIce": 0,
        "CoreTileCanBeJungle": 0,
        "CoreTileCanBeMarsh": 0,
        "CoreTileCanBeMountain": 0,
        "CoreTileCanBeNoFeature": 0,
        "CoreTileCanBeOasis": 0,
        "CoreTileCanBeOcean": 0,
        "CoreTileCanBePlains": 1,
        "CoreTileCanBeShallowWater": 0,
        "CoreTileCanBeSnow": 0,
        "CoreTileCanBeTundra": 0,
        "EligibilityMethodNumber": -1,
        "ID": 19,
        "LandBased": 1,
        "MaximumAllowedAdjacentAtoll": 99,
        "MaximumAllowedAdjacentDeepWater": 99,
        "MaximumAllowedAdjacentDesert": 99,
        "MaximumAllowedAdjacentFlatland": 99,
        "MaximumAllowedAdjacentFloodPlains": 99,
        "MaximumAllowedAdjacentForest": 99,
        "MaximumAllowedAdjacentGrass": 99,
        "MaximumAllowedAdjacentHills": 99,
        "MaximumAllowedAdjacentHillsPlusMountains": 99,
        "MaximumAllowedAdjacentIce": 0,
        "MaximumAllowedAdjacentJungle": 99,
        "MaximumAllowedAdjacentMarsh": 99,
        "MaximumAllowedAdjacentMountain": 2,
        "MaximumAllowedAdjacentNoFeature": 99,
        "MaximumAllowedAdjacentOasis": 99,
        "MaximumAllowedAdjacentOcean": 99,
        "MaximumAllowedAdjacentPlains": 99,
        "MaximumAllowedAdjacentShallowWater": 99,
        "MaximumAllowedAdjacentSnow": 0,
        "MaximumAllowedAdjacentTundra": 99,
        "NaturalWonderType": "FEATURE_KILIMANJARO",
        "OccurrenceFrequency": 10,
        "RequireBiggestLandmass": 0,
        "RequireFreshWater": 0,
        "RequireLandAdjacentToOcean": 0,
        "RequireLandOnePlotInland": 0,
        "RequireLandTwoOrMorePlotsInland": 0,
        "RequiredNumberOfAdjacentAtoll": 0,
        "RequiredNumberOfAdjacentDeepWater": 0,
        "RequiredNumberOfAdjacentDesert": 0,
        "RequiredNumberOfAdjacentFlatland": 0,
        "RequiredNumberOfAdjacentFloodPlains": 0,
        "RequiredNumberOfAdjacentForest": 0,
        "RequiredNumberOfAdjacentGrass": 0,
        "RequiredNumberOfAdjacentHills": 2,
        "RequiredNumberOfAdjacentHillsPlusMountains": 0,
        "RequiredNumberOfAdjacentIce": 0,
        "RequiredNumberOfAdjacentJungle": 0,
        "RequiredNumberOfAdjacentMarsh": 0,
        "RequiredNumberOfAdjacentMountain": 0,
        "RequiredNumberOfAdjacentNoFeature": 0,
        "RequiredNumberOfAdjacentOasis": 0,
        "RequiredNumberOfAdjacentOcean": 0,
        "RequiredNumberOfAdjacentPlains": 0,
        "RequiredNumberOfAdjacentShallowWater": 0,
        "RequiredNumberOfAdjacentSnow": 0,
        "RequiredNumberOfAdjacentTundra": 0,
        "SetAdjacentTilesToShallowWater": 0,
        "TileChangesMethodNumber": -1
    },
    {
        "AdjacentTilesAvoidAnyland": 0,
        "AdjacentTilesAvoidAtoll": 0,
        "AdjacentTilesAvoidDeepWater": 0,
        "AdjacentTilesAvoidDesert": 0,
        "AdjacentTilesAvoidFlatland": 0,
        "AdjacentTilesAvoidFloodPlains": 0,
        "AdjacentTilesAvoidForest": 0,
        "AdjacentTilesAvoidGrass": 0,
        "AdjacentTilesAvoidHills": 0,
        "AdjacentTilesAvoidHillsPlusMountains": 0,
        "AdjacentTilesAvoidIce": 1,
        "AdjacentTilesAvoidJungle": 0,
        "AdjacentTilesAvoidMarsh": 0,
        "AdjacentTilesAvoidMountain": 1,
        "AdjacentTilesAvoidNoFeature": 0,
        "AdjacentTilesAvoidOasis": 0,
        "AdjacentTilesAvoidOcean": 0,
        "AdjacentTilesAvoidPlains": 0,
        "AdjacentTilesAvoidShallowWater": 0,
        "AdjacentTilesAvoidSnow": 1,
        "AdjacentTilesAvoidTundra": 0,
        "AdjacentTilesCareAboutFeatureTypes": 0,
        "AdjacentTilesCareAboutPlotTypes": 1,
        "AdjacentTilesCareAboutTerrainTypes": 0,
        "AdjacentTilesRequireAtoll": 0,
        "AdjacentTilesRequireDeepWater": 0,
        "AdjacentTilesRequireDesert": 0,
        "AdjacentTilesRequireFlatland": 0,
        "AdjacentTilesRequireFloodPlains": 0,
        "AdjacentTilesRequireForest": 0,
        "AdjacentTilesRequireGrass": 0,
        "AdjacentTilesRequireHills": 0,
        "AdjacentTilesRequireHillsPlusMountains": 0,
        "AdjacentTilesRequireIce": 0,
        "AdjacentTilesRequireJungle": 0,
        "AdjacentTilesRequireMarsh": 0,
        "AdjacentTilesRequireMountain": 0,
        "AdjacentTilesRequireNoFeature": 0,
        "AdjacentTilesRequireOasis": 0,
        "AdjacentTilesRequireOcean": 0,
        "AdjacentTilesRequirePlains": 0,
        "AdjacentTilesRequireShallowWater": 0,
        "AdjacentTilesRequireSnow": 0,
        "AdjacentTilesRequireTundra": 0,
        "AvoidBiggestLandmass": 0,
        "AvoidFreshWater": 1,
        "AvoidLandAdjacentToOcean": 1,
        "AvoidLandOnePlotInland": 0,
        "AvoidLandTwoOrMorePlotsInland": 0,
        "ChangeCoreTileTerrainToGrass": 0,
        "ChangeCoreTileTerrainToPlains": 1,
        "ChangeCoreTileToFlatland": 1,
        "ChangeCoreTileToMountain": 0,
        "CoreTileCanBeAnyFeatureType": 1,
        "CoreTileCanBeAnyPlotType": 1,
        "CoreTileCanBeAnyTerrainType": 1,
        "CoreTileCanBeAtoll": 0,
        "CoreTileCanBeDeepWater": 0,
        "CoreTileCanBeDesert": 0,
        "CoreTileCanBeFlatland": 0,
        "CoreTileCanBeFloodPlains": 0,
        "CoreTileCanBeForest": 0,
        "CoreTileCanBeGrass": 0,
        "CoreTileCanBeHills": 0,
        "CoreTileCanBeIce": 0,
        "CoreTileCanBeJungle": 0,
        "CoreTileCanBeMarsh": 0,
        "CoreTileCanBeMountain": 0,
        "CoreTileCanBeNoFeature": 0,
        "CoreTileCanBeOasis": 0,
        "CoreTileCanBeOcean": 0,
        "CoreTileCanBePlains": 0,
        "CoreTileCanBeShallowWater": 0,
        "CoreTileCanBeSnow": 0,
        "CoreTileCanBeTundra": 0,
        "EligibilityMethodNumber": -1,
        "ID": 20,
        "LandBased": 1,
        "MaximumAllowedAdjacentAtoll": 99,
        "MaximumAllowedAdjacentDeepWater": 99,
        "MaximumAllowedAdjacentDesert": 99,
        "MaximumAllowedAdjacentFlatland": 99,
        "MaximumAllowedAdjacentFloodPlains": 99,
        "MaximumAllowedAdjacentForest": 99,
        "MaximumAllowedAdjacentGrass": 99,
        "MaximumAllowedAdjacentHills": 99,
        "MaximumAllowedAdjacentHillsPlusMountains": 99,
        "MaximumAllowedAdjacentIce": 0,
        "MaximumAllowedAdjacentJungle": 99,
        "MaximumAllowedAdjacentMarsh": 99,
        "MaximumAllowedAdjacentMountain": 2,
        "MaximumAllowedAdjacentNoFeature": 99,
        "MaximumAllowedAdjacentOasis": 99,
        "MaximumAllowedAdjacentOcean": 99,
        "MaximumAllowedAdjacentPlains": 99,
        "MaximumAllowedAdjacentShallowWater": 99,
        "MaximumAllowedAdjacentSnow": 0,
        "MaximumAllowedAdjacentTundra": 99,
        "NaturalWonderType": "FEATURE_SOLOMONS_MINES",
        "OccurrenceFrequency": 4,
        "RequireBiggestLandmass": 0,
        "RequireFreshWater": 0,
        "RequireLandAdjacentToOcean": 0,
        "RequireLandOnePlotInland": 0,
        "RequireLandTwoOrMorePlotsInland": 0,
        "RequiredNumberOfAdjacentAtoll": 0,
        "RequiredNumberOfAdjacentDeepWater": 0,
        "RequiredNumberOfAdjacentDesert": 0,
        "RequiredNumberOfAdjacentFlatland": 0,
        "RequiredNumberOfAdjacentFloodPlains": 0,
        "RequiredNumberOfAdjacentForest": 0,
        "RequiredNumberOfAdjacentGrass": 0,
        "RequiredNumberOfAdjacentHills": 0,
        "RequiredNumberOfAdjacentHillsPlusMountains": 0,
        "RequiredNumberOfAdjacentIce": 0,
        "RequiredNumberOfAdjacentJungle": 0,
        "RequiredNumberOfAdjacentMarsh": 0,
        "RequiredNumberOfAdjacentMountain": 0,
        "RequiredNumberOfAdjacentNoFeature": 0,
        "RequiredNumberOfAdjacentOasis": 0,
        "RequiredNumberOfAdjacentOcean": 0,
        "RequiredNumberOfAdjacentPlains": 0,
        "RequiredNumberOfAdjacentShallowWater": 0,
        "RequiredNumberOfAdjacentSnow": 0,
        "RequiredNumberOfAdjacentTundra": 0,
        "SetAdjacentTilesToShallowWater": 0,
        "TileChangesMethodNumber": -1
    }
]