[
    {
        "BuildingClassType": "BUILDINGCLASS_HARBOR",
        "Happiness": 1,
        "PolicyType": "POLICY_NAVAL_TRADITION"
    },
    {
        "BuildingClassType": "BUILDINGCLASS_SEAPORT",
        "Happiness": 1,
        "PolicyType": "POLICY_NAVAL_TRADITION"
    },
    {
        "BuildingClassType": "BUILDINGCLASS_LIGHTHOUSE",
        "Happiness": 1,
        "PolicyType": "POLICY_NAVAL_TRADITION"
    },
    {
        "BuildingClassType": "BUILDINGCLASS_MINT",
        "Happiness": 1,
        "PolicyType": "POLICY_CAPITALISM"
    },
    {
        "BuildingClassType": "BUILDINGCLASS_BANK",
        "Happiness": 1,
        "PolicyType": "POLICY_CAPITALISM"
    },
    {
        "BuildingClassType": "BUILDINGCLASS_STOCK_EXCHANGE",
        "Happiness": 1,
        "PolicyType": "POLICY_CAPITALISM"
    },
    {
        "BuildingClassType": "BUILDINGCLASS_WATERMILL",
        "Happiness": 1,
        "PolicyType": "POLICY_URBANIZATION"
    },
    {
        "BuildingClassType": "BUILDINGCLASS_HOSPITAL",
        "Happiness": 1,
        "PolicyType": "POLICY_URBANIZATION"
    },
    {
        "BuildingClassType": "BUILDINGCLASS_MEDICAL_LAB",
        "Happiness": 1,
        "PolicyType": "POLICY_URBANIZATION"
    },
    {
        "BuildingClassType": "BUILDINGCLASS_MONUMENT",
        "Happiness": 2,
        "PolicyType": "POLICY_SOCIALIST_REALISM"
    },
    {
        "BuildingClassType": "BUILDINGCLASS_OBSERVATORY",
        "Happiness": 1,
        "PolicyType": "POLICY_ACADEMY_SCIENCES"
    },
    {
        "BuildingClassType": "BUILDINGCLASS_PUBLIC_SCHOOL",
        "Happiness": 1,
        "PolicyType": "POLICY_ACADEMY_SCIENCES"
    },
    {
        "BuildingClassType": "BUILDINGCLASS_LABORATORY",
        "Happiness": 1,
        "PolicyType": "POLICY_ACADEMY_SCIENCES"
    },
    {
        "BuildingClassType": "BUILDINGCLASS_WORKSHOP",
        "Happiness": 1,
        "PolicyType": "POLICY_YOUNG_PIONEERS"
    },
    {
        "BuildingClassType": "BUILDINGCLASS_FACTORY",
        "Happiness": 1,
        "PolicyType": "POLICY_YOUNG_PIONEERS"
    },
    {
        "BuildingClassType": "BUILDINGCLASS_SOLAR_PLANT",
        "Happiness": 1,
        "PolicyType": "POLICY_YOUNG_PIONEERS"
    },
    {
        "BuildingClassType": "BUILDINGCLASS_NUCLEAR_PLANT",
        "Happiness": 1,
        "PolicyType": "POLICY_YOUNG_PIONEERS"
    },
    {
        "BuildingClassType": "BUILDINGCLASS_HYDRO_PLANT",
        "Happiness": 1,
        "PolicyType": "POLICY_YOUNG_PIONEERS"
    },
    {
        "BuildingClassType": "BUILDINGCLASS_BARRACKS",
        "Happiness": 2,
        "PolicyType": "POLICY_MILITARISM"
    },
    {
        "BuildingClassType": "BUILDINGCLASS_ARMORY",
        "Happiness": 2,
        "PolicyType": "POLICY_MILITARISM"
    },
    {
        "BuildingClassType": "BUILDINGCLASS_MILITARY_ACADEMY",
        "Happiness": 2,
        "PolicyType": "POLICY_MILITARISM"
    },
    {
        "BuildingClassType": "BUILDINGCLASS_CASTLE",
        "Happiness": 1,
        "PolicyType": "POLICY_FORTIFIED_BORDERS"
    },
    {
        "BuildingClassType": "BUILDINGCLASS_ARSENAL",
        "Happiness": 1,
        "PolicyType": "POLICY_FORTIFIED_BORDERS"
    },
    {
        "BuildingClassType": "BUILDINGCLASS_MILITARY_BASE",
        "Happiness": 1,
        "PolicyType": "POLICY_FORTIFIED_BORDERS"
    },
    {
        "BuildingClassType": "BUILDINGCLASS_COURTHOUSE",
        "Happiness": 3,
        "PolicyType": "POLICY_POLICE_STATE"
    },
    {
        "BuildingClassType": "BUILDINGCLASS_PALACE",
        "Happiness": 1,
        "PolicyType": "POLICY_UNIVERSAL_HEALTHCARE_F"
    },
    {
        "BuildingClassType": "BUILDINGCLASS_HEROIC_EPIC",
        "Happiness": 1,
        "PolicyType": "POLICY_UNIVERSAL_HEALTHCARE_F"
    },
    {
        "BuildingClassType": "BUILDINGCLASS_NATIONAL_EPIC",
        "Happiness": 1,
        "PolicyType": "POLICY_UNIVERSAL_HEALTHCARE_F"
    },
    {
        "BuildingClassType": "BUILDINGCLASS_CIRCUS_MAXIMUS",
        "Happiness": 1,
        "PolicyType": "POLICY_UNIVERSAL_HEALTHCARE_F"
    },
    {
        "BuildingClassType": "BUILDINGCLASS_NATIONAL_TREASURY",
        "Happiness": 1,
        "PolicyType": "POLICY_UNIVERSAL_HEALTHCARE_F"
    },
    {
        "BuildingClassType": "BUILDINGCLASS_NATIONAL_COLLEGE",
        "Happiness": 1,
        "PolicyType": "POLICY_UNIVERSAL_HEALTHCARE_F"
    },
    {
        "BuildingClassType": "BUILDINGCLASS_IRONWORKS",
        "Happiness": 1,
        "PolicyType": "POLICY_UNIVERSAL_HEALTHCARE_F"
    },
    {
        "BuildingClassType": "BUILDINGCLASS_OXFORD_UNIVERSITY",
        "Happiness": 1,
        "PolicyType": "POLICY_UNIVERSAL_HEALTHCARE_F"
    },
    {
        "BuildingClassType": "BUILDINGCLASS_HERMITAGE",
        "Happiness": 1,
        "PolicyType": "POLICY_UNIVERSAL_HEALTHCARE_F"
    },
    {
        "BuildingClassType": "BUILDINGCLASS_INTELLIGENCE_AGENCY",
        "Happiness": 1,
        "PolicyType": "POLICY_UNIVERSAL_HEALTHCARE_F"
    },
    {
        "BuildingClassType": "BUILDINGCLASS_GRAND_TEMPLE",
        "Happiness": 1,
        "PolicyType": "POLICY_UNIVERSAL_HEALTHCARE_F"
    },
    {
        "BuildingClassType": "BUILDINGCLASS_TOURIST_CENTER",
        "Happiness": 1,
        "PolicyType": "POLICY_UNIVERSAL_HEALTHCARE_F"
    },
    {
        "BuildingClassType": "BUILDINGCLASS_PALACE",
        "Happiness": 1,
        "PolicyType": "POLICY_UNIVERSAL_HEALTHCARE_O"
    },
    {
        "BuildingClassType": "BUILDINGCLASS_HEROIC_EPIC",
        "Happiness": 1,
        "PolicyType": "POLICY_UNIVERSAL_HEALTHCARE_O"
    },
    {
        "BuildingClassType": "BUILDINGCLASS_NATIONAL_EPIC",
        "Happiness": 1,
        "PolicyType": "POLICY_UNIVERSAL_HEALTHCARE_O"
    },
    {
        "BuildingClassType": "BUILDINGCLASS_CIRCUS_MAXIMUS",
        "Happiness": 1,
        "PolicyType": "POLICY_UNIVERSAL_HEALTHCARE_O"
    },
    {
        "BuildingClassType": "BUILDINGCLASS_NATIONAL_TREASURY",
        "Happiness": 1,
        "PolicyType": "POLICY_UNIVERSAL_HEALTHCARE_O"
    },
    {
        "BuildingClassType": "BUILDINGCLASS_NATIONAL_COLLEGE",
        "Happiness": 1,
        "PolicyType": "POLICY_UNIVERSAL_HEALTHCARE_O"
    },
    {
        "BuildingClassType": "BUILDINGCLASS_IRONWORKS",
        "Happiness": 1,
        "PolicyType": "POLICY_UNIVERSAL_HEALTHCARE_O"
    },
    {
        "BuildingClassType": "BUILDINGCLASS_OXFORD_UNIVERSITY",
        "Happiness": 1,
        "PolicyType": "POLICY_UNIVERSAL_HEALTHCARE_O"
    },
    {
        "BuildingClassType": "BUILDINGCLASS_HERMITAGE",
        "Happiness": 1,
        "PolicyType": "POLICY_UNIVERSAL_HEALTHCARE_O"
    },
    {
        "BuildingClassType": "BUILDINGCLASS_INTELLIGENCE_AGENCY",
        "Happiness": 1,
        "PolicyType": "POLICY_UNIVERSAL_HEALTHCARE_O"
    },
    {
        "BuildingClassType": "BUILDINGCLASS_GRAND_TEMPLE",
        "Happiness": 1,
        "PolicyType": "POLICY_UNIVERSAL_HEALTHCARE_O"
    },
    {
        "BuildingClassType": "BUILDINGCLASS_TOURIST_CENTER",
        "Happiness": 1,
        "PolicyType": "POLICY_UNIVERSAL_HEALTHCARE_O"
    },
    {
        "BuildingClassType": "BUILDINGCLASS_PALACE",
        "Happiness": 1,
        "PolicyType": "POLICY_UNIVERSAL_HEALTHCARE_A"
    },
    {
        "BuildingClassType": "BUILDINGCLASS_HEROIC_EPIC",
        "Happiness": 1,
        "PolicyType": "POLICY_UNIVERSAL_HEALTHCARE_A"
    },
    {
        "BuildingClassType": "BUILDINGCLASS_NATIONAL_EPIC",
        "Happiness": 1,
        "PolicyType": "POLICY_UNIVERSAL_HEALTHCARE_A"
    },
    {
        "BuildingClassType": "BUILDINGCLASS_CIRCUS_MAXIMUS",
        "Happiness": 1,
        "PolicyType": "POLICY_UNIVERSAL_HEALTHCARE_A"
    },
    {
        "BuildingClassType": "BUILDINGCLASS_NATIONAL_TREASURY",
        "Happiness": 1,
        "PolicyType": "POLICY_UNIVERSAL_HEALTHCARE_A"
    },
    {
        "BuildingClassType": "BUILDINGCLASS_NATIONAL_COLLEGE",
        "Happiness": 1,
        "PolicyType": "POLICY_UNIVERSAL_HEALTHCARE_A"
    },
    {
        "BuildingClassType": "BUILDINGCLASS_IRONWORKS",
        "Happiness": 1,
        "PolicyType": "POLICY_UNIVERSAL_HEALTHCARE_A"
    },
    {
        "BuildingClassType": "BUILDINGCLASS_OXFORD_UNIVERSITY",
        "Happiness": 1,
        "PolicyType": "POLICY_UNIVERSAL_HEALTHCARE_A"
    },
    {
        "BuildingClassType": "BUILDINGCLASS_HERMITAGE",
        "Happiness": 1,
        "PolicyType": "POLICY_UNIVERSAL_HEALTHCARE_A"
    },
    {
        "BuildingClassType": "BUILDINGCLASS_INTELLIGENCE_AGENCY",
        "Happiness": 1,
        "PolicyType": "POLICY_UNIVERSAL_HEALTHCARE_A"
    },
    {
        "BuildingClassType": "BUILDINGCLASS_GRAND_TEMPLE",
        "Happiness": 1,
        "PolicyType": "POLICY_UNIVERSAL_HEALTHCARE_A"
    },
    {
        "BuildingClassType": "BUILDINGCLASS_TOURIST_CENTER",
        "Happiness": 1,
        "PolicyType": "POLICY_UNIVERSAL_HEALTHCARE_A"
    }
]