[
    {
        "AIDelayNoCityStates": 0,
        "AIDelayNoCulture": 0,
        "AIDelayNoReligion": 0,
        "AIDelayNoScience": 0,
        "AIMutuallyExclusive": 0,
        "Civilopedia": null,
        "Description": "TXT_KEY_POLICY_BRANCH_TRADITION",
        "EraPrereq": null,
        "FirstAdopterFreePolicies": 0,
        "FreeFinishingPolicy": "POLICY_TRADITION_FINISHER",
        "FreePolicy": "POLICY_TRADITION",
        "Help": "TXT_KEY_POLICY_BRANCH_TRADITION_HELP",
        "ID": 0,
        "LockedWithoutReligion": 0,
        "PurchaseByLevel": 0,
        "SecondAdopterFreePolicies": 0,
        "Strategy": null,
        "Title": "TXT_KEY_TRADITION_TITLE",
        "Type": "POLICY_BRANCH_TRADITION"
    },
    {
        "AIDelayNoCityStates": 0,
        "AIDelayNoCulture": 0,
        "AIDelayNoReligion": 0,
        "AIDelayNoScience": 0,
        "AIMutuallyExclusive": 0,
        "Civilopedia": null,
        "Description": "TXT_KEY_POLICY_BRANCH_LIBERTY",
        "EraPrereq": null,
        "FirstAdopterFreePolicies": 0,
        "FreeFinishingPolicy": "POLICY_LIBERTY_FINISHER",
        "FreePolicy": "POLICY_LIBERTY",
        "Help": "TXT_KEY_POLICY_BRANCH_LIBERTY_HELP",
        "ID": 1,
        "LockedWithoutReligion": 0,
        "PurchaseByLevel": 0,
        "SecondAdopterFreePolicies": 0,
        "Strategy": null,
        "Title": "TXT_KEY_LIBERTY_TITLE",
        "Type": "POLICY_BRANCH_LIBERTY"
    },
    {
        "AIDelayNoCityStates": 0,
        "AIDelayNoCulture": 0,
        "AIDelayNoReligion": 0,
        "AIDelayNoScience": 0,
        "AIMutuallyExclusive": 0,
        "Civilopedia": null,
        "Description": "TXT_KEY_POLICY_BRANCH_HONOR",
        "EraPrereq": null,
        "FirstAdopterFreePolicies": 0,
        "FreeFinishingPolicy": "POLICY_HONOR_FINISHER",
        "FreePolicy": "POLICY_HONOR",
        "Help": "TXT_KEY_POLICY_BRANCH_HONOR_HELP",
        "ID": 2,
        "LockedWithoutReligion": 0,
        "PurchaseByLevel": 0,
        "SecondAdopterFreePolicies": 0,
        "Strategy": null,
        "Title": "TXT_KEY_HONOR_TITLE",
        "Type": "POLICY_BRANCH_HONOR"
    },
    {
        "AIDelayNoCityStates": 0,
        "AIDelayNoCulture": 0,
        "AIDelayNoReligion": 1,
        "AIDelayNoScience": 0,
        "AIMutuallyExclusive": 0,
        "Civilopedia": null,
        "Description": "TXT_KEY_POLICY_BRANCH_PIETY",
        "EraPrereq": null,
        "FirstAdopterFreePolicies": 0,
        "FreeFinishingPolicy": "POLICY_PIETY_FINISHER",
        "FreePolicy": "POLICY_PIETY",
        "Help": "TXT_KEY_POLICY_BRANCH_PIETY_HELP",
        "ID": 3,
        "LockedWithoutReligion": 1,
        "PurchaseByLevel": 0,
        "SecondAdopterFreePolicies": 0,
        "Strategy": null,
        "Title": "TXT_KEY_PIETY_TITLE",
        "Type": "POLICY_BRANCH_PIETY"
    },
    {
        "AIDelayNoCityStates": 1,
        "AIDelayNoCulture": 0,
        "AIDelayNoReligion": 0,
        "AIDelayNoScience": 0,
        "AIMutuallyExclusive": 0,
        "Civilopedia": null,
        "Description": "TXT_KEY_POLICY_BRANCH_PATRONAGE",
        "EraPrereq": "ERA_CLASSICAL",
        "FirstAdopterFreePolicies": 0,
        "FreeFinishingPolicy": "POLICY_PATRONAGE_FINISHER",
        "FreePolicy": "POLICY_PATRONAGE",
        "Help": "TXT_KEY_POLICY_BRANCH_PATRONAGE_HELP",
        "ID": 4,
        "LockedWithoutReligion": 0,
        "PurchaseByLevel": 0,
        "SecondAdopterFreePolicies": 0,
        "Strategy": null,
        "Title": "TXT_KEY_PATRONAGE_TITLE",
        "Type": "POLICY_BRANCH_PATRONAGE"
    },
    {
        "AIDelayNoCityStates": 0,
        "AIDelayNoCulture": 0,
        "AIDelayNoReligion": 0,
        "AIDelayNoScience": 0,
        "AIMutuallyExclusive": 0,
        "Civilopedia": null,
        "Description": "TXT_KEY_POLICY_BRANCH_AESTHETICS",
        "EraPrereq": "ERA_CLASSICAL",
        "FirstAdopterFreePolicies": 0,
        "FreeFinishingPolicy": "POLICY_AESTHETICS_FINISHER",
        "FreePolicy": "POLICY_AESTHETICS",
        "Help": "TXT_KEY_POLICY_BRANCH_AESTHETICS_HELP",
        "ID": 5,
        "LockedWithoutReligion": 0,
        "PurchaseByLevel": 0,
        "SecondAdopterFreePolicies": 0,
        "Strategy": null,
        "Title": "TXT_KEY_AESTHETICS_TITLE",
        "Type": "POLICY_BRANCH_AESTHETICS"
    },
    {
        "AIDelayNoCityStates": 0,
        "AIDelayNoCulture": 0,
        "AIDelayNoReligion": 0,
        "AIDelayNoScience": 0,
        "AIMutuallyExclusive": 0,
        "Civilopedia": null,
        "Description": "TXT_KEY_POLICY_BRANCH_COMMERCE",
        "EraPrereq": "ERA_MEDIEVAL",
        "FirstAdopterFreePolicies": 0,
        "FreeFinishingPolicy": "POLICY_COMMERCE_FINISHER",
        "FreePolicy": "POLICY_COMMERCE",
        "Help": "TXT_KEY_POLICY_BRANCH_COMMERCE_HELP",
        "ID": 6,
        "LockedWithoutReligion": 0,
        "PurchaseByLevel": 0,
        "SecondAdopterFreePolicies": 0,
        "Strategy": null,
        "Title": "TXT_KEY_COMMERCE_TITLE",
        "Type": "POLICY_BRANCH_COMMERCE"
    },
    {
        "AIDelayNoCityStates": 0,
        "AIDelayNoCulture": 0,
        "AIDelayNoReligion": 0,
        "AIDelayNoScience": 0,
        "AIMutuallyExclusive": 0,
        "Civilopedia": null,
        "Description": "TXT_KEY_POLICY_BRANCH_EXPLORATION",
        "EraPrereq": "ERA_MEDIEVAL",
        "FirstAdopterFreePolicies": 0,
        "FreeFinishingPolicy": "POLICY_EXPLORATION_FINISHER",
        "FreePolicy": "POLICY_EXPLORATION",
        "Help": "TXT_KEY_POLICY_BRANCH_EXPLORATION_HELP",
        "ID": 7,
        "LockedWithoutReligion": 0,
        "PurchaseByLevel": 0,
        "SecondAdopterFreePolicies": 0,
        "Strategy": null,
        "Title": "TXT_KEY_EXPLORATION_TITLE",
        "Type": "POLICY_BRANCH_EXPLORATION"
    },
    {
        "AIDelayNoCityStates": 0,
        "AIDelayNoCulture": 0,
        "AIDelayNoReligion": 0,
        "AIDelayNoScience": 1,
        "AIMutuallyExclusive": 0,
        "Civilopedia": null,
        "Description": "TXT_KEY_POLICY_BRANCH_RATIONALISM",
        "EraPrereq": "ERA_RENAISSANCE",
        "FirstAdopterFreePolicies": 0,
        "FreeFinishingPolicy": "POLICY_RATIONALISM_FINISHER",
        "FreePolicy": "POLICY_RATIONALISM",
        "Help": "TXT_KEY_POLICY_BRANCH_RATIONALISM_HELP",
        "ID": 8,
        "LockedWithoutReligion": 0,
        "PurchaseByLevel": 0,
        "SecondAdopterFreePolicies": 0,
        "Strategy": null,
        "Title": "TXT_KEY_RATIONALISM_TITLE",
        "Type": "POLICY_BRANCH_RATIONALISM"
    },
    {
        "AIDelayNoCityStates": 0,
        "AIDelayNoCulture": 0,
        "AIDelayNoReligion": 0,
        "AIDelayNoScience": 1,
        "AIMutuallyExclusive": 0,
        "Civilopedia": null,
        "Description": "TXT_KEY_POLICY_BRANCH_FREEDOM",
        "EraPrereq": "ERA_INDUSTRIAL",
        "FirstAdopterFreePolicies": 2,
        "FreeFinishingPolicy": null,
        "FreePolicy": null,
        "Help": "TXT_KEY_POLICY_BRANCH_FREEDOM_HELP",
        "ID": 9,
        "LockedWithoutReligion": 0,
        "PurchaseByLevel": 1,
        "SecondAdopterFreePolicies": 1,
        "Strategy": null,
        "Title": "TXT_KEY_FREEDOM_TITLE",
        "Type": "POLICY_BRANCH_FREEDOM"
    },
    {
        "AIDelayNoCityStates": 0,
        "AIDelayNoCulture": 0,
        "AIDelayNoReligion": 0,
        "AIDelayNoScience": 1,
        "AIMutuallyExclusive": 0,
        "Civilopedia": null,
        "Description": "TXT_KEY_POLICY_BRANCH_ORDER",
        "EraPrereq": "ERA_INDUSTRIAL",
        "FirstAdopterFreePolicies": 2,
        "FreeFinishingPolicy": null,
        "FreePolicy": null,
        "Help": "TXT_KEY_POLICY_BRANCH_ORDER_HELP",
        "ID": 10,
        "LockedWithoutReligion": 0,
        "PurchaseByLevel": 1,
        "SecondAdopterFreePolicies": 1,
        "Strategy": null,
        "Title": "TXT_KEY_ORDER_TITLE",
        "Type": "POLICY_BRANCH_ORDER"
    },
    {
        "AIDelayNoCityStates": 0,
        "AIDelayNoCulture": 0,
        "AIDelayNoReligion": 0,
        "AIDelayNoScience": 1,
        "AIMutuallyExclusive": 0,
        "Civilopedia": null,
        "Description": "TXT_KEY_POLICY_BRANCH_AUTOCRACY",
        "EraPrereq": "ERA_INDUSTRIAL",
        "FirstAdopterFreePolicies": 2,
        "FreeFinishingPolicy": null,
        "FreePolicy": null,
        "Help": "TXT_KEY_POLICY_BRANCH_AUTOCRACY_HELP",
        "ID": 11,
        "LockedWithoutReligion": 0,
        "PurchaseByLevel": 1,
        "SecondAdopterFreePolicies": 1,
        "Strategy": null,
        "Title": "TXT_KEY_AUTOCRACY_TITLE",
        "Type": "POLICY_BRANCH_AUTOCRACY"
    }
]