[
    {
        "Count": 1,
        "PolicyType": "POLICY_WARRIOR_CODE",
        "UnitClassType": "UNITCLASS_GREAT_GENERAL"
    },
    {
        "Count": 1,
        "PolicyType": "POLICY_PIETY_FINISHER",
        "UnitClassType": "UNITCLASS_PROPHET"
    },
    {
        "Count": 1,
        "PolicyType": "POLICY_ARTISTIC_GENIUS",
        "UnitClassType": "UNITCLASS_ARTIST"
    },
    {
        "Count": 1,
        "PolicyType": "POLICY_NAVIGATION_SCHOOL",
        "UnitClassType": "UNITCLASS_GREAT_ADMIRAL"
    },
    {
        "Count": 1,
        "PolicyType": "POLICY_COLLECTIVE_RULE",
        "UnitClassType": "UNITCLASS_SETTLER"
    },
    {
        "Count": 1,
        "PolicyType": "POLICY_CITIZENSHIP",
        "UnitClassType": "UNITCLASS_WORKER"
    },
    {
        "Count": 6,
        "PolicyType": "POLICY_VOLUNTEER_ARMY",
        "UnitClassType": "UNITCLASS_FOREIGNLEGION"
    },
    {
        "Count": 1,
        "PolicyType": "POLICY_SPACEFLIGHT_PIONEERS",
        "UnitClassType": "UNITCLASS_ENGINEER"
    },
    {
        "Count": 1,
        "PolicyType": "POLICY_SPACEFLIGHT_PIONEERS",
        "UnitClassType": "UNITCLASS_SCIENTIST"
    }
]