[
    {
        "PolicyType": "POLICY_DISCIPLINE",
        "PromotionType": "PROMOTION_ADJACENT_BONUS"
    },
    {
        "PolicyType": "POLICY_EXPLORATION",
        "PromotionType": "PROMOTION_NAVAL_TRADITION"
    },
    {
        "PolicyType": "POLICY_NAVIGATION_SCHOOL",
        "PromotionType": "PROMOTION_FAST_ADMIRAL"
    },
    {
        "PolicyType": "POLICY_PATRIOTIC_WAR",
        "PromotionType": "PROMOTION_NATIONALISM"
    },
    {
        "PolicyType": "POLICY_LIGHTNING_WARFARE",
        "PromotionType": "PROMOTION_FAST_GENERAL"
    },
    {
        "PolicyType": "POLICY_LIGHTNING_WARFARE",
        "PromotionType": "PROMOTION_LIGHTNING_WARFARE"
    }
]