[
    {
        "Flavor": 250,
        "FlavorType": "FLAVOR_SPACESHIP",
        "ProjectType": "PROJECT_APOLLO_PROGRAM"
    },
    {
        "Flavor": 10,
        "FlavorType": "FLAVOR_WONDER",
        "ProjectType": "PROJECT_APOLLO_PROGRAM"
    },
    {
        "Flavor": 25,
        "FlavorType": "FLAVOR_SCIENCE",
        "ProjectType": "PROJECT_APOLLO_PROGRAM"
    },
    {
        "Flavor": 250,
        "FlavorType": "FLAVOR_NUKE",
        "ProjectType": "PROJECT_MANHATTAN_PROJECT"
    },
    {
        "Flavor": 20,
        "FlavorType": "FLAVOR_OFFENSE",
        "ProjectType": "PROJECT_MANHATTAN_PROJECT"
    },
    {
        "Flavor": 20,
        "FlavorType": "FLAVOR_DEFENSE",
        "ProjectType": "PROJECT_MANHATTAN_PROJECT"
    }
]