[
    {
        "AllowsNukes": 1,
        "AnyonePrereqProject": null,
        "Civilopedia": "TXT_KEY_PROJECT_MANHATTAN_PROJECT_PEDIA",
        "Cost": 750,
        "CreateSound": null,
        "CultureBranchesRequired": 0,
        "Description": "TXT_KEY_PROJECT_MANHATTAN_PROJECT",
        "EveryoneSpecialUnit": null,
        "Help": "TXT_KEY_PROJECT_MANHATTAN_PROJECT_HELP",
        "ID": 0,
        "IconAtlas": "BW_ATLAS_2",
        "MaxGlobalInstances": -1,
        "MaxTeamInstances": 1,
        "MovieDefineTag": null,
        "NukeInterception": 0,
        "PortraitIndex": 41,
        "Religious": 0,
        "Requirements": null,
        "Spaceship": 0,
        "Strategy": "TXT_KEY_PROJECT_MANHATTAN_PROJECT_STRATEGY",
        "TechPrereq": "TECH_ATOMIC_THEORY",
        "TechShare": 0,
        "Type": "PROJECT_MANHATTAN_PROJECT",
        "VictoryDelayPercent": 0,
        "VictoryPrereq": null
    },
    {
        "AllowsNukes": 0,
        "AnyonePrereqProject": null,
        "Civilopedia": "TXT_KEY_PROJECT_APOLLO_PROGRAM_PEDIA",
        "Cost": 750,
        "CreateSound": null,
        "CultureBranchesRequired": 0,
        "Description": "TXT_KEY_PROJECT_APOLLO_PROGRAM",
        "EveryoneSpecialUnit": null,
        "Help": "TXT_KEY_PROJECT_APOLLO_PROGRAM_HELP",
        "ID": 1,
        "IconAtlas": "BW_ATLAS_2",
        "MaxGlobalInstances": -1,
        "MaxTeamInstances": 1,
        "MovieDefineTag": null,
        "NukeInterception": 0,
        "PortraitIndex": 33,
        "Religious": 0,
        "Requirements": null,
        "Spaceship": 0,
        "Strategy": "TXT_KEY_PROJECT_APOLLO_PROGRAM_STRATEGY",
        "TechPrereq": "TECH_ROCKETRY",
        "TechShare": 0,
        "Type": "PROJECT_APOLLO_PROGRAM",
        "VictoryDelayPercent": 0,
        "VictoryPrereq": "VICTORY_SPACE_RACE"
    },
    {
        "AllowsNukes": 0,
        "AnyonePrereqProject": null,
        "Civilopedia": "TXT_KEY_PROJECT_SS_COCKPIT_PEDIA",
        "Cost": -1,
        "CreateSound": null,
        "CultureBranchesRequired": 0,
        "Description": "TXT_KEY_SS_COCKPIT",
        "EveryoneSpecialUnit": null,
        "Help": "TXT_KEY_UNIT_HELP_SS_PART",
        "ID": 2,
        "IconAtlas": "BW_ATLAS_2",
        "MaxGlobalInstances": -1,
        "MaxTeamInstances": 1,
        "MovieDefineTag": null,
        "NukeInterception": 0,
        "PortraitIndex": 36,
        "Religious": 0,
        "Requirements": null,
        "Spaceship": 1,
        "Strategy": "TXT_KEY_PROJECT_SS_COCKPIT_STRATEGY",
        "TechPrereq": null,
        "TechShare": 0,
        "Type": "PROJECT_SS_COCKPIT",
        "VictoryDelayPercent": 0,
        "VictoryPrereq": "VICTORY_SPACE_RACE"
    },
    {
        "AllowsNukes": 0,
        "AnyonePrereqProject": null,
        "Civilopedia": "TXT_KEY_PROJECT_SS_STASIS_CHAMBER_PEDIA",
        "Cost": -1,
        "CreateSound": null,
        "CultureBranchesRequired": 0,
        "Description": "TXT_KEY_SS_STASIS_CHAMBER",
        "EveryoneSpecialUnit": null,
        "Help": "TXT_KEY_UNIT_HELP_SS_PART",
        "ID": 3,
        "IconAtlas": "BW_ATLAS_2",
        "MaxGlobalInstances": -1,
        "MaxTeamInstances": 1,
        "MovieDefineTag": null,
        "NukeInterception": 0,
        "PortraitIndex": 38,
        "Religious": 0,
        "Requirements": null,
        "Spaceship": 1,
        "Strategy": "TXT_KEY_PROJECT_SS_STASIS_CHAMBER_STRATEGY",
        "TechPrereq": null,
        "TechShare": 0,
        "Type": "PROJECT_SS_STASIS_CHAMBER",
        "VictoryDelayPercent": 0,
        "VictoryPrereq": "VICTORY_SPACE_RACE"
    },
    {
        "AllowsNukes": 0,
        "AnyonePrereqProject": null,
        "Civilopedia": "TXT_KEY_PROJECT_SS_ENGINE_PEDIA",
        "Cost": -1,
        "CreateSound": null,
        "CultureBranchesRequired": 0,
        "Description": "TXT_KEY_SS_ENGINE",
        "EveryoneSpecialUnit": null,
        "Help": "TXT_KEY_UNIT_HELP_SS_PART",
        "ID": 4,
        "IconAtlas": "BW_ATLAS_2",
        "MaxGlobalInstances": -1,
        "MaxTeamInstances": 1,
        "MovieDefineTag": null,
        "NukeInterception": 0,
        "PortraitIndex": 39,
        "Religious": 0,
        "Requirements": null,
        "Spaceship": 1,
        "Strategy": "TXT_KEY_PROJECT_SS_ENGINE_STRATEGY",
        "TechPrereq": null,
        "TechShare": 0,
        "Type": "PROJECT_SS_ENGINE",
        "VictoryDelayPercent": 0,
        "VictoryPrereq": "VICTORY_SPACE_RACE"
    },
    {
        "AllowsNukes": 0,
        "AnyonePrereqProject": null,
        "Civilopedia": "TXT_KEY_PROJECT_SS_BOOSTER_PEDIA",
        "Cost": -1,
        "CreateSound": null,
        "CultureBranchesRequired": 0,
        "Description": "TXT_KEY_SS_BOOSTER",
        "EveryoneSpecialUnit": null,
        "Help": "TXT_KEY_UNIT_HELP_SS_BOOSTER",
        "ID": 5,
        "IconAtlas": "BW_ATLAS_2",
        "MaxGlobalInstances": -1,
        "MaxTeamInstances": 3,
        "MovieDefineTag": null,
        "NukeInterception": 0,
        "PortraitIndex": 35,
        "Religious": 0,
        "Requirements": null,
        "Spaceship": 1,
        "Strategy": "TXT_KEY_PROJECT_SS_BOOSTER_STRATEGY",
        "TechPrereq": null,
        "TechShare": 0,
        "Type": "PROJECT_SS_BOOSTER",
        "VictoryDelayPercent": 0,
        "VictoryPrereq": "VICTORY_SPACE_RACE"
    }
]