[
    {
        "Description": "TXT_KEY_REGION_UNDEFINED",
        "ID": 0,
        "Type": "REGION_UNDEFINED"
    },
    {
        "Description": "TXT_KEY_REGION_TUNDRA",
        "ID": 1,
        "Type": "REGION_TUNDRA"
    },
    {
        "Description": "TXT_KEY_REGION_JUNGLE",
        "ID": 2,
        "Type": "REGION_JUNGLE"
    },
    {
        "Description": "TXT_KEY_REGION_FOREST",
        "ID": 3,
        "Type": "REGION_FOREST"
    },
    {
        "Description": "TXT_KEY_REGION_DESERT",
        "ID": 4,
        "Type": "REGION_DESERT"
    },
    {
        "Description": "TXT_KEY_REGION_HILLS",
        "ID": 5,
        "Type": "REGION_HILLS"
    },
    {
        "Description": "TXT_KEY_REGION_PLAINS",
        "ID": 6,
        "Type": "REGION_PLAINS"
    },
    {
        "Description": "TXT_KEY_REGION_GRASS",
        "ID": 7,
        "Type": "REGION_GRASS"
    },
    {
        "Description": "TXT_KEY_REGION_HYBRID",
        "ID": 8,
        "Type": "REGION_HYBRID"
    }
]