[
    {
        "ArtsyGreatPersonRateMod": 0,
        "AutomaticProposal": 0,
        "ChangeLeagueHost": 0,
        "CulturePerNaturalWonder": 0,
        "CulturePerWonder": 0,
        "Description": "TXT_KEY_RESOLUTION_DIPLO_VICTORY",
        "DiplomaticVictory": 1,
        "EmbargoCityStates": 0,
        "EmbargoPlayer": 0,
        "GoldPerTurn": 0,
        "GreatPersonTileImprovementCulture": 0,
        "Help": "TXT_KEY_RESOLUTION_DIPLO_VICTORY_HELP",
        "HolyCityTourism": 0,
        "ID": 0,
        "LandmarkCulture": 0,
        "LeadersVoteBonusOnFail": 2,
        "LeagueProjectEnabled": null,
        "MemberDiscoveredTechMod": 0,
        "NoProposalByPlayer": 1,
        "NoResourceHappiness": 0,
        "NoTrainingNuclearWeapons": 0,
        "OneTimeGold": 0,
        "OneTimeGoldPercent": 0,
        "OtherIdeologyRebellionMod": 0,
        "ProposerDecision": "RESOLUTION_DECISION_NONE",
        "QuorumPercent": 0,
        "RaiseCityStateInfluenceToNeutral": 0,
        "ReligionSpreadStrengthMod": 0,
        "ResourceQuantity": 0,
        "ScienceyGreatPersonRateMod": 0,
        "TechPrereqAnyMember": null,
        "Type": "RESOLUTION_DIPLOMATIC_VICTORY",
        "UniqueType": 0,
        "UnitMaintenanceGoldPercent": 0,
        "VoterDecision": "RESOLUTION_DECISION_MAJOR_CIV_MEMBER",
        "VotesForFollowingIdeology": 0,
        "VotesForFollowingReligion": 0
    },
    {
        "ArtsyGreatPersonRateMod": 0,
        "AutomaticProposal": 0,
        "ChangeLeagueHost": 1,
        "CulturePerNaturalWonder": 0,
        "CulturePerWonder": 0,
        "Description": "TXT_KEY_RESOLUTION_CHANGE_LEAGUE_HOST",
        "DiplomaticVictory": 0,
        "EmbargoCityStates": 0,
        "EmbargoPlayer": 0,
        "GoldPerTurn": 0,
        "GreatPersonTileImprovementCulture": 0,
        "Help": "TXT_KEY_RESOLUTION_CHANGE_LEAGUE_HOST_HELP",
        "HolyCityTourism": 0,
        "ID": 1,
        "LandmarkCulture": 0,
        "LeadersVoteBonusOnFail": 0,
        "LeagueProjectEnabled": null,
        "MemberDiscoveredTechMod": 0,
        "NoProposalByPlayer": 1,
        "NoResourceHappiness": 0,
        "NoTrainingNuclearWeapons": 0,
        "OneTimeGold": 0,
        "OneTimeGoldPercent": 0,
        "OtherIdeologyRebellionMod": 0,
        "ProposerDecision": "RESOLUTION_DECISION_NONE",
        "QuorumPercent": 0,
        "RaiseCityStateInfluenceToNeutral": 0,
        "ReligionSpreadStrengthMod": 0,
        "ResourceQuantity": 0,
        "ScienceyGreatPersonRateMod": 0,
        "TechPrereqAnyMember": null,
        "Type": "RESOLUTION_CHANGE_LEAGUE_HOST",
        "UniqueType": 0,
        "UnitMaintenanceGoldPercent": 0,
        "VoterDecision": "RESOLUTION_DECISION_MAJOR_CIV_MEMBER",
        "VotesForFollowingIdeology": 0,
        "VotesForFollowingReligion": 0
    },
    {
        "ArtsyGreatPersonRateMod": 0,
        "AutomaticProposal": 0,
        "ChangeLeagueHost": 0,
        "CulturePerNaturalWonder": 0,
        "CulturePerWonder": 0,
        "Description": "TXT_KEY_RESOLUTION_ALL_CITY_STATES_EMBARGO",
        "DiplomaticVictory": 0,
        "EmbargoCityStates": 1,
        "EmbargoPlayer": 0,
        "GoldPerTurn": 0,
        "GreatPersonTileImprovementCulture": 0,
        "Help": "TXT_KEY_RESOLUTION_ALL_CITY_STATES_EMBARGO_HELP",
        "HolyCityTourism": 0,
        "ID": 2,
        "LandmarkCulture": 0,
        "LeadersVoteBonusOnFail": 0,
        "LeagueProjectEnabled": null,
        "MemberDiscoveredTechMod": 0,
        "NoProposalByPlayer": 0,
        "NoResourceHappiness": 0,
        "NoTrainingNuclearWeapons": 0,
        "OneTimeGold": 0,
        "OneTimeGoldPercent": 0,
        "OtherIdeologyRebellionMod": 0,
        "ProposerDecision": "RESOLUTION_DECISION_NONE",
        "QuorumPercent": 0,
        "RaiseCityStateInfluenceToNeutral": 0,
        "ReligionSpreadStrengthMod": 0,
        "ResourceQuantity": 0,
        "ScienceyGreatPersonRateMod": 0,
        "TechPrereqAnyMember": null,
        "Type": "RESOLUTION_ALL_CITY_STATES_EMBARGO",
        "UniqueType": 0,
        "UnitMaintenanceGoldPercent": 0,
        "VoterDecision": "RESOLUTION_DECISION_YES_OR_NO",
        "VotesForFollowingIdeology": 0,
        "VotesForFollowingReligion": 0
    },
    {
        "ArtsyGreatPersonRateMod": 0,
        "AutomaticProposal": 0,
        "ChangeLeagueHost": 0,
        "CulturePerNaturalWonder": 0,
        "CulturePerWonder": 0,
        "Description": "TXT_KEY_RESOLUTION_PLAYER_EMBARGO",
        "DiplomaticVictory": 0,
        "EmbargoCityStates": 0,
        "EmbargoPlayer": 1,
        "GoldPerTurn": 0,
        "GreatPersonTileImprovementCulture": 0,
        "Help": "TXT_KEY_RESOLUTION_PLAYER_EMBARGO_HELP",
        "HolyCityTourism": 0,
        "ID": 3,
        "LandmarkCulture": 0,
        "LeadersVoteBonusOnFail": 0,
        "LeagueProjectEnabled": null,
        "MemberDiscoveredTechMod": 0,
        "NoProposalByPlayer": 0,
        "NoResourceHappiness": 0,
        "NoTrainingNuclearWeapons": 0,
        "OneTimeGold": 0,
        "OneTimeGoldPercent": 0,
        "OtherIdeologyRebellionMod": 0,
        "ProposerDecision": "RESOLUTION_DECISION_OTHER_MAJOR_CIV_MEMBER",
        "QuorumPercent": 0,
        "RaiseCityStateInfluenceToNeutral": 0,
        "ReligionSpreadStrengthMod": 0,
        "ResourceQuantity": 0,
        "ScienceyGreatPersonRateMod": 0,
        "TechPrereqAnyMember": null,
        "Type": "RESOLUTION_PLAYER_EMBARGO",
        "UniqueType": 0,
        "UnitMaintenanceGoldPercent": 0,
        "VoterDecision": "RESOLUTION_DECISION_YES_OR_NO",
        "VotesForFollowingIdeology": 0,
        "VotesForFollowingReligion": 0
    },
    {
        "ArtsyGreatPersonRateMod": 0,
        "AutomaticProposal": 0,
        "ChangeLeagueHost": 0,
        "CulturePerNaturalWonder": 0,
        "CulturePerWonder": 0,
        "Description": "TXT_KEY_RESOLUTION_BAN_LUXURY_HAPPINESS",
        "DiplomaticVictory": 0,
        "EmbargoCityStates": 0,
        "EmbargoPlayer": 0,
        "GoldPerTurn": 0,
        "GreatPersonTileImprovementCulture": 0,
        "Help": "TXT_KEY_RESOLUTION_BAN_LUXURY_HAPPINESS_HELP",
        "HolyCityTourism": 0,
        "ID": 4,
        "LandmarkCulture": 0,
        "LeadersVoteBonusOnFail": 0,
        "LeagueProjectEnabled": null,
        "MemberDiscoveredTechMod": 0,
        "NoProposalByPlayer": 0,
        "NoResourceHappiness": 1,
        "NoTrainingNuclearWeapons": 0,
        "OneTimeGold": 0,
        "OneTimeGoldPercent": 0,
        "OtherIdeologyRebellionMod": 0,
        "ProposerDecision": "RESOLUTION_DECISION_ANY_LUXURY_RESOURCE",
        "QuorumPercent": 0,
        "RaiseCityStateInfluenceToNeutral": 0,
        "ReligionSpreadStrengthMod": 0,
        "ResourceQuantity": 0,
        "ScienceyGreatPersonRateMod": 0,
        "TechPrereqAnyMember": null,
        "Type": "RESOLUTION_BAN_LUXURY_HAPPINESS",
        "UniqueType": 0,
        "UnitMaintenanceGoldPercent": 0,
        "VoterDecision": "RESOLUTION_DECISION_YES_OR_NO",
        "VotesForFollowingIdeology": 0,
        "VotesForFollowingReligion": 0
    },
    {
        "ArtsyGreatPersonRateMod": 0,
        "AutomaticProposal": 0,
        "ChangeLeagueHost": 0,
        "CulturePerNaturalWonder": 0,
        "CulturePerWonder": 0,
        "Description": "TXT_KEY_RESOLUTION_STANDING_ARMY_TAX",
        "DiplomaticVictory": 0,
        "EmbargoCityStates": 0,
        "EmbargoPlayer": 0,
        "GoldPerTurn": 0,
        "GreatPersonTileImprovementCulture": 0,
        "Help": "TXT_KEY_RESOLUTION_STANDING_ARMY_TAX_HELP",
        "HolyCityTourism": 0,
        "ID": 5,
        "LandmarkCulture": 0,
        "LeadersVoteBonusOnFail": 0,
        "LeagueProjectEnabled": null,
        "MemberDiscoveredTechMod": 0,
        "NoProposalByPlayer": 0,
        "NoResourceHappiness": 0,
        "NoTrainingNuclearWeapons": 0,
        "OneTimeGold": 0,
        "OneTimeGoldPercent": 0,
        "OtherIdeologyRebellionMod": 0,
        "ProposerDecision": "RESOLUTION_DECISION_NONE",
        "QuorumPercent": 0,
        "RaiseCityStateInfluenceToNeutral": 0,
        "ReligionSpreadStrengthMod": 0,
        "ResourceQuantity": 0,
        "ScienceyGreatPersonRateMod": 0,
        "TechPrereqAnyMember": null,
        "Type": "RESOLUTION_STANDING_ARMY_TAX",
        "UniqueType": 0,
        "UnitMaintenanceGoldPercent": 25,
        "VoterDecision": "RESOLUTION_DECISION_YES_OR_NO",
        "VotesForFollowingIdeology": 0,
        "VotesForFollowingReligion": 0
    },
    {
        "ArtsyGreatPersonRateMod": 0,
        "AutomaticProposal": 0,
        "ChangeLeagueHost": 0,
        "CulturePerNaturalWonder": 0,
        "CulturePerWonder": 0,
        "Description": "TXT_KEY_RESOLUTION_MEMBER_DISCOVERED_TECH_DISCOUNT",
        "DiplomaticVictory": 0,
        "EmbargoCityStates": 0,
        "EmbargoPlayer": 0,
        "GoldPerTurn": 0,
        "GreatPersonTileImprovementCulture": 0,
        "Help": "TXT_KEY_RESOLUTION_MEMBER_DISCOVERED_TECH_DISCOUNT_HELP",
        "HolyCityTourism": 0,
        "ID": 6,
        "LandmarkCulture": 0,
        "LeadersVoteBonusOnFail": 0,
        "LeagueProjectEnabled": null,
        "MemberDiscoveredTechMod": 20,
        "NoProposalByPlayer": 0,
        "NoResourceHappiness": 0,
        "NoTrainingNuclearWeapons": 0,
        "OneTimeGold": 0,
        "OneTimeGoldPercent": 0,
        "OtherIdeologyRebellionMod": 0,
        "ProposerDecision": "RESOLUTION_DECISION_NONE",
        "QuorumPercent": 0,
        "RaiseCityStateInfluenceToNeutral": 0,
        "ReligionSpreadStrengthMod": 0,
        "ResourceQuantity": 0,
        "ScienceyGreatPersonRateMod": 0,
        "TechPrereqAnyMember": null,
        "Type": "RESOLUTION_MEMBER_DISCOVERED_TECH_DISCOUNT",
        "UniqueType": 0,
        "UnitMaintenanceGoldPercent": 0,
        "VoterDecision": "RESOLUTION_DECISION_YES_OR_NO",
        "VotesForFollowingIdeology": 0,
        "VotesForFollowingReligion": 0
    },
    {
        "ArtsyGreatPersonRateMod": 0,
        "AutomaticProposal": 0,
        "ChangeLeagueHost": 0,
        "CulturePerNaturalWonder": 0,
        "CulturePerWonder": 0,
        "Description": "TXT_KEY_RESOLUTION_WORLD_FAIR",
        "DiplomaticVictory": 0,
        "EmbargoCityStates": 0,
        "EmbargoPlayer": 0,
        "GoldPerTurn": 0,
        "GreatPersonTileImprovementCulture": 0,
        "Help": "TXT_KEY_RESOLUTION_WORLD_FAIR_HELP",
        "HolyCityTourism": 0,
        "ID": 7,
        "LandmarkCulture": 0,
        "LeadersVoteBonusOnFail": 0,
        "LeagueProjectEnabled": "LEAGUE_PROJECT_WORLD_FAIR",
        "MemberDiscoveredTechMod": 0,
        "NoProposalByPlayer": 0,
        "NoResourceHappiness": 0,
        "NoTrainingNuclearWeapons": 0,
        "OneTimeGold": 0,
        "OneTimeGoldPercent": 0,
        "OtherIdeologyRebellionMod": 0,
        "ProposerDecision": "RESOLUTION_DECISION_NONE",
        "QuorumPercent": 0,
        "RaiseCityStateInfluenceToNeutral": 0,
        "ReligionSpreadStrengthMod": 0,
        "ResourceQuantity": 0,
        "ScienceyGreatPersonRateMod": 0,
        "TechPrereqAnyMember": null,
        "Type": "RESOLUTION_WORLD_FAIR",
        "UniqueType": 0,
        "UnitMaintenanceGoldPercent": 0,
        "VoterDecision": "RESOLUTION_DECISION_YES_OR_NO",
        "VotesForFollowingIdeology": 0,
        "VotesForFollowingReligion": 0
    },
    {
        "ArtsyGreatPersonRateMod": 0,
        "AutomaticProposal": 0,
        "ChangeLeagueHost": 0,
        "CulturePerNaturalWonder": 0,
        "CulturePerWonder": 0,
        "Description": "TXT_KEY_RESOLUTION_WORLD_GAMES",
        "DiplomaticVictory": 0,
        "EmbargoCityStates": 0,
        "EmbargoPlayer": 0,
        "GoldPerTurn": 0,
        "GreatPersonTileImprovementCulture": 0,
        "Help": "TXT_KEY_RESOLUTION_WORLD_GAMES_HELP",
        "HolyCityTourism": 0,
        "ID": 8,
        "LandmarkCulture": 0,
        "LeadersVoteBonusOnFail": 0,
        "LeagueProjectEnabled": "LEAGUE_PROJECT_WORLD_GAMES",
        "MemberDiscoveredTechMod": 0,
        "NoProposalByPlayer": 0,
        "NoResourceHappiness": 0,
        "NoTrainingNuclearWeapons": 0,
        "OneTimeGold": 0,
        "OneTimeGoldPercent": 0,
        "OtherIdeologyRebellionMod": 0,
        "ProposerDecision": "RESOLUTION_DECISION_NONE",
        "QuorumPercent": 0,
        "RaiseCityStateInfluenceToNeutral": 0,
        "ReligionSpreadStrengthMod": 0,
        "ResourceQuantity": 0,
        "ScienceyGreatPersonRateMod": 0,
        "TechPrereqAnyMember": "TECH_RADIO",
        "Type": "RESOLUTION_WORLD_GAMES",
        "UniqueType": 0,
        "UnitMaintenanceGoldPercent": 0,
        "VoterDecision": "RESOLUTION_DECISION_YES_OR_NO",
        "VotesForFollowingIdeology": 0,
        "VotesForFollowingReligion": 0
    },
    {
        "ArtsyGreatPersonRateMod": 0,
        "AutomaticProposal": 0,
        "ChangeLeagueHost": 0,
        "CulturePerNaturalWonder": 0,
        "CulturePerWonder": 0,
        "Description": "TXT_KEY_RESOLUTION_INTERNATIONAL_SPACE_STATION",
        "DiplomaticVictory": 0,
        "EmbargoCityStates": 0,
        "EmbargoPlayer": 0,
        "GoldPerTurn": 0,
        "GreatPersonTileImprovementCulture": 0,
        "Help": "TXT_KEY_RESOLUTION_INTERNATIONAL_SPACE_STATION_HELP",
        "HolyCityTourism": 0,
        "ID": 9,
        "LandmarkCulture": 0,
        "LeadersVoteBonusOnFail": 0,
        "LeagueProjectEnabled": "LEAGUE_PROJECT_INTERNATIONAL_SPACE_STATION",
        "MemberDiscoveredTechMod": 0,
        "NoProposalByPlayer": 0,
        "NoResourceHappiness": 0,
        "NoTrainingNuclearWeapons": 0,
        "OneTimeGold": 0,
        "OneTimeGoldPercent": 0,
        "OtherIdeologyRebellionMod": 0,
        "ProposerDecision": "RESOLUTION_DECISION_NONE",
        "QuorumPercent": 0,
        "RaiseCityStateInfluenceToNeutral": 0,
        "ReligionSpreadStrengthMod": 0,
        "ResourceQuantity": 0,
        "ScienceyGreatPersonRateMod": 0,
        "TechPrereqAnyMember": "TECH_SATELLITES",
        "Type": "RESOLUTION_INTERNATIONAL_SPACE_STATION",
        "UniqueType": 0,
        "UnitMaintenanceGoldPercent": 0,
        "VoterDecision": "RESOLUTION_DECISION_YES_OR_NO",
        "VotesForFollowingIdeology": 0,
        "VotesForFollowingReligion": 0
    },
    {
        "ArtsyGreatPersonRateMod": 0,
        "AutomaticProposal": 0,
        "ChangeLeagueHost": 0,
        "CulturePerNaturalWonder": 0,
        "CulturePerWonder": 3,
        "Description": "TXT_KEY_RESOLUTION_CULTURAL_HERITAGE_SITES",
        "DiplomaticVictory": 0,
        "EmbargoCityStates": 0,
        "EmbargoPlayer": 0,
        "GoldPerTurn": 0,
        "GreatPersonTileImprovementCulture": 0,
        "Help": "TXT_KEY_RESOLUTION_CULTURAL_HERITAGE_SITES_HELP",
        "HolyCityTourism": 0,
        "ID": 10,
        "LandmarkCulture": 0,
        "LeadersVoteBonusOnFail": 0,
        "LeagueProjectEnabled": null,
        "MemberDiscoveredTechMod": 0,
        "NoProposalByPlayer": 0,
        "NoResourceHappiness": 0,
        "NoTrainingNuclearWeapons": 0,
        "OneTimeGold": 0,
        "OneTimeGoldPercent": 0,
        "OtherIdeologyRebellionMod": 0,
        "ProposerDecision": "RESOLUTION_DECISION_NONE",
        "QuorumPercent": 0,
        "RaiseCityStateInfluenceToNeutral": 0,
        "ReligionSpreadStrengthMod": 0,
        "ResourceQuantity": 0,
        "ScienceyGreatPersonRateMod": 0,
        "TechPrereqAnyMember": null,
        "Type": "RESOLUTION_CULTURAL_HERITAGE_SITES",
        "UniqueType": 0,
        "UnitMaintenanceGoldPercent": 0,
        "VoterDecision": "RESOLUTION_DECISION_YES_OR_NO",
        "VotesForFollowingIdeology": 0,
        "VotesForFollowingReligion": 0
    },
    {
        "ArtsyGreatPersonRateMod": 0,
        "AutomaticProposal": 0,
        "ChangeLeagueHost": 0,
        "CulturePerNaturalWonder": 5,
        "CulturePerWonder": 0,
        "Description": "TXT_KEY_RESOLUTION_NATURAL_HERITAGE_SITES",
        "DiplomaticVictory": 0,
        "EmbargoCityStates": 0,
        "EmbargoPlayer": 0,
        "GoldPerTurn": 0,
        "GreatPersonTileImprovementCulture": 0,
        "Help": "TXT_KEY_RESOLUTION_NATURAL_HERITAGE_SITES_HELP",
        "HolyCityTourism": 0,
        "ID": 11,
        "LandmarkCulture": 0,
        "LeadersVoteBonusOnFail": 0,
        "LeagueProjectEnabled": null,
        "MemberDiscoveredTechMod": 0,
        "NoProposalByPlayer": 0,
        "NoResourceHappiness": 0,
        "NoTrainingNuclearWeapons": 0,
        "OneTimeGold": 0,
        "OneTimeGoldPercent": 0,
        "OtherIdeologyRebellionMod": 0,
        "ProposerDecision": "RESOLUTION_DECISION_NONE",
        "QuorumPercent": 0,
        "RaiseCityStateInfluenceToNeutral": 0,
        "ReligionSpreadStrengthMod": 0,
        "ResourceQuantity": 0,
        "ScienceyGreatPersonRateMod": 0,
        "TechPrereqAnyMember": null,
        "Type": "RESOLUTION_NATURAL_HERITAGE_SITES",
        "UniqueType": 0,
        "UnitMaintenanceGoldPercent": 0,
        "VoterDecision": "RESOLUTION_DECISION_YES_OR_NO",
        "VotesForFollowingIdeology": 0,
        "VotesForFollowingReligion": 0
    },
    {
        "ArtsyGreatPersonRateMod": 0,
        "AutomaticProposal": 0,
        "ChangeLeagueHost": 0,
        "CulturePerNaturalWonder": 0,
        "CulturePerWonder": 0,
        "Description": "TXT_KEY_RESOLUTION_NUCLEAR_NON_PROLIFERATION",
        "DiplomaticVictory": 0,
        "EmbargoCityStates": 0,
        "EmbargoPlayer": 0,
        "GoldPerTurn": 0,
        "GreatPersonTileImprovementCulture": 0,
        "Help": "TXT_KEY_RESOLUTION_NUCLEAR_NON_PROLIFERATION_HELP",
        "HolyCityTourism": 0,
        "ID": 12,
        "LandmarkCulture": 0,
        "LeadersVoteBonusOnFail": 0,
        "LeagueProjectEnabled": null,
        "MemberDiscoveredTechMod": 0,
        "NoProposalByPlayer": 0,
        "NoResourceHappiness": 0,
        "NoTrainingNuclearWeapons": 1,
        "OneTimeGold": 0,
        "OneTimeGoldPercent": 0,
        "OtherIdeologyRebellionMod": 0,
        "ProposerDecision": "RESOLUTION_DECISION_NONE",
        "QuorumPercent": 0,
        "RaiseCityStateInfluenceToNeutral": 0,
        "ReligionSpreadStrengthMod": 0,
        "ResourceQuantity": 0,
        "ScienceyGreatPersonRateMod": 0,
        "TechPrereqAnyMember": "TECH_ADVANCED_BALLISTICS",
        "Type": "RESOLUTION_NUCLEAR_NON_PROLIFERATION",
        "UniqueType": 0,
        "UnitMaintenanceGoldPercent": 0,
        "VoterDecision": "RESOLUTION_DECISION_YES_OR_NO",
        "VotesForFollowingIdeology": 0,
        "VotesForFollowingReligion": 0
    },
    {
        "ArtsyGreatPersonRateMod": 0,
        "AutomaticProposal": 0,
        "ChangeLeagueHost": 0,
        "CulturePerNaturalWonder": 0,
        "CulturePerWonder": 0,
        "Description": "TXT_KEY_RESOLUTION_WORLD_RELIGION",
        "DiplomaticVictory": 0,
        "EmbargoCityStates": 0,
        "EmbargoPlayer": 0,
        "GoldPerTurn": 0,
        "GreatPersonTileImprovementCulture": 0,
        "Help": "TXT_KEY_RESOLUTION_WORLD_RELIGION_HELP",
        "HolyCityTourism": 50,
        "ID": 13,
        "LandmarkCulture": 0,
        "LeadersVoteBonusOnFail": 0,
        "LeagueProjectEnabled": null,
        "MemberDiscoveredTechMod": 0,
        "NoProposalByPlayer": 0,
        "NoResourceHappiness": 0,
        "NoTrainingNuclearWeapons": 0,
        "OneTimeGold": 0,
        "OneTimeGoldPercent": 0,
        "OtherIdeologyRebellionMod": 0,
        "ProposerDecision": "RESOLUTION_DECISION_RELIGION",
        "QuorumPercent": 0,
        "RaiseCityStateInfluenceToNeutral": 0,
        "ReligionSpreadStrengthMod": 25,
        "ResourceQuantity": 0,
        "ScienceyGreatPersonRateMod": 0,
        "TechPrereqAnyMember": null,
        "Type": "RESOLUTION_WORLD_RELIGION",
        "UniqueType": 1,
        "UnitMaintenanceGoldPercent": 0,
        "VoterDecision": "RESOLUTION_DECISION_YES_OR_NO",
        "VotesForFollowingIdeology": 0,
        "VotesForFollowingReligion": 2
    },
    {
        "ArtsyGreatPersonRateMod": 0,
        "AutomaticProposal": 0,
        "ChangeLeagueHost": 0,
        "CulturePerNaturalWonder": 0,
        "CulturePerWonder": 0,
        "Description": "TXT_KEY_RESOLUTION_WORLD_IDEOLOGY",
        "DiplomaticVictory": 0,
        "EmbargoCityStates": 0,
        "EmbargoPlayer": 0,
        "GoldPerTurn": 0,
        "GreatPersonTileImprovementCulture": 0,
        "Help": "TXT_KEY_RESOLUTION_WORLD_IDEOLOGY_HELP",
        "HolyCityTourism": 0,
        "ID": 14,
        "LandmarkCulture": 0,
        "LeadersVoteBonusOnFail": 0,
        "LeagueProjectEnabled": null,
        "MemberDiscoveredTechMod": 0,
        "NoProposalByPlayer": 0,
        "NoResourceHappiness": 0,
        "NoTrainingNuclearWeapons": 0,
        "OneTimeGold": 0,
        "OneTimeGoldPercent": 0,
        "OtherIdeologyRebellionMod": 2,
        "ProposerDecision": "RESOLUTION_DECISION_IDEOLOGY",
        "QuorumPercent": 0,
        "RaiseCityStateInfluenceToNeutral": 0,
        "ReligionSpreadStrengthMod": 0,
        "ResourceQuantity": 0,
        "ScienceyGreatPersonRateMod": 0,
        "TechPrereqAnyMember": "TECH_RADIO",
        "Type": "RESOLUTION_WORLD_IDEOLOGY",
        "UniqueType": 1,
        "UnitMaintenanceGoldPercent": 0,
        "VoterDecision": "RESOLUTION_DECISION_YES_OR_NO",
        "VotesForFollowingIdeology": 2,
        "VotesForFollowingReligion": 0
    },
    {
        "ArtsyGreatPersonRateMod": 33,
        "AutomaticProposal": 0,
        "ChangeLeagueHost": 0,
        "CulturePerNaturalWonder": 0,
        "CulturePerWonder": 0,
        "Description": "TXT_KEY_RESOLUTION_ARTS_FUNDING",
        "DiplomaticVictory": 0,
        "EmbargoCityStates": 0,
        "EmbargoPlayer": 0,
        "GoldPerTurn": 0,
        "GreatPersonTileImprovementCulture": 0,
        "Help": "TXT_KEY_RESOLUTION_ARTS_FUNDING_HELP",
        "HolyCityTourism": 0,
        "ID": 15,
        "LandmarkCulture": 0,
        "LeadersVoteBonusOnFail": 0,
        "LeagueProjectEnabled": null,
        "MemberDiscoveredTechMod": 0,
        "NoProposalByPlayer": 0,
        "NoResourceHappiness": 0,
        "NoTrainingNuclearWeapons": 0,
        "OneTimeGold": 0,
        "OneTimeGoldPercent": 0,
        "OtherIdeologyRebellionMod": 0,
        "ProposerDecision": "RESOLUTION_DECISION_NONE",
        "QuorumPercent": 0,
        "RaiseCityStateInfluenceToNeutral": 0,
        "ReligionSpreadStrengthMod": 0,
        "ResourceQuantity": 0,
        "ScienceyGreatPersonRateMod": -33,
        "TechPrereqAnyMember": null,
        "Type": "RESOLUTION_ARTS_FUNDING",
        "UniqueType": 0,
        "UnitMaintenanceGoldPercent": 0,
        "VoterDecision": "RESOLUTION_DECISION_YES_OR_NO",
        "VotesForFollowingIdeology": 0,
        "VotesForFollowingReligion": 0
    },
    {
        "ArtsyGreatPersonRateMod": -33,
        "AutomaticProposal": 0,
        "ChangeLeagueHost": 0,
        "CulturePerNaturalWonder": 0,
        "CulturePerWonder": 0,
        "Description": "TXT_KEY_RESOLUTION_SCIENCES_FUNDING",
        "DiplomaticVictory": 0,
        "EmbargoCityStates": 0,
        "EmbargoPlayer": 0,
        "GoldPerTurn": 0,
        "GreatPersonTileImprovementCulture": 0,
        "Help": "TXT_KEY_RESOLUTION_SCIENCES_FUNDING_HELP",
        "HolyCityTourism": 0,
        "ID": 16,
        "LandmarkCulture": 0,
        "LeadersVoteBonusOnFail": 0,
        "LeagueProjectEnabled": null,
        "MemberDiscoveredTechMod": 0,
        "NoProposalByPlayer": 0,
        "NoResourceHappiness": 0,
        "NoTrainingNuclearWeapons": 0,
        "OneTimeGold": 0,
        "OneTimeGoldPercent": 0,
        "OtherIdeologyRebellionMod": 0,
        "ProposerDecision": "RESOLUTION_DECISION_NONE",
        "QuorumPercent": 0,
        "RaiseCityStateInfluenceToNeutral": 0,
        "ReligionSpreadStrengthMod": 0,
        "ResourceQuantity": 0,
        "ScienceyGreatPersonRateMod": 33,
        "TechPrereqAnyMember": null,
        "Type": "RESOLUTION_SCIENCES_FUNDING",
        "UniqueType": 0,
        "UnitMaintenanceGoldPercent": 0,
        "VoterDecision": "RESOLUTION_DECISION_YES_OR_NO",
        "VotesForFollowingIdeology": 0,
        "VotesForFollowingReligion": 0
    },
    {
        "ArtsyGreatPersonRateMod": 0,
        "AutomaticProposal": 0,
        "ChangeLeagueHost": 0,
        "CulturePerNaturalWonder": 0,
        "CulturePerWonder": 0,
        "Description": "TXT_KEY_RESOLUTION_HISTORICAL_LANDMARKS",
        "DiplomaticVictory": 0,
        "EmbargoCityStates": 0,
        "EmbargoPlayer": 0,
        "GoldPerTurn": 0,
        "GreatPersonTileImprovementCulture": 2,
        "Help": "TXT_KEY_RESOLUTION_HISTORICAL_LANDMARKS_HELP",
        "HolyCityTourism": 0,
        "ID": 17,
        "LandmarkCulture": 4,
        "LeadersVoteBonusOnFail": 0,
        "LeagueProjectEnabled": null,
        "MemberDiscoveredTechMod": 0,
        "NoProposalByPlayer": 0,
        "NoResourceHappiness": 0,
        "NoTrainingNuclearWeapons": 0,
        "OneTimeGold": 0,
        "OneTimeGoldPercent": 0,
        "OtherIdeologyRebellionMod": 0,
        "ProposerDecision": "RESOLUTION_DECISION_NONE",
        "QuorumPercent": 0,
        "RaiseCityStateInfluenceToNeutral": 0,
        "ReligionSpreadStrengthMod": 0,
        "ResourceQuantity": 0,
        "ScienceyGreatPersonRateMod": 0,
        "TechPrereqAnyMember": "TECH_ARCHAEOLOGY",
        "Type": "RESOLUTION_HISTORICAL_LANDMARKS",
        "UniqueType": 0,
        "UnitMaintenanceGoldPercent": 0,
        "VoterDecision": "RESOLUTION_DECISION_YES_OR_NO",
        "VotesForFollowingIdeology": 0,
        "VotesForFollowingReligion": 0
    }
]