[
    {
        "FeatureType": "FEATURE_JUNGLE",
        "ResourceType": "RESOURCE_OIL"
    },
    {
        "FeatureType": "FEATURE_MARSH",
        "ResourceType": "RESOURCE_OIL"
    },
    {
        "FeatureType": "FEATURE_JUNGLE",
        "ResourceType": "RESOURCE_URANIUM"
    },
    {
        "FeatureType": "FEATURE_FOREST",
        "ResourceType": "RESOURCE_URANIUM"
    },
    {
        "FeatureType": "FEATURE_MARSH",
        "ResourceType": "RESOURCE_URANIUM"
    },
    {
        "FeatureType": "FEATURE_FLOOD_PLAINS",
        "ResourceType": "RESOURCE_WHEAT"
    },
    {
        "FeatureType": "FEATURE_FOREST",
        "ResourceType": "RESOURCE_DEER"
    },
    {
        "FeatureType": "FEATURE_JUNGLE",
        "ResourceType": "RESOURCE_BANANA"
    },
    {
        "FeatureType": "FEATURE_JUNGLE",
        "ResourceType": "RESOURCE_GEMS"
    },
    {
        "FeatureType": "FEATURE_FOREST",
        "ResourceType": "RESOURCE_FUR"
    },
    {
        "FeatureType": "FEATURE_JUNGLE",
        "ResourceType": "RESOURCE_DYE"
    },
    {
        "FeatureType": "FEATURE_FOREST",
        "ResourceType": "RESOURCE_DYE"
    },
    {
        "FeatureType": "FEATURE_JUNGLE",
        "ResourceType": "RESOURCE_SPICES"
    },
    {
        "FeatureType": "FEATURE_FOREST",
        "ResourceType": "RESOURCE_SILK"
    },
    {
        "FeatureType": "FEATURE_FLOOD_PLAINS",
        "ResourceType": "RESOURCE_SUGAR"
    },
    {
        "FeatureType": "FEATURE_MARSH",
        "ResourceType": "RESOURCE_SUGAR"
    },
    {
        "FeatureType": "FEATURE_FOREST",
        "ResourceType": "RESOURCE_TRUFFLES"
    },
    {
        "FeatureType": "FEATURE_MARSH",
        "ResourceType": "RESOURCE_TRUFFLES"
    },
    {
        "FeatureType": "FEATURE_JUNGLE",
        "ResourceType": "RESOURCE_TRUFFLES"
    },
    {
        "FeatureType": "FEATURE_JUNGLE",
        "ResourceType": "RESOURCE_COCOA"
    }
]