[
    {
        "AIObjective": 1,
        "AIStopTradingEra": "ERA_POSTMODERN",
        "AITradeModifier": 10,
        "AltArtDefineTag": "ART_DEF_RESOURCE_IRON_MARSH",
        "AltArtDefineTagHeavy": "ART_DEF_RESOURCE_IRON_HEAVY_MARSH",
        "Area": 0,
        "ArtDefineTag": "ART_DEF_RESOURCE_IRON",
        "ArtDefineTagHeavy": "ART_DEF_RESOURCE_IRON_HEAVY",
        "CivilizationType": null,
        "Civilopedia": "TXT_KEY_CIV5_RESOURCE_IRON_TEXT",
        "ConstAppearance": 100,
        "Description": "TXT_KEY_RESOURCE_IRON",
        "Flatlands": 1,
        "GroupRand": 0,
        "GroupRange": 0,
        "Happiness": 0,
        "Help": "TXT_KEY_RESOURCE_IRON_HELP",
        "Hills": 1,
        "ID": 0,
        "IconAtlas": "RESOURCE_ATLAS",
        "IconString": "[ICON_RES_IRON]",
        "MaxLatitude": 90,
        "MinAreaSize": 3,
        "MinLandPercent": 0,
        "MinLatitude": 0,
        "NoRiverSide": 1,
        "Normalize": 0,
        "OnlyMinorCivs": 0,
        "PlacementOrder": 0,
        "Player": 100,
        "PolicyReveal": null,
        "PortraitIndex": 0,
        "PresentOnAllValidPlots": 0,
        "RandApp1": 10,
        "RandApp2": 10,
        "RandApp3": 0,
        "RandApp4": 0,
        "ResourceClassType": "RESOURCECLASS_RUSH",
        "ResourceUsage": 1,
        "StartingResourceQuantity": 0,
        "TechCityTrade": "TECH_BRONZE_WORKING",
        "TechObsolete": null,
        "TechReveal": "TECH_BRONZE_WORKING",
        "TilesPer": 0,
        "Type": "RESOURCE_IRON",
        "Unique": 0,
        "WonderProductionMod": 0,
        "WonderProductionModObsoleteEra": null
    },
    {
        "AIObjective": 1,
        "AIStopTradingEra": "ERA_POSTMODERN",
        "AITradeModifier": 0,
        "AltArtDefineTag": null,
        "AltArtDefineTagHeavy": null,
        "Area": 0,
        "ArtDefineTag": "ART_DEF_RESOURCE_HORSE",
        "ArtDefineTagHeavy": "ART_DEF_RESOURCE_SUPERHORSE",
        "CivilizationType": null,
        "Civilopedia": "TXT_KEY_CIV5_RESOURCE_HORSE_TEXT",
        "ConstAppearance": 100,
        "Description": "TXT_KEY_RESOURCE_HORSES",
        "Flatlands": 1,
        "GroupRand": 0,
        "GroupRange": 0,
        "Happiness": 0,
        "Help": "TXT_KEY_RESOURCE_HORSES_HELP",
        "Hills": 0,
        "ID": 1,
        "IconAtlas": "RESOURCE_ATLAS",
        "IconString": "[ICON_RES_HORSE]",
        "MaxLatitude": 90,
        "MinAreaSize": 3,
        "MinLandPercent": 0,
        "MinLatitude": 0,
        "NoRiverSide": 1,
        "Normalize": 0,
        "OnlyMinorCivs": 0,
        "PlacementOrder": 1,
        "Player": 75,
        "PolicyReveal": null,
        "PortraitIndex": 1,
        "PresentOnAllValidPlots": 0,
        "RandApp1": 10,
        "RandApp2": 10,
        "RandApp3": 0,
        "RandApp4": 0,
        "ResourceClassType": "RESOURCECLASS_RUSH",
        "ResourceUsage": 1,
        "StartingResourceQuantity": 0,
        "TechCityTrade": "TECH_ANIMAL_HUSBANDRY",
        "TechObsolete": null,
        "TechReveal": "TECH_ANIMAL_HUSBANDRY",
        "TilesPer": 0,
        "Type": "RESOURCE_HORSE",
        "Unique": 0,
        "WonderProductionMod": 0,
        "WonderProductionModObsoleteEra": null
    },
    {
        "AIObjective": 1,
        "AIStopTradingEra": null,
        "AITradeModifier": 0,
        "AltArtDefineTag": "ART_DEF_RESOURCE_COAL_MARSH",
        "AltArtDefineTagHeavy": "ART_DEF_RESOURCE_COAL_HEAVY_MARSH",
        "Area": 0,
        "ArtDefineTag": "ART_DEF_RESOURCE_COAL",
        "ArtDefineTagHeavy": "ART_DEF_RESOURCE_COAL_HEAVY",
        "CivilizationType": null,
        "Civilopedia": "TXT_KEY_CIV5_RESOURCE_COAL_TEXT",
        "ConstAppearance": 100,
        "Description": "TXT_KEY_RESOURCE_COAL",
        "Flatlands": 0,
        "GroupRand": 0,
        "GroupRange": 0,
        "Happiness": 0,
        "Help": "TXT_KEY_RESOURCE_COAL_HELP",
        "Hills": 1,
        "ID": 2,
        "IconAtlas": "RESOURCE_ATLAS",
        "IconString": "[ICON_RES_COAL]",
        "MaxLatitude": 90,
        "MinAreaSize": 3,
        "MinLandPercent": 0,
        "MinLatitude": 0,
        "NoRiverSide": 0,
        "Normalize": 0,
        "OnlyMinorCivs": 0,
        "PlacementOrder": 2,
        "Player": 75,
        "PolicyReveal": null,
        "PortraitIndex": 2,
        "PresentOnAllValidPlots": 0,
        "RandApp1": 10,
        "RandApp2": 10,
        "RandApp3": 0,
        "RandApp4": 0,
        "ResourceClassType": "RESOURCECLASS_MODERN",
        "ResourceUsage": 1,
        "StartingResourceQuantity": 0,
        "TechCityTrade": "TECH_INDUSTRIALIZATION",
        "TechObsolete": null,
        "TechReveal": "TECH_INDUSTRIALIZATION",
        "TilesPer": 0,
        "Type": "RESOURCE_COAL",
        "Unique": 0,
        "WonderProductionMod": 0,
        "WonderProductionModObsoleteEra": null
    },
    {
        "AIObjective": 2,
        "AIStopTradingEra": null,
        "AITradeModifier": 20,
        "AltArtDefineTag": "ART_DEF_RESOURCE_OIL_WATER",
        "AltArtDefineTagHeavy": "ART_DEF_RESOURCE_OIL_HEAVY_WATER",
        "Area": 0,
        "ArtDefineTag": "ART_DEF_RESOURCE_OIL",
        "ArtDefineTagHeavy": "ART_DEF_RESOURCE_OIL_HEAVY",
        "CivilizationType": null,
        "Civilopedia": "TXT_KEY_CIV5_RESOURCE_OIL_TEXT",
        "ConstAppearance": 100,
        "Description": "TXT_KEY_RESOURCE_OIL",
        "Flatlands": 1,
        "GroupRand": 0,
        "GroupRange": 0,
        "Happiness": 0,
        "Help": "TXT_KEY_RESOURCE_OIL_HELP",
        "Hills": 0,
        "ID": 3,
        "IconAtlas": "RESOURCE_ATLAS",
        "IconString": "[ICON_RES_OIL]",
        "MaxLatitude": 90,
        "MinAreaSize": 3,
        "MinLandPercent": 50,
        "MinLatitude": 0,
        "NoRiverSide": 1,
        "Normalize": 0,
        "OnlyMinorCivs": 0,
        "PlacementOrder": 1,
        "Player": 100,
        "PolicyReveal": null,
        "PortraitIndex": 3,
        "PresentOnAllValidPlots": 0,
        "RandApp1": 10,
        "RandApp2": 10,
        "RandApp3": 0,
        "RandApp4": 0,
        "ResourceClassType": "RESOURCECLASS_MODERN",
        "ResourceUsage": 1,
        "StartingResourceQuantity": 0,
        "TechCityTrade": "TECH_BIOLOGY",
        "TechObsolete": null,
        "TechReveal": "TECH_BIOLOGY",
        "TilesPer": 0,
        "Type": "RESOURCE_OIL",
        "Unique": 0,
        "WonderProductionMod": 0,
        "WonderProductionModObsoleteEra": null
    },
    {
        "AIObjective": 1,
        "AIStopTradingEra": null,
        "AITradeModifier": 10,
        "AltArtDefineTag": "ART_DEF_RESOURCE_ALUMINUM",
        "AltArtDefineTagHeavy": "ART_DEF_RESOURCE_ALUMINUM_HEAVY",
        "Area": 0,
        "ArtDefineTag": "ART_DEF_RESOURCE_ALUMINUM",
        "ArtDefineTagHeavy": "ART_DEF_RESOURCE_ALUMINUM_HEAVY",
        "CivilizationType": null,
        "Civilopedia": "TXT_KEY_CIV5_RESOURCE_ALUMINUM_TEXT",
        "ConstAppearance": 100,
        "Description": "TXT_KEY_RESOURCE_ALUMINUM",
        "Flatlands": 0,
        "GroupRand": 0,
        "GroupRange": 0,
        "Happiness": 0,
        "Help": "TXT_KEY_RESOURCE_ALUMINUM_HELP",
        "Hills": 1,
        "ID": 4,
        "IconAtlas": "RESOURCE_ATLAS",
        "IconString": "[ICON_RES_ALUMINUM]",
        "MaxLatitude": 90,
        "MinAreaSize": 3,
        "MinLandPercent": 0,
        "MinLatitude": 0,
        "NoRiverSide": 0,
        "Normalize": 0,
        "OnlyMinorCivs": 0,
        "PlacementOrder": 2,
        "Player": 75,
        "PolicyReveal": null,
        "PortraitIndex": 4,
        "PresentOnAllValidPlots": 0,
        "RandApp1": 10,
        "RandApp2": 10,
        "RandApp3": 0,
        "RandApp4": 0,
        "ResourceClassType": "RESOURCECLASS_MODERN",
        "ResourceUsage": 1,
        "StartingResourceQuantity": 0,
        "TechCityTrade": "TECH_ELECTRICITY",
        "TechObsolete": null,
        "TechReveal": "TECH_ELECTRICITY",
        "TilesPer": 0,
        "Type": "RESOURCE_ALUMINUM",
        "Unique": 0,
        "WonderProductionMod": 0,
        "WonderProductionModObsoleteEra": null
    },
    {
        "AIObjective": 1,
        "AIStopTradingEra": null,
        "AITradeModifier": 30,
        "AltArtDefineTag": "ART_DEF_RESOURCE_URANIUM_MARSH",
        "AltArtDefineTagHeavy": "ART_DEF_RESOURCE_URANIUM_HEAVY_MARSH",
        "Area": 0,
        "ArtDefineTag": "ART_DEF_RESOURCE_URANIUM",
        "ArtDefineTagHeavy": "ART_DEF_RESOURCE_URANIUM_HEAVY",
        "CivilizationType": null,
        "Civilopedia": "TXT_KEY_CIV5_RESOURCE_URANIUM_TEXT",
        "ConstAppearance": 100,
        "Description": "TXT_KEY_RESOURCE_URANIUM",
        "Flatlands": 1,
        "GroupRand": 0,
        "GroupRange": 0,
        "Happiness": 0,
        "Help": "TXT_KEY_RESOURCE_URANIUM_HELP",
        "Hills": 1,
        "ID": 5,
        "IconAtlas": "RESOURCE_ATLAS",
        "IconString": "[ICON_RES_URANIUM]",
        "MaxLatitude": 90,
        "MinAreaSize": 3,
        "MinLandPercent": 0,
        "MinLatitude": 0,
        "NoRiverSide": 1,
        "Normalize": 0,
        "OnlyMinorCivs": 0,
        "PlacementOrder": 2,
        "Player": 75,
        "PolicyReveal": null,
        "PortraitIndex": 5,
        "PresentOnAllValidPlots": 0,
        "RandApp1": 10,
        "RandApp2": 10,
        "RandApp3": 0,
        "RandApp4": 0,
        "ResourceClassType": "RESOURCECLASS_MODERN",
        "ResourceUsage": 1,
        "StartingResourceQuantity": 0,
        "TechCityTrade": "TECH_ATOMIC_THEORY",
        "TechObsolete": null,
        "TechReveal": "TECH_ATOMIC_THEORY",
        "TilesPer": 0,
        "Type": "RESOURCE_URANIUM",
        "Unique": 6,
        "WonderProductionMod": 0,
        "WonderProductionModObsoleteEra": null
    },
    {
        "AIObjective": 0,
        "AIStopTradingEra": null,
        "AITradeModifier": 0,
        "AltArtDefineTag": null,
        "AltArtDefineTagHeavy": null,
        "Area": 0,
        "ArtDefineTag": "ART_DEF_RESOURCE_WHEAT",
        "ArtDefineTagHeavy": null,
        "CivilizationType": null,
        "Civilopedia": "TXT_KEY_CIV5_RESOURCE_WHEAT_TEXT",
        "ConstAppearance": 50,
        "Description": "TXT_KEY_RESOURCE_WHEAT",
        "Flatlands": 1,
        "GroupRand": 0,
        "GroupRange": 0,
        "Happiness": 0,
        "Help": null,
        "Hills": 0,
        "ID": 6,
        "IconAtlas": "RESOURCE_ATLAS",
        "IconString": "[ICON_RES_WHEAT]",
        "MaxLatitude": 90,
        "MinAreaSize": 3,
        "MinLandPercent": 0,
        "MinLatitude": 0,
        "NoRiverSide": 0,
        "Normalize": 1,
        "OnlyMinorCivs": 0,
        "PlacementOrder": 4,
        "Player": 0,
        "PolicyReveal": null,
        "PortraitIndex": 6,
        "PresentOnAllValidPlots": 0,
        "RandApp1": 25,
        "RandApp2": 25,
        "RandApp3": 0,
        "RandApp4": 0,
        "ResourceClassType": "RESOURCECLASS_BONUS",
        "ResourceUsage": 0,
        "StartingResourceQuantity": 0,
        "TechCityTrade": null,
        "TechObsolete": null,
        "TechReveal": null,
        "TilesPer": 5,
        "Type": "RESOURCE_WHEAT",
        "Unique": 1,
        "WonderProductionMod": 0,
        "WonderProductionModObsoleteEra": null
    },
    {
        "AIObjective": 0,
        "AIStopTradingEra": null,
        "AITradeModifier": 0,
        "AltArtDefineTag": null,
        "AltArtDefineTagHeavy": null,
        "Area": 0,
        "ArtDefineTag": "ART_DEF_RESOURCE_COW",
        "ArtDefineTagHeavy": null,
        "CivilizationType": null,
        "Civilopedia": "TXT_KEY_CIV5_RESOURCE_COWS_TEXT",
        "ConstAppearance": 50,
        "Description": "TXT_KEY_RESOURCE_CATTLE",
        "Flatlands": 1,
        "GroupRand": 0,
        "GroupRange": 0,
        "Happiness": 0,
        "Help": null,
        "Hills": 0,
        "ID": 7,
        "IconAtlas": "RESOURCE_ATLAS",
        "IconString": "[ICON_RES_COW]",
        "MaxLatitude": 90,
        "MinAreaSize": 3,
        "MinLandPercent": 0,
        "MinLatitude": 0,
        "NoRiverSide": 1,
        "Normalize": 1,
        "OnlyMinorCivs": 0,
        "PlacementOrder": 4,
        "Player": 0,
        "PolicyReveal": null,
        "PortraitIndex": 7,
        "PresentOnAllValidPlots": 0,
        "RandApp1": 25,
        "RandApp2": 25,
        "RandApp3": 0,
        "RandApp4": 0,
        "ResourceClassType": "RESOURCECLASS_BONUS",
        "ResourceUsage": 0,
        "StartingResourceQuantity": 0,
        "TechCityTrade": "TECH_ANIMAL_HUSBANDRY",
        "TechObsolete": null,
        "TechReveal": null,
        "TilesPer": 5,
        "Type": "RESOURCE_COW",
        "Unique": 1,
        "WonderProductionMod": 0,
        "WonderProductionModObsoleteEra": null
    },
    {
        "AIObjective": 0,
        "AIStopTradingEra": null,
        "AITradeModifier": 0,
        "AltArtDefineTag": null,
        "AltArtDefineTagHeavy": null,
        "Area": 0,
        "ArtDefineTag": "ART_DEF_RESOURCE_SHEEP",
        "ArtDefineTagHeavy": null,
        "CivilizationType": null,
        "Civilopedia": "TXT_KEY_CIV5_RESOURCE_SHEEP_TEXT",
        "ConstAppearance": 50,
        "Description": "TXT_KEY_RESOURCE_SHEEP",
        "Flatlands": 0,
        "GroupRand": 0,
        "GroupRange": 0,
        "Happiness": 0,
        "Help": null,
        "Hills": 1,
        "ID": 8,
        "IconAtlas": "RESOURCE_ATLAS",
        "IconString": "[ICON_RES_SHEEP]",
        "MaxLatitude": 90,
        "MinAreaSize": 3,
        "MinLandPercent": 0,
        "MinLatitude": 0,
        "NoRiverSide": 1,
        "Normalize": 1,
        "OnlyMinorCivs": 0,
        "PlacementOrder": 4,
        "Player": 0,
        "PolicyReveal": null,
        "PortraitIndex": 26,
        "PresentOnAllValidPlots": 0,
        "RandApp1": 25,
        "RandApp2": 25,
        "RandApp3": 0,
        "RandApp4": 0,
        "ResourceClassType": "RESOURCECLASS_BONUS",
        "ResourceUsage": 0,
        "StartingResourceQuantity": 0,
        "TechCityTrade": "TECH_ANIMAL_HUSBANDRY",
        "TechObsolete": null,
        "TechReveal": null,
        "TilesPer": 8,
        "Type": "RESOURCE_SHEEP",
        "Unique": 1,
        "WonderProductionMod": 0,
        "WonderProductionModObsoleteEra": null
    },
    {
        "AIObjective": 0,
        "AIStopTradingEra": null,
        "AITradeModifier": 0,
        "AltArtDefineTag": null,
        "AltArtDefineTagHeavy": null,
        "Area": 0,
        "ArtDefineTag": "ART_DEF_RESOURCE_DEER",
        "ArtDefineTagHeavy": null,
        "CivilizationType": null,
        "Civilopedia": "TXT_KEY_CIV5_RESOURCE_DEER_TEXT",
        "ConstAppearance": 50,
        "Description": "TXT_KEY_RESOURCE_DEER",
        "Flatlands": 1,
        "GroupRand": 0,
        "GroupRange": 0,
        "Happiness": 0,
        "Help": null,
        "Hills": 1,
        "ID": 9,
        "IconAtlas": "RESOURCE_ATLAS",
        "IconString": "[ICON_RES_DEER]",
        "MaxLatitude": 90,
        "MinAreaSize": 3,
        "MinLandPercent": 0,
        "MinLatitude": 0,
        "NoRiverSide": 0,
        "Normalize": 1,
        "OnlyMinorCivs": 0,
        "PlacementOrder": 4,
        "Player": 0,
        "PolicyReveal": null,
        "PortraitIndex": 8,
        "PresentOnAllValidPlots": 0,
        "RandApp1": 25,
        "RandApp2": 25,
        "RandApp3": 0,
        "RandApp4": 0,
        "ResourceClassType": "RESOURCECLASS_BONUS",
        "ResourceUsage": 0,
        "StartingResourceQuantity": 0,
        "TechCityTrade": "TECH_TRAPPING",
        "TechObsolete": null,
        "TechReveal": null,
        "TilesPer": 9,
        "Type": "RESOURCE_DEER",
        "Unique": 1,
        "WonderProductionMod": 0,
        "WonderProductionModObsoleteEra": null
    },
    {
        "AIObjective": 0,
        "AIStopTradingEra": null,
        "AITradeModifier": 0,
        "AltArtDefineTag": null,
        "AltArtDefineTagHeavy": null,
        "Area": 0,
        "ArtDefineTag": "ART_DEF_RESOURCE_BANANA",
        "ArtDefineTagHeavy": null,
        "CivilizationType": null,
        "Civilopedia": "TXT_KEY_CIV5_RESOURCE_BANANAS_TEXT",
        "ConstAppearance": 50,
        "Description": "TXT_KEY_RESOURCE_BANANAS",
        "Flatlands": 1,
        "GroupRand": 0,
        "GroupRange": 0,
        "Happiness": 0,
        "Help": null,
        "Hills": 0,
        "ID": 10,
        "IconAtlas": "RESOURCE_ATLAS",
        "IconString": "[ICON_RES_BANANA]",
        "MaxLatitude": 90,
        "MinAreaSize": 3,
        "MinLandPercent": 0,
        "MinLatitude": 0,
        "NoRiverSide": 0,
        "Normalize": 1,
        "OnlyMinorCivs": 0,
        "PlacementOrder": 4,
        "Player": 0,
        "PolicyReveal": null,
        "PortraitIndex": 11,
        "PresentOnAllValidPlots": 0,
        "RandApp1": 25,
        "RandApp2": 25,
        "RandApp3": 0,
        "RandApp4": 0,
        "ResourceClassType": "RESOURCECLASS_BONUS",
        "ResourceUsage": 0,
        "StartingResourceQuantity": 0,
        "TechCityTrade": "TECH_CALENDAR",
        "TechObsolete": null,
        "TechReveal": null,
        "TilesPer": 6,
        "Type": "RESOURCE_BANANA",
        "Unique": 1,
        "WonderProductionMod": 0,
        "WonderProductionModObsoleteEra": null
    },
    {
        "AIObjective": 0,
        "AIStopTradingEra": null,
        "AITradeModifier": 0,
        "AltArtDefineTag": null,
        "AltArtDefineTagHeavy": null,
        "Area": 0,
        "ArtDefineTag": "ART_DEF_RESOURCE_FISH",
        "ArtDefineTagHeavy": null,
        "CivilizationType": null,
        "Civilopedia": "TXT_KEY_CIV5_RESOURCE_FISH_TEXT",
        "ConstAppearance": 50,
        "Description": "TXT_KEY_RESOURCE_FISH",
        "Flatlands": 0,
        "GroupRand": 0,
        "GroupRange": 0,
        "Happiness": 0,
        "Help": null,
        "Hills": 0,
        "ID": 11,
        "IconAtlas": "RESOURCE_ATLAS",
        "IconString": "[ICON_RES_FISH]",
        "MaxLatitude": 90,
        "MinAreaSize": 10,
        "MinLandPercent": 0,
        "MinLatitude": 0,
        "NoRiverSide": 0,
        "Normalize": 1,
        "OnlyMinorCivs": 0,
        "PlacementOrder": 4,
        "Player": 0,
        "PolicyReveal": null,
        "PortraitIndex": 9,
        "PresentOnAllValidPlots": 0,
        "RandApp1": 25,
        "RandApp2": 25,
        "RandApp3": 0,
        "RandApp4": 0,
        "ResourceClassType": "RESOURCECLASS_BONUS",
        "ResourceUsage": 0,
        "StartingResourceQuantity": 0,
        "TechCityTrade": "TECH_SAILING",
        "TechObsolete": null,
        "TechReveal": null,
        "TilesPer": 12,
        "Type": "RESOURCE_FISH",
        "Unique": 2,
        "WonderProductionMod": 0,
        "WonderProductionModObsoleteEra": null
    },
    {
        "AIObjective": 0,
        "AIStopTradingEra": null,
        "AITradeModifier": 0,
        "AltArtDefineTag": null,
        "AltArtDefineTagHeavy": null,
        "Area": 0,
        "ArtDefineTag": "ART_DEF_RESOURCE_STONE",
        "ArtDefineTagHeavy": null,
        "CivilizationType": null,
        "Civilopedia": "TXT_KEY_CIV5_RESOURCE_STONE_TEXT",
        "ConstAppearance": 50,
        "Description": "TXT_KEY_RESOURCE_STONE",
        "Flatlands": 0,
        "GroupRand": 0,
        "GroupRange": 0,
        "Happiness": 0,
        "Help": null,
        "Hills": 1,
        "ID": 12,
        "IconAtlas": "EXTENDED_RESOURCE_ATLAS",
        "IconString": "[ICON_RES_STONE]",
        "MaxLatitude": 90,
        "MinAreaSize": 3,
        "MinLandPercent": 0,
        "MinLatitude": 0,
        "NoRiverSide": 1,
        "Normalize": 0,
        "OnlyMinorCivs": 0,
        "PlacementOrder": 3,
        "Player": 67,
        "PolicyReveal": null,
        "PortraitIndex": 0,
        "PresentOnAllValidPlots": 0,
        "RandApp1": 25,
        "RandApp2": 25,
        "RandApp3": 0,
        "RandApp4": 0,
        "ResourceClassType": "RESOURCECLASS_BONUS",
        "ResourceUsage": 0,
        "StartingResourceQuantity": 0,
        "TechCityTrade": "TECH_MASONRY",
        "TechObsolete": null,
        "TechReveal": null,
        "TilesPer": 0,
        "Type": "RESOURCE_STONE",
        "Unique": 3,
        "WonderProductionMod": 0,
        "WonderProductionModObsoleteEra": null
    },
    {
        "AIObjective": 0,
        "AIStopTradingEra": null,
        "AITradeModifier": 0,
        "AltArtDefineTag": null,
        "AltArtDefineTagHeavy": null,
        "Area": 0,
        "ArtDefineTag": "ART_DEF_RESOURCE_WHALE",
        "ArtDefineTagHeavy": null,
        "CivilizationType": null,
        "Civilopedia": "TXT_KEY_CIV5_RESOURCE_WHALES_TEXT",
        "ConstAppearance": 50,
        "Description": "TXT_KEY_RESOURCE_WHALES",
        "Flatlands": 0,
        "GroupRand": 0,
        "GroupRange": 0,
        "Happiness": 4,
        "Help": null,
        "Hills": 0,
        "ID": 13,
        "IconAtlas": "RESOURCE_ATLAS",
        "IconString": "[ICON_RES_WHALE]",
        "MaxLatitude": 90,
        "MinAreaSize": 10,
        "MinLandPercent": 0,
        "MinLatitude": 0,
        "NoRiverSide": 0,
        "Normalize": 0,
        "OnlyMinorCivs": 0,
        "PlacementOrder": 4,
        "Player": 67,
        "PolicyReveal": null,
        "PortraitIndex": 10,
        "PresentOnAllValidPlots": 0,
        "RandApp1": 25,
        "RandApp2": 25,
        "RandApp3": 0,
        "RandApp4": 0,
        "ResourceClassType": "RESOURCECLASS_LUXURY",
        "ResourceUsage": 2,
        "StartingResourceQuantity": 0,
        "TechCityTrade": "TECH_SAILING",
        "TechObsolete": null,
        "TechReveal": null,
        "TilesPer": 0,
        "Type": "RESOURCE_WHALE",
        "Unique": 3,
        "WonderProductionMod": 0,
        "WonderProductionModObsoleteEra": null
    },
    {
        "AIObjective": 0,
        "AIStopTradingEra": null,
        "AITradeModifier": 0,
        "AltArtDefineTag": null,
        "AltArtDefineTagHeavy": null,
        "Area": 0,
        "ArtDefineTag": "ART_DEF_RESOURCE_PEARLS",
        "ArtDefineTagHeavy": null,
        "CivilizationType": null,
        "Civilopedia": "TXT_KEY_CIV5_RESOURCE_PEARLS_TEXT",
        "ConstAppearance": 50,
        "Description": "TXT_KEY_RESOURCE_PEARLS",
        "Flatlands": 0,
        "GroupRand": 15,
        "GroupRange": 2,
        "Happiness": 4,
        "Help": null,
        "Hills": 0,
        "ID": 14,
        "IconAtlas": "RESOURCE_ATLAS",
        "IconString": "[ICON_RES_PEARLS]",
        "MaxLatitude": 90,
        "MinAreaSize": 10,
        "MinLandPercent": 0,
        "MinLatitude": 0,
        "NoRiverSide": 0,
        "Normalize": 0,
        "OnlyMinorCivs": 0,
        "PlacementOrder": 4,
        "Player": 67,
        "PolicyReveal": null,
        "PortraitIndex": 21,
        "PresentOnAllValidPlots": 0,
        "RandApp1": 25,
        "RandApp2": 25,
        "RandApp3": 0,
        "RandApp4": 0,
        "ResourceClassType": "RESOURCECLASS_LUXURY",
        "ResourceUsage": 2,
        "StartingResourceQuantity": 0,
        "TechCityTrade": "TECH_SAILING",
        "TechObsolete": null,
        "TechReveal": null,
        "TilesPer": 0,
        "Type": "RESOURCE_PEARLS",
        "Unique": 0,
        "WonderProductionMod": 0,
        "WonderProductionModObsoleteEra": null
    },
    {
        "AIObjective": 3,
        "AIStopTradingEra": null,
        "AITradeModifier": 0,
        "AltArtDefineTag": "ART_DEF_RESOURCE_GOLD",
        "AltArtDefineTagHeavy": null,
        "Area": 0,
        "ArtDefineTag": "ART_DEF_RESOURCE_GOLD",
        "ArtDefineTagHeavy": null,
        "CivilizationType": null,
        "Civilopedia": "TXT_KEY_CIV5_RESOURCE_GOLD_TEXT",
        "ConstAppearance": 50,
        "Description": "TXT_KEY_RESOURCE_GOLD",
        "Flatlands": 0,
        "GroupRand": 0,
        "GroupRange": 0,
        "Happiness": 4,
        "Help": null,
        "Hills": 1,
        "ID": 15,
        "IconAtlas": "RESOURCE_ATLAS",
        "IconString": "[ICON_RES_GOLD]",
        "MaxLatitude": 90,
        "MinAreaSize": 3,
        "MinLandPercent": 0,
        "MinLatitude": 0,
        "NoRiverSide": 0,
        "Normalize": 0,
        "OnlyMinorCivs": 0,
        "PlacementOrder": 4,
        "Player": 67,
        "PolicyReveal": null,
        "PortraitIndex": 12,
        "PresentOnAllValidPlots": 0,
        "RandApp1": 25,
        "RandApp2": 25,
        "RandApp3": 0,
        "RandApp4": 0,
        "ResourceClassType": "RESOURCECLASS_LUXURY",
        "ResourceUsage": 2,
        "StartingResourceQuantity": 0,
        "TechCityTrade": "TECH_MINING",
        "TechObsolete": null,
        "TechReveal": null,
        "TilesPer": 0,
        "Type": "RESOURCE_GOLD",
        "Unique": 3,
        "WonderProductionMod": 0,
        "WonderProductionModObsoleteEra": null
    },
    {
        "AIObjective": 3,
        "AIStopTradingEra": null,
        "AITradeModifier": 0,
        "AltArtDefineTag": null,
        "AltArtDefineTagHeavy": null,
        "Area": 0,
        "ArtDefineTag": "ART_DEF_RESOURCE_SILVER",
        "ArtDefineTagHeavy": null,
        "CivilizationType": null,
        "Civilopedia": "TXT_KEY_CIV5_RESOURCE_SILVER_TEXT",
        "ConstAppearance": 50,
        "Description": "TXT_KEY_RESOURCE_SILVER",
        "Flatlands": 0,
        "GroupRand": 15,
        "GroupRange": 3,
        "Happiness": 4,
        "Help": null,
        "Hills": 1,
        "ID": 16,
        "IconAtlas": "RESOURCE_ATLAS",
        "IconString": "[ICON_RES_SILVER]",
        "MaxLatitude": 90,
        "MinAreaSize": 3,
        "MinLandPercent": 0,
        "MinLatitude": 0,
        "NoRiverSide": 0,
        "Normalize": 0,
        "OnlyMinorCivs": 0,
        "PlacementOrder": 4,
        "Player": 67,
        "PolicyReveal": null,
        "PortraitIndex": 24,
        "PresentOnAllValidPlots": 0,
        "RandApp1": 25,
        "RandApp2": 25,
        "RandApp3": 0,
        "RandApp4": 0,
        "ResourceClassType": "RESOURCECLASS_LUXURY",
        "ResourceUsage": 2,
        "StartingResourceQuantity": 0,
        "TechCityTrade": "TECH_MINING",
        "TechObsolete": null,
        "TechReveal": null,
        "TilesPer": 0,
        "Type": "RESOURCE_SILVER",
        "Unique": 0,
        "WonderProductionMod": 0,
        "WonderProductionModObsoleteEra": null
    },
    {
        "AIObjective": 0,
        "AIStopTradingEra": null,
        "AITradeModifier": 0,
        "AltArtDefineTag": "ART_DEF_RESOURCE_GEMS",
        "AltArtDefineTagHeavy": null,
        "Area": 0,
        "ArtDefineTag": "ART_DEF_RESOURCE_GEMS",
        "ArtDefineTagHeavy": null,
        "CivilizationType": null,
        "Civilopedia": "TXT_KEY_CIV5_RESOURCE_GEMS_TEXT",
        "ConstAppearance": 50,
        "Description": "TXT_KEY_RESOURCE_GEMS",
        "Flatlands": 0,
        "GroupRand": 0,
        "GroupRange": 0,
        "Happiness": 4,
        "Help": null,
        "Hills": 1,
        "ID": 17,
        "IconAtlas": "RESOURCE_ATLAS",
        "IconString": "[ICON_RES_GEMS]",
        "MaxLatitude": 90,
        "MinAreaSize": 3,
        "MinLandPercent": 0,
        "MinLatitude": 0,
        "NoRiverSide": 0,
        "Normalize": 0,
        "OnlyMinorCivs": 0,
        "PlacementOrder": 4,
        "Player": 67,
        "PolicyReveal": null,
        "PortraitIndex": 13,
        "PresentOnAllValidPlots": 0,
        "RandApp1": 25,
        "RandApp2": 25,
        "RandApp3": 0,
        "RandApp4": 0,
        "ResourceClassType": "RESOURCECLASS_LUXURY",
        "ResourceUsage": 2,
        "StartingResourceQuantity": 0,
        "TechCityTrade": "TECH_MINING",
        "TechObsolete": null,
        "TechReveal": null,
        "TilesPer": 0,
        "Type": "RESOURCE_GEMS",
        "Unique": 4,
        "WonderProductionMod": 0,
        "WonderProductionModObsoleteEra": null
    },
    {
        "AIObjective": 0,
        "AIStopTradingEra": null,
        "AITradeModifier": 0,
        "AltArtDefineTag": "ART_DEF_RESOURCE_MARBLE",
        "AltArtDefineTagHeavy": null,
        "Area": 0,
        "ArtDefineTag": "ART_DEF_RESOURCE_MARBLE",
        "ArtDefineTagHeavy": null,
        "CivilizationType": null,
        "Civilopedia": "TXT_KEY_CIV5_RESOURCE_MARBLE_TEXT",
        "ConstAppearance": 50,
        "Description": "TXT_KEY_RESOURCE_MARBLE",
        "Flatlands": 0,
        "GroupRand": 0,
        "GroupRange": 0,
        "Happiness": 4,
        "Help": null,
        "Hills": 1,
        "ID": 18,
        "IconAtlas": "RESOURCE_ATLAS",
        "IconString": "[ICON_RES_MARBLE]",
        "MaxLatitude": 90,
        "MinAreaSize": 3,
        "MinLandPercent": 0,
        "MinLatitude": 0,
        "NoRiverSide": 1,
        "Normalize": 0,
        "OnlyMinorCivs": 0,
        "PlacementOrder": 3,
        "Player": 67,
        "PolicyReveal": null,
        "PortraitIndex": 14,
        "PresentOnAllValidPlots": 0,
        "RandApp1": 25,
        "RandApp2": 25,
        "RandApp3": 0,
        "RandApp4": 0,
        "ResourceClassType": "RESOURCECLASS_LUXURY",
        "ResourceUsage": 2,
        "StartingResourceQuantity": 0,
        "TechCityTrade": "TECH_MASONRY",
        "TechObsolete": null,
        "TechReveal": null,
        "TilesPer": 0,
        "Type": "RESOURCE_MARBLE",
        "Unique": 3,
        "WonderProductionMod": 15,
        "WonderProductionModObsoleteEra": "ERA_MEDIEVAL"
    },
    {
        "AIObjective": 0,
        "AIStopTradingEra": null,
        "AITradeModifier": 0,
        "AltArtDefineTag": null,
        "AltArtDefineTagHeavy": null,
        "Area": 0,
        "ArtDefineTag": "ART_DEF_RESOURCE_IVORY",
        "ArtDefineTagHeavy": null,
        "CivilizationType": null,
        "Civilopedia": "TXT_KEY_CIV5_RESOURCE_IVORY_TEXT",
        "ConstAppearance": 50,
        "Description": "TXT_KEY_RESOURCE_IVORY",
        "Flatlands": 1,
        "GroupRand": 15,
        "GroupRange": 3,
        "Happiness": 4,
        "Help": null,
        "Hills": 0,
        "ID": 19,
        "IconAtlas": "RESOURCE_ATLAS",
        "IconString": "[ICON_RES_IVORY]",
        "MaxLatitude": 90,
        "MinAreaSize": 3,
        "MinLandPercent": 0,
        "MinLatitude": 0,
        "NoRiverSide": 0,
        "Normalize": 0,
        "OnlyMinorCivs": 0,
        "PlacementOrder": 3,
        "Player": 67,
        "PolicyReveal": null,
        "PortraitIndex": 15,
        "PresentOnAllValidPlots": 0,
        "RandApp1": 25,
        "RandApp2": 25,
        "RandApp3": 0,
        "RandApp4": 0,
        "ResourceClassType": "RESOURCECLASS_LUXURY",
        "ResourceUsage": 2,
        "StartingResourceQuantity": 0,
        "TechCityTrade": "TECH_TRAPPING",
        "TechObsolete": null,
        "TechReveal": null,
        "TilesPer": 0,
        "Type": "RESOURCE_IVORY",
        "Unique": 0,
        "WonderProductionMod": 0,
        "WonderProductionModObsoleteEra": null
    },
    {
        "AIObjective": 0,
        "AIStopTradingEra": null,
        "AITradeModifier": 0,
        "AltArtDefineTag": "ART_DEF_RESOURCE_FURS_HILL",
        "AltArtDefineTagHeavy": null,
        "Area": 0,
        "ArtDefineTag": "ART_DEF_RESOURCE_FURS",
        "ArtDefineTagHeavy": null,
        "CivilizationType": null,
        "Civilopedia": "TXT_KEY_CIV5_RESOURCE_FURS_TEXT",
        "ConstAppearance": 50,
        "Description": "TXT_KEY_RESOURCE_FURS",
        "Flatlands": 1,
        "GroupRand": 15,
        "GroupRange": 3,
        "Happiness": 4,
        "Help": null,
        "Hills": 0,
        "ID": 20,
        "IconAtlas": "RESOURCE_ATLAS",
        "IconString": "[ICON_RES_FUR]",
        "MaxLatitude": 90,
        "MinAreaSize": 3,
        "MinLandPercent": 0,
        "MinLatitude": 0,
        "NoRiverSide": 0,
        "Normalize": 0,
        "OnlyMinorCivs": 0,
        "PlacementOrder": 3,
        "Player": 67,
        "PolicyReveal": null,
        "PortraitIndex": 25,
        "PresentOnAllValidPlots": 0,
        "RandApp1": 25,
        "RandApp2": 25,
        "RandApp3": 0,
        "RandApp4": 0,
        "ResourceClassType": "RESOURCECLASS_LUXURY",
        "ResourceUsage": 2,
        "StartingResourceQuantity": 0,
        "TechCityTrade": "TECH_TRAPPING",
        "TechObsolete": null,
        "TechReveal": null,
        "TilesPer": 0,
        "Type": "RESOURCE_FUR",
        "Unique": 0,
        "WonderProductionMod": 0,
        "WonderProductionModObsoleteEra": null
    },
    {
        "AIObjective": 0,
        "AIStopTradingEra": null,
        "AITradeModifier": 0,
        "AltArtDefineTag": null,
        "AltArtDefineTagHeavy": null,
        "Area": 0,
        "ArtDefineTag": "ART_DEF_RESOURCE_DYE",
        "ArtDefineTagHeavy": null,
        "CivilizationType": null,
        "Civilopedia": "TXT_KEY_CIV5_RESOURCE_DYES_TEXT",
        "ConstAppearance": 50,
        "Description": "TXT_KEY_RESOURCE_DYES",
        "Flatlands": 1,
        "GroupRand": 15,
        "GroupRange": 3,
        "Happiness": 4,
        "Help": null,
        "Hills": 0,
        "ID": 21,
        "IconAtlas": "RESOURCE_ATLAS",
        "IconString": "[ICON_RES_DYE]",
        "MaxLatitude": 90,
        "MinAreaSize": 3,
        "MinLandPercent": 0,
        "MinLatitude": 0,
        "NoRiverSide": 0,
        "Normalize": 0,
        "OnlyMinorCivs": 0,
        "PlacementOrder": 3,
        "Player": 67,
        "PolicyReveal": null,
        "PortraitIndex": 16,
        "PresentOnAllValidPlots": 0,
        "RandApp1": 25,
        "RandApp2": 25,
        "RandApp3": 0,
        "RandApp4": 0,
        "ResourceClassType": "RESOURCECLASS_LUXURY",
        "ResourceUsage": 2,
        "StartingResourceQuantity": 0,
        "TechCityTrade": "TECH_CALENDAR",
        "TechObsolete": null,
        "TechReveal": null,
        "TilesPer": 0,
        "Type": "RESOURCE_DYE",
        "Unique": 0,
        "WonderProductionMod": 0,
        "WonderProductionModObsoleteEra": null
    },
    {
        "AIObjective": 0,
        "AIStopTradingEra": null,
        "AITradeModifier": 0,
        "AltArtDefineTag": null,
        "AltArtDefineTagHeavy": null,
        "Area": 0,
        "ArtDefineTag": "ART_DEF_RESOURCE_SPICE",
        "ArtDefineTagHeavy": null,
        "CivilizationType": null,
        "Civilopedia": "TXT_KEY_CIV5_RESOURCE_SPICES_TEXT",
        "ConstAppearance": 50,
        "Description": "TXT_KEY_RESOURCE_SPICES",
        "Flatlands": 1,
        "GroupRand": 15,
        "GroupRange": 3,
        "Happiness": 4,
        "Help": null,
        "Hills": 0,
        "ID": 22,
        "IconAtlas": "RESOURCE_ATLAS",
        "IconString": "[ICON_RES_SPICES]",
        "MaxLatitude": 90,
        "MinAreaSize": 3,
        "MinLandPercent": 0,
        "MinLatitude": 0,
        "NoRiverSide": 0,
        "Normalize": 0,
        "OnlyMinorCivs": 0,
        "PlacementOrder": 3,
        "Player": 67,
        "PolicyReveal": null,
        "PortraitIndex": 17,
        "PresentOnAllValidPlots": 0,
        "RandApp1": 25,
        "RandApp2": 25,
        "RandApp3": 0,
        "RandApp4": 0,
        "ResourceClassType": "RESOURCECLASS_LUXURY",
        "ResourceUsage": 2,
        "StartingResourceQuantity": 0,
        "TechCityTrade": "TECH_CALENDAR",
        "TechObsolete": null,
        "TechReveal": null,
        "TilesPer": 0,
        "Type": "RESOURCE_SPICES",
        "Unique": 0,
        "WonderProductionMod": 0,
        "WonderProductionModObsoleteEra": null
    },
    {
        "AIObjective": 0,
        "AIStopTradingEra": null,
        "AITradeModifier": 0,
        "AltArtDefineTag": null,
        "AltArtDefineTagHeavy": null,
        "Area": 0,
        "ArtDefineTag": "ART_DEF_RESOURCE_SILK",
        "ArtDefineTagHeavy": null,
        "CivilizationType": null,
        "Civilopedia": "TXT_KEY_CIV5_RESOURCE_SILK_TEXT",
        "ConstAppearance": 50,
        "Description": "TXT_KEY_RESOURCE_SILK",
        "Flatlands": 1,
        "GroupRand": 15,
        "GroupRange": 3,
        "Happiness": 4,
        "Help": null,
        "Hills": 0,
        "ID": 23,
        "IconAtlas": "RESOURCE_ATLAS",
        "IconString": "[ICON_RES_SILK]",
        "MaxLatitude": 90,
        "MinAreaSize": 3,
        "MinLandPercent": 0,
        "MinLatitude": 0,
        "NoRiverSide": 0,
        "Normalize": 0,
        "OnlyMinorCivs": 0,
        "PlacementOrder": 3,
        "Player": 67,
        "PolicyReveal": null,
        "PortraitIndex": 18,
        "PresentOnAllValidPlots": 0,
        "RandApp1": 25,
        "RandApp2": 25,
        "RandApp3": 0,
        "RandApp4": 0,
        "ResourceClassType": "RESOURCECLASS_LUXURY",
        "ResourceUsage": 2,
        "StartingResourceQuantity": 0,
        "TechCityTrade": "TECH_CALENDAR",
        "TechObsolete": null,
        "TechReveal": null,
        "TilesPer": 0,
        "Type": "RESOURCE_SILK",
        "Unique": 0,
        "WonderProductionMod": 0,
        "WonderProductionModObsoleteEra": null
    },
    {
        "AIObjective": 0,
        "AIStopTradingEra": null,
        "AITradeModifier": 0,
        "AltArtDefineTag": null,
        "AltArtDefineTagHeavy": null,
        "Area": 0,
        "ArtDefineTag": "ART_DEF_RESOURCE_SUGAR",
        "ArtDefineTagHeavy": null,
        "CivilizationType": null,
        "Civilopedia": "TXT_KEY_CIV5_RESOURCE_SUGAR_TEXT",
        "ConstAppearance": 50,
        "Description": "TXT_KEY_RESOURCE_SUGAR",
        "Flatlands": 1,
        "GroupRand": 15,
        "GroupRange": 3,
        "Happiness": 4,
        "Help": null,
        "Hills": 0,
        "ID": 24,
        "IconAtlas": "RESOURCE_ATLAS",
        "IconString": "[ICON_RES_SUGAR]",
        "MaxLatitude": 90,
        "MinAreaSize": 3,
        "MinLandPercent": 0,
        "MinLatitude": 0,
        "NoRiverSide": 0,
        "Normalize": 0,
        "OnlyMinorCivs": 0,
        "PlacementOrder": 3,
        "Player": 67,
        "PolicyReveal": null,
        "PortraitIndex": 19,
        "PresentOnAllValidPlots": 0,
        "RandApp1": 25,
        "RandApp2": 25,
        "RandApp3": 0,
        "RandApp4": 0,
        "ResourceClassType": "RESOURCECLASS_LUXURY",
        "ResourceUsage": 2,
        "StartingResourceQuantity": 0,
        "TechCityTrade": "TECH_CALENDAR",
        "TechObsolete": null,
        "TechReveal": null,
        "TilesPer": 0,
        "Type": "RESOURCE_SUGAR",
        "Unique": 0,
        "WonderProductionMod": 0,
        "WonderProductionModObsoleteEra": null
    },
    {
        "AIObjective": 0,
        "AIStopTradingEra": null,
        "AITradeModifier": 0,
        "AltArtDefineTag": null,
        "AltArtDefineTagHeavy": null,
        "Area": 0,
        "ArtDefineTag": "ART_DEF_RESOURCE_COTTON",
        "ArtDefineTagHeavy": null,
        "CivilizationType": null,
        "Civilopedia": "TXT_KEY_CIV5_RESOURCE_COTTON_TEXT",
        "ConstAppearance": 50,
        "Description": "TXT_KEY_RESOURCE_COTTON",
        "Flatlands": 1,
        "GroupRand": 15,
        "GroupRange": 3,
        "Happiness": 4,
        "Help": null,
        "Hills": 0,
        "ID": 25,
        "IconAtlas": "RESOURCE_ATLAS",
        "IconString": "[ICON_RES_COTTON]",
        "MaxLatitude": 90,
        "MinAreaSize": 3,
        "MinLandPercent": 0,
        "MinLatitude": 0,
        "NoRiverSide": 0,
        "Normalize": 0,
        "OnlyMinorCivs": 0,
        "PlacementOrder": 3,
        "Player": 67,
        "PolicyReveal": null,
        "PortraitIndex": 20,
        "PresentOnAllValidPlots": 0,
        "RandApp1": 25,
        "RandApp2": 25,
        "RandApp3": 0,
        "RandApp4": 0,
        "ResourceClassType": "RESOURCECLASS_LUXURY",
        "ResourceUsage": 2,
        "StartingResourceQuantity": 0,
        "TechCityTrade": "TECH_CALENDAR",
        "TechObsolete": null,
        "TechReveal": null,
        "TilesPer": 0,
        "Type": "RESOURCE_COTTON",
        "Unique": 0,
        "WonderProductionMod": 0,
        "WonderProductionModObsoleteEra": null
    },
    {
        "AIObjective": 0,
        "AIStopTradingEra": null,
        "AITradeModifier": 0,
        "AltArtDefineTag": null,
        "AltArtDefineTagHeavy": null,
        "Area": 0,
        "ArtDefineTag": "ART_DEF_RESOURCE_WINE",
        "ArtDefineTagHeavy": null,
        "CivilizationType": null,
        "Civilopedia": "TXT_KEY_CIV5_RESOURCE_WINE_TEXT",
        "ConstAppearance": 50,
        "Description": "TXT_KEY_RESOURCE_WINE",
        "Flatlands": 1,
        "GroupRand": 15,
        "GroupRange": 3,
        "Happiness": 4,
        "Help": null,
        "Hills": 0,
        "ID": 26,
        "IconAtlas": "RESOURCE_ATLAS",
        "IconString": "[ICON_RES_WINE]",
        "MaxLatitude": 90,
        "MinAreaSize": 3,
        "MinLandPercent": 0,
        "MinLatitude": 0,
        "NoRiverSide": 0,
        "Normalize": 0,
        "OnlyMinorCivs": 0,
        "PlacementOrder": 3,
        "Player": 67,
        "PolicyReveal": null,
        "PortraitIndex": 23,
        "PresentOnAllValidPlots": 0,
        "RandApp1": 25,
        "RandApp2": 25,
        "RandApp3": 0,
        "RandApp4": 0,
        "ResourceClassType": "RESOURCECLASS_LUXURY",
        "ResourceUsage": 2,
        "StartingResourceQuantity": 0,
        "TechCityTrade": "TECH_CALENDAR",
        "TechObsolete": null,
        "TechReveal": null,
        "TilesPer": 0,
        "Type": "RESOURCE_WINE",
        "Unique": 0,
        "WonderProductionMod": 0,
        "WonderProductionModObsoleteEra": null
    },
    {
        "AIObjective": 0,
        "AIStopTradingEra": null,
        "AITradeModifier": 0,
        "AltArtDefineTag": null,
        "AltArtDefineTagHeavy": null,
        "Area": 0,
        "ArtDefineTag": "ART_DEF_RESOURCE_INCENSE",
        "ArtDefineTagHeavy": null,
        "CivilizationType": null,
        "Civilopedia": "TXT_KEY_CIV5_RESOURCE_INCENSE_TEXT",
        "ConstAppearance": 50,
        "Description": "TXT_KEY_RESOURCE_INCENSE",
        "Flatlands": 1,
        "GroupRand": 10,
        "GroupRange": 3,
        "Happiness": 4,
        "Help": null,
        "Hills": 0,
        "ID": 27,
        "IconAtlas": "RESOURCE_ATLAS",
        "IconString": "[ICON_RES_INCENSE]",
        "MaxLatitude": 90,
        "MinAreaSize": 3,
        "MinLandPercent": 0,
        "MinLatitude": 0,
        "NoRiverSide": 0,
        "Normalize": 0,
        "OnlyMinorCivs": 0,
        "PlacementOrder": 3,
        "Player": 67,
        "PolicyReveal": null,
        "PortraitIndex": 22,
        "PresentOnAllValidPlots": 0,
        "RandApp1": 25,
        "RandApp2": 25,
        "RandApp3": 0,
        "RandApp4": 0,
        "ResourceClassType": "RESOURCECLASS_LUXURY",
        "ResourceUsage": 2,
        "StartingResourceQuantity": 0,
        "TechCityTrade": "TECH_CALENDAR",
        "TechObsolete": null,
        "TechReveal": null,
        "TilesPer": 0,
        "Type": "RESOURCE_INCENSE",
        "Unique": 0,
        "WonderProductionMod": 0,
        "WonderProductionModObsoleteEra": null
    },
    {
        "AIObjective": 0,
        "AIStopTradingEra": null,
        "AITradeModifier": 0,
        "AltArtDefineTag": null,
        "AltArtDefineTagHeavy": null,
        "Area": 0,
        "ArtDefineTag": "ART_DEF_RESOURCE_MARBLE",
        "ArtDefineTagHeavy": null,
        "CivilizationType": null,
        "Civilopedia": "TXT_KEY_CIV5_RESOURCE_JEWELRY_TEXT",
        "ConstAppearance": 50,
        "Description": "TXT_KEY_RESOURCE_JEWELRY",
        "Flatlands": 1,
        "GroupRand": 0,
        "GroupRange": 0,
        "Happiness": 4,
        "Help": "TXT_KEY_RESOURCE_JEWELRY_HELP",
        "Hills": 0,
        "ID": 28,
        "IconAtlas": "EXPANSION_RESOURCE_ATLAS",
        "IconString": "[ICON_RES_JEWELRY]",
        "MaxLatitude": 90,
        "MinAreaSize": 1500,
        "MinLandPercent": 0,
        "MinLatitude": 0,
        "NoRiverSide": 0,
        "Normalize": 0,
        "OnlyMinorCivs": 1,
        "PlacementOrder": 3,
        "Player": 67,
        "PolicyReveal": null,
        "PortraitIndex": 3,
        "PresentOnAllValidPlots": 0,
        "RandApp1": 25,
        "RandApp2": 25,
        "RandApp3": 0,
        "RandApp4": 0,
        "ResourceClassType": "RESOURCECLASS_LUXURY",
        "ResourceUsage": 2,
        "StartingResourceQuantity": 0,
        "TechCityTrade": null,
        "TechObsolete": null,
        "TechReveal": null,
        "TilesPer": 0,
        "Type": "RESOURCE_JEWELRY",
        "Unique": 0,
        "WonderProductionMod": 0,
        "WonderProductionModObsoleteEra": null
    },
    {
        "AIObjective": 0,
        "AIStopTradingEra": null,
        "AITradeModifier": 0,
        "AltArtDefineTag": null,
        "AltArtDefineTagHeavy": null,
        "Area": 0,
        "ArtDefineTag": "ART_DEF_RESOURCE_MARBLE",
        "ArtDefineTagHeavy": null,
        "CivilizationType": null,
        "Civilopedia": "TXT_KEY_CIV5_RESOURCE_PORCELAIN_TEXT",
        "ConstAppearance": 50,
        "Description": "TXT_KEY_RESOURCE_PORCELAIN",
        "Flatlands": 1,
        "GroupRand": 0,
        "GroupRange": 0,
        "Happiness": 4,
        "Help": "TXT_KEY_RESOURCE_PORCELAIN_HELP",
        "Hills": 0,
        "ID": 29,
        "IconAtlas": "EXPANSION_RESOURCE_ATLAS",
        "IconString": "[ICON_RES_PORCELAIN]",
        "MaxLatitude": 90,
        "MinAreaSize": 1500,
        "MinLandPercent": 0,
        "MinLatitude": 0,
        "NoRiverSide": 0,
        "Normalize": 0,
        "OnlyMinorCivs": 1,
        "PlacementOrder": 3,
        "Player": 67,
        "PolicyReveal": null,
        "PortraitIndex": 4,
        "PresentOnAllValidPlots": 0,
        "RandApp1": 25,
        "RandApp2": 25,
        "RandApp3": 0,
        "RandApp4": 0,
        "ResourceClassType": "RESOURCECLASS_LUXURY",
        "ResourceUsage": 2,
        "StartingResourceQuantity": 0,
        "TechCityTrade": null,
        "TechObsolete": null,
        "TechReveal": null,
        "TilesPer": 0,
        "Type": "RESOURCE_PORCELAIN",
        "Unique": 0,
        "WonderProductionMod": 0,
        "WonderProductionModObsoleteEra": null
    },
    {
        "AIObjective": 0,
        "AIStopTradingEra": null,
        "AITradeModifier": 0,
        "AltArtDefineTag": null,
        "AltArtDefineTagHeavy": null,
        "Area": 0,
        "ArtDefineTag": "ART_DEF_RESOURCE_COPPER",
        "ArtDefineTagHeavy": null,
        "CivilizationType": null,
        "Civilopedia": "TXT_KEY_CIV5_RESOURCE_COPPER_TEXT",
        "ConstAppearance": 50,
        "Description": "TXT_KEY_RESOURCE_COPPER",
        "Flatlands": 1,
        "GroupRand": 15,
        "GroupRange": 3,
        "Happiness": 4,
        "Help": null,
        "Hills": 0,
        "ID": 30,
        "IconAtlas": "EXPANSION_RESOURCE_ATLAS",
        "IconString": "[ICON_RES_COPPER]",
        "MaxLatitude": 90,
        "MinAreaSize": 3,
        "MinLandPercent": 0,
        "MinLatitude": 0,
        "NoRiverSide": 0,
        "Normalize": 0,
        "OnlyMinorCivs": 0,
        "PlacementOrder": 3,
        "Player": 67,
        "PolicyReveal": null,
        "PortraitIndex": 1,
        "PresentOnAllValidPlots": 0,
        "RandApp1": 25,
        "RandApp2": 25,
        "RandApp3": 0,
        "RandApp4": 0,
        "ResourceClassType": "RESOURCECLASS_LUXURY",
        "ResourceUsage": 2,
        "StartingResourceQuantity": 0,
        "TechCityTrade": "TECH_MINING",
        "TechObsolete": null,
        "TechReveal": null,
        "TilesPer": 0,
        "Type": "RESOURCE_COPPER",
        "Unique": 0,
        "WonderProductionMod": 0,
        "WonderProductionModObsoleteEra": null
    },
    {
        "AIObjective": 0,
        "AIStopTradingEra": null,
        "AITradeModifier": 0,
        "AltArtDefineTag": null,
        "AltArtDefineTagHeavy": null,
        "Area": 0,
        "ArtDefineTag": "ART_DEF_RESOURCE_SALT",
        "ArtDefineTagHeavy": null,
        "CivilizationType": null,
        "Civilopedia": "TXT_KEY_CIV5_RESOURCE_SALT_TEXT",
        "ConstAppearance": 50,
        "Description": "TXT_KEY_RESOURCE_SALT",
        "Flatlands": 1,
        "GroupRand": 15,
        "GroupRange": 3,
        "Happiness": 4,
        "Help": null,
        "Hills": 0,
        "ID": 31,
        "IconAtlas": "EXPANSION_RESOURCE_ATLAS",
        "IconString": "[ICON_RES_SALT]",
        "MaxLatitude": 90,
        "MinAreaSize": 3,
        "MinLandPercent": 0,
        "MinLatitude": 0,
        "NoRiverSide": 0,
        "Normalize": 0,
        "OnlyMinorCivs": 0,
        "PlacementOrder": 3,
        "Player": 67,
        "PolicyReveal": null,
        "PortraitIndex": 5,
        "PresentOnAllValidPlots": 0,
        "RandApp1": 25,
        "RandApp2": 25,
        "RandApp3": 0,
        "RandApp4": 0,
        "ResourceClassType": "RESOURCECLASS_LUXURY",
        "ResourceUsage": 2,
        "StartingResourceQuantity": 0,
        "TechCityTrade": "TECH_MINING",
        "TechObsolete": null,
        "TechReveal": null,
        "TilesPer": 0,
        "Type": "RESOURCE_SALT",
        "Unique": 0,
        "WonderProductionMod": 0,
        "WonderProductionModObsoleteEra": null
    },
    {
        "AIObjective": 0,
        "AIStopTradingEra": null,
        "AITradeModifier": 0,
        "AltArtDefineTag": null,
        "AltArtDefineTagHeavy": null,
        "Area": 0,
        "ArtDefineTag": "ART_DEF_RESOURCE_CRAB",
        "ArtDefineTagHeavy": null,
        "CivilizationType": null,
        "Civilopedia": "TXT_KEY_CIV5_RESOURCE_CRAB_TEXT",
        "ConstAppearance": 50,
        "Description": "TXT_KEY_RESOURCE_CRAB",
        "Flatlands": 1,
        "GroupRand": 15,
        "GroupRange": 3,
        "Happiness": 4,
        "Help": null,
        "Hills": 0,
        "ID": 32,
        "IconAtlas": "EXPANSION_RESOURCE_ATLAS",
        "IconString": "[ICON_RES_CRAB]",
        "MaxLatitude": 90,
        "MinAreaSize": 10,
        "MinLandPercent": 0,
        "MinLatitude": 0,
        "NoRiverSide": 0,
        "Normalize": 0,
        "OnlyMinorCivs": 0,
        "PlacementOrder": 3,
        "Player": 67,
        "PolicyReveal": null,
        "PortraitIndex": 2,
        "PresentOnAllValidPlots": 0,
        "RandApp1": 25,
        "RandApp2": 25,
        "RandApp3": 0,
        "RandApp4": 0,
        "ResourceClassType": "RESOURCECLASS_LUXURY",
        "ResourceUsage": 2,
        "StartingResourceQuantity": 0,
        "TechCityTrade": "TECH_SAILING",
        "TechObsolete": null,
        "TechReveal": null,
        "TilesPer": 0,
        "Type": "RESOURCE_CRAB",
        "Unique": 0,
        "WonderProductionMod": 0,
        "WonderProductionModObsoleteEra": null
    },
    {
        "AIObjective": 0,
        "AIStopTradingEra": null,
        "AITradeModifier": 0,
        "AltArtDefineTag": null,
        "AltArtDefineTagHeavy": null,
        "Area": 0,
        "ArtDefineTag": "ART_DEF_RESOURCE_TRUFFLES",
        "ArtDefineTagHeavy": null,
        "CivilizationType": null,
        "Civilopedia": "TXT_KEY_CIV5_RESOURCE_TRUFFLES_TEXT",
        "ConstAppearance": 50,
        "Description": "TXT_KEY_RESOURCE_TRUFFLES",
        "Flatlands": 1,
        "GroupRand": 15,
        "GroupRange": 3,
        "Happiness": 4,
        "Help": null,
        "Hills": 0,
        "ID": 33,
        "IconAtlas": "EXPANSION_RESOURCE_ATLAS",
        "IconString": "[ICON_RES_TRUFFLES]",
        "MaxLatitude": 90,
        "MinAreaSize": 3,
        "MinLandPercent": 0,
        "MinLatitude": 0,
        "NoRiverSide": 0,
        "Normalize": 0,
        "OnlyMinorCivs": 0,
        "PlacementOrder": 3,
        "Player": 67,
        "PolicyReveal": null,
        "PortraitIndex": 6,
        "PresentOnAllValidPlots": 0,
        "RandApp1": 25,
        "RandApp2": 25,
        "RandApp3": 0,
        "RandApp4": 0,
        "ResourceClassType": "RESOURCECLASS_LUXURY",
        "ResourceUsage": 2,
        "StartingResourceQuantity": 0,
        "TechCityTrade": "TECH_TRAPPING",
        "TechObsolete": null,
        "TechReveal": null,
        "TilesPer": 0,
        "Type": "RESOURCE_TRUFFLES",
        "Unique": 0,
        "WonderProductionMod": 0,
        "WonderProductionModObsoleteEra": null
    },
    {
        "AIObjective": 0,
        "AIStopTradingEra": null,
        "AITradeModifier": 0,
        "AltArtDefineTag": null,
        "AltArtDefineTagHeavy": null,
        "Area": 0,
        "ArtDefineTag": "ART_DEF_RESOURCE_CITRUS",
        "ArtDefineTagHeavy": null,
        "CivilizationType": null,
        "Civilopedia": "TXT_KEY_CIV5_RESOURCE_CITRUS_TEXT",
        "ConstAppearance": 50,
        "Description": "TXT_KEY_RESOURCE_CITRUS",
        "Flatlands": 1,
        "GroupRand": 15,
        "GroupRange": 3,
        "Happiness": 4,
        "Help": null,
        "Hills": 0,
        "ID": 34,
        "IconAtlas": "EXPANSION_RESOURCE_ATLAS",
        "IconString": "[ICON_RES_CITRUS]",
        "MaxLatitude": 90,
        "MinAreaSize": 3,
        "MinLandPercent": 0,
        "MinLatitude": 0,
        "NoRiverSide": 0,
        "Normalize": 0,
        "OnlyMinorCivs": 0,
        "PlacementOrder": 3,
        "Player": 67,
        "PolicyReveal": null,
        "PortraitIndex": 0,
        "PresentOnAllValidPlots": 0,
        "RandApp1": 25,
        "RandApp2": 25,
        "RandApp3": 0,
        "RandApp4": 0,
        "ResourceClassType": "RESOURCECLASS_LUXURY",
        "ResourceUsage": 2,
        "StartingResourceQuantity": 0,
        "TechCityTrade": "TECH_CALENDAR",
        "TechObsolete": null,
        "TechReveal": null,
        "TilesPer": 0,
        "Type": "RESOURCE_CITRUS",
        "Unique": 0,
        "WonderProductionMod": 0,
        "WonderProductionModObsoleteEra": null
    },
    {
        "AIObjective": 0,
        "AIStopTradingEra": null,
        "AITradeModifier": 0,
        "AltArtDefineTag": null,
        "AltArtDefineTagHeavy": null,
        "Area": 0,
        "ArtDefineTag": "ART_DEF_RESOURCE_ARTIFACTS",
        "ArtDefineTagHeavy": null,
        "CivilizationType": null,
        "Civilopedia": "TXT_KEY_CIV5_RESOURCE_ARTIFACTS_TEXT",
        "ConstAppearance": 100,
        "Description": "TXT_KEY_RESOURCE_ARTIFACTS",
        "Flatlands": 1,
        "GroupRand": 0,
        "GroupRange": 0,
        "Happiness": 0,
        "Help": "TXT_KEY_RESOURCE_ARTIFACTS_HELP",
        "Hills": 0,
        "ID": 35,
        "IconAtlas": "RESOURCE_ATLAS_EXP2",
        "IconString": "[ICON_RES_ARTIFACTS]",
        "MaxLatitude": 90,
        "MinAreaSize": 3,
        "MinLandPercent": 0,
        "MinLatitude": 0,
        "NoRiverSide": 1,
        "Normalize": 0,
        "OnlyMinorCivs": 0,
        "PlacementOrder": 0,
        "Player": 100,
        "PolicyReveal": null,
        "PortraitIndex": 3,
        "PresentOnAllValidPlots": 0,
        "RandApp1": 0,
        "RandApp2": 0,
        "RandApp3": 0,
        "RandApp4": 0,
        "ResourceClassType": "RESOURCECLASS_RUSH",
        "ResourceUsage": 0,
        "StartingResourceQuantity": 0,
        "TechCityTrade": null,
        "TechObsolete": null,
        "TechReveal": "TECH_ARCHAEOLOGY",
        "TilesPer": 0,
        "Type": "RESOURCE_ARTIFACTS",
        "Unique": 0,
        "WonderProductionMod": 0,
        "WonderProductionModObsoleteEra": null
    },
    {
        "AIObjective": 0,
        "AIStopTradingEra": null,
        "AITradeModifier": 0,
        "AltArtDefineTag": null,
        "AltArtDefineTagHeavy": null,
        "Area": 0,
        "ArtDefineTag": "ART_DEF_RESOURCE_FUR",
        "ArtDefineTagHeavy": null,
        "CivilizationType": "CIVILIZATION_INDONESIA",
        "Civilopedia": "TXT_KEY_CIV5_RESOURCE_NUTMEG_TEXT",
        "ConstAppearance": 0,
        "Description": "TXT_KEY_RESOURCE_NUTMEG",
        "Flatlands": 0,
        "GroupRand": 0,
        "GroupRange": 0,
        "Happiness": 4,
        "Help": "TXT_KEY_RESOURCE_NUTMEG_HELP",
        "Hills": 0,
        "ID": 36,
        "IconAtlas": "RESOURCE_ATLAS_EXP2",
        "IconString": "[ICON_RES_NUTMEG]",
        "MaxLatitude": 0,
        "MinAreaSize": 0,
        "MinLandPercent": 0,
        "MinLatitude": 0,
        "NoRiverSide": 0,
        "Normalize": 0,
        "OnlyMinorCivs": 0,
        "PlacementOrder": 0,
        "Player": 0,
        "PolicyReveal": null,
        "PortraitIndex": 2,
        "PresentOnAllValidPlots": 0,
        "RandApp1": 0,
        "RandApp2": 0,
        "RandApp3": 0,
        "RandApp4": 0,
        "ResourceClassType": "RESOURCECLASS_LUXURY",
        "ResourceUsage": 2,
        "StartingResourceQuantity": 0,
        "TechCityTrade": null,
        "TechObsolete": null,
        "TechReveal": null,
        "TilesPer": 0,
        "Type": "RESOURCE_NUTMEG",
        "Unique": 0,
        "WonderProductionMod": 0,
        "WonderProductionModObsoleteEra": null
    },
    {
        "AIObjective": 0,
        "AIStopTradingEra": null,
        "AITradeModifier": 0,
        "AltArtDefineTag": null,
        "AltArtDefineTagHeavy": null,
        "Area": 0,
        "ArtDefineTag": "ART_DEF_RESOURCE_FUR",
        "ArtDefineTagHeavy": null,
        "CivilizationType": "CIVILIZATION_INDONESIA",
        "Civilopedia": "TXT_KEY_CIV5_RESOURCE_CLOVES_TEXT",
        "ConstAppearance": 0,
        "Description": "TXT_KEY_RESOURCE_CLOVES",
        "Flatlands": 0,
        "GroupRand": 0,
        "GroupRange": 0,
        "Happiness": 4,
        "Help": "TXT_KEY_RESOURCE_CLOVES_HELP",
        "Hills": 0,
        "ID": 37,
        "IconAtlas": "RESOURCE_ATLAS_EXP2",
        "IconString": "[ICON_RES_CLOVES]",
        "MaxLatitude": 0,
        "MinAreaSize": 0,
        "MinLandPercent": 0,
        "MinLatitude": 0,
        "NoRiverSide": 0,
        "Normalize": 0,
        "OnlyMinorCivs": 0,
        "PlacementOrder": 0,
        "Player": 0,
        "PolicyReveal": null,
        "PortraitIndex": 1,
        "PresentOnAllValidPlots": 0,
        "RandApp1": 0,
        "RandApp2": 0,
        "RandApp3": 0,
        "RandApp4": 0,
        "ResourceClassType": "RESOURCECLASS_LUXURY",
        "ResourceUsage": 2,
        "StartingResourceQuantity": 0,
        "TechCityTrade": null,
        "TechObsolete": null,
        "TechReveal": null,
        "TilesPer": 0,
        "Type": "RESOURCE_CLOVES",
        "Unique": 0,
        "WonderProductionMod": 0,
        "WonderProductionModObsoleteEra": null
    },
    {
        "AIObjective": 0,
        "AIStopTradingEra": null,
        "AITradeModifier": 0,
        "AltArtDefineTag": null,
        "AltArtDefineTagHeavy": null,
        "Area": 0,
        "ArtDefineTag": "ART_DEF_RESOURCE_FUR",
        "ArtDefineTagHeavy": null,
        "CivilizationType": "CIVILIZATION_INDONESIA",
        "Civilopedia": "TXT_KEY_CIV5_RESOURCE_PEPPER_TEXT",
        "ConstAppearance": 0,
        "Description": "TXT_KEY_RESOURCE_PEPPER",
        "Flatlands": 0,
        "GroupRand": 0,
        "GroupRange": 0,
        "Happiness": 4,
        "Help": "TXT_KEY_RESOURCE_PEPPER_HELP",
        "Hills": 0,
        "ID": 38,
        "IconAtlas": "RESOURCE_ATLAS_EXP2",
        "IconString": "[ICON_RES_PEPPER]",
        "MaxLatitude": 0,
        "MinAreaSize": 0,
        "MinLandPercent": 0,
        "MinLatitude": 0,
        "NoRiverSide": 0,
        "Normalize": 0,
        "OnlyMinorCivs": 0,
        "PlacementOrder": 0,
        "Player": 0,
        "PolicyReveal": null,
        "PortraitIndex": 0,
        "PresentOnAllValidPlots": 0,
        "RandApp1": 0,
        "RandApp2": 0,
        "RandApp3": 0,
        "RandApp4": 0,
        "ResourceClassType": "RESOURCECLASS_LUXURY",
        "ResourceUsage": 2,
        "StartingResourceQuantity": 0,
        "TechCityTrade": null,
        "TechObsolete": null,
        "TechReveal": null,
        "TilesPer": 0,
        "Type": "RESOURCE_PEPPER",
        "Unique": 0,
        "WonderProductionMod": 0,
        "WonderProductionModObsoleteEra": null
    },
    {
        "AIObjective": 0,
        "AIStopTradingEra": null,
        "AITradeModifier": 0,
        "AltArtDefineTag": null,
        "AltArtDefineTagHeavy": null,
        "Area": 0,
        "ArtDefineTag": "ART_DEF_RESOURCE_HIDDEN_ARTIFACTS",
        "ArtDefineTagHeavy": null,
        "CivilizationType": null,
        "Civilopedia": "TXT_KEY_CIV5_RESOURCE_ARTIFACTS_TEXT",
        "ConstAppearance": 100,
        "Description": "TXT_KEY_RESOURCE_HIDDEN_ARTIFACTS",
        "Flatlands": 1,
        "GroupRand": 0,
        "GroupRange": 0,
        "Happiness": 0,
        "Help": "TXT_KEY_RESOURCE_HIDDEN_ARTIFACTS_HELP",
        "Hills": 0,
        "ID": 39,
        "IconAtlas": "RESOURCE_ATLAS_EXP2",
        "IconString": "[ICON_RES_HIDDEN_ARTIFACTS]",
        "MaxLatitude": 90,
        "MinAreaSize": 3,
        "MinLandPercent": 0,
        "MinLatitude": 0,
        "NoRiverSide": 1,
        "Normalize": 0,
        "OnlyMinorCivs": 0,
        "PlacementOrder": 0,
        "Player": 100,
        "PolicyReveal": "POLICY_EXPLORATION_FINISHER",
        "PortraitIndex": 4,
        "PresentOnAllValidPlots": 0,
        "RandApp1": 0,
        "RandApp2": 0,
        "RandApp3": 0,
        "RandApp4": 0,
        "ResourceClassType": "RESOURCECLASS_RUSH",
        "ResourceUsage": 0,
        "StartingResourceQuantity": 0,
        "TechCityTrade": null,
        "TechObsolete": null,
        "TechReveal": null,
        "TilesPer": 0,
        "Type": "RESOURCE_HIDDEN_ARTIFACTS",
        "Unique": 0,
        "WonderProductionMod": 0,
        "WonderProductionModObsoleteEra": null
    },
    {
        "AIObjective": 0,
        "AIStopTradingEra": null,
        "AITradeModifier": 0,
        "AltArtDefineTag": null,
        "AltArtDefineTagHeavy": null,
        "Area": 0,
        "ArtDefineTag": "ART_DEF_RESOURCE_BISON",
        "ArtDefineTagHeavy": null,
        "CivilizationType": null,
        "Civilopedia": "TXT_KEY_NEWWORLD_SCENARIO_CIV5_RESOURCE_BISON_TEXT",
        "ConstAppearance": 50,
        "Description": "TXT_KEY_NEWWORLD_SCENARIO_RESOURCE_BISON",
        "Flatlands": 1,
        "GroupRand": 0,
        "GroupRange": 0,
        "Happiness": 0,
        "Help": null,
        "Hills": 0,
        "ID": 40,
        "IconAtlas": "RESOURCE_ATLAS_DLC_07",
        "IconString": "[ICON_RES_BISON]",
        "MaxLatitude": 90,
        "MinAreaSize": 3,
        "MinLandPercent": 0,
        "MinLatitude": 0,
        "NoRiverSide": 1,
        "Normalize": 1,
        "OnlyMinorCivs": 0,
        "PlacementOrder": 4,
        "Player": 0,
        "PolicyReveal": null,
        "PortraitIndex": 1,
        "PresentOnAllValidPlots": 0,
        "RandApp1": 25,
        "RandApp2": 25,
        "RandApp3": 0,
        "RandApp4": 0,
        "ResourceClassType": "RESOURCECLASS_BONUS",
        "ResourceUsage": 0,
        "StartingResourceQuantity": 0,
        "TechCityTrade": "TECH_TRAPPING",
        "TechObsolete": null,
        "TechReveal": null,
        "TilesPer": 5,
        "Type": "RESOURCE_BISON",
        "Unique": 1,
        "WonderProductionMod": 0,
        "WonderProductionModObsoleteEra": null
    },
    {
        "AIObjective": 0,
        "AIStopTradingEra": null,
        "AITradeModifier": 0,
        "AltArtDefineTag": null,
        "AltArtDefineTagHeavy": null,
        "Area": 0,
        "ArtDefineTag": "ART_DEF_RESOURCE_COCOA",
        "ArtDefineTagHeavy": null,
        "CivilizationType": null,
        "Civilopedia": "TXT_KEY_NEWWORLD_SCENARIO_CIV5_RESOURCE_COCOA_TEXT",
        "ConstAppearance": 50,
        "Description": "TXT_KEY_NEWWORLD_SCENARIO_RESOURCE_COCOA",
        "Flatlands": 1,
        "GroupRand": 10,
        "GroupRange": 3,
        "Happiness": 4,
        "Help": null,
        "Hills": 0,
        "ID": 41,
        "IconAtlas": "RESOURCE_ATLAS_DLC_07",
        "IconString": "[ICON_RES_COCOA]",
        "MaxLatitude": 90,
        "MinAreaSize": 3,
        "MinLandPercent": 0,
        "MinLatitude": 0,
        "NoRiverSide": 0,
        "Normalize": 0,
        "OnlyMinorCivs": 0,
        "PlacementOrder": 3,
        "Player": 67,
        "PolicyReveal": null,
        "PortraitIndex": 0,
        "PresentOnAllValidPlots": 0,
        "RandApp1": 25,
        "RandApp2": 25,
        "RandApp3": 0,
        "RandApp4": 0,
        "ResourceClassType": "RESOURCECLASS_LUXURY",
        "ResourceUsage": 2,
        "StartingResourceQuantity": 0,
        "TechCityTrade": "TECH_CALENDAR",
        "TechObsolete": null,
        "TechReveal": null,
        "TilesPer": 0,
        "Type": "RESOURCE_COCOA",
        "Unique": 0,
        "WonderProductionMod": 0,
        "WonderProductionModObsoleteEra": null
    }
]