[
    {
        "Quantity": 6,
        "ResourceType": "RESOURCE_IRON"
    },
    {
        "Quantity": 2,
        "ResourceType": "RESOURCE_IRON"
    },
    {
        "Quantity": 4,
        "ResourceType": "RESOURCE_HORSE"
    },
    {
        "Quantity": 2,
        "ResourceType": "RESOURCE_HORSE"
    },
    {
        "Quantity": 6,
        "ResourceType": "RESOURCE_COAL"
    },
    {
        "Quantity": 5,
        "ResourceType": "RESOURCE_OIL"
    },
    {
        "Quantity": 5,
        "ResourceType": "RESOURCE_ALUMINUM"
    },
    {
        "Quantity": 4,
        "ResourceType": "RESOURCE_URANIUM"
    },
    {
        "Quantity": 2,
        "ResourceType": "RESOURCE_URANIUM"
    }
]