[
    {
        "ResourceType": "RESOURCE_IRON",
        "Yield": 1,
        "YieldType": "YIELD_PRODUCTION"
    },
    {
        "ResourceType": "RESOURCE_HORSE",
        "Yield": 1,
        "YieldType": "YIELD_PRODUCTION"
    },
    {
        "ResourceType": "RESOURCE_COAL",
        "Yield": 1,
        "YieldType": "YIELD_PRODUCTION"
    },
    {
        "ResourceType": "RESOURCE_OIL",
        "Yield": 1,
        "YieldType": "YIELD_PRODUCTION"
    },
    {
        "ResourceType": "RESOURCE_ALUMINUM",
        "Yield": 1,
        "YieldType": "YIELD_PRODUCTION"
    },
    {
        "ResourceType": "RESOURCE_URANIUM",
        "Yield": 1,
        "YieldType": "YIELD_PRODUCTION"
    },
    {
        "ResourceType": "RESOURCE_STONE",
        "Yield": 1,
        "YieldType": "YIELD_PRODUCTION"
    },
    {
        "ResourceType": "RESOURCE_WHEAT",
        "Yield": 1,
        "YieldType": "YIELD_FOOD"
    },
    {
        "ResourceType": "RESOURCE_COW",
        "Yield": 1,
        "YieldType": "YIELD_FOOD"
    },
    {
        "ResourceType": "RESOURCE_SHEEP",
        "Yield": 1,
        "YieldType": "YIELD_FOOD"
    },
    {
        "ResourceType": "RESOURCE_DEER",
        "Yield": 1,
        "YieldType": "YIELD_FOOD"
    },
    {
        "ResourceType": "RESOURCE_BANANA",
        "Yield": 1,
        "YieldType": "YIELD_FOOD"
    },
    {
        "ResourceType": "RESOURCE_FISH",
        "Yield": 1,
        "YieldType": "YIELD_FOOD"
    },
    {
        "ResourceType": "RESOURCE_WHALE",
        "Yield": 1,
        "YieldType": "YIELD_FOOD"
    },
    {
        "ResourceType": "RESOURCE_WHALE",
        "Yield": 1,
        "YieldType": "YIELD_GOLD"
    },
    {
        "ResourceType": "RESOURCE_PEARLS",
        "Yield": 2,
        "YieldType": "YIELD_GOLD"
    },
    {
        "ResourceType": "RESOURCE_GOLD",
        "Yield": 2,
        "YieldType": "YIELD_GOLD"
    },
    {
        "ResourceType": "RESOURCE_SILVER",
        "Yield": 2,
        "YieldType": "YIELD_GOLD"
    },
    {
        "ResourceType": "RESOURCE_GEMS",
        "Yield": 3,
        "YieldType": "YIELD_GOLD"
    },
    {
        "ResourceType": "RESOURCE_MARBLE",
        "Yield": 2,
        "YieldType": "YIELD_GOLD"
    },
    {
        "ResourceType": "RESOURCE_IVORY",
        "Yield": 2,
        "YieldType": "YIELD_GOLD"
    },
    {
        "ResourceType": "RESOURCE_FUR",
        "Yield": 2,
        "YieldType": "YIELD_GOLD"
    },
    {
        "ResourceType": "RESOURCE_DYE",
        "Yield": 2,
        "YieldType": "YIELD_GOLD"
    },
    {
        "ResourceType": "RESOURCE_SPICES",
        "Yield": 2,
        "YieldType": "YIELD_GOLD"
    },
    {
        "ResourceType": "RESOURCE_SILK",
        "Yield": 2,
        "YieldType": "YIELD_GOLD"
    },
    {
        "ResourceType": "RESOURCE_SUGAR",
        "Yield": 2,
        "YieldType": "YIELD_GOLD"
    },
    {
        "ResourceType": "RESOURCE_COTTON",
        "Yield": 2,
        "YieldType": "YIELD_GOLD"
    },
    {
        "ResourceType": "RESOURCE_WINE",
        "Yield": 2,
        "YieldType": "YIELD_GOLD"
    },
    {
        "ResourceType": "RESOURCE_INCENSE",
        "Yield": 2,
        "YieldType": "YIELD_GOLD"
    },
    {
        "ResourceType": "RESOURCE_JEWELRY",
        "Yield": 2,
        "YieldType": "YIELD_GOLD"
    },
    {
        "ResourceType": "RESOURCE_PORCELAIN",
        "Yield": 2,
        "YieldType": "YIELD_GOLD"
    },
    {
        "ResourceType": "RESOURCE_COPPER",
        "Yield": 2,
        "YieldType": "YIELD_GOLD"
    },
    {
        "ResourceType": "RESOURCE_SALT",
        "Yield": 1,
        "YieldType": "YIELD_FOOD"
    },
    {
        "ResourceType": "RESOURCE_SALT",
        "Yield": 1,
        "YieldType": "YIELD_GOLD"
    },
    {
        "ResourceType": "RESOURCE_CRAB",
        "Yield": 1,
        "YieldType": "YIELD_FOOD"
    },
    {
        "ResourceType": "RESOURCE_CRAB",
        "Yield": 1,
        "YieldType": "YIELD_GOLD"
    },
    {
        "ResourceType": "RESOURCE_TRUFFLES",
        "Yield": 2,
        "YieldType": "YIELD_GOLD"
    },
    {
        "ResourceType": "RESOURCE_CITRUS",
        "Yield": 1,
        "YieldType": "YIELD_FOOD"
    },
    {
        "ResourceType": "RESOURCE_CITRUS",
        "Yield": 1,
        "YieldType": "YIELD_GOLD"
    },
    {
        "ResourceType": "RESOURCE_NUTMEG",
        "Yield": 2,
        "YieldType": "YIELD_GOLD"
    },
    {
        "ResourceType": "RESOURCE_CLOVES",
        "Yield": 2,
        "YieldType": "YIELD_GOLD"
    },
    {
        "ResourceType": "RESOURCE_PEPPER",
        "Yield": 2,
        "YieldType": "YIELD_GOLD"
    },
    {
        "ResourceType": "RESOURCE_BISON",
        "Yield": 1,
        "YieldType": "YIELD_FOOD"
    },
    {
        "ResourceType": "RESOURCE_COCOA",
        "Yield": 1,
        "YieldType": "YIELD_GOLD"
    },
    {
        "ResourceType": "RESOURCE_COCOA",
        "Yield": 1,
        "YieldType": "YIELD_FOOD"
    }
]