[
    {
        "Flavor": 10,
        "FlavorType": "FLAVOR_OFFENSE",
        "ResourceType": "RESOURCE_IRON"
    },
    {
        "Flavor": 10,
        "FlavorType": "FLAVOR_MOBILE",
        "ResourceType": "RESOURCE_HORSE"
    },
    {
        "Flavor": 10,
        "FlavorType": "FLAVOR_PRODUCTION",
        "ResourceType": "RESOURCE_COAL"
    },
    {
        "Flavor": 10,
        "FlavorType": "FLAVOR_PRODUCTION",
        "ResourceType": "RESOURCE_STONE"
    },
    {
        "Flavor": 10,
        "FlavorType": "FLAVOR_OFFENSE",
        "ResourceType": "RESOURCE_OIL"
    },
    {
        "Flavor": 10,
        "FlavorType": "FLAVOR_OFFENSE",
        "ResourceType": "RESOURCE_ALUMINUM"
    },
    {
        "Flavor": 10,
        "FlavorType": "FLAVOR_OFFENSE",
        "ResourceType": "RESOURCE_URANIUM"
    },
    {
        "Flavor": 10,
        "FlavorType": "FLAVOR_GROWTH",
        "ResourceType": "RESOURCE_WHEAT"
    },
    {
        "Flavor": 10,
        "FlavorType": "FLAVOR_GROWTH",
        "ResourceType": "RESOURCE_COW"
    },
    {
        "Flavor": 10,
        "FlavorType": "FLAVOR_GROWTH",
        "ResourceType": "RESOURCE_SHEEP"
    },
    {
        "Flavor": 10,
        "FlavorType": "FLAVOR_GROWTH",
        "ResourceType": "RESOURCE_DEER"
    },
    {
        "Flavor": 10,
        "FlavorType": "FLAVOR_GROWTH",
        "ResourceType": "RESOURCE_BANANA"
    },
    {
        "Flavor": 10,
        "FlavorType": "FLAVOR_GROWTH",
        "ResourceType": "RESOURCE_FISH"
    },
    {
        "Flavor": 10,
        "FlavorType": "FLAVOR_HAPPINESS",
        "ResourceType": "RESOURCE_WHALE"
    },
    {
        "Flavor": 10,
        "FlavorType": "FLAVOR_HAPPINESS",
        "ResourceType": "RESOURCE_PEARLS"
    },
    {
        "Flavor": 10,
        "FlavorType": "FLAVOR_HAPPINESS",
        "ResourceType": "RESOURCE_GOLD"
    },
    {
        "Flavor": 10,
        "FlavorType": "FLAVOR_HAPPINESS",
        "ResourceType": "RESOURCE_SILVER"
    },
    {
        "Flavor": 10,
        "FlavorType": "FLAVOR_HAPPINESS",
        "ResourceType": "RESOURCE_GEMS"
    },
    {
        "Flavor": 10,
        "FlavorType": "FLAVOR_HAPPINESS",
        "ResourceType": "RESOURCE_MARBLE"
    },
    {
        "Flavor": 10,
        "FlavorType": "FLAVOR_HAPPINESS",
        "ResourceType": "RESOURCE_IVORY"
    },
    {
        "Flavor": 10,
        "FlavorType": "FLAVOR_HAPPINESS",
        "ResourceType": "RESOURCE_FUR"
    },
    {
        "Flavor": 10,
        "FlavorType": "FLAVOR_HAPPINESS",
        "ResourceType": "RESOURCE_DYE"
    },
    {
        "Flavor": 10,
        "FlavorType": "FLAVOR_HAPPINESS",
        "ResourceType": "RESOURCE_SPICES"
    },
    {
        "Flavor": 10,
        "FlavorType": "FLAVOR_HAPPINESS",
        "ResourceType": "RESOURCE_SILK"
    },
    {
        "Flavor": 10,
        "FlavorType": "FLAVOR_HAPPINESS",
        "ResourceType": "RESOURCE_SUGAR"
    },
    {
        "Flavor": 10,
        "FlavorType": "FLAVOR_HAPPINESS",
        "ResourceType": "RESOURCE_COTTON"
    },
    {
        "Flavor": 10,
        "FlavorType": "FLAVOR_HAPPINESS",
        "ResourceType": "RESOURCE_WINE"
    },
    {
        "Flavor": 10,
        "FlavorType": "FLAVOR_HAPPINESS",
        "ResourceType": "RESOURCE_INCENSE"
    },
    {
        "Flavor": 10,
        "FlavorType": "FLAVOR_HAPPINESS",
        "ResourceType": "RESOURCE_JEWELRY"
    },
    {
        "Flavor": 10,
        "FlavorType": "FLAVOR_HAPPINESS",
        "ResourceType": "RESOURCE_PORCELAIN"
    },
    {
        "Flavor": 10,
        "FlavorType": "FLAVOR_HAPPINESS",
        "ResourceType": "RESOURCE_COPPER"
    },
    {
        "Flavor": 10,
        "FlavorType": "FLAVOR_HAPPINESS",
        "ResourceType": "RESOURCE_SALT"
    },
    {
        "Flavor": 10,
        "FlavorType": "FLAVOR_HAPPINESS",
        "ResourceType": "RESOURCE_CRAB"
    },
    {
        "Flavor": 10,
        "FlavorType": "FLAVOR_HAPPINESS",
        "ResourceType": "RESOURCE_TRUFFLES"
    },
    {
        "Flavor": 10,
        "FlavorType": "FLAVOR_HAPPINESS",
        "ResourceType": "RESOURCE_CITRUS"
    },
    {
        "Flavor": 10,
        "FlavorType": "FLAVOR_CULTURE",
        "ResourceType": "RESOURCE_ARTIFACTS"
    },
    {
        "Flavor": 10,
        "FlavorType": "FLAVOR_HAPPINESS",
        "ResourceType": "RESOURCE_NUTMEG"
    },
    {
        "Flavor": 10,
        "FlavorType": "FLAVOR_HAPPINESS",
        "ResourceType": "RESOURCE_CLOVES"
    },
    {
        "Flavor": 10,
        "FlavorType": "FLAVOR_HAPPINESS",
        "ResourceType": "RESOURCE_PEPPER"
    },
    {
        "Flavor": 10,
        "FlavorType": "FLAVOR_HAPPINESS",
        "ResourceType": "RESOURCE_COCOA"
    }
]