[
    {
        "Civilopedia": null,
        "Cost": 0,
        "CulturePerTurn": 0,
        "Description": "TXT_KEY_SPECIALIST_CITIZEN",
        "Experience": 0,
        "GreatPeopleRateChange": 0,
        "GreatPeopleTitle": null,
        "GreatPeopleUnitClass": null,
        "Help": null,
        "ID": 0,
        "IconAtlas": "CITIZEN_ATLAS",
        "PortraitIndex": 5,
        "Strategy": "TXT_KEY_SPECIALIST_CITIZEN_STRATEGY",
        "Type": "SPECIALIST_CITIZEN",
        "Visible": 1
    },
    {
        "Civilopedia": null,
        "Cost": 0,
        "CulturePerTurn": 3,
        "Description": "TXT_KEY_SPECIALIST_WRITER",
        "Experience": 0,
        "GreatPeopleRateChange": 3,
        "GreatPeopleTitle": "TXT_KEY_SPECIALIST_WRITER_TITLE",
        "GreatPeopleUnitClass": "UNITCLASS_WRITER",
        "Help": null,
        "ID": 1,
        "IconAtlas": "CITIZEN_ATLAS",
        "PortraitIndex": 4,
        "Strategy": "TXT_KEY_SPECIALIST_WRITER_STRATEGY",
        "Type": "SPECIALIST_WRITER",
        "Visible": 1
    },
    {
        "Civilopedia": null,
        "Cost": 0,
        "CulturePerTurn": 3,
        "Description": "TXT_KEY_SPECIALIST_ARTIST",
        "Experience": 0,
        "GreatPeopleRateChange": 3,
        "GreatPeopleTitle": "TXT_KEY_SPECIALIST_ARTIST_TITLE",
        "GreatPeopleUnitClass": "UNITCLASS_ARTIST",
        "Help": null,
        "ID": 2,
        "IconAtlas": "CITIZEN_ATLAS",
        "PortraitIndex": 4,
        "Strategy": "TXT_KEY_SPECIALIST_ARTIST_STRATEGY",
        "Type": "SPECIALIST_ARTIST",
        "Visible": 1
    },
    {
        "Civilopedia": null,
        "Cost": 0,
        "CulturePerTurn": 3,
        "Description": "TXT_KEY_SPECIALIST_MUSICIAN",
        "Experience": 0,
        "GreatPeopleRateChange": 3,
        "GreatPeopleTitle": "TXT_KEY_SPECIALIST_MUSICIAN_TITLE",
        "GreatPeopleUnitClass": "UNITCLASS_MUSICIAN",
        "Help": null,
        "ID": 3,
        "IconAtlas": "CITIZEN_ATLAS",
        "PortraitIndex": 4,
        "Strategy": "TXT_KEY_SPECIALIST_MUSICIAN_STRATEGY",
        "Type": "SPECIALIST_MUSICIAN",
        "Visible": 1
    },
    {
        "Civilopedia": null,
        "Cost": 0,
        "CulturePerTurn": 0,
        "Description": "TXT_KEY_SPECIALIST_SCIENTIST",
        "Experience": 0,
        "GreatPeopleRateChange": 3,
        "GreatPeopleTitle": "TXT_KEY_SPECIALIST_SCIENTIST_TITLE",
        "GreatPeopleUnitClass": "UNITCLASS_SCIENTIST",
        "Help": null,
        "ID": 4,
        "IconAtlas": "CITIZEN_ATLAS",
        "PortraitIndex": 2,
        "Strategy": "TXT_KEY_SPECIALIST_SCIENTIST_STRATEGY",
        "Type": "SPECIALIST_SCIENTIST",
        "Visible": 1
    },
    {
        "Civilopedia": null,
        "Cost": 0,
        "CulturePerTurn": 0,
        "Description": "TXT_KEY_SPECIALIST_MERCHANT",
        "Experience": 0,
        "GreatPeopleRateChange": 3,
        "GreatPeopleTitle": "TXT_KEY_SPECIALIST_MERCHANT_TITLE",
        "GreatPeopleUnitClass": "UNITCLASS_MERCHANT",
        "Help": null,
        "ID": 5,
        "IconAtlas": "CITIZEN_ATLAS",
        "PortraitIndex": 3,
        "Strategy": "TXT_KEY_SPECIALIST_MERCHANT_STRATEGY",
        "Type": "SPECIALIST_MERCHANT",
        "Visible": 1
    },
    {
        "Civilopedia": null,
        "Cost": 0,
        "CulturePerTurn": 0,
        "Description": "TXT_KEY_SPECIALIST_ENGINEER",
        "Experience": 0,
        "GreatPeopleRateChange": 3,
        "GreatPeopleTitle": "TXT_KEY_SPECIALIST_ENGINEER_TITLE",
        "GreatPeopleUnitClass": "UNITCLASS_ENGINEER",
        "Help": null,
        "ID": 6,
        "IconAtlas": "CITIZEN_ATLAS",
        "PortraitIndex": 1,
        "Strategy": "TXT_KEY_SPECIALIST_ENGINEER_STRATEGY",
        "Type": "SPECIALIST_ENGINEER",
        "Visible": 1
    }
]