[
    {
        "TerrainType": "TERRAIN_GRASS",
        "Yield": -2,
        "YieldType": "YIELD_FOOD"
    },
    {
        "TerrainType": "TERRAIN_GRASS",
        "Yield": 2,
        "YieldType": "YIELD_PRODUCTION"
    },
    {
        "TerrainType": "TERRAIN_PLAINS",
        "Yield": -1,
        "YieldType": "YIELD_FOOD"
    },
    {
        "TerrainType": "TERRAIN_PLAINS",
        "Yield": 1,
        "YieldType": "YIELD_PRODUCTION"
    },
    {
        "TerrainType": "TERRAIN_DESERT",
        "Yield": 2,
        "YieldType": "YIELD_PRODUCTION"
    },
    {
        "TerrainType": "TERRAIN_TUNDRA",
        "Yield": -1,
        "YieldType": "YIELD_FOOD"
    },
    {
        "TerrainType": "TERRAIN_TUNDRA",
        "Yield": 2,
        "YieldType": "YIELD_PRODUCTION"
    }
]