[
    {
        "ArtDefineTag": "ART_DEF_TERRAIN_GRASS",
        "BuildModifier": 0,
        "Button": "Art/Interface\\Buttons\\WorldBuilder\\Terrain_Grass.dds",
        "Civilopedia": "TXT_KEY_CIV5_TERRAIN_GRASSLAND_TEXT",
        "Defense": 0,
        "Description": "TXT_KEY_TERRAIN_GRASS",
        "EffectTypeTag": "DIRT",
        "Found": 1,
        "FoundCoast": 0,
        "FoundFreshWater": 0,
        "GraphicalOnly": 0,
        "ID": 0,
        "IconAtlas": "TERRAIN_ATLAS",
        "Impassable": 0,
        "InfluenceCost": 1,
        "Movement": 1,
        "PortraitIndex": 4,
        "SeeFrom": 1,
        "SeeThrough": 1,
        "Type": "TERRAIN_GRASS",
        "Water": 0,
        "WorldSoundscapeAudioScript": "ASSS_AMBIENCE_GRASSLANDS"
    },
    {
        "ArtDefineTag": "ART_DEF_TERRAIN_PLAINS",
        "BuildModifier": 0,
        "Button": "Art/Interface\\Buttons\\WorldBuilder\\Terrain_Plains.dds",
        "Civilopedia": "TXT_KEY_CIV5_TERRAIN_PLAINS_TEXT",
        "Defense": 0,
        "Description": "TXT_KEY_TERRAIN_PLAINS",
        "EffectTypeTag": "DIRT",
        "Found": 1,
        "FoundCoast": 0,
        "FoundFreshWater": 0,
        "GraphicalOnly": 0,
        "ID": 1,
        "IconAtlas": "TERRAIN_ATLAS",
        "Impassable": 0,
        "InfluenceCost": 1,
        "Movement": 1,
        "PortraitIndex": 12,
        "SeeFrom": 1,
        "SeeThrough": 1,
        "Type": "TERRAIN_PLAINS",
        "Water": 0,
        "WorldSoundscapeAudioScript": "ASSS_AMBIENCE_GRASSLANDS"
    },
    {
        "ArtDefineTag": "ART_DEF_TERRAIN_DESERT",
        "BuildModifier": 0,
        "Button": "Art/Interface\\Buttons\\WorldBuilder\\Terrain_Desert.dds",
        "Civilopedia": "TXT_KEY_CIV5_TERRAIN_DESERT_TEXT",
        "Defense": 0,
        "Description": "TXT_KEY_TERRAIN_DESERT",
        "EffectTypeTag": "SAND",
        "Found": 1,
        "FoundCoast": 0,
        "FoundFreshWater": 0,
        "GraphicalOnly": 0,
        "ID": 2,
        "IconAtlas": "TERRAIN_ATLAS",
        "Impassable": 0,
        "InfluenceCost": 2,
        "Movement": 1,
        "PortraitIndex": 1,
        "SeeFrom": 1,
        "SeeThrough": 1,
        "Type": "TERRAIN_DESERT",
        "Water": 0,
        "WorldSoundscapeAudioScript": "ASSS_AMBIENCE_DESERT"
    },
    {
        "ArtDefineTag": "ART_DEF_TERRAIN_TUNDRA",
        "BuildModifier": 0,
        "Button": "Art/Interface\\Buttons\\WorldBuilder\\Terrain_Tundra.dds",
        "Civilopedia": "TXT_KEY_CIV5_TERRAIN_TUNDRA_TEXT",
        "Defense": 0,
        "Description": "TXT_KEY_TERRAIN_TUNDRA",
        "EffectTypeTag": "DIRT",
        "Found": 1,
        "FoundCoast": 0,
        "FoundFreshWater": 0,
        "GraphicalOnly": 0,
        "ID": 3,
        "IconAtlas": "TERRAIN_ATLAS",
        "Impassable": 0,
        "InfluenceCost": 2,
        "Movement": 1,
        "PortraitIndex": 16,
        "SeeFrom": 1,
        "SeeThrough": 1,
        "Type": "TERRAIN_TUNDRA",
        "Water": 0,
        "WorldSoundscapeAudioScript": "ASSS_AMBIENCE_TUNDRA"
    },
    {
        "ArtDefineTag": "ART_DEF_TERRAIN_SNOW",
        "BuildModifier": 0,
        "Button": "Art/Interface\\Buttons\\WorldBuilder\\Terrain_Ice.dds",
        "Civilopedia": "TXT_KEY_CIV5_TERRAIN_SNOW_TEXT",
        "Defense": 0,
        "Description": "TXT_KEY_TERRAIN_SNOW",
        "EffectTypeTag": "SNOW",
        "Found": 1,
        "FoundCoast": 0,
        "FoundFreshWater": 0,
        "GraphicalOnly": 0,
        "ID": 4,
        "IconAtlas": "TERRAIN_ATLAS",
        "Impassable": 0,
        "InfluenceCost": 2,
        "Movement": 1,
        "PortraitIndex": 15,
        "SeeFrom": 1,
        "SeeThrough": 1,
        "Type": "TERRAIN_SNOW",
        "Water": 0,
        "WorldSoundscapeAudioScript": "ASSS_AMBIENCE_TUNDRA"
    },
    {
        "ArtDefineTag": "ART_DEF_TERRAIN_COAST",
        "BuildModifier": 0,
        "Button": "Art/Interface\\Buttons\\WorldBuilder\\Terrain_Coast.dds",
        "Civilopedia": "TXT_KEY_CIV5_TERRAIN_COAST_TEXT",
        "Defense": 0,
        "Description": "TXT_KEY_TERRAIN_COAST",
        "EffectTypeTag": "WATER",
        "Found": 0,
        "FoundCoast": 0,
        "FoundFreshWater": 0,
        "GraphicalOnly": 0,
        "ID": 5,
        "IconAtlas": "TERRAIN_ATLAS",
        "Impassable": 0,
        "InfluenceCost": 2,
        "Movement": 1,
        "PortraitIndex": 14,
        "SeeFrom": 0,
        "SeeThrough": 0,
        "Type": "TERRAIN_COAST",
        "Water": 1,
        "WorldSoundscapeAudioScript": "ASSS_AMBIENCE_COAST"
    },
    {
        "ArtDefineTag": "ART_DEF_TERRAIN_OCEAN",
        "BuildModifier": 0,
        "Button": "Art/Interface\\Buttons\\WorldBuilder\\Terrain_Ocean.dds",
        "Civilopedia": "TXT_KEY_CIV5_TERRAIN_OCEAN_TEXT",
        "Defense": 0,
        "Description": "TXT_KEY_TERRAIN_OCEAN",
        "EffectTypeTag": "WATER",
        "Found": 0,
        "FoundCoast": 0,
        "FoundFreshWater": 0,
        "GraphicalOnly": 0,
        "ID": 6,
        "IconAtlas": "TERRAIN_ATLAS",
        "Impassable": 0,
        "InfluenceCost": 3,
        "Movement": 1,
        "PortraitIndex": 11,
        "SeeFrom": 0,
        "SeeThrough": 0,
        "Type": "TERRAIN_OCEAN",
        "Water": 1,
        "WorldSoundscapeAudioScript": "ASSS_AMBIENCE_DEEP_OCEAN"
    },
    {
        "ArtDefineTag": "ART_DEF_TERRAIN_MOUNTAIN",
        "BuildModifier": 0,
        "Button": "Art/Interface\\Buttons\\WorldBuilder\\Terrain_Mountain.dds",
        "Civilopedia": "TXT_KEY_CIV5_SPECIALTERRAIN_MOUNTAINS_TEXT",
        "Defense": 0,
        "Description": "TXT_KEY_TERRAIN_MOUNTAIN",
        "EffectTypeTag": "DIRT",
        "Found": 0,
        "FoundCoast": 0,
        "FoundFreshWater": 0,
        "GraphicalOnly": 1,
        "ID": 7,
        "IconAtlas": "TERRAIN_ATLAS",
        "Impassable": 0,
        "InfluenceCost": 0,
        "Movement": 1,
        "PortraitIndex": 9,
        "SeeFrom": 0,
        "SeeThrough": 0,
        "Type": "TERRAIN_MOUNTAIN",
        "Water": 1,
        "WorldSoundscapeAudioScript": "ASSS_AMBIENCE_GRASSLANDS"
    },
    {
        "ArtDefineTag": "ART_DEF_TERRAIN_HILL",
        "BuildModifier": 0,
        "Button": "Art/Interface\\Buttons\\WorldBuilder\\Terrain_Hill.dds",
        "Civilopedia": "TXT_KEY_CIV5_SPECIALTERRAIN_HILLS_TEXT",
        "Defense": 0,
        "Description": "TXT_KEY_TERRAIN_HILL",
        "EffectTypeTag": "DIRT",
        "Found": 0,
        "FoundCoast": 0,
        "FoundFreshWater": 0,
        "GraphicalOnly": 1,
        "ID": 8,
        "IconAtlas": "TERRAIN_ATLAS",
        "Impassable": 0,
        "InfluenceCost": 0,
        "Movement": 1,
        "PortraitIndex": 5,
        "SeeFrom": 0,
        "SeeThrough": 0,
        "Type": "TERRAIN_HILL",
        "Water": 1,
        "WorldSoundscapeAudioScript": "ASSS_AMBIENCE_GRASSLANDS"
    }
]