[
    {
        "ResourceQuantityModifier": 100,
        "ResourceType": "RESOURCE_HORSE",
        "TraitType": "TRAIT_STRATEGIC_RICHES"
    },
    {
        "ResourceQuantityModifier": 100,
        "ResourceType": "RESOURCE_IRON",
        "TraitType": "TRAIT_STRATEGIC_RICHES"
    },
    {
        "ResourceQuantityModifier": 100,
        "ResourceType": "RESOURCE_URANIUM",
        "TraitType": "TRAIT_STRATEGIC_RICHES"
    },
    {
        "ResourceQuantityModifier": 100,
        "ResourceType": "RESOURCE_OIL",
        "TraitType": "TRAIT_LAND_TRADE_GOLD"
    }
]