[
    {
        "SpecialistType": "SPECIALIST_ARTIST",
        "TraitType": "TRAIT_SCHOLARS_JADE_HALL",
        "Yield": 2,
        "YieldType": "YIELD_SCIENCE"
    },
    {
        "SpecialistType": "SPECIALIST_SCIENTIST",
        "TraitType": "TRAIT_SCHOLARS_JADE_HALL",
        "Yield": 2,
        "YieldType": "YIELD_SCIENCE"
    },
    {
        "SpecialistType": "SPECIALIST_MERCHANT",
        "TraitType": "TRAIT_SCHOLARS_JADE_HALL",
        "Yield": 2,
        "YieldType": "YIELD_SCIENCE"
    },
    {
        "SpecialistType": "SPECIALIST_ENGINEER",
        "TraitType": "TRAIT_SCHOLARS_JADE_HALL",
        "Yield": 2,
        "YieldType": "YIELD_SCIENCE"
    },
    {
        "SpecialistType": "SPECIALIST_WRITER",
        "TraitType": "TRAIT_SCHOLARS_JADE_HALL",
        "Yield": 2,
        "YieldType": "YIELD_SCIENCE"
    },
    {
        "SpecialistType": "SPECIALIST_MUSICIAN",
        "TraitType": "TRAIT_SCHOLARS_JADE_HALL",
        "Yield": 2,
        "YieldType": "YIELD_SCIENCE"
    }
]