[
    {
        "ImprovementType": "IMPROVEMENT_FISHING_BOATS",
        "TraitType": "TRAIT_FIGHT_WELL_DAMAGED",
        "Yield": 1,
        "YieldType": "YIELD_CULTURE"
    },
    {
        "ImprovementType": "IMPROVEMENT_ACADEMY",
        "TraitType": "TRAIT_SCHOLARS_JADE_HALL",
        "Yield": 2,
        "YieldType": "YIELD_SCIENCE"
    },
    {
        "ImprovementType": "IMPROVEMENT_CUSTOMS_HOUSE",
        "TraitType": "TRAIT_SCHOLARS_JADE_HALL",
        "Yield": 2,
        "YieldType": "YIELD_SCIENCE"
    },
    {
        "ImprovementType": "IMPROVEMENT_MANUFACTORY",
        "TraitType": "TRAIT_SCHOLARS_JADE_HALL",
        "Yield": 2,
        "YieldType": "YIELD_SCIENCE"
    },
    {
        "ImprovementType": "IMPROVEMENT_CITADEL",
        "TraitType": "TRAIT_SCHOLARS_JADE_HALL",
        "Yield": 2,
        "YieldType": "YIELD_SCIENCE"
    },
    {
        "ImprovementType": "IMPROVEMENT_LANDMARK",
        "TraitType": "TRAIT_SCHOLARS_JADE_HALL",
        "Yield": 2,
        "YieldType": "YIELD_SCIENCE"
    },
    {
        "ImprovementType": "IMPROVEMENT_HOLY_SITE",
        "TraitType": "TRAIT_SCHOLARS_JADE_HALL",
        "Yield": 2,
        "YieldType": "YIELD_SCIENCE"
    },
    {
        "ImprovementType": "IMPROVEMENT_PASTURE",
        "TraitType": "TRAIT_RAZE_AND_HORSES",
        "Yield": 1,
        "YieldType": "YIELD_PRODUCTION"
    }
]