[
    {
        "BuildType": "BUILD_ROAD",
        "UnitType": "UNIT_WORKER"
    },
    {
        "BuildType": "BUILD_RAILROAD",
        "UnitType": "UNIT_WORKER"
    },
    {
        "BuildType": "BUILD_FARM",
        "UnitType": "UNIT_WORKER"
    },
    {
        "BuildType": "BUILD_MINE",
        "UnitType": "UNIT_WORKER"
    },
    {
        "BuildType": "BUILD_TRADING_POST",
        "UnitType": "UNIT_WORKER"
    },
    {
        "BuildType": "BUILD_LUMBERMILL",
        "UnitType": "UNIT_WORKER"
    },
    {
        "BuildType": "BUILD_PASTURE",
        "UnitType": "UNIT_WORKER"
    },
    {
        "BuildType": "BUILD_CAMP",
        "UnitType": "UNIT_WORKER"
    },
    {
        "BuildType": "BUILD_PLANTATION",
        "UnitType": "UNIT_WORKER"
    },
    {
        "BuildType": "BUILD_QUARRY",
        "UnitType": "UNIT_WORKER"
    },
    {
        "BuildType": "BUILD_WELL",
        "UnitType": "UNIT_WORKER"
    },
    {
        "BuildType": "BUILD_FORT",
        "UnitType": "UNIT_WORKER"
    },
    {
        "BuildType": "BUILD_REMOVE_JUNGLE",
        "UnitType": "UNIT_WORKER"
    },
    {
        "BuildType": "BUILD_REMOVE_MARSH",
        "UnitType": "UNIT_WORKER"
    },
    {
        "BuildType": "BUILD_REMOVE_FOREST",
        "UnitType": "UNIT_WORKER"
    },
    {
        "BuildType": "BUILD_SCRUB_FALLOUT",
        "UnitType": "UNIT_WORKER"
    },
    {
        "BuildType": "BUILD_REPAIR",
        "UnitType": "UNIT_WORKER"
    },
    {
        "BuildType": "BUILD_REMOVE_ROUTE",
        "UnitType": "UNIT_WORKER"
    },
    {
        "BuildType": "BUILD_FISHING_BOATS",
        "UnitType": "UNIT_WORKBOAT"
    },
    {
        "BuildType": "BUILD_OFFSHORE_PLATFORM",
        "UnitType": "UNIT_WORKBOAT"
    },
    {
        "BuildType": "BUILD_REPAIR",
        "UnitType": "UNIT_WORKBOAT"
    },
    {
        "BuildType": "BUILD_ROAD",
        "UnitType": "UNIT_ROMAN_LEGION"
    },
    {
        "BuildType": "BUILD_FORT",
        "UnitType": "UNIT_ROMAN_LEGION"
    },
    {
        "BuildType": "BUILD_ACADEMY",
        "UnitType": "UNIT_SCIENTIST"
    },
    {
        "BuildType": "BUILD_CUSTOMS_HOUSE",
        "UnitType": "UNIT_MERCHANT"
    },
    {
        "BuildType": "BUILD_MANUFACTORY",
        "UnitType": "UNIT_ENGINEER"
    },
    {
        "BuildType": "BUILD_CITADEL",
        "UnitType": "UNIT_GREAT_GENERAL"
    },
    {
        "BuildType": "BUILD_FISHING_BOATS_NO_KILL",
        "UnitType": "UNIT_JAPANESE_SAMURAI"
    },
    {
        "BuildType": "BUILD_CITADEL",
        "UnitType": "UNIT_MONGOLIAN_KHAN"
    },
    {
        "BuildType": "BUILD_TERRACE_FARM",
        "UnitType": "UNIT_WORKER"
    },
    {
        "BuildType": "BUILD_MOAI",
        "UnitType": "UNIT_WORKER"
    },
    {
        "BuildType": "BUILD_POLDER",
        "UnitType": "UNIT_WORKER"
    },
    {
        "BuildType": "BUILD_HOLY_SITE",
        "UnitType": "UNIT_PROPHET"
    },
    {
        "BuildType": "BUILD_CUSTOMS_HOUSE",
        "UnitType": "UNIT_VENETIAN_MERCHANT"
    },
    {
        "BuildType": "BUILD_ARCHAEOLOGY_DIG",
        "UnitType": "UNIT_ARCHAEOLOGIST"
    },
    {
        "BuildType": "BUILD_LANDMARK",
        "UnitType": "UNIT_ARCHAEOLOGIST"
    },
    {
        "BuildType": "BUILD_BRAZILWOOD_CAMP",
        "UnitType": "UNIT_WORKER"
    },
    {
        "BuildType": "BUILD_KASBAH",
        "UnitType": "UNIT_WORKER"
    },
    {
        "BuildType": "BUILD_FEITORIA",
        "UnitType": "UNIT_WORKER"
    },
    {
        "BuildType": "BUILD_CHATEAU",
        "UnitType": "UNIT_WORKER"
    }
]