[
    {
        "Description": "TXT_KEY_UNITCOMBAT_RECON",
        "ID": 0,
        "Type": "UNITCOMBAT_RECON"
    },
    {
        "Description": "TXT_KEY_UNITCOMBAT_ARCHER",
        "ID": 1,
        "Type": "UNITCOMBAT_ARCHER"
    },
    {
        "Description": "TXT_KEY_UNITCOMBAT_MOUNTED",
        "ID": 2,
        "Type": "UNITCOMBAT_MOUNTED"
    },
    {
        "Description": "TXT_KEY_UNITCOMBAT_MELEE",
        "ID": 3,
        "Type": "UNITCOMBAT_MELEE"
    },
    {
        "Description": "TXT_KEY_UNITCOMBAT_SIEGE",
        "ID": 4,
        "Type": "UNITCOMBAT_SIEGE"
    },
    {
        "Description": "TXT_KEY_UNITCOMBAT_GUN",
        "ID": 5,
        "Type": "UNITCOMBAT_GUN"
    },
    {
        "Description": "TXT_KEY_UNITCOMBAT_ARMOR",
        "ID": 6,
        "Type": "UNITCOMBAT_ARMOR"
    },
    {
        "Description": "TXT_KEY_UNITCOMBAT_HELICOPTER",
        "ID": 7,
        "Type": "UNITCOMBAT_HELICOPTER"
    },
    {
        "Description": "TXT_KEY_UNITCOMBAT_NAVALRANGED",
        "ID": 8,
        "Type": "UNITCOMBAT_NAVALRANGED"
    },
    {
        "Description": "TXT_KEY_UNITCOMBAT_FIGHTER",
        "ID": 9,
        "Type": "UNITCOMBAT_FIGHTER"
    },
    {
        "Description": "TXT_KEY_UNITCOMBAT_BOMBER",
        "ID": 10,
        "Type": "UNITCOMBAT_BOMBER"
    },
    {
        "Description": "TXT_KEY_UNITCOMBAT_NAVALMELEE",
        "ID": 11,
        "Type": "UNITCOMBAT_NAVALMELEE"
    },
    {
        "Description": "TXT_KEY_UNITCOMBAT_SUBMARINE",
        "ID": 12,
        "Type": "UNITCOMBAT_SUBMARINE"
    },
    {
        "Description": "TXT_KEY_UNITCOMBAT_CARRIER",
        "ID": 13,
        "Type": "UNITCOMBAT_CARRIER"
    }
]