[
    {
        "Cost": 1,
        "ResourceType": "RESOURCE_HORSE",
        "UnitType": "UNIT_CHARIOT_ARCHER"
    },
    {
        "Cost": 1,
        "ResourceType": "RESOURCE_IRON",
        "UnitType": "UNIT_SWORDSMAN"
    },
    {
        "Cost": 1,
        "ResourceType": "RESOURCE_IRON",
        "UnitType": "UNIT_ROMAN_LEGION"
    },
    {
        "Cost": 1,
        "ResourceType": "RESOURCE_HORSE",
        "UnitType": "UNIT_HORSEMAN"
    },
    {
        "Cost": 1,
        "ResourceType": "RESOURCE_HORSE",
        "UnitType": "UNIT_GREEK_COMPANIONCAVALRY"
    },
    {
        "Cost": 1,
        "ResourceType": "RESOURCE_HORSE",
        "UnitType": "UNIT_KNIGHT"
    },
    {
        "Cost": 1,
        "ResourceType": "RESOURCE_HORSE",
        "UnitType": "UNIT_ARABIAN_CAMELARCHER"
    },
    {
        "Cost": 1,
        "ResourceType": "RESOURCE_HORSE",
        "UnitType": "UNIT_SONGHAI_MUSLIMCAVALRY"
    },
    {
        "Cost": 1,
        "ResourceType": "RESOURCE_IRON",
        "UnitType": "UNIT_LONGSWORDSMAN"
    },
    {
        "Cost": 1,
        "ResourceType": "RESOURCE_IRON",
        "UnitType": "UNIT_JAPANESE_SAMURAI"
    },
    {
        "Cost": 1,
        "ResourceType": "RESOURCE_HORSE",
        "UnitType": "UNIT_LANCER"
    },
    {
        "Cost": 1,
        "ResourceType": "RESOURCE_HORSE",
        "UnitType": "UNIT_OTTOMAN_SIPAHI"
    },
    {
        "Cost": 1,
        "ResourceType": "RESOURCE_HORSE",
        "UnitType": "UNIT_CAVALRY"
    },
    {
        "Cost": 1,
        "ResourceType": "RESOURCE_HORSE",
        "UnitType": "UNIT_RUSSIAN_COSSACK"
    },
    {
        "Cost": 1,
        "ResourceType": "RESOURCE_OIL",
        "UnitType": "UNIT_TANK"
    },
    {
        "Cost": 1,
        "ResourceType": "RESOURCE_OIL",
        "UnitType": "UNIT_GERMAN_PANZER"
    },
    {
        "Cost": 1,
        "ResourceType": "RESOURCE_OIL",
        "UnitType": "UNIT_FIGHTER"
    },
    {
        "Cost": 1,
        "ResourceType": "RESOURCE_OIL",
        "UnitType": "UNIT_BOMBER"
    },
    {
        "Cost": 1,
        "ResourceType": "RESOURCE_OIL",
        "UnitType": "UNIT_AMERICAN_B17"
    },
    {
        "Cost": 1,
        "ResourceType": "RESOURCE_URANIUM",
        "UnitType": "UNIT_ATOMIC_BOMB"
    },
    {
        "Cost": 1,
        "ResourceType": "RESOURCE_ALUMINUM",
        "UnitType": "UNIT_ROCKET_ARTILLERY"
    },
    {
        "Cost": 1,
        "ResourceType": "RESOURCE_ALUMINUM",
        "UnitType": "UNIT_MODERN_ARMOR"
    },
    {
        "Cost": 1,
        "ResourceType": "RESOURCE_ALUMINUM",
        "UnitType": "UNIT_HELICOPTER_GUNSHIP"
    },
    {
        "Cost": 1,
        "ResourceType": "RESOURCE_ALUMINUM",
        "UnitType": "UNIT_JET_FIGHTER"
    },
    {
        "Cost": 1,
        "ResourceType": "RESOURCE_ALUMINUM",
        "UnitType": "UNIT_STEALTH_BOMBER"
    },
    {
        "Cost": 2,
        "ResourceType": "RESOURCE_URANIUM",
        "UnitType": "UNIT_NUCLEAR_MISSILE"
    },
    {
        "Cost": 1,
        "ResourceType": "RESOURCE_URANIUM",
        "UnitType": "UNIT_MECH"
    },
    {
        "Cost": 1,
        "ResourceType": "RESOURCE_IRON",
        "UnitType": "UNIT_FRIGATE"
    },
    {
        "Cost": 1,
        "ResourceType": "RESOURCE_IRON",
        "UnitType": "UNIT_ENGLISH_SHIPOFTHELINE"
    },
    {
        "Cost": 1,
        "ResourceType": "RESOURCE_COAL",
        "UnitType": "UNIT_IRONCLAD"
    },
    {
        "Cost": 1,
        "ResourceType": "RESOURCE_OIL",
        "UnitType": "UNIT_BATTLESHIP"
    },
    {
        "Cost": 1,
        "ResourceType": "RESOURCE_ALUMINUM",
        "UnitType": "UNIT_SS_STASIS_CHAMBER"
    },
    {
        "Cost": 1,
        "ResourceType": "RESOURCE_ALUMINUM",
        "UnitType": "UNIT_SS_ENGINE"
    },
    {
        "Cost": 1,
        "ResourceType": "RESOURCE_ALUMINUM",
        "UnitType": "UNIT_SS_COCKPIT"
    },
    {
        "Cost": 1,
        "ResourceType": "RESOURCE_ALUMINUM",
        "UnitType": "UNIT_SS_BOOSTER"
    },
    {
        "Cost": 1,
        "ResourceType": "RESOURCE_HORSE",
        "UnitType": "UNIT_MONGOLIAN_KESHIK"
    },
    {
        "Cost": 1,
        "ResourceType": "RESOURCE_IRON",
        "UnitType": "UNIT_DANISH_BERSERKER"
    },
    {
        "Cost": 1,
        "ResourceType": "RESOURCE_HORSE",
        "UnitType": "UNIT_BYZANTINE_CATAPHRACT"
    },
    {
        "Cost": 1,
        "ResourceType": "RESOURCE_HORSE",
        "UnitType": "UNIT_AUSTRIAN_HUSSAR"
    },
    {
        "Cost": 1,
        "ResourceType": "RESOURCE_HORSE",
        "UnitType": "UNIT_SWEDISH_HAKKAPELIITTA"
    },
    {
        "Cost": 1,
        "ResourceType": "RESOURCE_HORSE",
        "UnitType": "UNIT_SPANISH_CONQUISTADOR"
    },
    {
        "Cost": 1,
        "ResourceType": "RESOURCE_OIL",
        "UnitType": "UNIT_TRIPLANE"
    },
    {
        "Cost": 1,
        "ResourceType": "RESOURCE_OIL",
        "UnitType": "UNIT_WWI_BOMBER"
    },
    {
        "Cost": 1,
        "ResourceType": "RESOURCE_OIL",
        "UnitType": "UNIT_WWI_TANK"
    },
    {
        "Cost": 1,
        "ResourceType": "RESOURCE_HORSE",
        "UnitType": "UNIT_POLISH_WINGED_HUSSAR"
    },
    {
        "Cost": 1,
        "ResourceType": "RESOURCE_HORSE",
        "UnitType": "UNIT_SHOSHONE_COMANCHE_RIDERS"
    },
    {
        "Cost": 1,
        "ResourceType": "RESOURCE_HORSE",
        "UnitType": "UNIT_BERBER_CAVALRY"
    },
    {
        "Cost": 1,
        "ResourceType": "RESOURCE_IRON",
        "UnitType": "UNIT_KRIS_SWORDSMAN"
    }
]