[
    {
        "DomainType": "DOMAIN_SEA",
        "Modifier": 15,
        "PediaType": null,
        "PromotionType": "PROMOTION_TARGETING_1"
    },
    {
        "DomainType": "DOMAIN_SEA",
        "Modifier": 15,
        "PediaType": null,
        "PromotionType": "PROMOTION_TARGETING_2"
    },
    {
        "DomainType": "DOMAIN_SEA",
        "Modifier": 15,
        "PediaType": null,
        "PromotionType": "PROMOTION_TARGETING_3"
    },
    {
        "DomainType": "DOMAIN_SEA",
        "Modifier": 15,
        "PediaType": null,
        "PromotionType": "PROMOTION_BOARDING_PARTY_1"
    },
    {
        "DomainType": "DOMAIN_SEA",
        "Modifier": 15,
        "PediaType": null,
        "PromotionType": "PROMOTION_BOARDING_PARTY_2"
    },
    {
        "DomainType": "DOMAIN_SEA",
        "Modifier": 15,
        "PediaType": null,
        "PromotionType": "PROMOTION_BOARDING_PARTY_3"
    },
    {
        "DomainType": "DOMAIN_SEA",
        "Modifier": 33,
        "PediaType": null,
        "PromotionType": "PROMOTION_AIR_TARGETING_1"
    },
    {
        "DomainType": "DOMAIN_SEA",
        "Modifier": 33,
        "PediaType": null,
        "PromotionType": "PROMOTION_AIR_TARGETING_2"
    },
    {
        "DomainType": "DOMAIN_LAND",
        "Modifier": 33,
        "PediaType": null,
        "PromotionType": "PROMOTION_BOMBARDMENT_1"
    },
    {
        "DomainType": "DOMAIN_LAND",
        "Modifier": 33,
        "PediaType": null,
        "PromotionType": "PROMOTION_BOMBARDMENT_2"
    },
    {
        "DomainType": "DOMAIN_LAND",
        "Modifier": 34,
        "PediaType": null,
        "PromotionType": "PROMOTION_BOMBARDMENT_3"
    }
]