[
    {
        "GreatWorkType": null,
        "UniqueName": "TXT_KEY_GREAT_PERSON_MERIT_PTAH",
        "UnitType": "UNIT_SCIENTIST"
    },
    {
        "GreatWorkType": null,
        "UniqueName": "TXT_KEY_GREAT_PERSON_XI_LING_SHI",
        "UnitType": "UNIT_SCIENTIST"
    },
    {
        "GreatWorkType": null,
        "UniqueName": "TXT_KEY_GREAT_PERSON_NABU_RIMANNI",
        "UnitType": "UNIT_SCIENTIST"
    },
    {
        "GreatWorkType": null,
        "UniqueName": "TXT_KEY_GREAT_PERSON_SOCRATES",
        "UnitType": "UNIT_SCIENTIST"
    },
    {
        "GreatWorkType": null,
        "UniqueName": "TXT_KEY_GREAT_PERSON_PLATO",
        "UnitType": "UNIT_SCIENTIST"
    },
    {
        "GreatWorkType": null,
        "UniqueName": "TXT_KEY_GREAT_PERSON_ARISTOTLE",
        "UnitType": "UNIT_SCIENTIST"
    },
    {
        "GreatWorkType": null,
        "UniqueName": "TXT_KEY_GREAT_PERSON_EUCLID",
        "UnitType": "UNIT_SCIENTIST"
    },
    {
        "GreatWorkType": null,
        "UniqueName": "TXT_KEY_GREAT_PERSON_PTOLEMY",
        "UnitType": "UNIT_SCIENTIST"
    },
    {
        "GreatWorkType": null,
        "UniqueName": "TXT_KEY_GREAT_PERSON_HYPATIA",
        "UnitType": "UNIT_SCIENTIST"
    },
    {
        "GreatWorkType": null,
        "UniqueName": "TXT_KEY_GREAT_PERSON_ZU_CHONGZHI",
        "UnitType": "UNIT_SCIENTIST"
    },
    {
        "GreatWorkType": null,
        "UniqueName": "TXT_KEY_GREAT_PERSON_ARYABHATA",
        "UnitType": "UNIT_SCIENTIST"
    },
    {
        "GreatWorkType": null,
        "UniqueName": "TXT_KEY_GREAT_PERSON_AL_KINDI",
        "UnitType": "UNIT_SCIENTIST"
    },
    {
        "GreatWorkType": null,
        "UniqueName": "TXT_KEY_GREAT_PERSON_AL_KHWARIZMI",
        "UnitType": "UNIT_SCIENTIST"
    },
    {
        "GreatWorkType": null,
        "UniqueName": "TXT_KEY_GREAT_PERSON_AL_RAZI",
        "UnitType": "UNIT_SCIENTIST"
    },
    {
        "GreatWorkType": null,
        "UniqueName": "TXT_KEY_GREAT_PERSON_ALHAZEN",
        "UnitType": "UNIT_SCIENTIST"
    },
    {
        "GreatWorkType": null,
        "UniqueName": "TXT_KEY_GREAT_PERSON_NICOLAUS_COPERNICUS",
        "UnitType": "UNIT_SCIENTIST"
    },
    {
        "GreatWorkType": null,
        "UniqueName": "TXT_KEY_GREAT_PERSON_FRANCIS_BACON",
        "UnitType": "UNIT_SCIENTIST"
    },
    {
        "GreatWorkType": null,
        "UniqueName": "TXT_KEY_GREAT_PERSON_TYCHO_BRAHE",
        "UnitType": "UNIT_SCIENTIST"
    },
    {
        "GreatWorkType": null,
        "UniqueName": "TXT_KEY_GREAT_PERSON_JOHANNES_KEPLER",
        "UnitType": "UNIT_SCIENTIST"
    },
    {
        "GreatWorkType": null,
        "UniqueName": "TXT_KEY_GREAT_PERSON_ISAAC_NEWTON",
        "UnitType": "UNIT_SCIENTIST"
    },
    {
        "GreatWorkType": null,
        "UniqueName": "TXT_KEY_GREAT_PERSON_GALILEO_GALILEI",
        "UnitType": "UNIT_SCIENTIST"
    },
    {
        "GreatWorkType": null,
        "UniqueName": "TXT_KEY_GREAT_PERSON_RENE_DESCARTES",
        "UnitType": "UNIT_SCIENTIST"
    },
    {
        "GreatWorkType": null,
        "UniqueName": "TXT_KEY_GREAT_PERSON_ANTONY_VAN_LEEUWENHOEK",
        "UnitType": "UNIT_SCIENTIST"
    },
    {
        "GreatWorkType": null,
        "UniqueName": "TXT_KEY_GREAT_PERSON_GOTTFRIED_LEIBNIZ",
        "UnitType": "UNIT_SCIENTIST"
    },
    {
        "GreatWorkType": null,
        "UniqueName": "TXT_KEY_GREAT_PERSON_MIKHAIL_LOMONOSOV",
        "UnitType": "UNIT_SCIENTIST"
    },
    {
        "GreatWorkType": null,
        "UniqueName": "TXT_KEY_GREAT_PERSON_ANTOINE_LAURENT_LAVOISIER",
        "UnitType": "UNIT_SCIENTIST"
    },
    {
        "GreatWorkType": null,
        "UniqueName": "TXT_KEY_GREAT_PERSON_CARL_FRIEDRICH_GAUSS",
        "UnitType": "UNIT_SCIENTIST"
    },
    {
        "GreatWorkType": null,
        "UniqueName": "TXT_KEY_GREAT_PERSON_JOHN_DALTON",
        "UnitType": "UNIT_SCIENTIST"
    },
    {
        "GreatWorkType": null,
        "UniqueName": "TXT_KEY_GREAT_PERSON_MICHAEL_FARADAY",
        "UnitType": "UNIT_SCIENTIST"
    },
    {
        "GreatWorkType": null,
        "UniqueName": "TXT_KEY_GREAT_PERSON_JAMES_CLERK_MAXWELL",
        "UnitType": "UNIT_SCIENTIST"
    },
    {
        "GreatWorkType": null,
        "UniqueName": "TXT_KEY_GREAT_PERSON_LOUIS_PASTEUR",
        "UnitType": "UNIT_SCIENTIST"
    },
    {
        "GreatWorkType": null,
        "UniqueName": "TXT_KEY_GREAT_PERSON_CHARLES_DARWIN",
        "UnitType": "UNIT_SCIENTIST"
    },
    {
        "GreatWorkType": null,
        "UniqueName": "TXT_KEY_GREAT_PERSON_ERNEST_RUTHERFORD",
        "UnitType": "UNIT_SCIENTIST"
    },
    {
        "GreatWorkType": null,
        "UniqueName": "TXT_KEY_GREAT_PERSON_MARIE_CURIE",
        "UnitType": "UNIT_SCIENTIST"
    },
    {
        "GreatWorkType": null,
        "UniqueName": "TXT_KEY_GREAT_PERSON_ALBERT_EINSTEIN",
        "UnitType": "UNIT_SCIENTIST"
    },
    {
        "GreatWorkType": null,
        "UniqueName": "TXT_KEY_GREAT_PERSON_NIELS_BOHR",
        "UnitType": "UNIT_SCIENTIST"
    },
    {
        "GreatWorkType": null,
        "UniqueName": "TXT_KEY_GREAT_PERSON_WERNER_HEISENBERG",
        "UnitType": "UNIT_SCIENTIST"
    },
    {
        "GreatWorkType": null,
        "UniqueName": "TXT_KEY_GREAT_PERSON_ENRICO_FERMI",
        "UnitType": "UNIT_SCIENTIST"
    },
    {
        "GreatWorkType": null,
        "UniqueName": "TXT_KEY_GREAT_PERSON_ROSALIND_FRANKLIN",
        "UnitType": "UNIT_SCIENTIST"
    },
    {
        "GreatWorkType": null,
        "UniqueName": "TXT_KEY_GREAT_PERSON_ANDREI_SAKHAROV",
        "UnitType": "UNIT_SCIENTIST"
    },
    {
        "GreatWorkType": null,
        "UniqueName": "TXT_KEY_GREAT_PERSON_HARKUF",
        "UnitType": "UNIT_MERCHANT"
    },
    {
        "GreatWorkType": null,
        "UniqueName": "TXT_KEY_GREAT_PERSON_HANNO",
        "UnitType": "UNIT_GREAT_ADMIRAL"
    },
    {
        "GreatWorkType": null,
        "UniqueName": "TXT_KEY_GREAT_PERSON_PYTHEAS",
        "UnitType": "UNIT_GREAT_ADMIRAL"
    },
    {
        "GreatWorkType": null,
        "UniqueName": "TXT_KEY_GREAT_PERSON_ZHANG_QIAN",
        "UnitType": "UNIT_MERCHANT"
    },
    {
        "GreatWorkType": null,
        "UniqueName": "TXT_KEY_GREAT_PERSON_ARETAS_III",
        "UnitType": "UNIT_MERCHANT"
    },
    {
        "GreatWorkType": null,
        "UniqueName": "TXT_KEY_GREAT_PERSON_WANG_ANSHI",
        "UnitType": "UNIT_MERCHANT"
    },
    {
        "GreatWorkType": null,
        "UniqueName": "TXT_KEY_GREAT_PERSON_IBN_BATTUTA",
        "UnitType": "UNIT_MERCHANT"
    },
    {
        "GreatWorkType": null,
        "UniqueName": "TXT_KEY_GREAT_PERSON_RICHARD_WHITTINGTON",
        "UnitType": "UNIT_MERCHANT"
    },
    {
        "GreatWorkType": null,
        "UniqueName": "TXT_KEY_GREAT_PERSON_GIOVANNI_DE_MEDICI",
        "UnitType": "UNIT_MERCHANT"
    },
    {
        "GreatWorkType": null,
        "UniqueName": "TXT_KEY_GREAT_PERSON_ZHENG_HE",
        "UnitType": "UNIT_GREAT_ADMIRAL"
    },
    {
        "GreatWorkType": null,
        "UniqueName": "TXT_KEY_GREAT_PERSON_VASCO_DA_GAMA",
        "UnitType": "UNIT_GREAT_ADMIRAL"
    },
    {
        "GreatWorkType": null,
        "UniqueName": "TXT_KEY_GREAT_PERSON_CHRISTOPHER_COLUMBUS",
        "UnitType": "UNIT_GREAT_ADMIRAL"
    },
    {
        "GreatWorkType": null,
        "UniqueName": "TXT_KEY_GREAT_PERSON_FERDINAND_MAGELLAN",
        "UnitType": "UNIT_GREAT_ADMIRAL"
    },
    {
        "GreatWorkType": null,
        "UniqueName": "TXT_KEY_GREAT_PERSON_JACQUES_CARTIER",
        "UnitType": "UNIT_GREAT_ADMIRAL"
    },
    {
        "GreatWorkType": null,
        "UniqueName": "TXT_KEY_GREAT_PERSON_RAJA_TODAR_MAL",
        "UnitType": "UNIT_MERCHANT"
    },
    {
        "GreatWorkType": null,
        "UniqueName": "TXT_KEY_GREAT_PERSON_ANTONY_VAN_DIEMEN",
        "UnitType": "UNIT_MERCHANT"
    },
    {
        "GreatWorkType": null,
        "UniqueName": "TXT_KEY_GREAT_PERSON_SIR_THOMAS_ROE",
        "UnitType": "UNIT_MERCHANT"
    },
    {
        "GreatWorkType": null,
        "UniqueName": "TXT_KEY_GREAT_PERSON_SHAH_JAHAN",
        "UnitType": "UNIT_MERCHANT"
    },
    {
        "GreatWorkType": null,
        "UniqueName": "TXT_KEY_GREAT_PERSON_ADAM_SMITH",
        "UnitType": "UNIT_MERCHANT"
    },
    {
        "GreatWorkType": null,
        "UniqueName": "TXT_KEY_GREAT_PERSON_JAMES_COOK",
        "UnitType": "UNIT_GREAT_ADMIRAL"
    },
    {
        "GreatWorkType": null,
        "UniqueName": "TXT_KEY_GREAT_PERSON_CORNELIUS_VANDERBILT",
        "UnitType": "UNIT_MERCHANT"
    },
    {
        "GreatWorkType": null,
        "UniqueName": "TXT_KEY_GREAT_PERSON_SIR_ALEXANDER_MACKENZIE",
        "UnitType": "UNIT_MERCHANT"
    },
    {
        "GreatWorkType": null,
        "UniqueName": "TXT_KEY_GREAT_PERSON_JOHN_STUART_MILL",
        "UnitType": "UNIT_MERCHANT"
    },
    {
        "GreatWorkType": null,
        "UniqueName": "TXT_KEY_GREAT_PERSON_ANDREW_CARNEGIE",
        "UnitType": "UNIT_MERCHANT"
    },
    {
        "GreatWorkType": null,
        "UniqueName": "TXT_KEY_GREAT_PERSON_JOHN_D_ROCKEFELLER",
        "UnitType": "UNIT_MERCHANT"
    },
    {
        "GreatWorkType": null,
        "UniqueName": "TXT_KEY_GREAT_PERSON_JOHN_MAYNARD_KEYNES",
        "UnitType": "UNIT_MERCHANT"
    },
    {
        "GreatWorkType": null,
        "UniqueName": "TXT_KEY_GREAT_PERSON_COCO_CHANEL",
        "UnitType": "UNIT_MERCHANT"
    },
    {
        "GreatWorkType": null,
        "UniqueName": "TXT_KEY_GREAT_PERSON_IMHOTEP",
        "UnitType": "UNIT_ENGINEER"
    },
    {
        "GreatWorkType": null,
        "UniqueName": "TXT_KEY_GREAT_PERSON_ARCHIMEDES",
        "UnitType": "UNIT_ENGINEER"
    },
    {
        "GreatWorkType": null,
        "UniqueName": "TXT_KEY_GREAT_PERSON_HERON",
        "UnitType": "UNIT_ENGINEER"
    },
    {
        "GreatWorkType": null,
        "UniqueName": "TXT_KEY_GREAT_PERSON_CAI_LUN",
        "UnitType": "UNIT_ENGINEER"
    },
    {
        "GreatWorkType": null,
        "UniqueName": "TXT_KEY_GREAT_PERSON_ZHANG_HENG",
        "UnitType": "UNIT_ENGINEER"
    },
    {
        "GreatWorkType": null,
        "UniqueName": "TXT_KEY_GREAT_PERSON_BI_SHENG",
        "UnitType": "UNIT_ENGINEER"
    },
    {
        "GreatWorkType": null,
        "UniqueName": "TXT_KEY_GREAT_PERSON_LEONARDO_DA_VINCI",
        "UnitType": "UNIT_ENGINEER"
    },
    {
        "GreatWorkType": null,
        "UniqueName": "TXT_KEY_GREAT_PERSON_SINAN",
        "UnitType": "UNIT_ENGINEER"
    },
    {
        "GreatWorkType": null,
        "UniqueName": "TXT_KEY_GREAT_PERSON_WILHELM_SCHICKARD",
        "UnitType": "UNIT_ENGINEER"
    },
    {
        "GreatWorkType": null,
        "UniqueName": "TXT_KEY_GREAT_PERSON_BLAISE_PASCAL",
        "UnitType": "UNIT_ENGINEER"
    },
    {
        "GreatWorkType": null,
        "UniqueName": "TXT_KEY_GREAT_PERSON_BENJAMIN_FRANKLIN",
        "UnitType": "UNIT_ENGINEER"
    },
    {
        "GreatWorkType": null,
        "UniqueName": "TXT_KEY_GREAT_PERSON_CHARLES_AUGUSTIN_DE_COULOMB",
        "UnitType": "UNIT_ENGINEER"
    },
    {
        "GreatWorkType": null,
        "UniqueName": "TXT_KEY_GREAT_PERSON_JAMES_WATT",
        "UnitType": "UNIT_ENGINEER"
    },
    {
        "GreatWorkType": null,
        "UniqueName": "TXT_KEY_GREAT_PERSON_JOSEPH_MARIE_JACQUARD",
        "UnitType": "UNIT_ENGINEER"
    },
    {
        "GreatWorkType": null,
        "UniqueName": "TXT_KEY_GREAT_PERSON_ISAMBARD_KINGDOM_BRUNEL",
        "UnitType": "UNIT_ENGINEER"
    },
    {
        "GreatWorkType": null,
        "UniqueName": "TXT_KEY_GREAT_PERSON_WILLIAN_MORTON",
        "UnitType": "UNIT_ENGINEER"
    },
    {
        "GreatWorkType": null,
        "UniqueName": "TXT_KEY_GREAT_PERSON_LOUIS_DAGUERRE",
        "UnitType": "UNIT_ENGINEER"
    },
    {
        "GreatWorkType": null,
        "UniqueName": "TXT_KEY_GREAT_PERSON_FERDINAND_DE_LESSEPS",
        "UnitType": "UNIT_ENGINEER"
    },
    {
        "GreatWorkType": null,
        "UniqueName": "TXT_KEY_GREAT_PERSON_JOHN_ROEBLING",
        "UnitType": "UNIT_ENGINEER"
    },
    {
        "GreatWorkType": null,
        "UniqueName": "TXT_KEY_GREAT_PERSON_NOBERT_RILLIEUX",
        "UnitType": "UNIT_ENGINEER"
    },
    {
        "GreatWorkType": null,
        "UniqueName": "TXT_KEY_GREAT_PERSON_HENRY_BESSEMER",
        "UnitType": "UNIT_ENGINEER"
    },
    {
        "GreatWorkType": null,
        "UniqueName": "TXT_KEY_GREAT_PERSON_NAIN_SINGH",
        "UnitType": "UNIT_ENGINEER"
    },
    {
        "GreatWorkType": null,
        "UniqueName": "TXT_KEY_GREAT_PERSON_ALEXANDER_GRAHM_BELL",
        "UnitType": "UNIT_ENGINEER"
    },
    {
        "GreatWorkType": null,
        "UniqueName": "TXT_KEY_GREAT_PERSON_NIKOLAUS_AUGUST_OTTO",
        "UnitType": "UNIT_ENGINEER"
    },
    {
        "GreatWorkType": null,
        "UniqueName": "TXT_KEY_GREAT_PERSON_NICHOLA_TESLA",
        "UnitType": "UNIT_ENGINEER"
    },
    {
        "GreatWorkType": null,
        "UniqueName": "TXT_KEY_GREAT_PERSON_THOMAS_EDISON",
        "UnitType": "UNIT_ENGINEER"
    },
    {
        "GreatWorkType": null,
        "UniqueName": "TXT_KEY_GREAT_PERSON_GUGLIELMO_MARCONI",
        "UnitType": "UNIT_ENGINEER"
    },
    {
        "GreatWorkType": null,
        "UniqueName": "TXT_KEY_GREAT_PERSON_ALEXANDRE_GUSTAVE_EIFFEL",
        "UnitType": "UNIT_ENGINEER"
    },
    {
        "GreatWorkType": null,
        "UniqueName": "TXT_KEY_GREAT_PERSON_GEORGE_WASHINGTON_GOETHALS",
        "UnitType": "UNIT_ENGINEER"
    },
    {
        "GreatWorkType": null,
        "UniqueName": "TXT_KEY_GREAT_PERSON_HENRY_FORD",
        "UnitType": "UNIT_ENGINEER"
    },
    {
        "GreatWorkType": null,
        "UniqueName": "TXT_KEY_GREAT_PERSON_WILBUR_WRIGHT",
        "UnitType": "UNIT_ENGINEER"
    },
    {
        "GreatWorkType": null,
        "UniqueName": "TXT_KEY_GREAT_PERSON_ORVILLE_WRIGHT",
        "UnitType": "UNIT_ENGINEER"
    },
    {
        "GreatWorkType": null,
        "UniqueName": "TXT_KEY_GREAT_PERSON_SARGON",
        "UnitType": "UNIT_GREAT_GENERAL"
    },
    {
        "GreatWorkType": null,
        "UniqueName": "TXT_KEY_GREAT_PERSON_SUN_TZU",
        "UnitType": "UNIT_GREAT_GENERAL"
    },
    {
        "GreatWorkType": null,
        "UniqueName": "TXT_KEY_GREAT_PERSON_LEONIDAS",
        "UnitType": "UNIT_GREAT_GENERAL"
    },
    {
        "GreatWorkType": null,
        "UniqueName": "TXT_KEY_GREAT_PERSON_LYSANDER",
        "UnitType": "UNIT_GREAT_GENERAL"
    },
    {
        "GreatWorkType": null,
        "UniqueName": "TXT_KEY_GREAT_PERSON_CHANDRAGUPTA_MAURYA",
        "UnitType": "UNIT_GREAT_GENERAL"
    },
    {
        "GreatWorkType": null,
        "UniqueName": "TXT_KEY_GREAT_PERSON_HAMILCAR_BARCA",
        "UnitType": "UNIT_GREAT_GENERAL"
    },
    {
        "GreatWorkType": null,
        "UniqueName": "TXT_KEY_GREAT_PERSON_GAIUS_MARIUS",
        "UnitType": "UNIT_GREAT_GENERAL"
    },
    {
        "GreatWorkType": null,
        "UniqueName": "TXT_KEY_GREAT_PERSON_SCIPIO_AFRICANUS",
        "UnitType": "UNIT_GREAT_GENERAL"
    },
    {
        "GreatWorkType": null,
        "UniqueName": "TXT_KEY_GREAT_PERSON_VERCINGETORIX",
        "UnitType": "UNIT_GREAT_GENERAL"
    },
    {
        "GreatWorkType": null,
        "UniqueName": "TXT_KEY_GREAT_PERSON_ARMINIUS",
        "UnitType": "UNIT_GREAT_GENERAL"
    },
    {
        "GreatWorkType": null,
        "UniqueName": "TXT_KEY_GREAT_PERSON_CAO_CAO",
        "UnitType": "UNIT_GREAT_GENERAL"
    },
    {
        "GreatWorkType": null,
        "UniqueName": "TXT_KEY_GREAT_PERSON_ZHUGE_LIANG",
        "UnitType": "UNIT_GREAT_GENERAL"
    },
    {
        "GreatWorkType": null,
        "UniqueName": "TXT_KEY_GREAT_PERSON_BELISARIUS",
        "UnitType": "UNIT_GREAT_GENERAL"
    },
    {
        "GreatWorkType": null,
        "UniqueName": "TXT_KEY_GREAT_PERSON_KHALED_IBN_AL_WALID",
        "UnitType": "UNIT_GREAT_GENERAL"
    },
    {
        "GreatWorkType": null,
        "UniqueName": "TXT_KEY_GREAT_PERSON_CHARLES_MARTEL",
        "UnitType": "UNIT_GREAT_GENERAL"
    },
    {
        "GreatWorkType": null,
        "UniqueName": "TXT_KEY_GREAT_PERSON_EL_CID",
        "UnitType": "UNIT_GREAT_GENERAL"
    },
    {
        "GreatWorkType": null,
        "UniqueName": "TXT_KEY_GREAT_PERSON_WILLIAM_THE_CONQUEROR",
        "UnitType": "UNIT_GREAT_GENERAL"
    },
    {
        "GreatWorkType": null,
        "UniqueName": "TXT_KEY_GREAT_PERSON_SUBUTAI",
        "UnitType": "UNIT_GREAT_GENERAL"
    },
    {
        "GreatWorkType": null,
        "UniqueName": "TXT_KEY_GREAT_PERSON_TIMUR",
        "UnitType": "UNIT_GREAT_GENERAL"
    },
    {
        "GreatWorkType": null,
        "UniqueName": "TXT_KEY_GREAT_PERSON_JEANNE_DARC",
        "UnitType": "UNIT_GREAT_GENERAL"
    },
    {
        "GreatWorkType": null,
        "UniqueName": "TXT_KEY_GREAT_PERSON_AUITZOTL",
        "UnitType": "UNIT_GREAT_GENERAL"
    },
    {
        "GreatWorkType": null,
        "UniqueName": "TXT_KEY_GREAT_PERSON_HERNAN_CORTES",
        "UnitType": "UNIT_GREAT_GENERAL"
    },
    {
        "GreatWorkType": null,
        "UniqueName": "TXT_KEY_GREAT_PERSON_FRANCISCO_PIZARRO",
        "UnitType": "UNIT_GREAT_GENERAL"
    },
    {
        "GreatWorkType": null,
        "UniqueName": "TXT_KEY_GREAT_PERSON_IVAN_THE_TERRIBLE",
        "UnitType": "UNIT_GREAT_GENERAL"
    },
    {
        "GreatWorkType": null,
        "UniqueName": "TXT_KEY_GREAT_PERSON_AKBAR",
        "UnitType": "UNIT_GREAT_GENERAL"
    },
    {
        "GreatWorkType": null,
        "UniqueName": "TXT_KEY_GREAT_PERSON_CROMWELL",
        "UnitType": "UNIT_GREAT_GENERAL"
    },
    {
        "GreatWorkType": null,
        "UniqueName": "TXT_KEY_GREAT_PERSON_EUGENE_OF_SAVOY",
        "UnitType": "UNIT_GREAT_GENERAL"
    },
    {
        "GreatWorkType": null,
        "UniqueName": "TXT_KEY_GREAT_PERSON_GERONIMO",
        "UnitType": "UNIT_GREAT_GENERAL"
    },
    {
        "GreatWorkType": null,
        "UniqueName": "TXT_KEY_GREAT_PERSON_ROBERT_LEE",
        "UnitType": "UNIT_GREAT_GENERAL"
    },
    {
        "GreatWorkType": null,
        "UniqueName": "TXT_KEY_GREAT_PERSON_PATTON",
        "UnitType": "UNIT_GREAT_GENERAL"
    },
    {
        "GreatWorkType": null,
        "UniqueName": "TXT_KEY_GREAT_PERSON_MONTGOMERY",
        "UnitType": "UNIT_GREAT_GENERAL"
    },
    {
        "GreatWorkType": null,
        "UniqueName": "TXT_KEY_GREAT_PERSON_GUERDIAN",
        "UnitType": "UNIT_GREAT_GENERAL"
    },
    {
        "GreatWorkType": null,
        "UniqueName": "TXT_KEY_GREAT_PERSON_ROMMEL",
        "UnitType": "UNIT_GREAT_GENERAL"
    },
    {
        "GreatWorkType": null,
        "UniqueName": "TXT_KEY_GREAT_PERSON_ZHUKOV",
        "UnitType": "UNIT_GREAT_GENERAL"
    },
    {
        "GreatWorkType": null,
        "UniqueName": "TXT_KEY_MONGOLIAN_KHAN_GENGHIS",
        "UnitType": "UNIT_MONGOLIAN_KHAN"
    },
    {
        "GreatWorkType": null,
        "UniqueName": "TXT_KEY_MONGOLIAN_KHAN_OGEDEI",
        "UnitType": "UNIT_MONGOLIAN_KHAN"
    },
    {
        "GreatWorkType": null,
        "UniqueName": "TXT_KEY_MONGOLIAN_KHAN_BATU",
        "UnitType": "UNIT_MONGOLIAN_KHAN"
    },
    {
        "GreatWorkType": null,
        "UniqueName": "TXT_KEY_MONGOLIAN_KHAN_GUYUK",
        "UnitType": "UNIT_MONGOLIAN_KHAN"
    },
    {
        "GreatWorkType": null,
        "UniqueName": "TXT_KEY_MONGOLIAN_KHAN_MONGKE",
        "UnitType": "UNIT_MONGOLIAN_KHAN"
    },
    {
        "GreatWorkType": null,
        "UniqueName": "TXT_KEY_MONGOLIAN_KHAN_KUBLAI",
        "UnitType": "UNIT_MONGOLIAN_KHAN"
    },
    {
        "GreatWorkType": null,
        "UniqueName": "TXT_KEY_MONGOLIAN_KHAN_HULEGU",
        "UnitType": "UNIT_MONGOLIAN_KHAN"
    },
    {
        "GreatWorkType": null,
        "UniqueName": "TXT_KEY_MONGOLIAN_KHAN_BERKE",
        "UnitType": "UNIT_MONGOLIAN_KHAN"
    },
    {
        "GreatWorkType": null,
        "UniqueName": "TXT_KEY_MONGOLIAN_KHAN_MONGKE_TEMUR",
        "UnitType": "UNIT_MONGOLIAN_KHAN"
    },
    {
        "GreatWorkType": null,
        "UniqueName": "TXT_KEY_MONGOLIAN_KHAN_TEMUR_KHAGAN",
        "UnitType": "UNIT_MONGOLIAN_KHAN"
    },
    {
        "GreatWorkType": null,
        "UniqueName": "TXT_KEY_GREAT_PERSON_MATTHEW_PERRY",
        "UnitType": "UNIT_GREAT_ADMIRAL"
    },
    {
        "GreatWorkType": null,
        "UniqueName": "TXT_KEY_GREAT_PERSON_DAVID_FARRAGUT",
        "UnitType": "UNIT_GREAT_ADMIRAL"
    },
    {
        "GreatWorkType": null,
        "UniqueName": "TXT_KEY_GREAT_PERSON_GEORGE_DEWEY",
        "UnitType": "UNIT_GREAT_ADMIRAL"
    },
    {
        "GreatWorkType": null,
        "UniqueName": "TXT_KEY_GREAT_PERSON_CHESTER_NIMITZ",
        "UnitType": "UNIT_GREAT_ADMIRAL"
    },
    {
        "GreatWorkType": null,
        "UniqueName": "TXT_KEY_GREAT_PERSON_FRANCIS_DRAKE",
        "UnitType": "UNIT_GREAT_ADMIRAL"
    },
    {
        "GreatWorkType": null,
        "UniqueName": "TXT_KEY_GREAT_PERSON_ANDREW_CUNNINGHAM",
        "UnitType": "UNIT_GREAT_ADMIRAL"
    },
    {
        "GreatWorkType": null,
        "UniqueName": "TXT_KEY_GREAT_PERSON_COMTE_DE_GRASSE",
        "UnitType": "UNIT_GREAT_ADMIRAL"
    },
    {
        "GreatWorkType": null,
        "UniqueName": "TXT_KEY_GREAT_PERSON_ALFRED_VON_TIRPITZ",
        "UnitType": "UNIT_GREAT_ADMIRAL"
    },
    {
        "GreatWorkType": null,
        "UniqueName": "TXT_KEY_GREAT_PERSON_ROGER_OF_LAURIA",
        "UnitType": "UNIT_GREAT_ADMIRAL"
    },
    {
        "GreatWorkType": null,
        "UniqueName": "TXT_KEY_GREAT_PERSON_ALVARO_DE_BAZAN",
        "UnitType": "UNIT_GREAT_ADMIRAL"
    },
    {
        "GreatWorkType": null,
        "UniqueName": "TXT_KEY_GREAT_PERSON_DON_JOHN_OF_AUSTRIA",
        "UnitType": "UNIT_GREAT_ADMIRAL"
    },
    {
        "GreatWorkType": null,
        "UniqueName": "TXT_KEY_GREAT_PERSON_FERNANDO_VILLAAMIL",
        "UnitType": "UNIT_GREAT_ADMIRAL"
    },
    {
        "GreatWorkType": null,
        "UniqueName": "TXT_KEY_GREAT_PERSON_PETER_TORDENSKJOLD",
        "UnitType": "UNIT_GREAT_ADMIRAL"
    },
    {
        "GreatWorkType": null,
        "UniqueName": "TXT_KEY_GREAT_PERSON_FYODOR_USHAKOV",
        "UnitType": "UNIT_GREAT_ADMIRAL"
    },
    {
        "GreatWorkType": null,
        "UniqueName": "TXT_KEY_GREAT_PERSON_JOHN_PAUL_JONES",
        "UnitType": "UNIT_GREAT_ADMIRAL"
    },
    {
        "GreatWorkType": null,
        "UniqueName": "TXT_KEY_GREAT_PERSON_ZINOVY_ROZHESTVENSKI",
        "UnitType": "UNIT_GREAT_ADMIRAL"
    },
    {
        "GreatWorkType": null,
        "UniqueName": "TXT_KEY_GREAT_PERSON_YI_SUN_SIN",
        "UnitType": "UNIT_GREAT_ADMIRAL"
    },
    {
        "GreatWorkType": null,
        "UniqueName": "TXT_KEY_GREAT_PERSON_ERIK_THORVALDSSON",
        "UnitType": "UNIT_GREAT_ADMIRAL"
    },
    {
        "GreatWorkType": null,
        "UniqueName": "TXT_KEY_GREAT_PERSON_LEIF_ERICSON",
        "UnitType": "UNIT_GREAT_ADMIRAL"
    },
    {
        "GreatWorkType": null,
        "UniqueName": "TXT_KEY_GREAT_PERSON_HAYREDDIN_BARBAROSSA",
        "UnitType": "UNIT_GREAT_ADMIRAL"
    },
    {
        "GreatWorkType": null,
        "UniqueName": "TXT_KEY_GREAT_PERSON_TURGUT_REIS",
        "UnitType": "UNIT_GREAT_ADMIRAL"
    },
    {
        "GreatWorkType": null,
        "UniqueName": "TXT_KEY_GREAT_PERSON_MURAT_REIS",
        "UnitType": "UNIT_GREAT_ADMIRAL"
    },
    {
        "GreatWorkType": null,
        "UniqueName": "TXT_KEY_GREAT_PERSON_HENRY_THE_NAVIGATOR",
        "UnitType": "UNIT_GREAT_ADMIRAL"
    },
    {
        "GreatWorkType": null,
        "UniqueName": "TXT_KEY_GREAT_PERSON_AFONSO_DE_ALBUQUERQUE",
        "UnitType": "UNIT_GREAT_ADMIRAL"
    },
    {
        "GreatWorkType": null,
        "UniqueName": "TXT_KEY_GREAT_PERSON_ANREA_DORIA",
        "UnitType": "UNIT_GREAT_ADMIRAL"
    },
    {
        "GreatWorkType": null,
        "UniqueName": "TXT_KEY_GREAT_PERSON_PHORMIO",
        "UnitType": "UNIT_GREAT_ADMIRAL"
    },
    {
        "GreatWorkType": null,
        "UniqueName": "TXT_KEY_GREAT_PERSON_MARCUS_ATILLIUS_REGULUS",
        "UnitType": "UNIT_GREAT_ADMIRAL"
    },
    {
        "GreatWorkType": null,
        "UniqueName": "TXT_KEY_GREAT_PERSON_MARCUS_VIPSANIUS_AGRIPPA",
        "UnitType": "UNIT_GREAT_ADMIRAL"
    },
    {
        "GreatWorkType": null,
        "UniqueName": "TXT_KEY_GREAT_PERSON_HIMILCO",
        "UnitType": "UNIT_GREAT_ADMIRAL"
    },
    {
        "GreatWorkType": null,
        "UniqueName": "TXT_KEY_GREAT_PERSON_CALONYMUS_OF_ALEXANDRIA",
        "UnitType": "UNIT_GREAT_ADMIRAL"
    },
    {
        "GreatWorkType": null,
        "UniqueName": "TXT_KEY_GREAT_PERSON_JOHN_DOUKAS",
        "UnitType": "UNIT_GREAT_ADMIRAL"
    },
    {
        "GreatWorkType": null,
        "UniqueName": "TXT_KEY_GREAT_PERSON_TOGO_HEIHACHIRO",
        "UnitType": "UNIT_GREAT_ADMIRAL"
    },
    {
        "GreatWorkType": null,
        "UniqueName": "TXT_KEY_GREAT_PERSON_SHI_LANG",
        "UnitType": "UNIT_GREAT_ADMIRAL"
    },
    {
        "GreatWorkType": null,
        "UniqueName": "TXT_KEY_GREAT_PERSON_MICHIEL_DE_RUYTER",
        "UnitType": "UNIT_GREAT_ADMIRAL"
    },
    {
        "GreatWorkType": null,
        "UniqueName": "TXT_KEY_GREAT_PERSON_LORD_NELSON",
        "UnitType": "UNIT_GREAT_ADMIRAL"
    },
    {
        "GreatWorkType": null,
        "UniqueName": "TXT_KEY_GREAT_PERSON_YAMAMOTO",
        "UnitType": "UNIT_GREAT_ADMIRAL"
    },
    {
        "GreatWorkType": null,
        "UniqueName": "TXT_KEY_GREAT_PERSON_AL_DIN_AL_TUSI",
        "UnitType": "UNIT_SCIENTIST"
    },
    {
        "GreatWorkType": null,
        "UniqueName": "TXT_KEY_GREAT_PERSON_AL_QASIM_AL_ZAHRAWI",
        "UnitType": "UNIT_SCIENTIST"
    },
    {
        "GreatWorkType": null,
        "UniqueName": "TXT_KEY_GREAT_PERSON_LEONARD_EULER",
        "UnitType": "UNIT_SCIENTIST"
    },
    {
        "GreatWorkType": null,
        "UniqueName": "TXT_KEY_GREAT_PERSON_RICHARD_FEYNMAN",
        "UnitType": "UNIT_SCIENTIST"
    },
    {
        "GreatWorkType": null,
        "UniqueName": "TXT_KEY_GREAT_PERSON_ALEXANDER_VON_HUMBOLDT",
        "UnitType": "UNIT_SCIENTIST"
    },
    {
        "GreatWorkType": null,
        "UniqueName": "TXT_KEY_GREAT_PERSON_ANDREY_KOLMOGOROV",
        "UnitType": "UNIT_SCIENTIST"
    },
    {
        "GreatWorkType": null,
        "UniqueName": "TXT_KEY_GREAT_PERSON_MARY_LEAKEY",
        "UnitType": "UNIT_SCIENTIST"
    },
    {
        "GreatWorkType": null,
        "UniqueName": "TXT_KEY_GREAT_PERSON_CARL_LINNAEUS",
        "UnitType": "UNIT_SCIENTIST"
    },
    {
        "GreatWorkType": null,
        "UniqueName": "TXT_KEY_GREAT_PERSON_SHEN_KUO",
        "UnitType": "UNIT_SCIENTIST"
    },
    {
        "GreatWorkType": null,
        "UniqueName": "TXT_KEY_GREAT_PERSON_GREGOR_MENDEL",
        "UnitType": "UNIT_SCIENTIST"
    },
    {
        "GreatWorkType": null,
        "UniqueName": "TXT_KEY_GREAT_PERSON_DMITRY_MENDELEEV",
        "UnitType": "UNIT_SCIENTIST"
    },
    {
        "GreatWorkType": null,
        "UniqueName": "TXT_KEY_GREAT_PERSON_JOHN_VON_NEUMANN",
        "UnitType": "UNIT_SCIENTIST"
    },
    {
        "GreatWorkType": null,
        "UniqueName": "TXT_KEY_GREAT_PERSON_CLAUDE_SHANNON",
        "UnitType": "UNIT_SCIENTIST"
    },
    {
        "GreatWorkType": null,
        "UniqueName": "TXT_KEY_GREAT_PERSON_ALAN_TURING",
        "UnitType": "UNIT_SCIENTIST"
    },
    {
        "GreatWorkType": null,
        "UniqueName": "TXT_KEY_GREAT_PERSON_MARCUS_LICINIUS_CRASSUS",
        "UnitType": "UNIT_MERCHANT"
    },
    {
        "GreatWorkType": null,
        "UniqueName": "TXT_KEY_GREAT_PERSON_EDWARD_HARRIMAN",
        "UnitType": "UNIT_MERCHANT"
    },
    {
        "GreatWorkType": null,
        "UniqueName": "TXT_KEY_GREAT_PERSON_MILTON_S_HERSHEY",
        "UnitType": "UNIT_MERCHANT"
    },
    {
        "GreatWorkType": null,
        "UniqueName": "TXT_KEY_GREAT_PERSON_SIR_JAMES_LANCASTER",
        "UnitType": "UNIT_MERCHANT"
    },
    {
        "GreatWorkType": null,
        "UniqueName": "TXT_KEY_GREAT_PERSON_HENRI_NESTLE",
        "UnitType": "UNIT_MERCHANT"
    },
    {
        "GreatWorkType": null,
        "UniqueName": "TXT_KEY_GREAT_PERSON_LEVI_STRAUSS",
        "UnitType": "UNIT_MERCHANT"
    },
    {
        "GreatWorkType": null,
        "UniqueName": "TXT_KEY_GREAT_PERSON_THOMAS_TWINING",
        "UnitType": "UNIT_MERCHANT"
    },
    {
        "GreatWorkType": null,
        "UniqueName": "TXT_KEY_GREAT_PERSON_STEVE_JOBS",
        "UnitType": "UNIT_MERCHANT"
    },
    {
        "GreatWorkType": null,
        "UniqueName": "TXT_KEY_GREAT_PERSON_CARL_BENZ",
        "UnitType": "UNIT_ENGINEER"
    },
    {
        "GreatWorkType": null,
        "UniqueName": "TXT_KEY_GREAT_PERSON_GOTTLIEB_DAIMLER",
        "UnitType": "UNIT_ENGINEER"
    },
    {
        "GreatWorkType": null,
        "UniqueName": "TXT_KEY_GREAT_PERSON_CHARLES_STARK_DRAPER",
        "UnitType": "UNIT_ENGINEER"
    },
    {
        "GreatWorkType": null,
        "UniqueName": "TXT_KEY_GREAT_PERSON_GEORGE_EASTMAN",
        "UnitType": "UNIT_ENGINEER"
    },
    {
        "GreatWorkType": null,
        "UniqueName": "TXT_KEY_GREAT_PERSON_ROBERT_GODDARD",
        "UnitType": "UNIT_ENGINEER"
    },
    {
        "GreatWorkType": null,
        "UniqueName": "TXT_KEY_GREAT_PERSON_EPAMINONDAS",
        "UnitType": "UNIT_GREAT_GENERAL"
    },
    {
        "GreatWorkType": null,
        "UniqueName": "TXT_KEY_GREAT_PERSON_MAURICE_OF_NASSAU",
        "UnitType": "UNIT_GREAT_GENERAL"
    },
    {
        "GreatWorkType": null,
        "UniqueName": "TXT_KEY_GREAT_PERSON_POMPEY",
        "UnitType": "UNIT_GREAT_GENERAL"
    },
    {
        "GreatWorkType": null,
        "UniqueName": "TXT_KEY_GREAT_PERSON_PYRRHUS",
        "UnitType": "UNIT_GREAT_GENERAL"
    },
    {
        "GreatWorkType": null,
        "UniqueName": "TXT_KEY_GREAT_PERSON_WINFIELD_SCOTT",
        "UnitType": "UNIT_GREAT_GENERAL"
    },
    {
        "GreatWorkType": null,
        "UniqueName": "TXT_KEY_GREAT_PERSON_SITTING_BULL",
        "UnitType": "UNIT_GREAT_GENERAL"
    },
    {
        "GreatWorkType": null,
        "UniqueName": "TXT_KEY_GREAT_PERSON_SPARTACUS",
        "UnitType": "UNIT_GREAT_GENERAL"
    },
    {
        "GreatWorkType": null,
        "UniqueName": "TXT_KEY_GREAT_PERSON_JOHANN_TSERCLAES",
        "UnitType": "UNIT_GREAT_GENERAL"
    },
    {
        "GreatWorkType": null,
        "UniqueName": "TXT_KEY_GREAT_PERSON_WALLENSTEIN",
        "UnitType": "UNIT_GREAT_GENERAL"
    },
    {
        "GreatWorkType": null,
        "UniqueName": "TXT_KEY_GREAT_PERSON_HANNIBAL",
        "UnitType": "UNIT_GREAT_GENERAL"
    },
    {
        "GreatWorkType": null,
        "UniqueName": "TXT_KEY_GREAT_PERSON_JAKOB_FUGGER",
        "UnitType": "UNIT_MERCHANT"
    },
    {
        "GreatWorkType": null,
        "UniqueName": "TXT_KEY_MERCHANT_OF_VENICE_MARCO_POLO",
        "UnitType": "UNIT_VENETIAN_MERCHANT"
    },
    {
        "GreatWorkType": null,
        "UniqueName": "TXT_KEY_MERCHANT_OF_VENICE_NICCOLO_POLO",
        "UnitType": "UNIT_VENETIAN_MERCHANT"
    },
    {
        "GreatWorkType": null,
        "UniqueName": "TXT_KEY_MERCHANT_OF_VENICE_MAFFEO_POLO",
        "UnitType": "UNIT_VENETIAN_MERCHANT"
    },
    {
        "GreatWorkType": null,
        "UniqueName": "TXT_KEY_MERCHANT_OF_VENICE_GIOVANNI_CABOTO",
        "UnitType": "UNIT_VENETIAN_MERCHANT"
    },
    {
        "GreatWorkType": null,
        "UniqueName": "TXT_KEY_MERCHANT_OF_VENICE_GASPARA_BALBI",
        "UnitType": "UNIT_VENETIAN_MERCHANT"
    },
    {
        "GreatWorkType": null,
        "UniqueName": "TXT_KEY_MERCHANT_OF_VENICE_NICCOLO_CONTI",
        "UnitType": "UNIT_VENETIAN_MERCHANT"
    },
    {
        "GreatWorkType": null,
        "UniqueName": "TXT_KEY_MERCHANT_OF_VENICE_CESARE_FEDERICI",
        "UnitType": "UNIT_VENETIAN_MERCHANT"
    },
    {
        "GreatWorkType": null,
        "UniqueName": "TXT_KEY_MERCHANT_OF_VENICE_GIOVANNI_BALZONI",
        "UnitType": "UNIT_VENETIAN_MERCHANT"
    },
    {
        "GreatWorkType": null,
        "UniqueName": "TXT_KEY_MERCHANT_OF_VENICE_ALVISE_CADAMOSTO",
        "UnitType": "UNIT_VENETIAN_MERCHANT"
    },
    {
        "GreatWorkType": null,
        "UniqueName": "TXT_KEY_MERCHANT_OF_VENICE_GIOSAFAT_BARBARO",
        "UnitType": "UNIT_VENETIAN_MERCHANT"
    },
    {
        "GreatWorkType": null,
        "UniqueName": "TXT_KEY_MERCHANT_OF_VENICE_ANTONIO_PIGAFETTA",
        "UnitType": "UNIT_VENETIAN_MERCHANT"
    },
    {
        "GreatWorkType": null,
        "UniqueName": "TXT_KEY_MERCHANT_OF_VENICE_AMBROGIO_CONTARINI",
        "UnitType": "UNIT_VENETIAN_MERCHANT"
    },
    {
        "GreatWorkType": "GREAT_WORK_ODYSSEY",
        "UniqueName": "TXT_KEY_GREAT_PERSON_HOMER",
        "UnitType": "UNIT_WRITER"
    },
    {
        "GreatWorkType": "GREAT_WORK_FABLES",
        "UniqueName": "TXT_KEY_GREAT_PERSON_AESOP",
        "UnitType": "UNIT_WRITER"
    },
    {
        "GreatWorkType": "GREAT_WORK_OEDIPUS",
        "UniqueName": "TXT_KEY_GREAT_PERSON_SOPHOCLES",
        "UnitType": "UNIT_WRITER"
    },
    {
        "GreatWorkType": "GREAT_WORK_LYSISTRATA",
        "UniqueName": "TXT_KEY_GREAT_PERSON_ARISTOPHANES",
        "UnitType": "UNIT_WRITER"
    },
    {
        "GreatWorkType": "GREAT_WORK_AENEID",
        "UniqueName": "TXT_KEY_GREAT_PERSON_VIRGIL",
        "UnitType": "UNIT_WRITER"
    },
    {
        "GreatWorkType": "GREAT_WORK_METAMORPHOSES",
        "UniqueName": "TXT_KEY_GREAT_PERSON_OVID",
        "UnitType": "UNIT_WRITER"
    },
    {
        "GreatWorkType": "GREAT_WORK_TRUE_STORY",
        "UniqueName": "TXT_KEY_GREAT_PERSON_LUCIAN_SAMOSATA",
        "UnitType": "UNIT_WRITER"
    },
    {
        "GreatWorkType": "GREAT_WORK_RUBAIYAT",
        "UniqueName": "TXT_KEY_GREAT_PERSON_OMAR_KHAYYAM",
        "UnitType": "UNIT_WRITER"
    },
    {
        "GreatWorkType": "GREAT_WORK_MASNAVI",
        "UniqueName": "TXT_KEY_GREAT_PERSON_RUMI",
        "UnitType": "UNIT_WRITER"
    },
    {
        "GreatWorkType": "GREAT_WORK_RAMAYAMA",
        "UniqueName": "TXT_KEY_GREAT_PERSON_VALMIKI",
        "UnitType": "UNIT_WRITER"
    },
    {
        "GreatWorkType": "GREAT_WORK_MAHABHARATA",
        "UniqueName": "TXT_KEY_GREAT_PERSON_VYASA",
        "UnitType": "UNIT_WRITER"
    },
    {
        "GreatWorkType": "GREAT_WORK_URUBHANGA",
        "UniqueName": "TXT_KEY_GREAT_PERSON_BHASA",
        "UnitType": "UNIT_WRITER"
    },
    {
        "GreatWorkType": "GREAT_WORK_ABHIJNANASAKUTALAM",
        "UniqueName": "TXT_KEY_GREAT_PERSON_KALIDASA",
        "UnitType": "UNIT_WRITER"
    },
    {
        "GreatWorkType": "GREAT_WORK_CHU_CI",
        "UniqueName": "TXT_KEY_GREAT_PERSON_QU_YUAN",
        "UnitType": "UNIT_WRITER"
    },
    {
        "GreatWorkType": "GREAT_WORK_SHUIHU_ZHUAN",
        "UniqueName": "TXT_KEY_GREAT_PERSON_SHI_NAIAN",
        "UnitType": "UNIT_WRITER"
    },
    {
        "GreatWorkType": "GREAT_WORK_JIN_PING_MEI",
        "UniqueName": "TXT_KEY_GREAT_PERSON_LANLING_XIAOXIAO_SHENG",
        "UnitType": "UNIT_WRITER"
    },
    {
        "GreatWorkType": "GREAT_WORK_HONG_LOU_MENG",
        "UniqueName": "TXT_KEY_GREAT_PERSON_CAO_XUEQIN",
        "UnitType": "UNIT_WRITER"
    },
    {
        "GreatWorkType": "GREAT_WORK_KOKIN_WAKASHU",
        "UniqueName": "TXT_KEY_GREAT_PERSON_KI_NO_TSURAYUKI",
        "UnitType": "UNIT_WRITER"
    },
    {
        "GreatWorkType": "GREAT_WORK_GENJI_MONOGATARI",
        "UniqueName": "TXT_KEY_GREAT_PERSON_MURASAKI_SHIKIBU",
        "UnitType": "UNIT_WRITER"
    },
    {
        "GreatWorkType": "GREAT_WORK_TSUREZUREGUSA",
        "UniqueName": "TXT_KEY_GREAT_PERSON_YOSHIDA_KENKO",
        "UnitType": "UNIT_WRITER"
    },
    {
        "GreatWorkType": "GREAT_WORK_SHINJUTEN_NO_AMIJIMA",
        "UniqueName": "TXT_KEY_GREAT_PERSON_CHIKAMATSU_MONZAEMON",
        "UnitType": "UNIT_WRITER"
    },
    {
        "GreatWorkType": "GREAT_WORK_UGETSU_MONOGATARI",
        "UniqueName": "TXT_KEY_GREAT_PERSON_UEDA_AKINARI",
        "UnitType": "UNIT_WRITER"
    },
    {
        "GreatWorkType": "GREAT_WORK_WAGAHAI_WA_NEKO",
        "UniqueName": "TXT_KEY_GREAT_PERSON_NATSUME_SOSEKI",
        "UnitType": "UNIT_WRITER"
    },
    {
        "GreatWorkType": "GREAT_WORK_EL_INGENIOSO",
        "UniqueName": "TXT_KEY_GREAT_PERSON_MIGUEL_DE_CERVANTES",
        "UnitType": "UNIT_WRITER"
    },
    {
        "GreatWorkType": "GREAT_WORK_MARIA",
        "UniqueName": "TXT_KEY_GREAT_PERSON_JORGE_ISAACS",
        "UnitType": "UNIT_WRITER"
    },
    {
        "GreatWorkType": "GREAT_WORK_MARTIN_FIERRO",
        "UniqueName": "TXT_KEY_GREAT_PERSON_JOSE_HERNANDEZ",
        "UnitType": "UNIT_WRITER"
    },
    {
        "GreatWorkType": "GREAT_WORK_AZUL",
        "UniqueName": "TXT_KEY_GREAT_PERSON_RUBEN_DARIO",
        "UnitType": "UNIT_WRITER"
    },
    {
        "GreatWorkType": "GREAT_WORK_GIRART_DE_VIENNE",
        "UniqueName": "TXT_KEY_GREAT_PERSON_BERTRAND_DE_BAR_SUR_AUBE",
        "UnitType": "UNIT_WRITER"
    },
    {
        "GreatWorkType": "GREAT_WORK_LA_VIE_DE_GARGANTUA",
        "UniqueName": "TXT_KEY_GREAT_PERSON_FRANCOIS_RABELAIS",
        "UnitType": "UNIT_WRITER"
    },
    {
        "GreatWorkType": "GREAT_WORK_CANDIDE_OU_LOPTIMISME",
        "UniqueName": "TXT_KEY_GREAT_PERSON_VOLTAIRE",
        "UnitType": "UNIT_WRITER"
    },
    {
        "GreatWorkType": "GREAT_WORK_LES_TROIS_MOUSQUETAIRES",
        "UniqueName": "TXT_KEY_GREAT_PERSON_ALEXANDRE_DUMAS",
        "UnitType": "UNIT_WRITER"
    },
    {
        "GreatWorkType": "GREAT_WORK_LES_MISERABLES",
        "UniqueName": "TXT_KEY_GREAT_PERSON_VICTOR_HUGO",
        "UnitType": "UNIT_WRITER"
    },
    {
        "GreatWorkType": "GREAT_WORK_VIGNT_MILLE_LIEUES",
        "UniqueName": "TXT_KEY_GREAT_PERSON_JULES_VERNE",
        "UnitType": "UNIT_WRITER"
    },
    {
        "GreatWorkType": "GREAT_WORK_A_LA_RECHERCHE",
        "UniqueName": "TXT_KEY_GREAT_PERSON_MARCUS_PROUST",
        "UnitType": "UNIT_WRITER"
    },
    {
        "GreatWorkType": "GREAT_WORK_DIVINA_COMMEDIA",
        "UniqueName": "TXT_KEY_GREAT_PERSON_DANTE_ALIGHIERI",
        "UnitType": "UNIT_WRITER"
    },
    {
        "GreatWorkType": "GREAT_WORK_IL_CANZONIERE",
        "UniqueName": "TXT_KEY_GREAT_PERSON_PETRARCH",
        "UnitType": "UNIT_WRITER"
    },
    {
        "GreatWorkType": "GREAT_WORK_ORLANDO_FURIOSO",
        "UniqueName": "TXT_KEY_GREAT_PERSON_LUDOVICO_ARIOSTO",
        "UnitType": "UNIT_WRITER"
    },
    {
        "GreatWorkType": "GREAT_WORK_SAUL",
        "UniqueName": "TXT_KEY_GREAT_PERSON_VITTORIO_ALFIERI",
        "UnitType": "UNIT_WRITER"
    },
    {
        "GreatWorkType": "GREAT_WORK_DIE_RAUBER",
        "UniqueName": "TXT_KEY_GREAT_PERSON_JOHANN_FRIEDRICH_VON_SCHILLER",
        "UnitType": "UNIT_WRITER"
    },
    {
        "GreatWorkType": "GREAT_WORK_FAUST",
        "UniqueName": "TXT_KEY_GREAT_PERSON_JOHANN_WOLFGANG_VON_GOETHE",
        "UnitType": "UNIT_WRITER"
    },
    {
        "GreatWorkType": "GREAT_WORK_REVIZOR",
        "UniqueName": "TXT_KEY_GREAT_PERSON_NIKOLAI_GOGOL",
        "UnitType": "UNIT_WRITER"
    },
    {
        "GreatWorkType": "GREAT_WORK_PRESTIPLENIYE",
        "UniqueName": "TXT_KEY_GREAT_PERSON_FYODOR_DOSTOYEVSKY",
        "UnitType": "UNIT_WRITER"
    },
    {
        "GreatWorkType": "GREAT_WORK_VOYNA_I_MIR",
        "UniqueName": "TXT_KEY_GREAT_PERSON_LEO_TOLSTOY",
        "UnitType": "UNIT_WRITER"
    },
    {
        "GreatWorkType": "GREAT_WORK_CHAYKA",
        "UniqueName": "TXT_KEY_GREAT_PERSON_ANTON_CHEKHOV",
        "UnitType": "UNIT_WRITER"
    },
    {
        "GreatWorkType": "GREAT_WORK_NA_DNE",
        "UniqueName": "TXT_KEY_GREAT_PERSON_MAXIM_GORKY",
        "UnitType": "UNIT_WRITER"
    },
    {
        "GreatWorkType": "GREAT_WORK_CANTERBURY_TALES",
        "UniqueName": "TXT_KEY_GREAT_PERSON_GEOFFREY_CHAUCER",
        "UnitType": "UNIT_WRITER"
    },
    {
        "GreatWorkType": "GREAT_WORK_LE_MORTE_DARTHUR",
        "UniqueName": "TXT_KEY_GREAT_PERSON_THOMAS_MALORY",
        "UnitType": "UNIT_WRITER"
    },
    {
        "GreatWorkType": "GREAT_WORK_THE_FAERIE_QUEENE",
        "UniqueName": "TXT_KEY_GREAT_PERSON_EDMUND_SPENSER",
        "UnitType": "UNIT_WRITER"
    },
    {
        "GreatWorkType": "GREAT_WORK_MACBETH",
        "UniqueName": "TXT_KEY_GREAT_PERSON_WILLIAM_SHAKESPEARE",
        "UnitType": "UNIT_WRITER"
    },
    {
        "GreatWorkType": "GREAT_WORK_PRIDE_AND_PREJUDICE",
        "UniqueName": "TXT_KEY_GREAT_PERSON_JANE_AUSTIN",
        "UnitType": "UNIT_WRITER"
    },
    {
        "GreatWorkType": "GREAT_WORK_FRANKENSTEIN",
        "UniqueName": "TXT_KEY_GREAT_PERSON_MARY_SHELLEY",
        "UnitType": "UNIT_WRITER"
    },
    {
        "GreatWorkType": "GREAT_WORK_A_CHRISTMAS_CAROL",
        "UniqueName": "TXT_KEY_GREAT_PERSON_CHARLES_DICKENS",
        "UnitType": "UNIT_WRITER"
    },
    {
        "GreatWorkType": "GREAT_WORK_ALICES_ADVANTURES",
        "UniqueName": "TXT_KEY_GREAT_PERSON_LEWIS_CARROLL",
        "UnitType": "UNIT_WRITER"
    },
    {
        "GreatWorkType": "GREAT_WORK_BARRACK_ROOM_BALLADS",
        "UniqueName": "TXT_KEY_GREAT_PERSON_RUDYARD_KIPLING",
        "UnitType": "UNIT_WRITER"
    },
    {
        "GreatWorkType": "GREAT_WORK_THE_TIME_MACHINE",
        "UniqueName": "TXT_KEY_GREAT_PERSON_H_G_WELLS",
        "UnitType": "UNIT_WRITER"
    },
    {
        "GreatWorkType": "GREAT_WORK_THE_SIGN_OF_THE_FOUR",
        "UniqueName": "TXT_KEY_GREAT_PERSON_ARTHUR_CONAN_DOYLE",
        "UnitType": "UNIT_WRITER"
    },
    {
        "GreatWorkType": "GREAT_WORK_LADY_CHATTERLEYS_LOVER",
        "UniqueName": "TXT_KEY_GREAT_PERSON_D_H_LAWRENCE",
        "UnitType": "UNIT_WRITER"
    },
    {
        "GreatWorkType": "GREAT_WORK_THE_SKETCH_BOOK",
        "UniqueName": "TXT_KEY_GREAT_PERSON_WASHINGTON_IRVING",
        "UnitType": "UNIT_WRITER"
    },
    {
        "GreatWorkType": "GREAT_WORK_THE_LAST_OF_THE_MOHICANS",
        "UniqueName": "TXT_KEY_GREAT_PERSON_JAMES_FENIMORE_COOPER",
        "UnitType": "UNIT_WRITER"
    },
    {
        "GreatWorkType": "GREAT_WORK_THE_RAVEN",
        "UniqueName": "TXT_KEY_GREAT_PERSON_EDGAR_ALLEN_POE",
        "UnitType": "UNIT_WRITER"
    },
    {
        "GreatWorkType": "GREAT_WORK_TWICE_TOLD_TALE",
        "UniqueName": "TXT_KEY_GREAT_PERSON_NATHANIEL_HAWTHORNE",
        "UnitType": "UNIT_WRITER"
    },
    {
        "GreatWorkType": "GREAT_WORK_MOBY_DICK",
        "UniqueName": "TXT_KEY_GREAT_PERSON_HERMAN_MELVILLE",
        "UnitType": "UNIT_WRITER"
    },
    {
        "GreatWorkType": "GREAT_WORK_UNCLE_TOMS_CABIN",
        "UniqueName": "TXT_KEY_GREAT_PERSON_HARRIET_BEECHER_STOWE",
        "UnitType": "UNIT_WRITER"
    },
    {
        "GreatWorkType": "GREAT_WORK_WALDEN",
        "UniqueName": "TXT_KEY_GREAT_PERSON_HENRY_DAVID_THOREAU",
        "UnitType": "UNIT_WRITER"
    },
    {
        "GreatWorkType": "GREAT_WORK_LEAVES_OF_GRASS",
        "UniqueName": "TXT_KEY_GREAT_PERSON_WALT_WHITMAN",
        "UnitType": "UNIT_WRITER"
    },
    {
        "GreatWorkType": "GREAT_WORK_ADVENTURES_OF_HUCKLEBERRY",
        "UniqueName": "TXT_KEY_GREAT_PERSON_MARK_TWAIN",
        "UnitType": "UNIT_WRITER"
    },
    {
        "GreatWorkType": "GREAT_WORK_POEMS",
        "UniqueName": "TXT_KEY_GREAT_PERSON_EMILY_DICKENSON",
        "UnitType": "UNIT_WRITER"
    },
    {
        "GreatWorkType": "GREAT_WORK_RED_BADGE_OF_COURAGE",
        "UniqueName": "TXT_KEY_GREAT_PERSON_STEPHEN_CRANE",
        "UnitType": "UNIT_WRITER"
    },
    {
        "GreatWorkType": "GREAT_WORK_WONDERFUL_WIZARD_OF_OZ",
        "UniqueName": "TXT_KEY_GREAT_PERSON_L_FRANK_BAUM",
        "UnitType": "UNIT_WRITER"
    },
    {
        "GreatWorkType": "GREAT_WORK_THE_GREAT_GATSBY",
        "UniqueName": "TXT_KEY_GREAT_PERSON_F_SCOTT_FITZGERALD",
        "UnitType": "UNIT_WRITER"
    },
    {
        "GreatWorkType": "GREAT_WORK_NIN_ME_SCHARA",
        "UniqueName": "TXT_KEY_GREAT_PERSON_ENHEDUANNA",
        "UnitType": "UNIT_MUSICIAN"
    },
    {
        "GreatWorkType": "GREAT_WORK_HYMN_TO_THE_MUSE",
        "UniqueName": "TXT_KEY_GREAT_PERSON_MESOMEDES",
        "UnitType": "UNIT_MUSICIAN"
    },
    {
        "GreatWorkType": "GREAT_WORK_GUANGLING_SAN",
        "UniqueName": "TXT_KEY_GREAT_PERSON_JI_KANG",
        "UnitType": "UNIT_MUSICIAN"
    },
    {
        "GreatWorkType": "GREAT_WORK_LAMMA_BADA_YATATHANNA",
        "UniqueName": "TXT_KEY_GREAT_PERSON_ZIRYAB",
        "UnitType": "UNIT_MUSICIAN"
    },
    {
        "GreatWorkType": "GREAT_WORK_WHIRLING_DERVISH",
        "UniqueName": "TXT_KEY_GREAT_PERSON_ALKINDI",
        "UnitType": "UNIT_MUSICIAN"
    },
    {
        "GreatWorkType": "GREAT_WORK_UT_QUEANT_LAXIS",
        "UniqueName": "TXT_KEY_GREAT_PERSON_GUIDO_DAREZZO",
        "UnitType": "UNIT_MUSICIAN"
    },
    {
        "GreatWorkType": "GREAT_WORK_MESSE_DE_NOSTRE_DAME",
        "UniqueName": "TXT_KEY_GREAT_PERSON_GUILLAUME_DE_MACHAUT",
        "UnitType": "UNIT_MUSICIAN"
    },
    {
        "GreatWorkType": "GREAT_WORK_NYMPHES_DES_BOIS",
        "UniqueName": "TXT_KEY_GREAT_PERSON_JOSQUIN_DES_PRES",
        "UnitType": "UNIT_MUSICIAN"
    },
    {
        "GreatWorkType": "GREAT_WORK_PAYOJI_MAINE",
        "UniqueName": "TXT_KEY_GREAT_PERSON_MEERABAI",
        "UnitType": "UNIT_MUSICIAN"
    },
    {
        "GreatWorkType": "GREAT_WORK_SPEM_IN_ALIUM",
        "UniqueName": "TXT_KEY_GREAT_PERSON_THOMAS_TALLIS",
        "UnitType": "UNIT_MUSICIAN"
    },
    {
        "GreatWorkType": "GREAT_WORK_MISSA_PAPAE_MARCELLI",
        "UniqueName": "TXT_KEY_GREAT_PERSON_GIOVANNI_PIERLUIGI",
        "UnitType": "UNIT_MUSICIAN"
    },
    {
        "GreatWorkType": "GREAT_WORK_XICOCHI",
        "UniqueName": "TXT_KEY_GREAT_PERSON_GASPAR_FERNANDES",
        "UnitType": "UNIT_MUSICIAN"
    },
    {
        "GreatWorkType": "GREAT_WORK_ROKUDAN_NO_SHIRABE",
        "UniqueName": "TXT_KEY_GREAT_PERSON_YATSUHASHI_KENGYO",
        "UnitType": "UNIT_MUSICIAN"
    },
    {
        "GreatWorkType": "GREAT_WORK_BRANDENBERG_CONCERTOS",
        "UniqueName": "TXT_KEY_GREAT_PERSON_JOHANN_SEBASTIAN_BACH",
        "UnitType": "UNIT_MUSICIAN"
    },
    {
        "GreatWorkType": "GREAT_WORK_GLORIA_LAUS_ET_HONOR",
        "UniqueName": "TXT_KEY_GREAT_PERSON_ESTABAN_SALAS_Y_CASTRO",
        "UnitType": "UNIT_MUSICIAN"
    },
    {
        "GreatWorkType": "GREAT_WORK_SALVE_REGINA",
        "UniqueName": "TXT_KEY_GREAT_PERSON_EMERICO_LOBO_DE_MESQUITA",
        "UnitType": "UNIT_MUSICIAN"
    },
    {
        "GreatWorkType": "GREAT_WORK_EINE_KLEINE_NACHTMUSIC",
        "UniqueName": "TXT_KEY_GREAT_PERSON_WOLFGANG_AMADEUS_MOZART",
        "UnitType": "UNIT_MUSICIAN"
    },
    {
        "GreatWorkType": "GREAT_WORK_SAKURAGARI",
        "UniqueName": "TXT_KEY_GREAT_PERSON_YAMADA_KENGYO",
        "UnitType": "UNIT_MUSICIAN"
    },
    {
        "GreatWorkType": "GREAT_WORK_FIFTH_SYMPHONY",
        "UniqueName": "TXT_KEY_GREAT_PERSON_LUDWIG_VON_BEETHOVEN",
        "UnitType": "UNIT_MUSICIAN"
    },
    {
        "GreatWorkType": "GREAT_WORK_CAPRICE_NO_24",
        "UniqueName": "TXT_KEY_GREAT_PERSON_NICCOLO_PAGANINI",
        "UnitType": "UNIT_MUSICIAN"
    },
    {
        "GreatWorkType": "GREAT_WORK_TE_DEUM",
        "UniqueName": "TXT_KEY_GREAT_PERSON_FRANCISCO_MANUEL_DA_SILVA",
        "UnitType": "UNIT_MUSICIAN"
    },
    {
        "GreatWorkType": "GREAT_WORK_ETUDE_OP_10",
        "UniqueName": "TXT_KEY_GREAT_PERSON_FREDERIC_CHOPIN",
        "UnitType": "UNIT_MUSICIAN"
    },
    {
        "GreatWorkType": "GREAT_WORK_DIE_WALKURE",
        "UniqueName": "TXT_KEY_GREAT_PERSON_RICHARD_WAGNER",
        "UnitType": "UNIT_MUSICIAN"
    },
    {
        "GreatWorkType": "GREAT_WORK_LA_FORZA_DEL_DESTINO",
        "UniqueName": "TXT_KEY_GREAT_PERSON_GIUSEPPE_VERDI",
        "UnitType": "UNIT_MUSICIAN"
    },
    {
        "GreatWorkType": "GREAT_WORK_CONTRADANZAS_CUBANAS",
        "UniqueName": "TXT_KEY_GREAT_PERSON_MANUEL_SAUMELL",
        "UnitType": "UNIT_MUSICIAN"
    },
    {
        "GreatWorkType": "GREAT_WORK_DIE_FLEDERMAUS",
        "UniqueName": "TXT_KEY_GREAT_PERSON_JOHANN_STRAUSS",
        "UnitType": "UNIT_MUSICIAN"
    },
    {
        "GreatWorkType": "GREAT_WORK_HUNGARIAN_DANCES",
        "UniqueName": "TXT_KEY_GREAT_PERSON_JOHANNES_BRAHMS",
        "UnitType": "UNIT_MUSICIAN"
    },
    {
        "GreatWorkType": "GREAT_WORK_NIGHT_ON_BALD_MOUNTAIN",
        "UniqueName": "TXT_KEY_GREAT_PERSON_MODEST_MUSSORGSKY",
        "UnitType": "UNIT_MUSICIAN"
    },
    {
        "GreatWorkType": "GREAT_WORK_1812_OVERTURE",
        "UniqueName": "TXT_KEY_GREAT_PERSON_PYOTR_ILYICH_TCHAIKOVSKY",
        "UnitType": "UNIT_MUSICIAN"
    },
    {
        "GreatWorkType": "GREAT_WORK_FROM_THE_NEW_WORLD",
        "UniqueName": "TXT_KEY_GREAT_PERSON_ANTONIN_DVORAK",
        "UnitType": "UNIT_MUSICIAN"
    },
    {
        "GreatWorkType": "GREAT_WORK_DAHA",
        "UniqueName": "TXT_KEY_GREAT_PERSON_TAIZAN_HIGUCHI",
        "UnitType": "UNIT_MUSICIAN"
    },
    {
        "GreatWorkType": "GREAT_WORK_CATHEDRALE_ENGLOUTIE",
        "UniqueName": "TXT_KEY_GREAT_PERSON_CLAUSE_DEBUSSY",
        "UnitType": "UNIT_MUSICIAN"
    },
    {
        "GreatWorkType": "GREAT_WORK_VARIATIONS_ON_AMERICA",
        "UniqueName": "TXT_KEY_GREAT_PERSON_CHARLES_IVES",
        "UnitType": "UNIT_MUSICIAN"
    },
    {
        "GreatWorkType": "GREAT_WORK_LAU_DUANG_DUEN",
        "UniqueName": "TXT_KEY_GREAT_PERSON_PRINCE_BENBADHANABONGSE",
        "UnitType": "UNIT_MUSICIAN"
    },
    {
        "GreatWorkType": "GREAT_WORK_ANA_HAWEET",
        "UniqueName": "TXT_KEY_GREAT_PERSON_SAYED_DARWISH",
        "UnitType": "UNIT_MUSICIAN"
    },
    {
        "GreatWorkType": "GREAT_WORK_SERMON_OF_SADNESS",
        "UniqueName": "TXT_KEY_GREAT_PERSON_HANNA_PETROS",
        "UnitType": "UNIT_MUSICIAN"
    },
    {
        "GreatWorkType": "GREAT_WORK_I_GOT_RHYTHM",
        "UniqueName": "TXT_KEY_GREAT_PERSON_GEORGE_GERSHWIN",
        "UnitType": "UNIT_MUSICIAN"
    },
    {
        "GreatWorkType": "GREAT_WORK_SENSEMAYA",
        "UniqueName": "TXT_KEY_GREAT_PERSON_SILVESTRE_REVUELTAS",
        "UnitType": "UNIT_MUSICIAN"
    },
    {
        "GreatWorkType": "GREAT_WORK_SINFONIA_INDIA",
        "UniqueName": "TXT_KEY_GREAT_PERSON_CARLOS_CHAVEZ",
        "UnitType": "UNIT_MUSICIAN"
    },
    {
        "GreatWorkType": "GREAT_WORK_LADRANG_SRI_DUHITO",
        "UniqueName": "TXT_KEY_GREAT_PERSON_WASITODININGRAT",
        "UnitType": "UNIT_MUSICIAN"
    },
    {
        "GreatWorkType": "GREAT_WORK_IN_A_LANDSCAPE",
        "UniqueName": "TXT_KEY_GREAT_PERSON_JOHN_CAGE",
        "UnitType": "UNIT_MUSICIAN"
    },
    {
        "GreatWorkType": "GREAT_WORK_JHAPTAL",
        "UniqueName": "TXT_KEY_GREAT_PERSON_ALLA_RAKHA",
        "UnitType": "UNIT_MUSICIAN"
    },
    {
        "GreatWorkType": "GREAT_WORK_DIDGERIDOO",
        "UniqueName": "TXT_KEY_GREAT_PERSON_DAVID_BLANASI",
        "UnitType": "UNIT_MUSICIAN"
    },
    {
        "GreatWorkType": "GREAT_WORK_KATCINA_DANCES",
        "UniqueName": "TXT_KEY_GREAT_PERSON_LOUIS_BALLARD",
        "UnitType": "UNIT_MUSICIAN"
    },
    {
        "GreatWorkType": "GREAT_WORK_ELECTRIC_COUNTERPOINT",
        "UniqueName": "TXT_KEY_GREAT_PERSON_STEVE_REICH",
        "UnitType": "UNIT_MUSICIAN"
    },
    {
        "GreatWorkType": "GREAT_WORK_AL_CAPONE",
        "UniqueName": "TXT_KEY_GREAT_PERSON_CECIL_BUSTAMENTE",
        "UnitType": "UNIT_MUSICIAN"
    },
    {
        "GreatWorkType": "GREAT_WORK_MORNING_STAR",
        "UniqueName": "TXT_KEY_GREAT_PERSON_CARLOS_NAKAI",
        "UnitType": "UNIT_MUSICIAN"
    },
    {
        "GreatWorkType": "GREAT_WORK_ALSO_SPRACH_ZARATHUSTRA",
        "UniqueName": "TXT_KEY_GREAT_PERSON_RICHARD_STRAUSS",
        "UnitType": "UNIT_MUSICIAN"
    },
    {
        "GreatWorkType": "GREAT_WORK_SATURN",
        "UniqueName": "TXT_KEY_GREAT_PERSON_GUSTAV_HOLST",
        "UnitType": "UNIT_MUSICIAN"
    },
    {
        "GreatWorkType": "GREAT_WORK_CARAVAN",
        "UniqueName": "TXT_KEY_GREAT_PERSON_DUKE_ELLINGTON",
        "UnitType": "UNIT_MUSICIAN"
    },
    {
        "GreatWorkType": "GREAT_WORK_SYMPHONY_NO_1",
        "UniqueName": "TXT_KEY_GREAT_PERSON_ULVI_CEMAL_ERKIN",
        "UnitType": "UNIT_MUSICIAN"
    },
    {
        "GreatWorkType": "GREAT_WORK_MBUBE",
        "UniqueName": "TXT_KEY_GREAT_PERSON_SOLOMON_LINDA",
        "UnitType": "UNIT_MUSICIAN"
    },
    {
        "GreatWorkType": "GREAT_WORK_SHAKER_LOOPS",
        "UniqueName": "TXT_KEY_GREAT_PERSON_JOHN_ADAMS",
        "UnitType": "UNIT_MUSICIAN"
    },
    {
        "GreatWorkType": "GREAT_WORK_AVE_MARIS",
        "UniqueName": "TXT_KEY_GREAT_PERSON_GUILLAUME_DUFAY",
        "UnitType": "UNIT_MUSICIAN"
    },
    {
        "GreatWorkType": "GREAT_WORK_REQUIEM_KYRIE",
        "UniqueName": "TXT_KEY_GREAT_PERSON_JOHANNES_OCKEGHEM",
        "UnitType": "UNIT_MUSICIAN"
    },
    {
        "GreatWorkType": "GREAT_WORK_SALVE_REGINA_A_4",
        "UniqueName": "TXT_KEY_GREAT_PERSON_JACOB_OBRECHT",
        "UnitType": "UNIT_MUSICIAN"
    },
    {
        "GreatWorkType": "GREAT_WORK_BONJOUR_MON_COEUR",
        "UniqueName": "TXT_KEY_GREAT_PERSON_ORLANDE_DE_LASSUS",
        "UnitType": "UNIT_MUSICIAN"
    },
    {
        "GreatWorkType": "GREAT_WORK_O_MAGNUM_MYSTERIUM",
        "UniqueName": "TXT_KEY_GREAT_PERSON_GIOVANNI_GABRIELI",
        "UnitType": "UNIT_MUSICIAN"
    },
    {
        "GreatWorkType": "GREAT_WORK_POICHE_LAVIDA",
        "UniqueName": "TXT_KEY_GREAT_PERSON_CARLO_GESUALDO",
        "UnitType": "UNIT_MUSICIAN"
    },
    {
        "GreatWorkType": "GREAT_WORK_AGNUS_DEI",
        "UniqueName": "TXT_KEY_GREAT_PERSON_WILLIAM_BYRD",
        "UnitType": "UNIT_MUSICIAN"
    },
    {
        "GreatWorkType": "GREAT_WORK_WATER_MUSIC",
        "UniqueName": "TXT_KEY_GREAT_PERSON_GEORGE_HANDEL",
        "UnitType": "UNIT_MUSICIAN"
    },
    {
        "GreatWorkType": "GREAT_WORK_SYMPHONE_NO_93",
        "UniqueName": "TXT_KEY_GREAT_PERSON_FRANZ_JOSEF_HAYDN",
        "UnitType": "UNIT_MUSICIAN"
    },
    {
        "GreatWorkType": "GREAT_WORK_HUNGARIAN_RHAPSODY",
        "UniqueName": "TXT_KEY_GREAT_PERSON_FRANZ_LISZT",
        "UnitType": "UNIT_MUSICIAN"
    },
    {
        "GreatWorkType": "GREAT_WORK_DAS_VERLASSENE",
        "UniqueName": "TXT_KEY_GREAT_PERSON_HUGO_WOLF",
        "UnitType": "UNIT_MUSICIAN"
    },
    {
        "GreatWorkType": "GREAT_WORK_SYMPHONY_NO_5",
        "UniqueName": "TXT_KEY_GREAT_PERSON_GUSTAV_MAHLER",
        "UnitType": "UNIT_MUSICIAN"
    },
    {
        "GreatWorkType": "GREAT_WORK_SYMPHONY_NO_3",
        "UniqueName": "TXT_KEY_GREAT_PERSON_CAMILLE_SAINT_SAENS",
        "UnitType": "UNIT_MUSICIAN"
    },
    {
        "GreatWorkType": "GREAT_WORK_PARADE",
        "UniqueName": "TXT_KEY_GREAT_PERSON_ERIK_SATIE",
        "UnitType": "UNIT_MUSICIAN"
    },
    {
        "GreatWorkType": "GREAT_WORK_LULU",
        "UniqueName": "TXT_KEY_GREAT_PERSON_ALBAN_BERG",
        "UnitType": "UNIT_MUSICIAN"
    },
    {
        "GreatWorkType": "GREAT_WORK_STRING_QUARTET",
        "UniqueName": "TXT_KEY_GREAT_PERSON_MAURICE_RAVEL",
        "UnitType": "UNIT_MUSICIAN"
    },
    {
        "GreatWorkType": "GREAT_WORK_YOUNG_PERSONS_GUIDE",
        "UniqueName": "TXT_KEY_GREAT_PERSON_BENJAMIN_BRITTEN",
        "UnitType": "UNIT_MUSICIAN"
    },
    {
        "GreatWorkType": "GREAT_WORK_GIRL_WITH_PEARL_EARRING",
        "UniqueName": "TXT_KEY_GREAT_PERSON_JAN_VERMEER",
        "UnitType": "UNIT_ARTIST"
    },
    {
        "GreatWorkType": "GREAT_WORK_HENRY_VIII",
        "UniqueName": "TXT_KEY_GREAT_PERSON_HANS_HOLBEIN",
        "UnitType": "UNIT_ARTIST"
    },
    {
        "GreatWorkType": "GREAT_WORK_HUNTERS_IN_THE_SNOW",
        "UniqueName": "TXT_KEY_GREAT_PERSON_PIETER_BRUEGEL",
        "UnitType": "UNIT_ARTIST"
    },
    {
        "GreatWorkType": "GREAT_WORK_LES_DEMOISELLES",
        "UniqueName": "TXT_KEY_GREAT_PERSON_PABLO_PICASSO",
        "UnitType": "UNIT_ARTIST"
    },
    {
        "GreatWorkType": "GREAT_WORK_LUNCHEON",
        "UniqueName": "TXT_KEY_GREAT_PERSON_PIERRE_AUGUSTE_ENOIR",
        "UnitType": "UNIT_ARTIST"
    },
    {
        "GreatWorkType": "GREAT_WORK_MONA_LISA",
        "UniqueName": "TXT_KEY_GREAT_PERSON_LEONARDO_DA_VINCI",
        "UnitType": "UNIT_ARTIST"
    },
    {
        "GreatWorkType": "GREAT_WORK_SUNDAY_AFTERNOON",
        "UniqueName": "TXT_KEY_GREAT_PERSON_GEORGE_SEURAT",
        "UnitType": "UNIT_ARTIST"
    },
    {
        "GreatWorkType": "GREAT_WORK_VIEW_OF_TOLEDO",
        "UniqueName": "TXT_KEY_GREAT_PERSON_EL_GRECO",
        "UnitType": "UNIT_ARTIST"
    },
    {
        "GreatWorkType": "GREAT_WORK_WATER_LILIES",
        "UniqueName": "TXT_KEY_GREAT_PERSON_CLAUDE_MONET",
        "UnitType": "UNIT_ARTIST"
    },
    {
        "GreatWorkType": "GREAT_WORK_STARRY_NIGHT",
        "UniqueName": "TXT_KEY_GREAT_PERSON_VINCENT_VAN_GOGH",
        "UnitType": "UNIT_ARTIST"
    },
    {
        "GreatWorkType": "GREAT_WORK_BIRTH_OF_VENUS",
        "UniqueName": "TXT_KEY_GREAT_PERSON_SANDRO_BOTTICELLI",
        "UnitType": "UNIT_ARTIST"
    },
    {
        "GreatWorkType": "GREAT_WORK_BINDO_ALTOVITI",
        "UniqueName": "TXT_KEY_GREAT_PERSON_RAFFAELLO_SANZO",
        "UnitType": "UNIT_ARTIST"
    },
    {
        "GreatWorkType": "GREAT_WORK_SAINT_GEORGE_DRAGON",
        "UniqueName": "TXT_KEY_GREAT_PERSON_PAOLO_UCCELLO",
        "UnitType": "UNIT_ARTIST"
    },
    {
        "GreatWorkType": "GREAT_WORK_CREATION_OF_ADAM",
        "UniqueName": "TXT_KEY_GREAT_PERSON_MICHELANGELO_BUONARROTI",
        "UnitType": "UNIT_ARTIST"
    },
    {
        "GreatWorkType": "GREAT_WORK_GALLERY_OF_THE_LOUVRE",
        "UniqueName": "TXT_KEY_GREAT_PERSON_SAMUEL_MORSE",
        "UnitType": "UNIT_ARTIST"
    },
    {
        "GreatWorkType": "GREAT_WORK_WASHINGTON_CROSSING",
        "UniqueName": "TXT_KEY_GREAT_PERSON_EMANUAL_LEUTZE",
        "UnitType": "UNIT_ARTIST"
    },
    {
        "GreatWorkType": "GREAT_WORK_ARRANGEMENT_IN_GREY",
        "UniqueName": "TXT_KEY_GREAT_PERSON_JAMES_WHISTLER",
        "UnitType": "UNIT_ARTIST"
    },
    {
        "GreatWorkType": "GREAT_WORK_BREEZING_UP",
        "UniqueName": "TXT_KEY_GREAT_PERSON_WINSLOW_HOMER",
        "UnitType": "UNIT_ARTIST"
    },
    {
        "GreatWorkType": "GREAT_WORK_A_THOUSAND_LI",
        "UniqueName": "TXT_KEY_GREAT_PERSON_WANG_XIMENG",
        "UnitType": "UNIT_ARTIST"
    },
    {
        "GreatWorkType": "GREAT_WORK_DWELLING_IN_THE_FUCHUN",
        "UniqueName": "TXT_KEY_GREAT_PERSON_HUANG_GONGWANG",
        "UnitType": "UNIT_ARTIST"
    },
    {
        "GreatWorkType": "GREAT_WORK_ALONG_THE_RIVER",
        "UniqueName": "TXT_KEY_GREAT_PERSON_ZHANG_ZUDUAN",
        "UnitType": "UNIT_ARTIST"
    },
    {
        "GreatWorkType": "GREAT_WORK_LEAF_2",
        "UniqueName": "TXT_KEY_GREAT_PERSON_JIAO_BINGZHEN",
        "UnitType": "UNIT_ARTIST"
    },
    {
        "GreatWorkType": "GREAT_WORK_EMPEROR_TAIZONG",
        "UniqueName": "TXT_KEY_GREAT_PERSON_YAN_LIBEN",
        "UnitType": "UNIT_ARTIST"
    },
    {
        "GreatWorkType": "GREAT_WORK_SPRING_MORNING",
        "UniqueName": "TXT_KEY_GREAT_PERSON_QIU_YING",
        "UnitType": "UNIT_ARTIST"
    },
    {
        "GreatWorkType": "GREAT_WORK_THE_GREAT_WAVE",
        "UniqueName": "TXT_KEY_GREAT_PERSON_KATSUSHIKA_HOKUSAI",
        "UnitType": "UNIT_ARTIST"
    },
    {
        "GreatWorkType": "GREAT_WORK_EVENING_SHOWER",
        "UniqueName": "TXT_KEY_GREAT_PERSON_UTAGAWA_HIROSHIGE",
        "UnitType": "UNIT_ARTIST"
    },
    {
        "GreatWorkType": "GREAT_WORK_L_ABSINTHE",
        "UniqueName": "TXT_KEY_GREAT_PERSON_EDGAR_DEGAS",
        "UnitType": "UNIT_ARTIST"
    },
    {
        "GreatWorkType": "GREAT_WORK_UPAUPA_SCHNEKLUD",
        "UniqueName": "TXT_KEY_GREAT_PERSON_PAUL_GAUDUIN",
        "UnitType": "UNIT_ARTIST"
    },
    {
        "GreatWorkType": "GREAT_WORK_A_BAR_AT_THE_FOLIES",
        "UniqueName": "TXT_KEY_GREAT_PERSON_EDOUARD_MANET",
        "UnitType": "UNIT_ARTIST"
    },
    {
        "GreatWorkType": "GREAT_WORK_BALL_AT_THE_MOULIN",
        "UniqueName": "TXT_KEY_GREAT_PERSON_HENRI_DE_TOULOUSE_LAUTREC",
        "UnitType": "UNIT_ARTIST"
    },
    {
        "GreatWorkType": "GREAT_WORK_THE_KISS",
        "UniqueName": "TXT_KEY_GREAT_PERSON_GUSTAV_KLIMPT",
        "UnitType": "UNIT_ARTIST"
    },
    {
        "GreatWorkType": "GREAT_WORK_AMERICAN_GOTHIC",
        "UniqueName": "TXT_KEY_GREAT_PERSON_GRANT_DEVOLSON_WOOD",
        "UnitType": "UNIT_ARTIST"
    },
    {
        "GreatWorkType": "GREAT_WORK_SRI_SHANMUKAHA",
        "UniqueName": "TXT_KEY_GREAT_PERSON_RAJA_RAVI_VARMA",
        "UnitType": "UNIT_ARTIST"
    },
    {
        "GreatWorkType": "GREAT_WORK_DAUD_RECEIVES_A_ROBE",
        "UniqueName": "TXT_KEY_GREAT_PERSON_HIRANAND",
        "UnitType": "UNIT_ARTIST"
    },
    {
        "GreatWorkType": "GREAT_WORK_YUSEF_AND_ZULEYKHA",
        "UniqueName": "TXT_KEY_GREAT_PERSON_KAMALEDDIN_BEHZAD",
        "UnitType": "UNIT_ARTIST"
    },
    {
        "GreatWorkType": "GREAT_WORK_THE_ASCENT_OF_MUHAMMAD",
        "UniqueName": "TXT_KEY_GREAT_PERSON_SULTAN_MUHAMMAD",
        "UnitType": "UNIT_ARTIST"
    },
    {
        "GreatWorkType": "GREAT_WORK_LIBERTY_LEADING_THE_PEOPLE",
        "UniqueName": "TXT_KEY_GREAT_PERSON_EUGENE_DELACROIX",
        "UnitType": "UNIT_ARTIST"
    },
    {
        "GreatWorkType": "GREAT_WORK_SAINT_JEROME_IN_HIS_STUDY",
        "UniqueName": "TXT_KEY_GREAT_PERSON_ANTONELLO_DA_MESSINA",
        "UnitType": "UNIT_ARTIST"
    },
    {
        "GreatWorkType": "GREAT_WORK_RUE_DE_PARIS",
        "UniqueName": "TXT_KEY_GREAT_PERSON_GUSTAVE_CAILLEBOTTE",
        "UnitType": "UNIT_ARTIST"
    },
    {
        "GreatWorkType": "GREAT_WORK_NIGHT_WATCH",
        "UniqueName": "TXT_KEY_GREAT_PERSON_REMBRANDT",
        "UnitType": "UNIT_ARTIST"
    },
    {
        "GreatWorkType": "GREAT_WORK_DEATH_OF_MARAT",
        "UniqueName": "TXT_KEY_GREAT_PERSON_JACQUES_DAVID",
        "UnitType": "UNIT_ARTIST"
    },
    {
        "GreatWorkType": "GREAT_WORK_ETIENNE_CHEVALIER",
        "UniqueName": "TXT_KEY_GREAT_PERSON_JEAN_FOUQUET",
        "UnitType": "UNIT_ARTIST"
    },
    {
        "GreatWorkType": "GREAT_WORK_SAINT_FRANCIS",
        "UniqueName": "TXT_KEY_GREAT_PERSON_ZURBARAN",
        "UnitType": "UNIT_ARTIST"
    },
    {
        "GreatWorkType": "GREAT_WORK_HATAORI",
        "UniqueName": "TXT_KEY_GREAT_PERSON_YANAGAWA",
        "UnitType": "UNIT_ARTIST"
    },
    {
        "GreatWorkType": "GREAT_WORK_JANE_GREY",
        "UniqueName": "TXT_KEY_GREAT_PERSON_PAUL_DELAROCHE",
        "UnitType": "UNIT_ARTIST"
    },
    {
        "GreatWorkType": "GREAT_WORK_WANDERER",
        "UniqueName": "TXT_KEY_GREAT_PERSON_CASPAR_DAVID_FRIEDRICH",
        "UnitType": "UNIT_ARTIST"
    },
    {
        "GreatWorkType": "GREAT_WORK_BABEL",
        "UniqueName": "TXT_KEY_GREAT_PERSON_PETER_BRUEGHEL",
        "UnitType": "UNIT_ARTIST"
    },
    {
        "GreatWorkType": "GREAT_WORK_YOUNG_LADY",
        "UniqueName": "TXT_KEY_GREAT_PERSON_PETRUS_CHRISTUS",
        "UnitType": "UNIT_ARTIST"
    },
    {
        "GreatWorkType": "GREAT_WORK_KINDRED",
        "UniqueName": "TXT_KEY_GREAT_PERSON_ASHER_DURAND",
        "UnitType": "UNIT_ARTIST"
    },
    {
        "GreatWorkType": "GREAT_WORK_BLUE_BOY",
        "UniqueName": "TXT_KEY_GREAT_PERSON_THOMAS_GAINSBOROUGH",
        "UnitType": "UNIT_ARTIST"
    },
    {
        "GreatWorkType": "GREAT_WORK_SECOND_OF_MAY",
        "UniqueName": "TXT_KEY_GREAT_PERSON_FRANCISCO_DE_GOYA",
        "UnitType": "UNIT_ARTIST"
    },
    {
        "GreatWorkType": "GREAT_WORK_LAST_CART",
        "UniqueName": "TXT_KEY_GREAT_PERSON_ALPHONSE_MARIE_ADOLPHE_DE_NEUVILLE",
        "UnitType": "UNIT_ARTIST"
    },
    {
        "GreatWorkType": "GREAT_WORK_EARLY_AUTUMN",
        "UniqueName": "TXT_KEY_GREAT_PERSON_QIAN_XUAN",
        "UnitType": "UNIT_ARTIST"
    },
    {
        "GreatWorkType": "GREAT_WORK_APPRECIATING_LOTUSES",
        "UniqueName": "TXT_KEY_GREAT_PERSON_KANO_MASANOBU",
        "UnitType": "UNIT_ARTIST"
    },
    {
        "GreatWorkType": "GREAT_WORK_EQUESTRIAN_PORTRAIT",
        "UniqueName": "TXT_KEY_GREAT_PERSON_TITIAN",
        "UnitType": "UNIT_ARTIST"
    },
    {
        "GreatWorkType": "GREAT_WORK_THE_ARMADA",
        "UniqueName": "TXT_KEY_GREAT_PERSON_GEORGE_GOWER",
        "UnitType": "UNIT_ARTIST"
    },
    {
        "GreatWorkType": "GREAT_WORK_FRANCIS_I",
        "UniqueName": "TXT_KEY_GREAT_PERSON_JEAN_CLOUET",
        "UnitType": "UNIT_ARTIST"
    },
    {
        "GreatWorkType": "GREAT_WORK_SELF_PORTRAIT",
        "UniqueName": "TXT_KEY_GREAT_PERSON_BARTHOLOMEUM_SPRANGER",
        "UnitType": "UNIT_ARTIST"
    },
    {
        "GreatWorkType": "GREAT_WORK_VERTUMNUS",
        "UniqueName": "TXT_KEY_GREAT_PERSON_GIUSEPPE_ARCIMBOLDO",
        "UnitType": "UNIT_ARTIST"
    },
    {
        "GreatWorkType": "GREAT_WORK_LAST_SUPPER",
        "UniqueName": "TXT_KEY_GREAT_PERSON_TINTORETTO",
        "UnitType": "UNIT_ARTIST"
    },
    {
        "GreatWorkType": "GREAT_WORK_PORTRAIT_OF_A_MAN",
        "UniqueName": "TXT_KEY_GREAT_PERSON_JAN_VAN_EYCK",
        "UnitType": "UNIT_ARTIST"
    },
    {
        "GreatWorkType": "GREAT_WORK_FRONT_OF_THE_MIRROR",
        "UniqueName": "TXT_KEY_GREAT_PERSON_GIOVANNI_BELLINI",
        "UnitType": "UNIT_ARTIST"
    },
    {
        "GreatWorkType": "GREAT_WORK_ADORATION",
        "UniqueName": "TXT_KEY_GREAT_PERSON_GIOTTO_DI_BONDONE",
        "UnitType": "UNIT_ARTIST"
    },
    {
        "GreatWorkType": "GREAT_WORK_RUBENS_AND_ISABELLA",
        "UniqueName": "TXT_KEY_GREAT_PERSON_PETER_PAUL_RUBENS",
        "UnitType": "UNIT_ARTIST"
    },
    {
        "GreatWorkType": "GREAT_WORK_CHILDS_BATH",
        "UniqueName": "TXT_KEY_GREAT_PERSON_MARY_CASSATT",
        "UnitType": "UNIT_ARTIST"
    },
    {
        "GreatWorkType": "GREAT_WORK_THE_CARD_PLAYERS",
        "UniqueName": "TXT_KEY_GREAT_PERSON_PAUL_CEZANNE",
        "UnitType": "UNIT_ARTIST"
    },
    {
        "GreatWorkType": "GREAT_WORK_THE_SWING",
        "UniqueName": "TXT_KEY_GREAT_PERSON_JEAN_HONORE_FRAGONARD",
        "UnitType": "UNIT_ARTIST"
    },
    {
        "GreatWorkType": "GREAT_WORK_GIANT_MAGNOLIAS",
        "UniqueName": "TXT_KEY_GREAT_PERSON_MARTIN_JOHNSON_HEADE",
        "UnitType": "UNIT_ARTIST"
    },
    {
        "GreatWorkType": "GREAT_WORK_SAINT_GEORGE_KILLING",
        "UniqueName": "TXT_KEY_GREAT_PERSON_BERNARDO_MARTORELL",
        "UnitType": "UNIT_ARTIST"
    },
    {
        "GreatWorkType": "GREAT_WORK_JACQUES_AND_BERTHE",
        "UniqueName": "TXT_KEY_GREAT_PERSON_AMEDEO_MODIGLIANI",
        "UnitType": "UNIT_ARTIST"
    },
    {
        "GreatWorkType": "GREAT_WORK_DASH_FOR_TIMBER",
        "UniqueName": "TXT_KEY_GREAT_PERSON_FREDERIC_REMINGTON",
        "UnitType": "UNIT_ARTIST"
    },
    {
        "GreatWorkType": "GREAT_WORK_GEORGE_WASHINGTON_PORTRAIT",
        "UniqueName": "TXT_KEY_GREAT_PERSON_GILBERT_STUART",
        "UnitType": "UNIT_ARTIST"
    },
    {
        "GreatWorkType": "GREAT_WORK_ATTACK_ON_BEIJING",
        "UniqueName": "TXT_KEY_GREAT_PERSON_TORAJIRO_KASAI",
        "UnitType": "UNIT_ARTIST"
    },
    {
        "GreatWorkType": "GREAT_WORK_SUMO_WRESTLER",
        "UniqueName": "TXT_KEY_GREAT_PERSON_TOYOKUNI_UTAGAWA",
        "UnitType": "UNIT_ARTIST"
    },
    {
        "GreatWorkType": "GREAT_WORK_TIGER_IN_TROPICAL_STORM",
        "UniqueName": "TXT_KEY_GREAT_PERSON_HENRI_ROUSSEAU",
        "UnitType": "UNIT_ARTIST"
    },
    {
        "GreatWorkType": "GREAT_WORK_THE_HOME_GUARD",
        "UniqueName": "TXT_KEY_GREAT_PERSON_JOZEF_BORSOS",
        "UnitType": "UNIT_ARTIST"
    },
    {
        "GreatWorkType": "GREAT_WORK_CEREMONIAL_SITTING",
        "UniqueName": "TXT_KEY_GREAT_PERSON_ILYA_REPIN",
        "UnitType": "UNIT_ARTIST"
    },
    {
        "GreatWorkType": "GREAT_WORK_RUSSIAN_TSAR",
        "UniqueName": "TXT_KEY_GREAT_PERSON_SERGEY_IVANOV",
        "UnitType": "UNIT_ARTIST"
    },
    {
        "GreatWorkType": "GREAT_WORK_CRUCIFIXION_OF_SAINT_PETER",
        "UniqueName": "TXT_KEY_GREAT_PERSON_CARAVAGGIO",
        "UnitType": "UNIT_ARTIST"
    },
    {
        "GreatWorkType": "GREAT_WORK_LANDSCAPE_WITH_ANT_BEAR",
        "UniqueName": "TXT_KEY_GREAT_PERSON_FRANS_POST",
        "UnitType": "UNIT_ARTIST"
    },
    {
        "GreatWorkType": "GREAT_WORK_DUTCH_MEN_O_WAR",
        "UniqueName": "TXT_KEY_GREAT_PERSON_WILLEM_THE_YOUNGER",
        "UnitType": "UNIT_ARTIST"
    },
    {
        "GreatWorkType": "GREAT_WORK_HARBOR_IN_BALAKLAVA",
        "UniqueName": "TXT_KEY_GREAT_PERSON_WILLIAM_SIMPSON",
        "UnitType": "UNIT_ARTIST"
    },
    {
        "GreatWorkType": "GREAT_WORK_PEACEMAKERS",
        "UniqueName": "TXT_KEY_GREAT_PERSON_GEORGE_HEALY",
        "UnitType": "UNIT_ARTIST"
    },
    {
        "GreatWorkType": "GREAT_WORK_PORTRAIT_OF_CHITASEI",
        "UniqueName": "TXT_KEY_GREAT_PERSON_UTAGAWA_KUNIYOSHI",
        "UnitType": "UNIT_ARTIST"
    },
    {
        "GreatWorkType": "GREAT_WORK_PORTRAIT_OF_LOUIS",
        "UniqueName": "TXT_KEY_GREAT_PERSON_ADRIEN_CARPENTIERS",
        "UnitType": "UNIT_ARTIST"
    },
    {
        "GreatWorkType": "GREAT_WORK_PORTRAIT_OF_NASSER",
        "UniqueName": "TXT_KEY_GREAT_PERSON_BAHRAM_KIRMANSHAHI",
        "UnitType": "UNIT_ARTIST"
    },
    {
        "GreatWorkType": "GREAT_WORK_FIELD_WITH_SHEAFS",
        "UniqueName": "TXT_KEY_GREAT_PERSON_AUGUST_HAAKE",
        "UnitType": "UNIT_ARTIST"
    },
    {
        "GreatWorkType": "GREAT_WORK_AT_THE_EDGE_OF_THE_BROOK",
        "UniqueName": "TXT_KEY_GREAT_PERSON_WILLIAM_BOUGUEREAU",
        "UnitType": "UNIT_ARTIST"
    },
    {
        "GreatWorkType": "GREAT_WORK_THE_KISS_ALT",
        "UniqueName": "TXT_KEY_GREAT_PERSON_FRANCESCO_HAYEZ",
        "UnitType": "UNIT_ARTIST"
    },
    {
        "GreatWorkType": "GREAT_WORK_MOVING_HOUSE",
        "UniqueName": "TXT_KEY_GREAT_PERSON_VIKTOR_VASNETSOV",
        "UnitType": "UNIT_ARTIST"
    },
    {
        "GreatWorkType": "GREAT_WORK_MEXICAN_EXPEDITION",
        "UniqueName": "TXT_KEY_GREAT_PERSON_HORACE_VERNET",
        "UnitType": "UNIT_ARTIST"
    },
    {
        "GreatWorkType": "GREAT_WORK_LAST_DAY_OF_POMPEII",
        "UniqueName": "TXT_KEY_GREAT_PERSON_KARL_BRIULLOV",
        "UnitType": "UNIT_ARTIST"
    },
    {
        "GreatWorkType": "GREAT_WORK_THE_ACCOLADE",
        "UniqueName": "TXT_KEY_GREAT_PERSON_EDMUND_LEIGHTON",
        "UnitType": "UNIT_ARTIST"
    }
]