[
    {
        "NewPromotion": "PROMOTION_INVULNERABIILITY",
        "PromotionType": "PROMOTION_MYSTIC_BLADE"
    },
    {
        "NewPromotion": "PROMOTION_SNEAK_ATTACK",
        "PromotionType": "PROMOTION_MYSTIC_BLADE"
    },
    {
        "NewPromotion": "PROMOTION_HEROISM",
        "PromotionType": "PROMOTION_MYSTIC_BLADE"
    },
    {
        "NewPromotion": "PROMOTION_AMBITION",
        "PromotionType": "PROMOTION_MYSTIC_BLADE"
    },
    {
        "NewPromotion": "PROMOTION_RESTLESSNESS",
        "PromotionType": "PROMOTION_MYSTIC_BLADE"
    },
    {
        "NewPromotion": "PROMOTION_RECRUITMENT",
        "PromotionType": "PROMOTION_MYSTIC_BLADE"
    },
    {
        "NewPromotion": "PROMOTION_ENEMY_BLADE",
        "PromotionType": "PROMOTION_MYSTIC_BLADE"
    },
    {
        "NewPromotion": "PROMOTION_EVIL_SPIRITS",
        "PromotionType": "PROMOTION_MYSTIC_BLADE"
    }
]