[
    {
        "Audio": "AS2D_VICTORY_SPEECH_ALTERNATE_CONQUEST_VICTORY",
        "CityCulture": null,
        "Civilopedia": "TXT_KEY_VICTORY_TIME_PEDIA",
        "Conquest": 0,
        "Description": "TXT_KEY_VICTORY_TIME",
        "DiploVote": 0,
        "EndScore": 1,
        "FindAllNaturalWonders": 0,
        "ID": 0,
        "Influential": 0,
        "LandPercent": 0,
        "MinLandPercent": 0,
        "NumCultureCities": 0,
        "Permanent": 1,
        "PopulationPercentLead": 0,
        "ReligionInAllCities": 0,
        "TargetScore": 0,
        "TotalCultureRatio": 0,
        "Type": "VICTORY_TIME",
        "VictoryBackground": "Victory_Score.dds",
        "VictoryDelayTurns": 0,
        "VictoryMovie": null,
        "VictoryStatement": "TXT_KEY_VICTORY_TIME_BANG",
        "WinsGame": 1
    },
    {
        "Audio": "AS2D_VICTORY_SPEECH_SCIENCE_VICTORY",
        "CityCulture": null,
        "Civilopedia": "TXT_KEY_VICTORY_SPACE_RACE_READY",
        "Conquest": 0,
        "Description": "TXT_KEY_VICTORY_SPACE_RACE",
        "DiploVote": 0,
        "EndScore": 0,
        "FindAllNaturalWonders": 0,
        "ID": 1,
        "Influential": 0,
        "LandPercent": 0,
        "MinLandPercent": 0,
        "NumCultureCities": 0,
        "Permanent": 0,
        "PopulationPercentLead": 0,
        "ReligionInAllCities": 0,
        "TargetScore": 0,
        "TotalCultureRatio": 0,
        "Type": "VICTORY_SPACE_RACE",
        "VictoryBackground": "Victory_Scientific.dds",
        "VictoryDelayTurns": 0,
        "VictoryMovie": null,
        "VictoryStatement": "TXT_KEY_VICTORY_TECHNOLOGY_BANG",
        "WinsGame": 1
    },
    {
        "Audio": "AS2D_VICTORY_SPEECH_CONQUEST_VICTORY",
        "CityCulture": null,
        "Civilopedia": "TXT_KEY_VICTORY_DOMINATION_PEDIA",
        "Conquest": 1,
        "Description": "TXT_KEY_VICTORY_DOMINATION",
        "DiploVote": 0,
        "EndScore": 0,
        "FindAllNaturalWonders": 0,
        "ID": 2,
        "Influential": 0,
        "LandPercent": 0,
        "MinLandPercent": 0,
        "NumCultureCities": 0,
        "Permanent": 0,
        "PopulationPercentLead": 0,
        "ReligionInAllCities": 0,
        "TargetScore": 0,
        "TotalCultureRatio": 0,
        "Type": "VICTORY_DOMINATION",
        "VictoryBackground": "Victory_Military.dds",
        "VictoryDelayTurns": 0,
        "VictoryMovie": null,
        "VictoryStatement": "TXT_KEY_VICTORY_DOMINATION_BANG",
        "WinsGame": 1
    },
    {
        "Audio": "AS2D_VICTORY_SPEECH_CULTURE_VICTORY",
        "CityCulture": null,
        "Civilopedia": "TXT_KEY_VICTORY_CULTURAL_PEDIA",
        "Conquest": 0,
        "Description": "TXT_KEY_VICTORY_CULTURAL",
        "DiploVote": 0,
        "EndScore": 0,
        "FindAllNaturalWonders": 0,
        "ID": 3,
        "Influential": 1,
        "LandPercent": 0,
        "MinLandPercent": 0,
        "NumCultureCities": 0,
        "Permanent": 0,
        "PopulationPercentLead": 0,
        "ReligionInAllCities": 0,
        "TargetScore": 0,
        "TotalCultureRatio": 0,
        "Type": "VICTORY_CULTURAL",
        "VictoryBackground": "Victory_Cultural.dds",
        "VictoryDelayTurns": 0,
        "VictoryMovie": null,
        "VictoryStatement": "TXT_KEY_VICTORY_CULTURE_BANG",
        "WinsGame": 1
    },
    {
        "Audio": "AS2D_VICTORY_SPEECH_DIPLOMATIC_VICTORY",
        "CityCulture": null,
        "Civilopedia": "TXT_KEY_VICTORY_DIPLOMATIC_PEDIA",
        "Conquest": 0,
        "Description": "TXT_KEY_VICTORY_DIPLOMATIC",
        "DiploVote": 1,
        "EndScore": 0,
        "FindAllNaturalWonders": 0,
        "ID": 4,
        "Influential": 0,
        "LandPercent": 0,
        "MinLandPercent": 0,
        "NumCultureCities": 0,
        "Permanent": 0,
        "PopulationPercentLead": 0,
        "ReligionInAllCities": 0,
        "TargetScore": 0,
        "TotalCultureRatio": 0,
        "Type": "VICTORY_DIPLOMATIC",
        "VictoryBackground": "Victory_Diplomatic.dds",
        "VictoryDelayTurns": 0,
        "VictoryMovie": null,
        "VictoryStatement": "TXT_KEY_VICTORY_ECONOMIC_BANG",
        "WinsGame": 1
    }
]