[
    {
        "AdvancedStartPointsMod": 80,
        "BuildingClassPrereqModifier": 0,
        "DefaultMinorCivs": 4,
        "DefaultPlayers": 2,
        "Description": "TXT_KEY_WORLD_DUEL",
        "EstimatedNumCities": 13,
        "FeatureGrainChange": -1,
        "FogTilesPerBarbarianCamp": 13,
        "GridHeight": 24,
        "GridWidth": 40,
        "Help": "TXT_KEY_WORLD_DUEL_HELP",
        "ID": 0,
        "IconAtlas": "WORLDSIZE_ATLAS",
        "MaxActiveReligions": 2,
        "MaxConscriptModifier": -50,
        "NumCitiesPolicyCostMod": 10,
        "NumCitiesTechCostMod": 5,
        "NumCitiesUnhappinessPercent": 100,
        "NumFreeBuildingResources": 1,
        "NumNaturalWonders": 2,
        "PortraitIndex": 0,
        "ResearchPercent": 100,
        "TargetNumCities": 4,
        "TerrainGrainChange": -1,
        "Type": "WORLDSIZE_DUEL",
        "UnitNameModifier": 50
    },
    {
        "AdvancedStartPointsMod": 85,
        "BuildingClassPrereqModifier": 0,
        "DefaultMinorCivs": 8,
        "DefaultPlayers": 4,
        "Description": "TXT_KEY_WORLD_TINY",
        "EstimatedNumCities": 26,
        "FeatureGrainChange": -1,
        "FogTilesPerBarbarianCamp": 18,
        "GridHeight": 36,
        "GridWidth": 56,
        "Help": "TXT_KEY_WORLD_TINY_HELP",
        "ID": 1,
        "IconAtlas": "WORLDSIZE_ATLAS",
        "MaxActiveReligions": 3,
        "MaxConscriptModifier": -25,
        "NumCitiesPolicyCostMod": 10,
        "NumCitiesTechCostMod": 5,
        "NumCitiesUnhappinessPercent": 100,
        "NumFreeBuildingResources": 1,
        "NumNaturalWonders": 3,
        "PortraitIndex": 1,
        "ResearchPercent": 100,
        "TargetNumCities": 4,
        "TerrainGrainChange": -1,
        "Type": "WORLDSIZE_TINY",
        "UnitNameModifier": 40
    },
    {
        "AdvancedStartPointsMod": 90,
        "BuildingClassPrereqModifier": 25,
        "DefaultMinorCivs": 12,
        "DefaultPlayers": 6,
        "Description": "TXT_KEY_WORLD_SMALL",
        "EstimatedNumCities": 39,
        "FeatureGrainChange": 0,
        "FogTilesPerBarbarianCamp": 23,
        "GridHeight": 42,
        "GridWidth": 66,
        "Help": "TXT_KEY_WORLD_SMALL_HELP",
        "ID": 2,
        "IconAtlas": "WORLDSIZE_ATLAS",
        "MaxActiveReligions": 4,
        "MaxConscriptModifier": 0,
        "NumCitiesPolicyCostMod": 10,
        "NumCitiesTechCostMod": 5,
        "NumCitiesUnhappinessPercent": 100,
        "NumFreeBuildingResources": 3,
        "NumNaturalWonders": 3,
        "PortraitIndex": 2,
        "ResearchPercent": 100,
        "TargetNumCities": 5,
        "TerrainGrainChange": 0,
        "Type": "WORLDSIZE_SMALL",
        "UnitNameModifier": 30
    },
    {
        "AdvancedStartPointsMod": 100,
        "BuildingClassPrereqModifier": 50,
        "DefaultMinorCivs": 16,
        "DefaultPlayers": 8,
        "Description": "TXT_KEY_WORLD_STANDARD",
        "EstimatedNumCities": 52,
        "FeatureGrainChange": 0,
        "FogTilesPerBarbarianCamp": 27,
        "GridHeight": 52,
        "GridWidth": 80,
        "Help": "TXT_KEY_WORLD_STANDARD_HELP",
        "ID": 3,
        "IconAtlas": "WORLDSIZE_ATLAS",
        "MaxActiveReligions": 5,
        "MaxConscriptModifier": 25,
        "NumCitiesPolicyCostMod": 10,
        "NumCitiesTechCostMod": 5,
        "NumCitiesUnhappinessPercent": 100,
        "NumFreeBuildingResources": 5,
        "NumNaturalWonders": 4,
        "PortraitIndex": 3,
        "ResearchPercent": 110,
        "TargetNumCities": 5,
        "TerrainGrainChange": 0,
        "Type": "WORLDSIZE_STANDARD",
        "UnitNameModifier": 20
    },
    {
        "AdvancedStartPointsMod": 110,
        "BuildingClassPrereqModifier": 75,
        "DefaultMinorCivs": 20,
        "DefaultPlayers": 10,
        "Description": "TXT_KEY_WORLD_LARGE",
        "EstimatedNumCities": 80,
        "FeatureGrainChange": 1,
        "FogTilesPerBarbarianCamp": 30,
        "GridHeight": 64,
        "GridWidth": 104,
        "Help": "TXT_KEY_WORLD_LARGE_HELP",
        "ID": 4,
        "IconAtlas": "WORLDSIZE_ATLAS",
        "MaxActiveReligions": 6,
        "MaxConscriptModifier": 50,
        "NumCitiesPolicyCostMod": 7.5,
        "NumCitiesTechCostMod": 3.75,
        "NumCitiesUnhappinessPercent": 80,
        "NumFreeBuildingResources": 6,
        "NumNaturalWonders": 6,
        "PortraitIndex": 4,
        "ResearchPercent": 120,
        "TargetNumCities": 6,
        "TerrainGrainChange": 1,
        "Type": "WORLDSIZE_LARGE",
        "UnitNameModifier": 10
    },
    {
        "AdvancedStartPointsMod": 120,
        "BuildingClassPrereqModifier": 100,
        "DefaultMinorCivs": 24,
        "DefaultPlayers": 12,
        "Description": "TXT_KEY_WORLD_HUGE",
        "EstimatedNumCities": 132,
        "FeatureGrainChange": 1,
        "FogTilesPerBarbarianCamp": 35,
        "GridHeight": 80,
        "GridWidth": 128,
        "Help": "TXT_KEY_WORLD_HUGE_HELP",
        "ID": 5,
        "IconAtlas": "WORLDSIZE_ATLAS",
        "MaxActiveReligions": 7,
        "MaxConscriptModifier": 75,
        "NumCitiesPolicyCostMod": 5,
        "NumCitiesTechCostMod": 2.5,
        "NumCitiesUnhappinessPercent": 60,
        "NumFreeBuildingResources": 7,
        "NumNaturalWonders": 7,
        "PortraitIndex": 5,
        "ResearchPercent": 130,
        "TargetNumCities": 6,
        "TerrainGrainChange": 1,
        "Type": "WORLDSIZE_HUGE",
        "UnitNameModifier": 0
    }
]