[
    {
        "AIWeightPercent": 100,
        "CityChange": 0,
        "Description": "TXT_KEY_YIELD_FOOD",
        "GoldenAgeYield": 0,
        "GoldenAgeYieldMod": 0,
        "GoldenAgeYieldThreshold": 0,
        "HillsChange": 0,
        "ID": 0,
        "IconString": "[ICON_FOOD]",
        "LakeChange": 1,
        "MinCity": 2,
        "MountainChange": 0,
        "PopulationChangeDivisor": 0,
        "PopulationChangeOffset": 0,
        "Type": "YIELD_FOOD"
    },
    {
        "AIWeightPercent": 110,
        "CityChange": 0,
        "Description": "TXT_KEY_YIELD_PRODUCTION",
        "GoldenAgeYield": 0,
        "GoldenAgeYieldMod": 20,
        "GoldenAgeYieldThreshold": 0,
        "HillsChange": 0,
        "ID": 1,
        "IconString": "[ICON_PRODUCTION]",
        "LakeChange": 0,
        "MinCity": 1,
        "MountainChange": 0,
        "PopulationChangeDivisor": 0,
        "PopulationChangeOffset": 0,
        "Type": "YIELD_PRODUCTION"
    },
    {
        "AIWeightPercent": 80,
        "CityChange": 0,
        "Description": "TXT_KEY_YIELD_GOLD",
        "GoldenAgeYield": 1,
        "GoldenAgeYieldMod": 0,
        "GoldenAgeYieldThreshold": 1,
        "HillsChange": 0,
        "ID": 2,
        "IconString": "[ICON_GOLD]",
        "LakeChange": 0,
        "MinCity": 0,
        "MountainChange": 0,
        "PopulationChangeDivisor": 0,
        "PopulationChangeOffset": 0,
        "Type": "YIELD_GOLD"
    },
    {
        "AIWeightPercent": 80,
        "CityChange": 0,
        "Description": "TXT_KEY_YIELD_SCIENCE",
        "GoldenAgeYield": 0,
        "GoldenAgeYieldMod": 0,
        "GoldenAgeYieldThreshold": 0,
        "HillsChange": 0,
        "ID": 3,
        "IconString": "[ICON_RESEARCH]",
        "LakeChange": 0,
        "MinCity": 0,
        "MountainChange": 0,
        "PopulationChangeDivisor": 0,
        "PopulationChangeOffset": 0,
        "Type": "YIELD_SCIENCE"
    },
    {
        "AIWeightPercent": 80,
        "CityChange": 0,
        "Description": "TXT_KEY_YIELD_CULTURE",
        "GoldenAgeYield": 0,
        "GoldenAgeYieldMod": 0,
        "GoldenAgeYieldThreshold": 0,
        "HillsChange": 0,
        "ID": 4,
        "IconString": "[ICON_CULTURE]",
        "LakeChange": 0,
        "MinCity": 0,
        "MountainChange": 0,
        "PopulationChangeDivisor": 0,
        "PopulationChangeOffset": 0,
        "Type": "YIELD_CULTURE"
    },
    {
        "AIWeightPercent": 80,
        "CityChange": 0,
        "Description": "TXT_KEY_YIELD_FAITH",
        "GoldenAgeYield": 0,
        "GoldenAgeYieldMod": 0,
        "GoldenAgeYieldThreshold": 0,
        "HillsChange": 0,
        "ID": 5,
        "IconString": "[ICON_PEACE]",
        "LakeChange": 0,
        "MinCity": 0,
        "MountainChange": 0,
        "PopulationChangeDivisor": 0,
        "PopulationChangeOffset": 0,
        "Type": "YIELD_FAITH"
    }
]